Creator,Suggested Product 1,Product ID 1,Total GMV 1,Suggested Product 2,Product ID 2,Total GMV 2,Suggested Product 3,Product ID 3,Total GMV 3,Suggested Product 4,Product ID 4,Total GMV 4,Suggested Product 5,Product ID 5,Total GMV 5
_alanacalvs,PrettyGarden Women's Oversized Cardigan Sweater Fall Long Lantern Sleeve Knit Open Front Lightweight Sweater Knitwear Tops#DealsForYouDays,1731208195967717743,"$121,808.87",Eleplus 3 Pieces Lightly Lined Wireless Bras for Women Comfy Plunge T Shirt Bra Pack Style Womenswear for Everyday & Bridal Events #SummerVibes,1731831726131155211,"$100,409.14",OEAK Womens Jelly Bras Wireless Comfortable Soft Push Up Bralettes Seamless Tshirts Bras Deep V Everyday Bras,1729714461980332262,"$50,765.63",DOBREVA Women's Unlined Balconette Bra No Padded Underwire Supportive Plus Size Smooth Scoop Neck,1731395246467027235,"$42,588.57",OEAK Women Non-Slip Bandeau Bras With Comfortable Strapless Bra Seamless Wireless Tube Top Soft Wireless Bra,1731622604082024678,"$37,130.68"
_karina.michelle,"Bella Vita Luxury's Honey Oud | Eau de Parfum 100ml (3.4 fl oz) | Patchouli, Vanilla, Bergamot | Floral & Spicy | Made with Clean & Vegan Essentials Oils | Cruelty Free Fragrance Perfume",1729413742968869814,"$135,355.86",tarte summer skin essentials - CC color-correcting tinted serum + creaseless setting powder,1732422500087993276,"$54,280.10",Smooth Two Color Eyeshadow Stick Set Long Lasting Makeup Waterproof Mate Highlighter Glossy EyeShadow Pencil Suitable For Beginners Cosmetic,1732305739916809186,"$41,475.68","tarte BB blur tinted moisturizer SPF 30 - instantly brightens, hydrates & smooths your skin",1729584174847071164,"$40,242.81",Voyage Nova | Rosey Fruity Floral | Extrait De Parfum 50ml/100ml | Long Lasting Luxury Fragrance | Daily women's perfume Alluring Summervibes sohochic,1732263142232921043,"$30,319.38"
ababyandabulldog,Dr. Scholl's Women's Joplin Fashion Boot,1731896531264573800,"$33,739.57","MFVIM Women’s Breathable Body-Shaping Yoga Outfit, High-Waisted Quick-Dry Fitness Wear, Versatile Three-Quarter Shorts Sports Set,summerwins,travel essentials,camping essentials,back to school,back to school haul",1732388023895625751,"$15,290.39","YEOREO Women's Halter Neck Sports Bra Longline Workout Tank Top with Built-in Bra Backless Strappy Gym Top Buttery Soft Padded Yoga Cami summderfinds,travel essentials,camping essentials tiktokshopbacktoschool,back to school,back to school haul",1732405592203432921,"$12,549.46","Colorfulkoala Women's No Front Seam Yoga Capri 21"" Dreamlux High-Waisted Tummy Control Workout Leggings with Hidden Pocket Petite Length,travel essentials,camping essentials",1731026394568233266,"$12,423.34",Project Cloud Women's | Oxford Shoes for Women | Genuine Leather | Memory Foam | Lightweight | Non-Slip - Wally,1731581887912710712,"$10,276.36"
abbey.kline,"Bella Vita Luxury's Honey Oud | Eau de Parfum 100ml (3.4 fl oz) | Patchouli, Vanilla, Bergamot | Floral & Spicy | Made with Clean & Vegan Essentials Oils | Cruelty Free Fragrance Perfume",1729413742968869814,"$135,355.86",tarte summer skin essentials - CC color-correcting tinted serum + creaseless setting powder,1732422500087993276,"$54,280.10",Smooth Two Color Eyeshadow Stick Set Long Lasting Makeup Waterproof Mate Highlighter Glossy EyeShadow Pencil Suitable For Beginners Cosmetic,1732305739916809186,"$41,475.68",Voyage Nova | Rosey Fruity Floral | Extrait De Parfum 50ml/100ml | Long Lasting Luxury Fragrance | Daily women's perfume Alluring Summervibes sohochic,1732263142232921043,"$30,319.38","[medicube] PDRN Pink Collagen Volume Multi Balm | All In One Volufiline, PDRN, NAD Stick for Youthful-Looking, Helping Look of Fine Lines, Firming Care, Anti-Aging Care | For Under-Eyes, Neck, Forehead, Smile Lines, Lip Care | Korean Skincare",1729508370969629931,"$28,388.73"
alexandraarosee,PrettyGarden Women's Oversized Cardigan Sweater Fall Long Lantern Sleeve Knit Open Front Lightweight Sweater Knitwear Tops#DealsForYouDays,1731208195967717743,"$121,808.87",Eleplus 3 Pieces Lightly Lined Wireless Bras for Women Comfy Plunge T Shirt Bra Pack Style Womenswear for Everyday & Bridal Events #SummerVibes,1731831726131155211,"$100,409.14",OEAK Womens Jelly Bras Wireless Comfortable Soft Push Up Bralettes Seamless Tshirts Bras Deep V Everyday Bras,1729714461980332262,"$50,765.63",DOBREVA Women's Unlined Balconette Bra No Padded Underwire Supportive Plus Size Smooth Scoop Neck,1731395246467027235,"$42,588.57",OEAK Women Non-Slip Bandeau Bras With Comfortable Strapless Bra Seamless Wireless Tube Top Soft Wireless Bra,1731622604082024678,"$37,130.68"
alexandracaste,"The Loaded Tea Shop - 40 Flavors, 1 Packet Makes 32 oz, Zero Sugar, Zero Carbs, Zero Calories, Zero Artificial Colors & Flavors, B-Complex, Vitamins D3 & K2, Aloe, 200mg Natural Caffeine, Build Your Own Bundle, Functional Energy Tea Packs",1729556031006938037,"$8,240.76",Unshelled Sunflower Spicy Red Seeds 12oz,1732220469286507347,"$7,077.00",Whipped Lemonade Protein Smoothie by FlavCity Weight Watchers,1732457573392093611,"$4,480.45","40-Pack Bundle, All 40 Flavors, 1 Packet Makes 32 oz of Loaded Tea, Zero Sugar, Zero Carbs, Zero Calories, Zero Artificial Colors & Flavors, B-Complex, Vitamins D3 & K2, Aloe, 200mg Natural Caffeine, Functional Energy Tea Packs",1732418657087099829,"$2,672.36",Mini CRUMBS Spicy Red 5oz,1732242023177360211,"$2,279.44"
aliciamariecacho,PrettyGarden Women's Oversized Cardigan Sweater Fall Long Lantern Sleeve Knit Open Front Lightweight Sweater Knitwear Tops#DealsForYouDays,1731208195967717743,"$121,808.87",Eleplus 3 Pieces Lightly Lined Wireless Bras for Women Comfy Plunge T Shirt Bra Pack Style Womenswear for Everyday & Bridal Events #SummerVibes,1731831726131155211,"$100,409.14",OEAK Womens Jelly Bras Wireless Comfortable Soft Push Up Bralettes Seamless Tshirts Bras Deep V Everyday Bras,1729714461980332262,"$50,765.63",DOBREVA Women's Unlined Balconette Bra No Padded Underwire Supportive Plus Size Smooth Scoop Neck,1731395246467027235,"$42,588.57",OEAK Women Non-Slip Bandeau Bras With Comfortable Strapless Bra Seamless Wireless Tube Top Soft Wireless Bra,1731622604082024678,"$37,130.68"
alisammarie,"Medium Firm Hybrid Memory Foam Mattress - 8/10/12/14 in Twin, Full, Queen, King Sizes, Lumbar Support, Ergonomic Design, for Home Rooms, Hotels, Boxed Furniture Gift, Memory Foam Mattresses, Queen Size Mattress,dorm essentials,home decor",1730092261582738160,"$26,543.67","【Creator’s Pick】Halara 2-Piece Super High Waisted Back Pocket & Side Hidden Pocket 2-in-1 Yoga Shorts 3"" Set",1730762320809595172,"$21,738.52",【Creator’s Pick】Halara Flex High Waisted Pocket Wide Leg Waffle Work Pants,1729408758258766116,"$19,212.25","MFVIM Women’s Breathable Body-Shaping Yoga Outfit, High-Waisted Quick-Dry Fitness Wear, Versatile Three-Quarter Shorts Sports Set,summerwins,travel essentials,camping essentials,back to school,back to school haul",1732388023895625751,"$15,290.39",【Creator’s Pick】Halara UltraSculpt High Waisted Tummy Control Pocket Shaping Training Capri Leggings,1731269947944768350,"$15,130.69"
allthings_andrea,"【Creator’s Pick】Halara 2-Piece Super High Waisted Back Pocket & Side Hidden Pocket 2-in-1 Yoga Shorts 3"" Set",1730762320809595172,"$21,738.52",【Creator’s Pick】Halara Flex High Waisted Pocket Wide Leg Waffle Work Pants,1729408758258766116,"$19,212.25","MFVIM Women’s Breathable Body-Shaping Yoga Outfit, High-Waisted Quick-Dry Fitness Wear, Versatile Three-Quarter Shorts Sports Set,summerwins,travel essentials,camping essentials,back to school,back to school haul",1732388023895625751,"$15,290.39",【Creator’s Pick】Halara UltraSculpt High Waisted Tummy Control Pocket Shaping Training Capri Leggings,1731269947944768350,"$15,130.69","YEOREO Women's Halter Neck Sports Bra Longline Workout Tank Top with Built-in Bra Backless Strappy Gym Top Buttery Soft Padded Yoga Cami summderfinds,travel essentials,camping essentials tiktokshopbacktoschool,back to school,back to school haul",1732405592203432921,"$12,549.46"
alykate97,PrettyGarden Women's Oversized Cardigan Sweater Fall Long Lantern Sleeve Knit Open Front Lightweight Sweater Knitwear Tops#DealsForYouDays,1731208195967717743,"$121,808.87",Eleplus 3 Pieces Lightly Lined Wireless Bras for Women Comfy Plunge T Shirt Bra Pack Style Womenswear for Everyday & Bridal Events #SummerVibes,1731831726131155211,"$100,409.14",OEAK Womens Jelly Bras Wireless Comfortable Soft Push Up Bralettes Seamless Tshirts Bras Deep V Everyday Bras,1729714461980332262,"$50,765.63",DOBREVA Women's Unlined Balconette Bra No Padded Underwire Supportive Plus Size Smooth Scoop Neck,1731395246467027235,"$42,588.57",OEAK Women Non-Slip Bandeau Bras With Comfortable Strapless Bra Seamless Wireless Tube Top Soft Wireless Bra,1731622604082024678,"$37,130.68"
amanda_hadzimichalis,PrettyGarden Women's Oversized Cardigan Sweater Fall Long Lantern Sleeve Knit Open Front Lightweight Sweater Knitwear Tops#DealsForYouDays,1731208195967717743,"$121,808.87",Eleplus 3 Pieces Lightly Lined Wireless Bras for Women Comfy Plunge T Shirt Bra Pack Style Womenswear for Everyday & Bridal Events #SummerVibes,1731831726131155211,"$100,409.14",OEAK Womens Jelly Bras Wireless Comfortable Soft Push Up Bralettes Seamless Tshirts Bras Deep V Everyday Bras,1729714461980332262,"$50,765.63",DOBREVA Women's Unlined Balconette Bra No Padded Underwire Supportive Plus Size Smooth Scoop Neck,1731395246467027235,"$42,588.57",OEAK Women Non-Slip Bandeau Bras With Comfortable Strapless Bra Seamless Wireless Tube Top Soft Wireless Bra,1731622604082024678,"$37,130.68"
amanda_pac,PrettyGarden Women's Oversized Cardigan Sweater Fall Long Lantern Sleeve Knit Open Front Lightweight Sweater Knitwear Tops#DealsForYouDays,1731208195967717743,"$121,808.87",Eleplus 3 Pieces Lightly Lined Wireless Bras for Women Comfy Plunge T Shirt Bra Pack Style Womenswear for Everyday & Bridal Events #SummerVibes,1731831726131155211,"$100,409.14",OEAK Womens Jelly Bras Wireless Comfortable Soft Push Up Bralettes Seamless Tshirts Bras Deep V Everyday Bras,1729714461980332262,"$50,765.63",DOBREVA Women's Unlined Balconette Bra No Padded Underwire Supportive Plus Size Smooth Scoop Neck,1731395246467027235,"$42,588.57",OEAK Women Non-Slip Bandeau Bras With Comfortable Strapless Bra Seamless Wireless Tube Top Soft Wireless Bra,1731622604082024678,"$37,130.68"
amandaaaapac,"Bella Vita Luxury's Honey Oud | Eau de Parfum 100ml (3.4 fl oz) | Patchouli, Vanilla, Bergamot | Floral & Spicy | Made with Clean & Vegan Essentials Oils | Cruelty Free Fragrance Perfume",1729413742968869814,"$135,355.86",tarte summer skin essentials - CC color-correcting tinted serum + creaseless setting powder,1732422500087993276,"$54,280.10",Smooth Two Color Eyeshadow Stick Set Long Lasting Makeup Waterproof Mate Highlighter Glossy EyeShadow Pencil Suitable For Beginners Cosmetic,1732305739916809186,"$41,475.68","tarte BB blur tinted moisturizer SPF 30 - instantly brightens, hydrates & smooths your skin",1729584174847071164,"$40,242.81",Voyage Nova | Rosey Fruity Floral | Extrait De Parfum 50ml/100ml | Long Lasting Luxury Fragrance | Daily women's perfume Alluring Summervibes sohochic,1732263142232921043,"$30,319.38"
amandaathome1,Hotel Collection | Scent Diffuser Discovery Kit Covers up to 600 sq/ft with One Fragrance Oil 50mL (1.69 Fl Oz),1732266143641211591,"$19,010.38","Magnetic Photo Frames 2""x2"" Clear Acrylic DIY Fridge Magnets with Adhesive Backing – Square Magnets for Crafts, Kitchen, Classroom, Party & Office Decoration Back to School College Dorm Essentials #HomeEssentials #TikTokShopBackToSchool",1732288674913947952,"$9,019.06","Halloween Cute Scary Ghost Maruko Squishy Squeeze Toy Set, Mini Portable Stress Toy, Sensory Products for Halloween Things, Party Treat Bag Fillers & Mini Gifts",1732478987179168329,"$7,193.98",Reliant Pet Mouse Repellent Pouches - Rodent Repellent Made in USA (12 Pouches) - Keep Rodents Out of Cars - Mouse Deterrents with Peppermint Oil,1729662519422718968,"$5,495.20","2 Pcs 3-foot Camellia Tree with Decorative Pebbles, Flower Pot, 24 Realistic Flowers, 188 Leaves for Indoor, outdoor courtyard Home Decor,dorm decor,dorm room decor",1731118821228122916,"$5,045.98"
amandaburbank131,"Bella Vita Luxury's Honey Oud | Eau de Parfum 100ml (3.4 fl oz) | Patchouli, Vanilla, Bergamot | Floral & Spicy | Made with Clean & Vegan Essentials Oils | Cruelty Free Fragrance Perfume",1729413742968869814,"$135,355.86",tarte summer skin essentials - CC color-correcting tinted serum + creaseless setting powder,1732422500087993276,"$54,280.10",Smooth Two Color Eyeshadow Stick Set Long Lasting Makeup Waterproof Mate Highlighter Glossy EyeShadow Pencil Suitable For Beginners Cosmetic,1732305739916809186,"$41,475.68","tarte BB blur tinted moisturizer SPF 30 - instantly brightens, hydrates & smooths your skin",1729584174847071164,"$40,242.81",Voyage Nova | Rosey Fruity Floral | Extrait De Parfum 50ml/100ml | Long Lasting Luxury Fragrance | Daily women's perfume Alluring Summervibes sohochic,1732263142232921043,"$30,319.38"
anastasiya_ray,PrettyGarden Women's Oversized Cardigan Sweater Fall Long Lantern Sleeve Knit Open Front Lightweight Sweater Knitwear Tops#DealsForYouDays,1731208195967717743,"$121,808.87",Eleplus 3 Pieces Lightly Lined Wireless Bras for Women Comfy Plunge T Shirt Bra Pack Style Womenswear for Everyday & Bridal Events #SummerVibes,1731831726131155211,"$100,409.14",OEAK Womens Jelly Bras Wireless Comfortable Soft Push Up Bralettes Seamless Tshirts Bras Deep V Everyday Bras,1729714461980332262,"$50,765.63",DOBREVA Women's Unlined Balconette Bra No Padded Underwire Supportive Plus Size Smooth Scoop Neck,1731395246467027235,"$42,588.57",OEAK Women Non-Slip Bandeau Bras With Comfortable Strapless Bra Seamless Wireless Tube Top Soft Wireless Bra,1731622604082024678,"$37,130.68"
andrea_costanzo,PrettyGarden Women's Oversized Cardigan Sweater Fall Long Lantern Sleeve Knit Open Front Lightweight Sweater Knitwear Tops#DealsForYouDays,1731208195967717743,"$121,808.87",Eleplus 3 Pieces Lightly Lined Wireless Bras for Women Comfy Plunge T Shirt Bra Pack Style Womenswear for Everyday & Bridal Events #SummerVibes,1731831726131155211,"$100,409.14",OEAK Womens Jelly Bras Wireless Comfortable Soft Push Up Bralettes Seamless Tshirts Bras Deep V Everyday Bras,1729714461980332262,"$50,765.63",DOBREVA Women's Unlined Balconette Bra No Padded Underwire Supportive Plus Size Smooth Scoop Neck,1731395246467027235,"$42,588.57",OEAK Women Non-Slip Bandeau Bras With Comfortable Strapless Bra Seamless Wireless Tube Top Soft Wireless Bra,1731622604082024678,"$37,130.68"
andthatsthelipton,Eleplus 3 Pieces Lightly Lined Wireless Bras for Women Comfy Plunge T Shirt Bra Pack Style Womenswear for Everyday & Bridal Events #SummerVibes,1731831726131155211,"$100,409.14",OEAK Womens Jelly Bras Wireless Comfortable Soft Push Up Bralettes Seamless Tshirts Bras Deep V Everyday Bras,1729714461980332262,"$50,765.63",DOBREVA Women's Unlined Balconette Bra No Padded Underwire Supportive Plus Size Smooth Scoop Neck,1731395246467027235,"$42,588.57",OEAK Women Non-Slip Bandeau Bras With Comfortable Strapless Bra Seamless Wireless Tube Top Soft Wireless Bra,1731622604082024678,"$37,130.68",LUCKMEEY Womens Strapless Front Closure Bra Push Up Lift Bra Padded Add Cup Non Slip  Anti-Slip Grip & Removable Straps Fit Outfits Wireless Supportive  Seamless Comfortable,1732282937141662165,"$36,532.82"
angela.456789,"【2026 Newly Upgraded】Trucozie T350 Rechargeable Wireless Cordless Vacuum Cleaner, 8-in-1 Lightweight Upright Vacuum for Deep Clean, 45-Minute Runtime, 33 kPa Powerful Suction, Housewarming Gift Suitable for Hardwood Floors, Carpets, Pet Hair, Car Interior",1729406319708377732,"$72,114.79",Shark PowerPro Flex Reveal Plus Cordless Vacuum - IZ382H,1732268320365777584,"$15,966.16","【2026 New Arrivals】Trucozie T550 Cordless Vacuum Cleaner, 40kPa Powerful Suction Smart Stick Vacuum with 50 Mins Runtime, 8-in-1 Lightweight Handheld/Upright Vacuum for Hardwood Floor, Carpet, Pet Hair & Car",1731578192195392132,"$12,303.37","Mini Handheld Fan with LED Display – 6-Speed Turbo Pocket Fan for Women. USB Rechargeable, High-Speed Cooling for Travel & Makeup. Perfect  Gift., Rechargeable Portable Fan, Cordless Handheld Fan",1732350027172975347,"$6,945.84","[New Launch] DREAME Aero Lite Wet Dry Vacuum Cleaner, All-in-ONE Vacuum Mop for Wet & Dry Messes, 0 Hair Residue Great for Pet Owners, One-Press Self-Clean, 180° Lie Flat, 35mins Runtime for Hard Floor Cleaning,back to school,back to school haul",1732306174840312737,"$6,752.35"
angelacallisto123,Eleplus 3 Pieces Lightly Lined Wireless Bras for Women Comfy Plunge T Shirt Bra Pack Style Womenswear for Everyday & Bridal Events #SummerVibes,1731831726131155211,"$100,409.14",DOBREVA Women's Unlined Balconette Bra No Padded Underwire Supportive Plus Size Smooth Scoop Neck,1731395246467027235,"$42,588.57",LUCKMEEY Womens Strapless Front Closure Bra Push Up Lift Bra Padded Add Cup Non Slip  Anti-Slip Grip & Removable Straps Fit Outfits Wireless Supportive  Seamless Comfortable,1732282937141662165,"$36,532.82",INLYRIC Women's Teardrop Push Up Bra Padded Supportive Underwire Add 1 Cup Seamless Tshirt Sexy Lift Up Plunge Bras Fit Foam Elastic Smooth,1732293573760028912,"$33,816.85",OEAK Women Jelly Bras Wirefree Full Coverage No Underwire Everyday Bras Comfortable Wireless Padded Tshirt Bra,1731406217255686451,"$31,941.95"
anggwells,"Bella Vita Luxury's Honey Oud | Eau de Parfum 100ml (3.4 fl oz) | Patchouli, Vanilla, Bergamot | Floral & Spicy | Made with Clean & Vegan Essentials Oils | Cruelty Free Fragrance Perfume",1729413742968869814,"$135,355.86",tarte summer skin essentials - CC color-correcting tinted serum + creaseless setting powder,1732422500087993276,"$54,280.10",Smooth Two Color Eyeshadow Stick Set Long Lasting Makeup Waterproof Mate Highlighter Glossy EyeShadow Pencil Suitable For Beginners Cosmetic,1732305739916809186,"$41,475.68","tarte BB blur tinted moisturizer SPF 30 - instantly brightens, hydrates & smooths your skin",1729584174847071164,"$40,242.81",Voyage Nova | Rosey Fruity Floral | Extrait De Parfum 50ml/100ml | Long Lasting Luxury Fragrance | Daily women's perfume Alluring Summervibes sohochic,1732263142232921043,"$30,319.38"
annaslivka2,"Women's Striped/rhombus/leaf/dot Cloud Handbag, Clip Closure Crossbody Bag, Lightweight Foldable for Daily Use, Gifts for Friends and Valentine's Day",1732227985172828427,"$35,269.47",The Barb Wire Choker Danielle Guizio X The M Jewelers,1732377057880544126,"$20,673.33","Viral Cute Halloween Socks for Women, 5 Pairs Cozy Novelty Crew Socks Set, Funny Pumpkin Ghost Cartoon Mid-Calf Knit Socks, Soft Stretch Warm Fall Winter Essentials for Daily Wear, Halloween Party, Work, School & Gifts",1732470364146930295,"$9,699.47","LOVEVOOK Colorblock Carry-On Travel Backpack with 3 Packing Cubes and Laptop Compartment - Personal Item,TSA-Friendly, Travel Essentials, Airline Approved Travel Bag for Hiking, Weekend, TikTokShopBackToSchool",1729417326447727282,"$8,814.05",PASCAL Timeless Classic Diamond Watch for Women & Men 31mm & 36mm with White Lab-Grown Diamonds Swiss Ronda 763 Quartz Movement Stainless Steel Bracelet Everyday Luxury Gift,1732063642461639260,"$7,469.80"
aricandchristy,"Medium Firm Hybrid Memory Foam Mattress - 8/10/12/14 in Twin, Full, Queen, King Sizes, Lumbar Support, Ergonomic Design, for Home Rooms, Hotels, Boxed Furniture Gift, Memory Foam Mattresses, Queen Size Mattress,dorm essentials,home decor",1730092261582738160,"$26,543.67",Bottle Buddy - Dual Function lid Water Bottle - Stainless Steel - Double Wall Insulated,1730778201079387018,"$22,955.72",To-Go Buddy - Universal Cup Insulator for to-go cups - Keeps Drinks Hot Cold 12+ Hours - Vacuum Insulated Tumbler,1729430518270038922,"$21,154.50",Frost Buddy Halloween,1732471007461348234,"$14,743.50",Coca-Cola & Frost Buddy - Stainless steel - Dual Wall Vacuum Sealed - Drinkware,1732382098705650570,"$13,064.18"
arsy_vartanian,"Bella Vita Luxury's Honey Oud | Eau de Parfum 100ml (3.4 fl oz) | Patchouli, Vanilla, Bergamot | Floral & Spicy | Made with Clean & Vegan Essentials Oils | Cruelty Free Fragrance Perfume",1729413742968869814,"$135,355.86",tarte summer skin essentials - CC color-correcting tinted serum + creaseless setting powder,1732422500087993276,"$54,280.10",Smooth Two Color Eyeshadow Stick Set Long Lasting Makeup Waterproof Mate Highlighter Glossy EyeShadow Pencil Suitable For Beginners Cosmetic,1732305739916809186,"$41,475.68","tarte BB blur tinted moisturizer SPF 30 - instantly brightens, hydrates & smooths your skin",1729584174847071164,"$40,242.81",Voyage Nova | Rosey Fruity Floral | Extrait De Parfum 50ml/100ml | Long Lasting Luxury Fragrance | Daily women's perfume Alluring Summervibes sohochic,1732263142232921043,"$30,319.38"
ashleyinfl,PrettyGarden Women's Oversized Cardigan Sweater Fall Long Lantern Sleeve Knit Open Front Lightweight Sweater Knitwear Tops#DealsForYouDays,1731208195967717743,"$121,808.87",Eleplus 3 Pieces Lightly Lined Wireless Bras for Women Comfy Plunge T Shirt Bra Pack Style Womenswear for Everyday & Bridal Events #SummerVibes,1731831726131155211,"$100,409.14",OEAK Womens Jelly Bras Wireless Comfortable Soft Push Up Bralettes Seamless Tshirts Bras Deep V Everyday Bras,1729714461980332262,"$50,765.63",DOBREVA Women's Unlined Balconette Bra No Padded Underwire Supportive Plus Size Smooth Scoop Neck,1731395246467027235,"$42,588.57",OEAK Women Non-Slip Bandeau Bras With Comfortable Strapless Bra Seamless Wireless Tube Top Soft Wireless Bra,1731622604082024678,"$37,130.68"
ashleyorganic,"Bella Vita Luxury's Honey Oud | Eau de Parfum 100ml (3.4 fl oz) | Patchouli, Vanilla, Bergamot | Floral & Spicy | Made with Clean & Vegan Essentials Oils | Cruelty Free Fragrance Perfume",1729413742968869814,"$135,355.86",tarte summer skin essentials - CC color-correcting tinted serum + creaseless setting powder,1732422500087993276,"$54,280.10",Smooth Two Color Eyeshadow Stick Set Long Lasting Makeup Waterproof Mate Highlighter Glossy EyeShadow Pencil Suitable For Beginners Cosmetic,1732305739916809186,"$41,475.68","tarte BB blur tinted moisturizer SPF 30 - instantly brightens, hydrates & smooths your skin",1729584174847071164,"$40,242.81","Women's Striped/rhombus/leaf/dot Cloud Handbag, Clip Closure Crossbody Bag, Lightweight Foldable for Daily Use, Gifts for Friends and Valentine's Day",1732227985172828427,"$35,269.47"
ashleyorganicedits,"Bella Vita Luxury's Honey Oud | Eau de Parfum 100ml (3.4 fl oz) | Patchouli, Vanilla, Bergamot | Floral & Spicy | Made with Clean & Vegan Essentials Oils | Cruelty Free Fragrance Perfume",1729413742968869814,"$135,355.86",Smooth Two Color Eyeshadow Stick Set Long Lasting Makeup Waterproof Mate Highlighter Glossy EyeShadow Pencil Suitable For Beginners Cosmetic,1732305739916809186,"$41,475.68","tarte BB blur tinted moisturizer SPF 30 - instantly brightens, hydrates & smooths your skin",1729584174847071164,"$40,242.81",Voyage Nova | Rosey Fruity Floral | Extrait De Parfum 50ml/100ml | Long Lasting Luxury Fragrance | Daily women's perfume Alluring Summervibes sohochic,1732263142232921043,"$30,319.38",tarte colored clay CC undereye corrector,1729734769623929788,"$28,967.00"
avas.fav.finds,"Bella Vita Luxury's Honey Oud | Eau de Parfum 100ml (3.4 fl oz) | Patchouli, Vanilla, Bergamot | Floral & Spicy | Made with Clean & Vegan Essentials Oils | Cruelty Free Fragrance Perfume",1729413742968869814,"$135,355.86",PrettyGarden Women's Oversized Cardigan Sweater Fall Long Lantern Sleeve Knit Open Front Lightweight Sweater Knitwear Tops#DealsForYouDays,1731208195967717743,"$121,808.87",Eleplus 3 Pieces Lightly Lined Wireless Bras for Women Comfy Plunge T Shirt Bra Pack Style Womenswear for Everyday & Bridal Events #SummerVibes,1731831726131155211,"$100,409.14",tarte summer skin essentials - CC color-correcting tinted serum + creaseless setting powder,1732422500087993276,"$54,280.10",OEAK Womens Jelly Bras Wireless Comfortable Soft Push Up Bralettes Seamless Tshirts Bras Deep V Everyday Bras,1729714461980332262,"$50,765.63"
ayeitsanju,PrettyGarden Women's Oversized Cardigan Sweater Fall Long Lantern Sleeve Knit Open Front Lightweight Sweater Knitwear Tops#DealsForYouDays,1731208195967717743,"$121,808.87",Eleplus 3 Pieces Lightly Lined Wireless Bras for Women Comfy Plunge T Shirt Bra Pack Style Womenswear for Everyday & Bridal Events #SummerVibes,1731831726131155211,"$100,409.14",OEAK Womens Jelly Bras Wireless Comfortable Soft Push Up Bralettes Seamless Tshirts Bras Deep V Everyday Bras,1729714461980332262,"$50,765.63",DOBREVA Women's Unlined Balconette Bra No Padded Underwire Supportive Plus Size Smooth Scoop Neck,1731395246467027235,"$42,588.57",OEAK Women Non-Slip Bandeau Bras With Comfortable Strapless Bra Seamless Wireless Tube Top Soft Wireless Bra,1731622604082024678,"$37,130.68"
backnjennaup,"Bella Vita Luxury's Honey Oud | Eau de Parfum 100ml (3.4 fl oz) | Patchouli, Vanilla, Bergamot | Floral & Spicy | Made with Clean & Vegan Essentials Oils | Cruelty Free Fragrance Perfume",1729413742968869814,"$135,355.86",tarte summer skin essentials - CC color-correcting tinted serum + creaseless setting powder,1732422500087993276,"$54,280.10",Smooth Two Color Eyeshadow Stick Set Long Lasting Makeup Waterproof Mate Highlighter Glossy EyeShadow Pencil Suitable For Beginners Cosmetic,1732305739916809186,"$41,475.68","tarte BB blur tinted moisturizer SPF 30 - instantly brightens, hydrates & smooths your skin",1729584174847071164,"$40,242.81",Voyage Nova | Rosey Fruity Floral | Extrait De Parfum 50ml/100ml | Long Lasting Luxury Fragrance | Daily women's perfume Alluring Summervibes sohochic,1732263142232921043,"$30,319.38"
baileyyoliverr,"Bella Vita Luxury's Honey Oud | Eau de Parfum 100ml (3.4 fl oz) | Patchouli, Vanilla, Bergamot | Floral & Spicy | Made with Clean & Vegan Essentials Oils | Cruelty Free Fragrance Perfume",1729413742968869814,"$135,355.86",PrettyGarden Women's Oversized Cardigan Sweater Fall Long Lantern Sleeve Knit Open Front Lightweight Sweater Knitwear Tops#DealsForYouDays,1731208195967717743,"$121,808.87",Eleplus 3 Pieces Lightly Lined Wireless Bras for Women Comfy Plunge T Shirt Bra Pack Style Womenswear for Everyday & Bridal Events #SummerVibes,1731831726131155211,"$100,409.14",tarte summer skin essentials - CC color-correcting tinted serum + creaseless setting powder,1732422500087993276,"$54,280.10",OEAK Womens Jelly Bras Wireless Comfortable Soft Push Up Bralettes Seamless Tshirts Bras Deep V Everyday Bras,1729714461980332262,"$50,765.63"
becsreview,"Bella Vita Luxury's Honey Oud | Eau de Parfum 100ml (3.4 fl oz) | Patchouli, Vanilla, Bergamot | Floral & Spicy | Made with Clean & Vegan Essentials Oils | Cruelty Free Fragrance Perfume",1729413742968869814,"$135,355.86",tarte summer skin essentials - CC color-correcting tinted serum + creaseless setting powder,1732422500087993276,"$54,280.10",Smooth Two Color Eyeshadow Stick Set Long Lasting Makeup Waterproof Mate Highlighter Glossy EyeShadow Pencil Suitable For Beginners Cosmetic,1732305739916809186,"$41,475.68","tarte BB blur tinted moisturizer SPF 30 - instantly brightens, hydrates & smooths your skin",1729584174847071164,"$40,242.81",Voyage Nova | Rosey Fruity Floral | Extrait De Parfum 50ml/100ml | Long Lasting Luxury Fragrance | Daily women's perfume Alluring Summervibes sohochic,1732263142232921043,"$30,319.38"
bestiebriitt,"Bella Vita Luxury's Honey Oud | Eau de Parfum 100ml (3.4 fl oz) | Patchouli, Vanilla, Bergamot | Floral & Spicy | Made with Clean & Vegan Essentials Oils | Cruelty Free Fragrance Perfume",1729413742968869814,"$135,355.86",tarte summer skin essentials - CC color-correcting tinted serum + creaseless setting powder,1732422500087993276,"$54,280.10",Smooth Two Color Eyeshadow Stick Set Long Lasting Makeup Waterproof Mate Highlighter Glossy EyeShadow Pencil Suitable For Beginners Cosmetic,1732305739916809186,"$41,475.68","tarte BB blur tinted moisturizer SPF 30 - instantly brightens, hydrates & smooths your skin",1729584174847071164,"$40,242.81",Voyage Nova | Rosey Fruity Floral | Extrait De Parfum 50ml/100ml | Long Lasting Luxury Fragrance | Daily women's perfume Alluring Summervibes sohochic,1732263142232921043,"$30,319.38"
biohackingnutritionist,"Bella Vita Luxury's Honey Oud | Eau de Parfum 100ml (3.4 fl oz) | Patchouli, Vanilla, Bergamot | Floral & Spicy | Made with Clean & Vegan Essentials Oils | Cruelty Free Fragrance Perfume",1729413742968869814,"$135,355.86",tarte summer skin essentials - CC color-correcting tinted serum + creaseless setting powder,1732422500087993276,"$54,280.10",Smooth Two Color Eyeshadow Stick Set Long Lasting Makeup Waterproof Mate Highlighter Glossy EyeShadow Pencil Suitable For Beginners Cosmetic,1732305739916809186,"$41,475.68","tarte BB blur tinted moisturizer SPF 30 - instantly brightens, hydrates & smooths your skin",1729584174847071164,"$40,242.81","Women's Striped/rhombus/leaf/dot Cloud Handbag, Clip Closure Crossbody Bag, Lightweight Foldable for Daily Use, Gifts for Friends and Valentine's Day",1732227985172828427,"$35,269.47"
bkewwwl1507,"Bella Vita Luxury's Honey Oud | Eau de Parfum 100ml (3.4 fl oz) | Patchouli, Vanilla, Bergamot | Floral & Spicy | Made with Clean & Vegan Essentials Oils | Cruelty Free Fragrance Perfume",1729413742968869814,"$135,355.86",tarte summer skin essentials - CC color-correcting tinted serum + creaseless setting powder,1732422500087993276,"$54,280.10",Smooth Two Color Eyeshadow Stick Set Long Lasting Makeup Waterproof Mate Highlighter Glossy EyeShadow Pencil Suitable For Beginners Cosmetic,1732305739916809186,"$41,475.68","tarte BB blur tinted moisturizer SPF 30 - instantly brightens, hydrates & smooths your skin",1729584174847071164,"$40,242.81",Voyage Nova | Rosey Fruity Floral | Extrait De Parfum 50ml/100ml | Long Lasting Luxury Fragrance | Daily women's perfume Alluring Summervibes sohochic,1732263142232921043,"$30,319.38"
brandie1234,Eleplus 3 Pieces Lightly Lined Wireless Bras for Women Comfy Plunge T Shirt Bra Pack Style Womenswear for Everyday & Bridal Events #SummerVibes,1731831726131155211,"$100,409.14",OEAK Womens Jelly Bras Wireless Comfortable Soft Push Up Bralettes Seamless Tshirts Bras Deep V Everyday Bras,1729714461980332262,"$50,765.63",DOBREVA Women's Unlined Balconette Bra No Padded Underwire Supportive Plus Size Smooth Scoop Neck,1731395246467027235,"$42,588.57",OEAK Women Non-Slip Bandeau Bras With Comfortable Strapless Bra Seamless Wireless Tube Top Soft Wireless Bra,1731622604082024678,"$37,130.68",LUCKMEEY Womens Strapless Front Closure Bra Push Up Lift Bra Padded Add Cup Non Slip  Anti-Slip Grip & Removable Straps Fit Outfits Wireless Supportive  Seamless Comfortable,1732282937141662165,"$36,532.82"
brandienicole27,"Bella Vita Luxury's Honey Oud | Eau de Parfum 100ml (3.4 fl oz) | Patchouli, Vanilla, Bergamot | Floral & Spicy | Made with Clean & Vegan Essentials Oils | Cruelty Free Fragrance Perfume",1729413742968869814,"$135,355.86",PrettyGarden Women's Oversized Cardigan Sweater Fall Long Lantern Sleeve Knit Open Front Lightweight Sweater Knitwear Tops#DealsForYouDays,1731208195967717743,"$121,808.87",Eleplus 3 Pieces Lightly Lined Wireless Bras for Women Comfy Plunge T Shirt Bra Pack Style Womenswear for Everyday & Bridal Events #SummerVibes,1731831726131155211,"$100,409.14",OEAK Womens Jelly Bras Wireless Comfortable Soft Push Up Bralettes Seamless Tshirts Bras Deep V Everyday Bras,1729714461980332262,"$50,765.63",DOBREVA Women's Unlined Balconette Bra No Padded Underwire Supportive Plus Size Smooth Scoop Neck,1731395246467027235,"$42,588.57"
brando23454,"【Creator’s Pick】Halara 2-Piece Super High Waisted Back Pocket & Side Hidden Pocket 2-in-1 Yoga Shorts 3"" Set",1730762320809595172,"$21,738.52",【Creator’s Pick】Halara Flex High Waisted Pocket Wide Leg Waffle Work Pants,1729408758258766116,"$19,212.25","MFVIM Women’s Breathable Body-Shaping Yoga Outfit, High-Waisted Quick-Dry Fitness Wear, Versatile Three-Quarter Shorts Sports Set,summerwins,travel essentials,camping essentials,back to school,back to school haul",1732388023895625751,"$15,290.39",【Creator’s Pick】Halara UltraSculpt High Waisted Tummy Control Pocket Shaping Training Capri Leggings,1731269947944768350,"$15,130.69","YEOREO Women's Halter Neck Sports Bra Longline Workout Tank Top with Built-in Bra Backless Strappy Gym Top Buttery Soft Padded Yoga Cami summderfinds,travel essentials,camping essentials tiktokshopbacktoschool,back to school,back to school haul",1732405592203432921,"$12,549.46"
brehyah,"SHOKZ OpenRun Pro 2 High Quality Headphones - Open Ear Earphones with Bone Conduction Tech, Sweat-Resistant Sports Headset for Workouts, Deep Bass Audio & Smart Mic, Gym,back to school,back to school haul",1729658353063203418,"$11,613.54","SHOKZ OpenRun Open-Ear Bluetooth Bone Conduction Sport Headphones - Electronic Audio Device, Waterproof Wireless Headphones with Built-in Mic for Workouts, Running, Sweat Resistance, Running Wireless Headset",1729658080504484442,"$8,620.65","The Loaded Tea Shop - 40 Flavors, 1 Packet Makes 32 oz, Zero Sugar, Zero Carbs, Zero Calories, Zero Artificial Colors & Flavors, B-Complex, Vitamins D3 & K2, Aloe, 200mg Natural Caffeine, Build Your Own Bundle, Functional Energy Tea Packs",1729556031006938037,"$8,240.76",Unshelled Sunflower Spicy Red Seeds 12oz,1732220469286507347,"$7,077.00","MAGIC JOHN Screen Protector 2 Pack for iPhone, Samsung, Google Smartphones & Cellphones - Clear, Privacy Protective, Fingerprint Resistant, Dustproof, Bubble-Free Installation Design, Smartphone, Tempered,back to school,back to school haul",1731240700630176089,"$5,267.81"
brittaniehammershop,"Bella Vita Luxury's Honey Oud | Eau de Parfum 100ml (3.4 fl oz) | Patchouli, Vanilla, Bergamot | Floral & Spicy | Made with Clean & Vegan Essentials Oils | Cruelty Free Fragrance Perfume",1729413742968869814,"$135,355.86",tarte summer skin essentials - CC color-correcting tinted serum + creaseless setting powder,1732422500087993276,"$54,280.10",Smooth Two Color Eyeshadow Stick Set Long Lasting Makeup Waterproof Mate Highlighter Glossy EyeShadow Pencil Suitable For Beginners Cosmetic,1732305739916809186,"$41,475.68","tarte BB blur tinted moisturizer SPF 30 - instantly brightens, hydrates & smooths your skin",1729584174847071164,"$40,242.81",Voyage Nova | Rosey Fruity Floral | Extrait De Parfum 50ml/100ml | Long Lasting Luxury Fragrance | Daily women's perfume Alluring Summervibes sohochic,1732263142232921043,"$30,319.38"
brittany.fnp,"Claire Monroe Systematic Theology Books for Kids Aged 6-9 - Full Colour, 88 Visual Concepts, NLT Bible Verses, Reflection Questions for Knowing God",1732273429270925737,"$3,672.51","Erasable Reusable Watercolor Pen Doodle Set for Toddlers, Toddler Coloring Set 1 2 3 4 Years Old - Unicorn Reusable Drawing Book, 12 Watercolor Markers, 14 Pages of Art, Creative Play & Fun for Kids - Car Activity Travel Coloring Kit for Kids tiktokshopsp",1729476492327489974,"$3,333.00","DIY 3D Laser-Cut Wood Magic Ring House Miniature Kit - Lighted LED Dollhouse Book Nook, Ages 14+, 5-6 Hours Build, Unisex DIY Craft Set, Handmade Gifts, Bookshelf Decoration for Holidays & Birthdays",1732381209627759505,"$1,550.42",Rainbow Loom Auto Loom Bundles,1730980482360119942,"$1,322.07","Jar Melo Water-Activated Coloring Book Set, Mess-Free Kids Creative Craft Kit, Toddler Educational Arts & Crafts Toys, Coloring Gift Book #Summervibes,back to school",1730690895593378774,$974.36
brittnymarch,"Bella Vita Luxury's Honey Oud | Eau de Parfum 100ml (3.4 fl oz) | Patchouli, Vanilla, Bergamot | Floral & Spicy | Made with Clean & Vegan Essentials Oils | Cruelty Free Fragrance Perfume",1729413742968869814,"$135,355.86",PrettyGarden Women's Oversized Cardigan Sweater Fall Long Lantern Sleeve Knit Open Front Lightweight Sweater Knitwear Tops#DealsForYouDays,1731208195967717743,"$121,808.87",Eleplus 3 Pieces Lightly Lined Wireless Bras for Women Comfy Plunge T Shirt Bra Pack Style Womenswear for Everyday & Bridal Events #SummerVibes,1731831726131155211,"$100,409.14",tarte summer skin essentials - CC color-correcting tinted serum + creaseless setting powder,1732422500087993276,"$54,280.10",OEAK Womens Jelly Bras Wireless Comfortable Soft Push Up Bralettes Seamless Tshirts Bras Deep V Everyday Bras,1729714461980332262,"$50,765.63"
bryttani_mingo,"Bella Vita Luxury's Honey Oud | Eau de Parfum 100ml (3.4 fl oz) | Patchouli, Vanilla, Bergamot | Floral & Spicy | Made with Clean & Vegan Essentials Oils | Cruelty Free Fragrance Perfume",1729413742968869814,"$135,355.86",tarte summer skin essentials - CC color-correcting tinted serum + creaseless setting powder,1732422500087993276,"$54,280.10",Smooth Two Color Eyeshadow Stick Set Long Lasting Makeup Waterproof Mate Highlighter Glossy EyeShadow Pencil Suitable For Beginners Cosmetic,1732305739916809186,"$41,475.68","tarte BB blur tinted moisturizer SPF 30 - instantly brightens, hydrates & smooths your skin",1729584174847071164,"$40,242.81",Voyage Nova | Rosey Fruity Floral | Extrait De Parfum 50ml/100ml | Long Lasting Luxury Fragrance | Daily women's perfume Alluring Summervibes sohochic,1732263142232921043,"$30,319.38"
btbeautyx,"Bella Vita Luxury's Honey Oud | Eau de Parfum 100ml (3.4 fl oz) | Patchouli, Vanilla, Bergamot | Floral & Spicy | Made with Clean & Vegan Essentials Oils | Cruelty Free Fragrance Perfume",1729413742968869814,"$135,355.86",tarte summer skin essentials - CC color-correcting tinted serum + creaseless setting powder,1732422500087993276,"$54,280.10",Smooth Two Color Eyeshadow Stick Set Long Lasting Makeup Waterproof Mate Highlighter Glossy EyeShadow Pencil Suitable For Beginners Cosmetic,1732305739916809186,"$41,475.68","tarte BB blur tinted moisturizer SPF 30 - instantly brightens, hydrates & smooths your skin",1729584174847071164,"$40,242.81",Voyage Nova | Rosey Fruity Floral | Extrait De Parfum 50ml/100ml | Long Lasting Luxury Fragrance | Daily women's perfume Alluring Summervibes sohochic,1732263142232921043,"$30,319.38"
button.n.bangle,"Bella Vita Luxury's Honey Oud | Eau de Parfum 100ml (3.4 fl oz) | Patchouli, Vanilla, Bergamot | Floral & Spicy | Made with Clean & Vegan Essentials Oils | Cruelty Free Fragrance Perfume",1729413742968869814,"$135,355.86",tarte summer skin essentials - CC color-correcting tinted serum + creaseless setting powder,1732422500087993276,"$54,280.10",Smooth Two Color Eyeshadow Stick Set Long Lasting Makeup Waterproof Mate Highlighter Glossy EyeShadow Pencil Suitable For Beginners Cosmetic,1732305739916809186,"$41,475.68","tarte BB blur tinted moisturizer SPF 30 - instantly brightens, hydrates & smooths your skin",1729584174847071164,"$40,242.81",Voyage Nova | Rosey Fruity Floral | Extrait De Parfum 50ml/100ml | Long Lasting Luxury Fragrance | Daily women's perfume Alluring Summervibes sohochic,1732263142232921043,"$30,319.38"
by.bren2,PrettyGarden Women's Oversized Cardigan Sweater Fall Long Lantern Sleeve Knit Open Front Lightweight Sweater Knitwear Tops#DealsForYouDays,1731208195967717743,"$121,808.87",Eleplus 3 Pieces Lightly Lined Wireless Bras for Women Comfy Plunge T Shirt Bra Pack Style Womenswear for Everyday & Bridal Events #SummerVibes,1731831726131155211,"$100,409.14",OEAK Womens Jelly Bras Wireless Comfortable Soft Push Up Bralettes Seamless Tshirts Bras Deep V Everyday Bras,1729714461980332262,"$50,765.63",DOBREVA Women's Unlined Balconette Bra No Padded Underwire Supportive Plus Size Smooth Scoop Neck,1731395246467027235,"$42,588.57",OEAK Women Non-Slip Bandeau Bras With Comfortable Strapless Bra Seamless Wireless Tube Top Soft Wireless Bra,1731622604082024678,"$37,130.68"
calebrichhh,"Bella Vita Luxury's Honey Oud | Eau de Parfum 100ml (3.4 fl oz) | Patchouli, Vanilla, Bergamot | Floral & Spicy | Made with Clean & Vegan Essentials Oils | Cruelty Free Fragrance Perfume",1729413742968869814,"$135,355.86",tarte summer skin essentials - CC color-correcting tinted serum + creaseless setting powder,1732422500087993276,"$54,280.10",Smooth Two Color Eyeshadow Stick Set Long Lasting Makeup Waterproof Mate Highlighter Glossy EyeShadow Pencil Suitable For Beginners Cosmetic,1732305739916809186,"$41,475.68","tarte BB blur tinted moisturizer SPF 30 - instantly brightens, hydrates & smooths your skin",1729584174847071164,"$40,242.81",Voyage Nova | Rosey Fruity Floral | Extrait De Parfum 50ml/100ml | Long Lasting Luxury Fragrance | Daily women's perfume Alluring Summervibes sohochic,1732263142232921043,"$30,319.38"
candidly.betsy,Hotel Collection | Scent Diffuser Discovery Kit Covers up to 600 sq/ft with One Fragrance Oil 50mL (1.69 Fl Oz),1732266143641211591,"$19,010.38","Magnetic Photo Frames 2""x2"" Clear Acrylic DIY Fridge Magnets with Adhesive Backing – Square Magnets for Crafts, Kitchen, Classroom, Party & Office Decoration Back to School College Dorm Essentials #HomeEssentials #TikTokShopBackToSchool",1732288674913947952,"$9,019.06",Reliant Pet Mouse Repellent Pouches - Rodent Repellent Made in USA (12 Pouches) - Keep Rodents Out of Cars - Mouse Deterrents with Peppermint Oil,1729662519422718968,"$5,495.20","2 Pcs 3-foot Camellia Tree with Decorative Pebbles, Flower Pot, 24 Realistic Flowers, 188 Leaves for Indoor, outdoor courtyard Home Decor,dorm decor,dorm room decor",1731118821228122916,"$5,045.98",All Purpose Scented Cleaner,1730369516036526190,"$4,817.25"
carlosesparza,The Barb Wire Choker Danielle Guizio X The M Jewelers,1732377057880544126,"$20,673.33","Viral Cute Halloween Socks for Women, 5 Pairs Cozy Novelty Crew Socks Set, Funny Pumpkin Ghost Cartoon Mid-Calf Knit Socks, Soft Stretch Warm Fall Winter Essentials for Daily Wear, Halloween Party, Work, School & Gifts",1732470364146930295,"$9,699.47",PASCAL Timeless Classic Diamond Watch for Women & Men 31mm & 36mm with White Lab-Grown Diamonds Swiss Ronda 763 Quartz Movement Stainless Steel Bracelet Everyday Luxury Gift,1732063642461639260,"$7,469.80","Tasiso Women's Floating Cubic Zirconia Pendant Necklace on Invisible Transparent Cord, Minimalist Choker Adjustable Length, Everyday Layering Jewelry, For Woman,Gift,summeroutfits,vacationoutfits,beachoutfits,Thick Clear Invisible Fishing Line",1731992960085430403,"$6,068.65",JASGOOD Women Wide Chunky Belt for Dresses Fashion Thick Suede Belt with Gold Buckle,1732071333641097693,"$5,739.14"
carlymanninggg,"Bella Vita Luxury's Honey Oud | Eau de Parfum 100ml (3.4 fl oz) | Patchouli, Vanilla, Bergamot | Floral & Spicy | Made with Clean & Vegan Essentials Oils | Cruelty Free Fragrance Perfume",1729413742968869814,"$135,355.86",tarte summer skin essentials - CC color-correcting tinted serum + creaseless setting powder,1732422500087993276,"$54,280.10",Smooth Two Color Eyeshadow Stick Set Long Lasting Makeup Waterproof Mate Highlighter Glossy EyeShadow Pencil Suitable For Beginners Cosmetic,1732305739916809186,"$41,475.68",Voyage Nova | Rosey Fruity Floral | Extrait De Parfum 50ml/100ml | Long Lasting Luxury Fragrance | Daily women's perfume Alluring Summervibes sohochic,1732263142232921043,"$30,319.38","[medicube] PDRN Pink Collagen Volume Multi Balm | All In One Volufiline, PDRN, NAD Stick for Youthful-Looking, Helping Look of Fine Lines, Firming Care, Anti-Aging Care | For Under-Eyes, Neck, Forehead, Smile Lines, Lip Care | Korean Skincare",1729508370969629931,"$28,388.73"
caro_manning,"Bella Vita Luxury's Honey Oud | Eau de Parfum 100ml (3.4 fl oz) | Patchouli, Vanilla, Bergamot | Floral & Spicy | Made with Clean & Vegan Essentials Oils | Cruelty Free Fragrance Perfume",1729413742968869814,"$135,355.86",Smooth Two Color Eyeshadow Stick Set Long Lasting Makeup Waterproof Mate Highlighter Glossy EyeShadow Pencil Suitable For Beginners Cosmetic,1732305739916809186,"$41,475.68",Voyage Nova | Rosey Fruity Floral | Extrait De Parfum 50ml/100ml | Long Lasting Luxury Fragrance | Daily women's perfume Alluring Summervibes sohochic,1732263142232921043,"$30,319.38","[medicube] PDRN Pink Collagen Volume Multi Balm | All In One Volufiline, PDRN, NAD Stick for Youthful-Looking, Helping Look of Fine Lines, Firming Care, Anti-Aging Care | For Under-Eyes, Neck, Forehead, Smile Lines, Lip Care | Korean Skincare",1729508370969629931,"$28,388.73",On 'Til Dawn Bronze Veil Waterproof Setting Spray,1732455657267630903,"$26,812.25"
carringtonchronicles,"Bella Vita Luxury's Honey Oud | Eau de Parfum 100ml (3.4 fl oz) | Patchouli, Vanilla, Bergamot | Floral & Spicy | Made with Clean & Vegan Essentials Oils | Cruelty Free Fragrance Perfume",1729413742968869814,"$135,355.86",tarte summer skin essentials - CC color-correcting tinted serum + creaseless setting powder,1732422500087993276,"$54,280.10",Smooth Two Color Eyeshadow Stick Set Long Lasting Makeup Waterproof Mate Highlighter Glossy EyeShadow Pencil Suitable For Beginners Cosmetic,1732305739916809186,"$41,475.68","tarte BB blur tinted moisturizer SPF 30 - instantly brightens, hydrates & smooths your skin",1729584174847071164,"$40,242.81",Voyage Nova | Rosey Fruity Floral | Extrait De Parfum 50ml/100ml | Long Lasting Luxury Fragrance | Daily women's perfume Alluring Summervibes sohochic,1732263142232921043,"$30,319.38"
cassycass00,"Bella Vita Luxury's Honey Oud | Eau de Parfum 100ml (3.4 fl oz) | Patchouli, Vanilla, Bergamot | Floral & Spicy | Made with Clean & Vegan Essentials Oils | Cruelty Free Fragrance Perfume",1729413742968869814,"$135,355.86",Smooth Two Color Eyeshadow Stick Set Long Lasting Makeup Waterproof Mate Highlighter Glossy EyeShadow Pencil Suitable For Beginners Cosmetic,1732305739916809186,"$41,475.68","tarte BB blur tinted moisturizer SPF 30 - instantly brightens, hydrates & smooths your skin",1729584174847071164,"$40,242.81",Voyage Nova | Rosey Fruity Floral | Extrait De Parfum 50ml/100ml | Long Lasting Luxury Fragrance | Daily women's perfume Alluring Summervibes sohochic,1732263142232921043,"$30,319.38","[medicube] PDRN Pink Collagen Volume Multi Balm | All In One Volufiline, PDRN, NAD Stick for Youthful-Looking, Helping Look of Fine Lines, Firming Care, Anti-Aging Care | For Under-Eyes, Neck, Forehead, Smile Lines, Lip Care | Korean Skincare",1729508370969629931,"$28,388.73"
cassymedwards_,"Bella Vita Luxury's Honey Oud | Eau de Parfum 100ml (3.4 fl oz) | Patchouli, Vanilla, Bergamot | Floral & Spicy | Made with Clean & Vegan Essentials Oils | Cruelty Free Fragrance Perfume",1729413742968869814,"$135,355.86",tarte summer skin essentials - CC color-correcting tinted serum + creaseless setting powder,1732422500087993276,"$54,280.10",Smooth Two Color Eyeshadow Stick Set Long Lasting Makeup Waterproof Mate Highlighter Glossy EyeShadow Pencil Suitable For Beginners Cosmetic,1732305739916809186,"$41,475.68",Voyage Nova | Rosey Fruity Floral | Extrait De Parfum 50ml/100ml | Long Lasting Luxury Fragrance | Daily women's perfume Alluring Summervibes sohochic,1732263142232921043,"$30,319.38","[medicube] PDRN Pink Collagen Volume Multi Balm | All In One Volufiline, PDRN, NAD Stick for Youthful-Looking, Helping Look of Fine Lines, Firming Care, Anti-Aging Care | For Under-Eyes, Neck, Forehead, Smile Lines, Lip Care | Korean Skincare",1729508370969629931,"$28,388.73"
cheerockafellaa,The Barb Wire Choker Danielle Guizio X The M Jewelers,1732377057880544126,"$20,673.33","Viral Cute Halloween Socks for Women, 5 Pairs Cozy Novelty Crew Socks Set, Funny Pumpkin Ghost Cartoon Mid-Calf Knit Socks, Soft Stretch Warm Fall Winter Essentials for Daily Wear, Halloween Party, Work, School & Gifts",1732470364146930295,"$9,699.47",PASCAL Timeless Classic Diamond Watch for Women & Men 31mm & 36mm with White Lab-Grown Diamonds Swiss Ronda 763 Quartz Movement Stainless Steel Bracelet Everyday Luxury Gift,1732063642461639260,"$7,469.80","Tasiso Women's Floating Cubic Zirconia Pendant Necklace on Invisible Transparent Cord, Minimalist Choker Adjustable Length, Everyday Layering Jewelry, For Woman,Gift,summeroutfits,vacationoutfits,beachoutfits,Thick Clear Invisible Fishing Line",1731992960085430403,"$6,068.65",JASGOOD Women Wide Chunky Belt for Dresses Fashion Thick Suede Belt with Gold Buckle,1732071333641097693,"$5,739.14"
chelsleebmoney,"Bella Vita Luxury's Honey Oud | Eau de Parfum 100ml (3.4 fl oz) | Patchouli, Vanilla, Bergamot | Floral & Spicy | Made with Clean & Vegan Essentials Oils | Cruelty Free Fragrance Perfume",1729413742968869814,"$135,355.86",tarte summer skin essentials - CC color-correcting tinted serum + creaseless setting powder,1732422500087993276,"$54,280.10",Smooth Two Color Eyeshadow Stick Set Long Lasting Makeup Waterproof Mate Highlighter Glossy EyeShadow Pencil Suitable For Beginners Cosmetic,1732305739916809186,"$41,475.68","tarte BB blur tinted moisturizer SPF 30 - instantly brightens, hydrates & smooths your skin",1729584174847071164,"$40,242.81",Voyage Nova | Rosey Fruity Floral | Extrait De Parfum 50ml/100ml | Long Lasting Luxury Fragrance | Daily women's perfume Alluring Summervibes sohochic,1732263142232921043,"$30,319.38"
christinaliddo,PrettyGarden Women's Oversized Cardigan Sweater Fall Long Lantern Sleeve Knit Open Front Lightweight Sweater Knitwear Tops#DealsForYouDays,1731208195967717743,"$121,808.87",Eleplus 3 Pieces Lightly Lined Wireless Bras for Women Comfy Plunge T Shirt Bra Pack Style Womenswear for Everyday & Bridal Events #SummerVibes,1731831726131155211,"$100,409.14",OEAK Womens Jelly Bras Wireless Comfortable Soft Push Up Bralettes Seamless Tshirts Bras Deep V Everyday Bras,1729714461980332262,"$50,765.63",DOBREVA Women's Unlined Balconette Bra No Padded Underwire Supportive Plus Size Smooth Scoop Neck,1731395246467027235,"$42,588.57","Comfrt | The Dreamer Blanket | Oversized, Cozy, Soft Warm Throw",1729931833196778371,"$41,462.64"
christylong40,"Bella Vita Luxury's Honey Oud | Eau de Parfum 100ml (3.4 fl oz) | Patchouli, Vanilla, Bergamot | Floral & Spicy | Made with Clean & Vegan Essentials Oils | Cruelty Free Fragrance Perfume",1729413742968869814,"$135,355.86",tarte summer skin essentials - CC color-correcting tinted serum + creaseless setting powder,1732422500087993276,"$54,280.10",Smooth Two Color Eyeshadow Stick Set Long Lasting Makeup Waterproof Mate Highlighter Glossy EyeShadow Pencil Suitable For Beginners Cosmetic,1732305739916809186,"$41,475.68","tarte BB blur tinted moisturizer SPF 30 - instantly brightens, hydrates & smooths your skin",1729584174847071164,"$40,242.81",Voyage Nova | Rosey Fruity Floral | Extrait De Parfum 50ml/100ml | Long Lasting Luxury Fragrance | Daily women's perfume Alluring Summervibes sohochic,1732263142232921043,"$30,319.38"
colleen_fusco,PrettyGarden Women's Oversized Cardigan Sweater Fall Long Lantern Sleeve Knit Open Front Lightweight Sweater Knitwear Tops#DealsForYouDays,1731208195967717743,"$121,808.87",Eleplus 3 Pieces Lightly Lined Wireless Bras for Women Comfy Plunge T Shirt Bra Pack Style Womenswear for Everyday & Bridal Events #SummerVibes,1731831726131155211,"$100,409.14",OEAK Womens Jelly Bras Wireless Comfortable Soft Push Up Bralettes Seamless Tshirts Bras Deep V Everyday Bras,1729714461980332262,"$50,765.63",DOBREVA Women's Unlined Balconette Bra No Padded Underwire Supportive Plus Size Smooth Scoop Neck,1731395246467027235,"$42,588.57",Smooth Two Color Eyeshadow Stick Set Long Lasting Makeup Waterproof Mate Highlighter Glossy EyeShadow Pencil Suitable For Beginners Cosmetic,1732305739916809186,"$41,475.68"
creatorsalley,"Bella Vita Luxury's Honey Oud | Eau de Parfum 100ml (3.4 fl oz) | Patchouli, Vanilla, Bergamot | Floral & Spicy | Made with Clean & Vegan Essentials Oils | Cruelty Free Fragrance Perfume",1729413742968869814,"$135,355.86",tarte summer skin essentials - CC color-correcting tinted serum + creaseless setting powder,1732422500087993276,"$54,280.10",Smooth Two Color Eyeshadow Stick Set Long Lasting Makeup Waterproof Mate Highlighter Glossy EyeShadow Pencil Suitable For Beginners Cosmetic,1732305739916809186,"$41,475.68","tarte BB blur tinted moisturizer SPF 30 - instantly brightens, hydrates & smooths your skin",1729584174847071164,"$40,242.81",Voyage Nova | Rosey Fruity Floral | Extrait De Parfum 50ml/100ml | Long Lasting Luxury Fragrance | Daily women's perfume Alluring Summervibes sohochic,1732263142232921043,"$30,319.38"
deniece0110,PrettyGarden Women's Oversized Cardigan Sweater Fall Long Lantern Sleeve Knit Open Front Lightweight Sweater Knitwear Tops#DealsForYouDays,1731208195967717743,"$121,808.87",Eleplus 3 Pieces Lightly Lined Wireless Bras for Women Comfy Plunge T Shirt Bra Pack Style Womenswear for Everyday & Bridal Events #SummerVibes,1731831726131155211,"$100,409.14",OEAK Womens Jelly Bras Wireless Comfortable Soft Push Up Bralettes Seamless Tshirts Bras Deep V Everyday Bras,1729714461980332262,"$50,765.63",DOBREVA Women's Unlined Balconette Bra No Padded Underwire Supportive Plus Size Smooth Scoop Neck,1731395246467027235,"$42,588.57",OEAK Women Non-Slip Bandeau Bras With Comfortable Strapless Bra Seamless Wireless Tube Top Soft Wireless Bra,1731622604082024678,"$37,130.68"
diaryofamaterialgurl,"Bella Vita Luxury's Honey Oud | Eau de Parfum 100ml (3.4 fl oz) | Patchouli, Vanilla, Bergamot | Floral & Spicy | Made with Clean & Vegan Essentials Oils | Cruelty Free Fragrance Perfume",1729413742968869814,"$135,355.86",tarte summer skin essentials - CC color-correcting tinted serum + creaseless setting powder,1732422500087993276,"$54,280.10",Smooth Two Color Eyeshadow Stick Set Long Lasting Makeup Waterproof Mate Highlighter Glossy EyeShadow Pencil Suitable For Beginners Cosmetic,1732305739916809186,"$41,475.68","tarte BB blur tinted moisturizer SPF 30 - instantly brightens, hydrates & smooths your skin",1729584174847071164,"$40,242.81",Voyage Nova | Rosey Fruity Floral | Extrait De Parfum 50ml/100ml | Long Lasting Luxury Fragrance | Daily women's perfume Alluring Summervibes sohochic,1732263142232921043,"$30,319.38"
digitaljinxy,tarte summer skin essentials - CC color-correcting tinted serum + creaseless setting powder,1732422500087993276,"$54,280.10",Smooth Two Color Eyeshadow Stick Set Long Lasting Makeup Waterproof Mate Highlighter Glossy EyeShadow Pencil Suitable For Beginners Cosmetic,1732305739916809186,"$41,475.68","tarte BB blur tinted moisturizer SPF 30 - instantly brightens, hydrates & smooths your skin",1729584174847071164,"$40,242.81",tarte colored clay CC undereye corrector,1729734769623929788,"$28,967.00",On 'Til Dawn Bronze Veil Waterproof Setting Spray,1732455657267630903,"$26,812.25"
dinakxoxo,PrettyGarden Women's Oversized Cardigan Sweater Fall Long Lantern Sleeve Knit Open Front Lightweight Sweater Knitwear Tops#DealsForYouDays,1731208195967717743,"$121,808.87",Eleplus 3 Pieces Lightly Lined Wireless Bras for Women Comfy Plunge T Shirt Bra Pack Style Womenswear for Everyday & Bridal Events #SummerVibes,1731831726131155211,"$100,409.14",OEAK Womens Jelly Bras Wireless Comfortable Soft Push Up Bralettes Seamless Tshirts Bras Deep V Everyday Bras,1729714461980332262,"$50,765.63",DOBREVA Women's Unlined Balconette Bra No Padded Underwire Supportive Plus Size Smooth Scoop Neck,1731395246467027235,"$42,588.57",OEAK Women Non-Slip Bandeau Bras With Comfortable Strapless Bra Seamless Wireless Tube Top Soft Wireless Bra,1731622604082024678,"$37,130.68"
ellencherry_,PrettyGarden Women's Oversized Cardigan Sweater Fall Long Lantern Sleeve Knit Open Front Lightweight Sweater Knitwear Tops#DealsForYouDays,1731208195967717743,"$121,808.87",Eleplus 3 Pieces Lightly Lined Wireless Bras for Women Comfy Plunge T Shirt Bra Pack Style Womenswear for Everyday & Bridal Events #SummerVibes,1731831726131155211,"$100,409.14",OEAK Womens Jelly Bras Wireless Comfortable Soft Push Up Bralettes Seamless Tshirts Bras Deep V Everyday Bras,1729714461980332262,"$50,765.63",DOBREVA Women's Unlined Balconette Bra No Padded Underwire Supportive Plus Size Smooth Scoop Neck,1731395246467027235,"$42,588.57",OEAK Women Non-Slip Bandeau Bras With Comfortable Strapless Bra Seamless Wireless Tube Top Soft Wireless Bra,1731622604082024678,"$37,130.68"
emileys.drafts,"Bella Vita Luxury's Honey Oud | Eau de Parfum 100ml (3.4 fl oz) | Patchouli, Vanilla, Bergamot | Floral & Spicy | Made with Clean & Vegan Essentials Oils | Cruelty Free Fragrance Perfume",1729413742968869814,"$135,355.86",PrettyGarden Women's Oversized Cardigan Sweater Fall Long Lantern Sleeve Knit Open Front Lightweight Sweater Knitwear Tops#DealsForYouDays,1731208195967717743,"$121,808.87",Eleplus 3 Pieces Lightly Lined Wireless Bras for Women Comfy Plunge T Shirt Bra Pack Style Womenswear for Everyday & Bridal Events #SummerVibes,1731831726131155211,"$100,409.14",tarte summer skin essentials - CC color-correcting tinted serum + creaseless setting powder,1732422500087993276,"$54,280.10",OEAK Womens Jelly Bras Wireless Comfortable Soft Push Up Bralettes Seamless Tshirts Bras Deep V Everyday Bras,1729714461980332262,"$50,765.63"
errrcat,"Bella Vita Luxury's Honey Oud | Eau de Parfum 100ml (3.4 fl oz) | Patchouli, Vanilla, Bergamot | Floral & Spicy | Made with Clean & Vegan Essentials Oils | Cruelty Free Fragrance Perfume",1729413742968869814,"$135,355.86",PrettyGarden Women's Oversized Cardigan Sweater Fall Long Lantern Sleeve Knit Open Front Lightweight Sweater Knitwear Tops#DealsForYouDays,1731208195967717743,"$121,808.87",Eleplus 3 Pieces Lightly Lined Wireless Bras for Women Comfy Plunge T Shirt Bra Pack Style Womenswear for Everyday & Bridal Events #SummerVibes,1731831726131155211,"$100,409.14",tarte summer skin essentials - CC color-correcting tinted serum + creaseless setting powder,1732422500087993276,"$54,280.10",OEAK Womens Jelly Bras Wireless Comfortable Soft Push Up Bralettes Seamless Tshirts Bras Deep V Everyday Bras,1729714461980332262,"$50,765.63"
everydayaudur,PrettyGarden Women's Oversized Cardigan Sweater Fall Long Lantern Sleeve Knit Open Front Lightweight Sweater Knitwear Tops#DealsForYouDays,1731208195967717743,"$121,808.87",Eleplus 3 Pieces Lightly Lined Wireless Bras for Women Comfy Plunge T Shirt Bra Pack Style Womenswear for Everyday & Bridal Events #SummerVibes,1731831726131155211,"$100,409.14",OEAK Womens Jelly Bras Wireless Comfortable Soft Push Up Bralettes Seamless Tshirts Bras Deep V Everyday Bras,1729714461980332262,"$50,765.63",DOBREVA Women's Unlined Balconette Bra No Padded Underwire Supportive Plus Size Smooth Scoop Neck,1731395246467027235,"$42,588.57","Comfrt | The Dreamer Blanket | Oversized, Cozy, Soft Warm Throw",1729931833196778371,"$41,462.64"
ez.influence,"Bella Vita Luxury's Honey Oud | Eau de Parfum 100ml (3.4 fl oz) | Patchouli, Vanilla, Bergamot | Floral & Spicy | Made with Clean & Vegan Essentials Oils | Cruelty Free Fragrance Perfume",1729413742968869814,"$135,355.86",PrettyGarden Women's Oversized Cardigan Sweater Fall Long Lantern Sleeve Knit Open Front Lightweight Sweater Knitwear Tops#DealsForYouDays,1731208195967717743,"$121,808.87",Eleplus 3 Pieces Lightly Lined Wireless Bras for Women Comfy Plunge T Shirt Bra Pack Style Womenswear for Everyday & Bridal Events #SummerVibes,1731831726131155211,"$100,409.14",tarte summer skin essentials - CC color-correcting tinted serum + creaseless setting powder,1732422500087993276,"$54,280.10",OEAK Womens Jelly Bras Wireless Comfortable Soft Push Up Bralettes Seamless Tshirts Bras Deep V Everyday Bras,1729714461980332262,"$50,765.63"
findingbestdeals,tarte summer skin essentials - CC color-correcting tinted serum + creaseless setting powder,1732422500087993276,"$54,280.10",Smooth Two Color Eyeshadow Stick Set Long Lasting Makeup Waterproof Mate Highlighter Glossy EyeShadow Pencil Suitable For Beginners Cosmetic,1732305739916809186,"$41,475.68","tarte BB blur tinted moisturizer SPF 30 - instantly brightens, hydrates & smooths your skin",1729584174847071164,"$40,242.81",Voyage Nova | Rosey Fruity Floral | Extrait De Parfum 50ml/100ml | Long Lasting Luxury Fragrance | Daily women's perfume Alluring Summervibes sohochic,1732263142232921043,"$30,319.38",tarte colored clay CC undereye corrector,1729734769623929788,"$28,967.00"
foodfashionfun12,"Bella Vita Luxury's Honey Oud | Eau de Parfum 100ml (3.4 fl oz) | Patchouli, Vanilla, Bergamot | Floral & Spicy | Made with Clean & Vegan Essentials Oils | Cruelty Free Fragrance Perfume",1729413742968869814,"$135,355.86",tarte summer skin essentials - CC color-correcting tinted serum + creaseless setting powder,1732422500087993276,"$54,280.10",Smooth Two Color Eyeshadow Stick Set Long Lasting Makeup Waterproof Mate Highlighter Glossy EyeShadow Pencil Suitable For Beginners Cosmetic,1732305739916809186,"$41,475.68","tarte BB blur tinted moisturizer SPF 30 - instantly brightens, hydrates & smooths your skin",1729584174847071164,"$40,242.81",Voyage Nova | Rosey Fruity Floral | Extrait De Parfum 50ml/100ml | Long Lasting Luxury Fragrance | Daily women's perfume Alluring Summervibes sohochic,1732263142232921043,"$30,319.38"
gabbrieluh,PrettyGarden Women's Oversized Cardigan Sweater Fall Long Lantern Sleeve Knit Open Front Lightweight Sweater Knitwear Tops#DealsForYouDays,1731208195967717743,"$121,808.87",Eleplus 3 Pieces Lightly Lined Wireless Bras for Women Comfy Plunge T Shirt Bra Pack Style Womenswear for Everyday & Bridal Events #SummerVibes,1731831726131155211,"$100,409.14",OEAK Womens Jelly Bras Wireless Comfortable Soft Push Up Bralettes Seamless Tshirts Bras Deep V Everyday Bras,1729714461980332262,"$50,765.63",DOBREVA Women's Unlined Balconette Bra No Padded Underwire Supportive Plus Size Smooth Scoop Neck,1731395246467027235,"$42,588.57","Comfrt | The Dreamer Blanket | Oversized, Cozy, Soft Warm Throw",1729931833196778371,"$41,462.64"
grayson.finks,PrettyGarden Women's Oversized Cardigan Sweater Fall Long Lantern Sleeve Knit Open Front Lightweight Sweater Knitwear Tops#DealsForYouDays,1731208195967717743,"$121,808.87",Eleplus 3 Pieces Lightly Lined Wireless Bras for Women Comfy Plunge T Shirt Bra Pack Style Womenswear for Everyday & Bridal Events #SummerVibes,1731831726131155211,"$100,409.14",OEAK Womens Jelly Bras Wireless Comfortable Soft Push Up Bralettes Seamless Tshirts Bras Deep V Everyday Bras,1729714461980332262,"$50,765.63",DOBREVA Women's Unlined Balconette Bra No Padded Underwire Supportive Plus Size Smooth Scoop Neck,1731395246467027235,"$42,588.57",OEAK Women Non-Slip Bandeau Bras With Comfortable Strapless Bra Seamless Wireless Tube Top Soft Wireless Bra,1731622604082024678,"$37,130.68"
hanaisfinechina,"Bella Vita Luxury's Honey Oud | Eau de Parfum 100ml (3.4 fl oz) | Patchouli, Vanilla, Bergamot | Floral & Spicy | Made with Clean & Vegan Essentials Oils | Cruelty Free Fragrance Perfume",1729413742968869814,"$135,355.86",PrettyGarden Women's Oversized Cardigan Sweater Fall Long Lantern Sleeve Knit Open Front Lightweight Sweater Knitwear Tops#DealsForYouDays,1731208195967717743,"$121,808.87",Eleplus 3 Pieces Lightly Lined Wireless Bras for Women Comfy Plunge T Shirt Bra Pack Style Womenswear for Everyday & Bridal Events #SummerVibes,1731831726131155211,"$100,409.14",tarte summer skin essentials - CC color-correcting tinted serum + creaseless setting powder,1732422500087993276,"$54,280.10",OEAK Womens Jelly Bras Wireless Comfortable Soft Push Up Bralettes Seamless Tshirts Bras Deep V Everyday Bras,1729714461980332262,"$50,765.63"
happyhealthyabbie,Hotel Collection | Scent Diffuser Discovery Kit Covers up to 600 sq/ft with One Fragrance Oil 50mL (1.69 Fl Oz),1732266143641211591,"$19,010.38","Bears with Benefits Biotin Gummies for Hair Growth, Skin & Nails –  5000 mcg Biotin + Vitamins C & E + Zinc - 30 Gummies - Vegan Wild Berry Flavor - 1 Month Supply",1730755223971074070,"$15,448.02","Magnetic Photo Frames 2""x2"" Clear Acrylic DIY Fridge Magnets with Adhesive Backing – Square Magnets for Crafts, Kitchen, Classroom, Party & Office Decoration Back to School College Dorm Essentials #HomeEssentials #TikTokShopBackToSchool",1732288674913947952,"$9,019.06","Halloween Cute Scary Ghost Maruko Squishy Squeeze Toy Set, Mini Portable Stress Toy, Sensory Products for Halloween Things, Party Treat Bag Fillers & Mini Gifts",1732478987179168329,"$7,193.98",Reliant Pet Mouse Repellent Pouches - Rodent Repellent Made in USA (12 Pouches) - Keep Rodents Out of Cars - Mouse Deterrents with Peppermint Oil,1729662519422718968,"$5,495.20"
heyimdanizzo,"Erasable Reusable Watercolor Pen Doodle Set for Toddlers, Toddler Coloring Set 1 2 3 4 Years Old - Unicorn Reusable Drawing Book, 12 Watercolor Markers, 14 Pages of Art, Creative Play & Fun for Kids - Car Activity Travel Coloring Kit for Kids tiktokshopsp",1729476492327489974,"$3,333.00","DIY 3D Laser-Cut Wood Magic Ring House Miniature Kit - Lighted LED Dollhouse Book Nook, Ages 14+, 5-6 Hours Build, Unisex DIY Craft Set, Handmade Gifts, Bookshelf Decoration for Holidays & Birthdays",1732381209627759505,"$1,550.42",Rainbow Loom Auto Loom Bundles,1730980482360119942,"$1,322.07","Jar Melo Water-Activated Coloring Book Set, Mess-Free Kids Creative Craft Kit, Toddler Educational Arts & Crafts Toys, Coloring Gift Book #Summervibes,back to school",1730690895593378774,$974.36,"#sohochic ANPABO Licensed Ford F-150 2 seat Kids Ride on Car 24V, 4 * 100W Motors, 3-Speeds, Soft Start, Large Storage Box, Music Player, Remote Control, Retro Style, Electric Car for Kids 3-8 #DealsForYouDays",1731915572943491512,$973.09
hkapproved,"Bella Vita Luxury's Honey Oud | Eau de Parfum 100ml (3.4 fl oz) | Patchouli, Vanilla, Bergamot | Floral & Spicy | Made with Clean & Vegan Essentials Oils | Cruelty Free Fragrance Perfume",1729413742968869814,"$135,355.86",tarte summer skin essentials - CC color-correcting tinted serum + creaseless setting powder,1732422500087993276,"$54,280.10",Smooth Two Color Eyeshadow Stick Set Long Lasting Makeup Waterproof Mate Highlighter Glossy EyeShadow Pencil Suitable For Beginners Cosmetic,1732305739916809186,"$41,475.68","tarte BB blur tinted moisturizer SPF 30 - instantly brightens, hydrates & smooths your skin",1729584174847071164,"$40,242.81",Voyage Nova | Rosey Fruity Floral | Extrait De Parfum 50ml/100ml | Long Lasting Luxury Fragrance | Daily women's perfume Alluring Summervibes sohochic,1732263142232921043,"$30,319.38"
hleigh74,PrettyGarden Women's Oversized Cardigan Sweater Fall Long Lantern Sleeve Knit Open Front Lightweight Sweater Knitwear Tops#DealsForYouDays,1731208195967717743,"$121,808.87",Eleplus 3 Pieces Lightly Lined Wireless Bras for Women Comfy Plunge T Shirt Bra Pack Style Womenswear for Everyday & Bridal Events #SummerVibes,1731831726131155211,"$100,409.14",OEAK Womens Jelly Bras Wireless Comfortable Soft Push Up Bralettes Seamless Tshirts Bras Deep V Everyday Bras,1729714461980332262,"$50,765.63",DOBREVA Women's Unlined Balconette Bra No Padded Underwire Supportive Plus Size Smooth Scoop Neck,1731395246467027235,"$42,588.57",OEAK Women Non-Slip Bandeau Bras With Comfortable Strapless Bra Seamless Wireless Tube Top Soft Wireless Bra,1731622604082024678,"$37,130.68"
honestamandafinds,"Bella Vita Luxury's Honey Oud | Eau de Parfum 100ml (3.4 fl oz) | Patchouli, Vanilla, Bergamot | Floral & Spicy | Made with Clean & Vegan Essentials Oils | Cruelty Free Fragrance Perfume",1729413742968869814,"$135,355.86","【2026 Newly Upgraded】Trucozie T350 Rechargeable Wireless Cordless Vacuum Cleaner, 8-in-1 Lightweight Upright Vacuum for Deep Clean, 45-Minute Runtime, 33 kPa Powerful Suction, Housewarming Gift Suitable for Hardwood Floors, Carpets, Pet Hair, Car Interior",1729406319708377732,"$72,114.79",tarte summer skin essentials - CC color-correcting tinted serum + creaseless setting powder,1732422500087993276,"$54,280.10",Smooth Two Color Eyeshadow Stick Set Long Lasting Makeup Waterproof Mate Highlighter Glossy EyeShadow Pencil Suitable For Beginners Cosmetic,1732305739916809186,"$41,475.68","tarte BB blur tinted moisturizer SPF 30 - instantly brightens, hydrates & smooths your skin",1729584174847071164,"$40,242.81"
honeyquiche,PrettyGarden Women's Oversized Cardigan Sweater Fall Long Lantern Sleeve Knit Open Front Lightweight Sweater Knitwear Tops#DealsForYouDays,1731208195967717743,"$121,808.87",Magic ONESO Mid-low Rise Baggy Jeans Stretchy Wide Leg for Women Distressed Pants Womenswear Bottom 8001 Lady Basic Minimalist Comfortable Denim Tummy Control Curve Hugging Plus Size Regular Size BBL Spring Fashion Daily Outfits #TikTokShopBackToSchool,1729445477031121919,"$34,143.02",Lacsper Daisy Floral Lace Minimizer Bra Unlined Unpadded Full Coverage Plus Size Underwire Breathable Mesh Cup Comfort Support for Women,1731589895165612280,"$28,651.00",【4 Lengths】Magic ONESO Mid-low Rise Baggy BBL Jeans Stretchy Wide Leg Tummy Control Plus Size Regular Size #TikTokShopBackToSchool,1732412928253268991,"$26,264.26","Tanming Womens Baggy Barrel Wide Leg Yoga Lounge Pants Drawstring Waist Pockets Athleisure Style Casual Sweatpants Comfortable Loose Fit Bottoms for Women Summer Casual Wear,back to school shopping",1731229445891395731,"$22,775.04"
iamashleyyancy,Dr. Scholl's Women's Joplin Fashion Boot,1731896531264573800,"$33,739.57","【Creator’s Pick】Halara 2-Piece Super High Waisted Back Pocket & Side Hidden Pocket 2-in-1 Yoga Shorts 3"" Set",1730762320809595172,"$21,738.52",【Creator’s Pick】Halara Flex High Waisted Pocket Wide Leg Waffle Work Pants,1729408758258766116,"$19,212.25","MFVIM Women’s Breathable Body-Shaping Yoga Outfit, High-Waisted Quick-Dry Fitness Wear, Versatile Three-Quarter Shorts Sports Set,summerwins,travel essentials,camping essentials,back to school,back to school haul",1732388023895625751,"$15,290.39",【Creator’s Pick】Halara UltraSculpt High Waisted Tummy Control Pocket Shaping Training Capri Leggings,1731269947944768350,"$15,130.69"
its.amy.approved,PrettyGarden Women's Oversized Cardigan Sweater Fall Long Lantern Sleeve Knit Open Front Lightweight Sweater Knitwear Tops#DealsForYouDays,1731208195967717743,"$121,808.87",Eleplus 3 Pieces Lightly Lined Wireless Bras for Women Comfy Plunge T Shirt Bra Pack Style Womenswear for Everyday & Bridal Events #SummerVibes,1731831726131155211,"$100,409.14",OEAK Womens Jelly Bras Wireless Comfortable Soft Push Up Bralettes Seamless Tshirts Bras Deep V Everyday Bras,1729714461980332262,"$50,765.63",DOBREVA Women's Unlined Balconette Bra No Padded Underwire Supportive Plus Size Smooth Scoop Neck,1731395246467027235,"$42,588.57",OEAK Women Non-Slip Bandeau Bras With Comfortable Strapless Bra Seamless Wireless Tube Top Soft Wireless Bra,1731622604082024678,"$37,130.68"
itschlospamm,PrettyGarden Women's Oversized Cardigan Sweater Fall Long Lantern Sleeve Knit Open Front Lightweight Sweater Knitwear Tops#DealsForYouDays,1731208195967717743,"$121,808.87",Eleplus 3 Pieces Lightly Lined Wireless Bras for Women Comfy Plunge T Shirt Bra Pack Style Womenswear for Everyday & Bridal Events #SummerVibes,1731831726131155211,"$100,409.14",OEAK Womens Jelly Bras Wireless Comfortable Soft Push Up Bralettes Seamless Tshirts Bras Deep V Everyday Bras,1729714461980332262,"$50,765.63",DOBREVA Women's Unlined Balconette Bra No Padded Underwire Supportive Plus Size Smooth Scoop Neck,1731395246467027235,"$42,588.57",OEAK Women Non-Slip Bandeau Bras With Comfortable Strapless Bra Seamless Wireless Tube Top Soft Wireless Bra,1731622604082024678,"$37,130.68"
itsgenise,"Bella Vita Luxury's Honey Oud | Eau de Parfum 100ml (3.4 fl oz) | Patchouli, Vanilla, Bergamot | Floral & Spicy | Made with Clean & Vegan Essentials Oils | Cruelty Free Fragrance Perfume",1729413742968869814,"$135,355.86",tarte summer skin essentials - CC color-correcting tinted serum + creaseless setting powder,1732422500087993276,"$54,280.10",Smooth Two Color Eyeshadow Stick Set Long Lasting Makeup Waterproof Mate Highlighter Glossy EyeShadow Pencil Suitable For Beginners Cosmetic,1732305739916809186,"$41,475.68","tarte BB blur tinted moisturizer SPF 30 - instantly brightens, hydrates & smooths your skin",1729584174847071164,"$40,242.81",Voyage Nova | Rosey Fruity Floral | Extrait De Parfum 50ml/100ml | Long Lasting Luxury Fragrance | Daily women's perfume Alluring Summervibes sohochic,1732263142232921043,"$30,319.38"
itsjesslaw,"Medium Firm Hybrid Memory Foam Mattress - 8/10/12/14 in Twin, Full, Queen, King Sizes, Lumbar Support, Ergonomic Design, for Home Rooms, Hotels, Boxed Furniture Gift, Memory Foam Mattresses, Queen Size Mattress,dorm essentials,home decor",1730092261582738160,"$26,543.67","Dowinx Cross egged Office Chair with Pivoting Armrests,Criss Cross Chair with Pocket Spring Seat & Back,Reclining Computer Gaming Chair with Footrest and Metal Base",1731998808395649437,"$8,415.91","SHA CERLIN Storage Bed Frame Modern Linen Upholstered Headboard Lift Up Storage Platform Bed Frame, Two Style Headboard, Heavy Duty Gas Lift Support, No Box Spring Needed,Wood Slats Support, Full Queen King Size,dorm essentials,home decor",1729537141726810464,"$5,917.77","【3 Packages Delivery】Yaheetech 5/7/9-Piece Patio Furniture Set, Outdoor Dining Table with 6 Chairs, Rattan Conversation Set with Soft Cushions for Backyard Deck Garden,,home decor,camping essentials",1730893895594905923,"$2,960.83","【Set of 2】Yaheetech 2026 Upgrade Folding Adirondack Chair Set of 2 Outdoor Solid Wood Garden Chair Weather Resistant, Fire Pit Lounge Chairs for Garden/Yard/Patio/Lawn,home decor,camping essentials",1729562399956308291,"$2,669.41"
itsmakenzietaylor,PrettyGarden Women's Oversized Cardigan Sweater Fall Long Lantern Sleeve Knit Open Front Lightweight Sweater Knitwear Tops#DealsForYouDays,1731208195967717743,"$121,808.87",Eleplus 3 Pieces Lightly Lined Wireless Bras for Women Comfy Plunge T Shirt Bra Pack Style Womenswear for Everyday & Bridal Events #SummerVibes,1731831726131155211,"$100,409.14",OEAK Womens Jelly Bras Wireless Comfortable Soft Push Up Bralettes Seamless Tshirts Bras Deep V Everyday Bras,1729714461980332262,"$50,765.63",DOBREVA Women's Unlined Balconette Bra No Padded Underwire Supportive Plus Size Smooth Scoop Neck,1731395246467027235,"$42,588.57",OEAK Women Non-Slip Bandeau Bras With Comfortable Strapless Bra Seamless Wireless Tube Top Soft Wireless Bra,1731622604082024678,"$37,130.68"
itsmekaycee77,PrettyGarden Women's Oversized Cardigan Sweater Fall Long Lantern Sleeve Knit Open Front Lightweight Sweater Knitwear Tops#DealsForYouDays,1731208195967717743,"$121,808.87",Eleplus 3 Pieces Lightly Lined Wireless Bras for Women Comfy Plunge T Shirt Bra Pack Style Womenswear for Everyday & Bridal Events #SummerVibes,1731831726131155211,"$100,409.14",OEAK Womens Jelly Bras Wireless Comfortable Soft Push Up Bralettes Seamless Tshirts Bras Deep V Everyday Bras,1729714461980332262,"$50,765.63",DOBREVA Women's Unlined Balconette Bra No Padded Underwire Supportive Plus Size Smooth Scoop Neck,1731395246467027235,"$42,588.57",OEAK Women Non-Slip Bandeau Bras With Comfortable Strapless Bra Seamless Wireless Tube Top Soft Wireless Bra,1731622604082024678,"$37,130.68"
izwakeup,PrettyGarden Women's Oversized Cardigan Sweater Fall Long Lantern Sleeve Knit Open Front Lightweight Sweater Knitwear Tops#DealsForYouDays,1731208195967717743,"$121,808.87",Eleplus 3 Pieces Lightly Lined Wireless Bras for Women Comfy Plunge T Shirt Bra Pack Style Womenswear for Everyday & Bridal Events #SummerVibes,1731831726131155211,"$100,409.14",OEAK Womens Jelly Bras Wireless Comfortable Soft Push Up Bralettes Seamless Tshirts Bras Deep V Everyday Bras,1729714461980332262,"$50,765.63",DOBREVA Women's Unlined Balconette Bra No Padded Underwire Supportive Plus Size Smooth Scoop Neck,1731395246467027235,"$42,588.57",OEAK Women Non-Slip Bandeau Bras With Comfortable Strapless Bra Seamless Wireless Tube Top Soft Wireless Bra,1731622604082024678,"$37,130.68"
jacobien233,tarte summer skin essentials - CC color-correcting tinted serum + creaseless setting powder,1732422500087993276,"$54,280.10",Smooth Two Color Eyeshadow Stick Set Long Lasting Makeup Waterproof Mate Highlighter Glossy EyeShadow Pencil Suitable For Beginners Cosmetic,1732305739916809186,"$41,475.68","tarte BB blur tinted moisturizer SPF 30 - instantly brightens, hydrates & smooths your skin",1729584174847071164,"$40,242.81",Voyage Nova | Rosey Fruity Floral | Extrait De Parfum 50ml/100ml | Long Lasting Luxury Fragrance | Daily women's perfume Alluring Summervibes sohochic,1732263142232921043,"$30,319.38",tarte colored clay CC undereye corrector,1729734769623929788,"$28,967.00"
jaimehillathome,Hotel Collection | Scent Diffuser Discovery Kit Covers up to 600 sq/ft with One Fragrance Oil 50mL (1.69 Fl Oz),1732266143641211591,"$19,010.38","Magnetic Photo Frames 2""x2"" Clear Acrylic DIY Fridge Magnets with Adhesive Backing – Square Magnets for Crafts, Kitchen, Classroom, Party & Office Decoration Back to School College Dorm Essentials #HomeEssentials #TikTokShopBackToSchool",1732288674913947952,"$9,019.06","Halloween Cute Scary Ghost Maruko Squishy Squeeze Toy Set, Mini Portable Stress Toy, Sensory Products for Halloween Things, Party Treat Bag Fillers & Mini Gifts",1732478987179168329,"$7,193.98",Reliant Pet Mouse Repellent Pouches - Rodent Repellent Made in USA (12 Pouches) - Keep Rodents Out of Cars - Mouse Deterrents with Peppermint Oil,1729662519422718968,"$5,495.20","2 Pcs 3-foot Camellia Tree with Decorative Pebbles, Flower Pot, 24 Realistic Flowers, 188 Leaves for Indoor, outdoor courtyard Home Decor,dorm decor,dorm room decor",1731118821228122916,"$5,045.98"
jalisasahm,"Bella Vita Luxury's Honey Oud | Eau de Parfum 100ml (3.4 fl oz) | Patchouli, Vanilla, Bergamot | Floral & Spicy | Made with Clean & Vegan Essentials Oils | Cruelty Free Fragrance Perfume",1729413742968869814,"$135,355.86",tarte summer skin essentials - CC color-correcting tinted serum + creaseless setting powder,1732422500087993276,"$54,280.10",Smooth Two Color Eyeshadow Stick Set Long Lasting Makeup Waterproof Mate Highlighter Glossy EyeShadow Pencil Suitable For Beginners Cosmetic,1732305739916809186,"$41,475.68","tarte BB blur tinted moisturizer SPF 30 - instantly brightens, hydrates & smooths your skin",1729584174847071164,"$40,242.81",tarte colored clay CC undereye corrector,1729734769623929788,"$28,967.00"
jaslovesreviews,Dr. Scholl's Women's Joplin Fashion Boot,1731896531264573800,"$33,739.57","【Creator’s Pick】Halara 2-Piece Super High Waisted Back Pocket & Side Hidden Pocket 2-in-1 Yoga Shorts 3"" Set",1730762320809595172,"$21,738.52",【Creator’s Pick】Halara Flex High Waisted Pocket Wide Leg Waffle Work Pants,1729408758258766116,"$19,212.25","MFVIM Women’s Breathable Body-Shaping Yoga Outfit, High-Waisted Quick-Dry Fitness Wear, Versatile Three-Quarter Shorts Sports Set,summerwins,travel essentials,camping essentials,back to school,back to school haul",1732388023895625751,"$15,290.39",【Creator’s Pick】Halara UltraSculpt High Waisted Tummy Control Pocket Shaping Training Capri Leggings,1731269947944768350,"$15,130.69"
jasmineashley22,"Bella Vita Luxury's Honey Oud | Eau de Parfum 100ml (3.4 fl oz) | Patchouli, Vanilla, Bergamot | Floral & Spicy | Made with Clean & Vegan Essentials Oils | Cruelty Free Fragrance Perfume",1729413742968869814,"$135,355.86",Eleplus 3 Pieces Lightly Lined Wireless Bras for Women Comfy Plunge T Shirt Bra Pack Style Womenswear for Everyday & Bridal Events #SummerVibes,1731831726131155211,"$100,409.14",tarte summer skin essentials - CC color-correcting tinted serum + creaseless setting powder,1732422500087993276,"$54,280.10",OEAK Womens Jelly Bras Wireless Comfortable Soft Push Up Bralettes Seamless Tshirts Bras Deep V Everyday Bras,1729714461980332262,"$50,765.63",DOBREVA Women's Unlined Balconette Bra No Padded Underwire Supportive Plus Size Smooth Scoop Neck,1731395246467027235,"$42,588.57"
jasminebrownie1,"【2026 Newly Upgraded】Trucozie T350 Rechargeable Wireless Cordless Vacuum Cleaner, 8-in-1 Lightweight Upright Vacuum for Deep Clean, 45-Minute Runtime, 33 kPa Powerful Suction, Housewarming Gift Suitable for Hardwood Floors, Carpets, Pet Hair, Car Interior",1729406319708377732,"$72,114.79","【Creator’s Pick】Halara 2-Piece Super High Waisted Back Pocket & Side Hidden Pocket 2-in-1 Yoga Shorts 3"" Set",1730762320809595172,"$21,738.52",【Creator’s Pick】Halara Flex High Waisted Pocket Wide Leg Waffle Work Pants,1729408758258766116,"$19,212.25",Shark PowerPro Flex Reveal Plus Cordless Vacuum - IZ382H,1732268320365777584,"$15,966.16","MFVIM Women’s Breathable Body-Shaping Yoga Outfit, High-Waisted Quick-Dry Fitness Wear, Versatile Three-Quarter Shorts Sports Set,summerwins,travel essentials,camping essentials,back to school,back to school haul",1732388023895625751,"$15,290.39"
jaxandbrynco,"Bella Vita Luxury's Honey Oud | Eau de Parfum 100ml (3.4 fl oz) | Patchouli, Vanilla, Bergamot | Floral & Spicy | Made with Clean & Vegan Essentials Oils | Cruelty Free Fragrance Perfume",1729413742968869814,"$135,355.86",PrettyGarden Women's Oversized Cardigan Sweater Fall Long Lantern Sleeve Knit Open Front Lightweight Sweater Knitwear Tops#DealsForYouDays,1731208195967717743,"$121,808.87",Eleplus 3 Pieces Lightly Lined Wireless Bras for Women Comfy Plunge T Shirt Bra Pack Style Womenswear for Everyday & Bridal Events #SummerVibes,1731831726131155211,"$100,409.14",tarte summer skin essentials - CC color-correcting tinted serum + creaseless setting powder,1732422500087993276,"$54,280.10",OEAK Womens Jelly Bras Wireless Comfortable Soft Push Up Bralettes Seamless Tshirts Bras Deep V Everyday Bras,1729714461980332262,"$50,765.63"
jdubshopfaves,"【Creator’s Pick】Halara 2-Piece Super High Waisted Back Pocket & Side Hidden Pocket 2-in-1 Yoga Shorts 3"" Set",1730762320809595172,"$21,738.52",【Creator’s Pick】Halara Flex High Waisted Pocket Wide Leg Waffle Work Pants,1729408758258766116,"$19,212.25","MFVIM Women’s Breathable Body-Shaping Yoga Outfit, High-Waisted Quick-Dry Fitness Wear, Versatile Three-Quarter Shorts Sports Set,summerwins,travel essentials,camping essentials,back to school,back to school haul",1732388023895625751,"$15,290.39",【Creator’s Pick】Halara UltraSculpt High Waisted Tummy Control Pocket Shaping Training Capri Leggings,1731269947944768350,"$15,130.69","YEOREO Women's Halter Neck Sports Bra Longline Workout Tank Top with Built-in Bra Backless Strappy Gym Top Buttery Soft Padded Yoga Cami summderfinds,travel essentials,camping essentials tiktokshopbacktoschool,back to school,back to school haul",1732405592203432921,"$12,549.46"
jenlashay,"Women's Striped/rhombus/leaf/dot Cloud Handbag, Clip Closure Crossbody Bag, Lightweight Foldable for Daily Use, Gifts for Friends and Valentine's Day",1732227985172828427,"$35,269.47","Medium Firm Hybrid Memory Foam Mattress - 8/10/12/14 in Twin, Full, Queen, King Sizes, Lumbar Support, Ergonomic Design, for Home Rooms, Hotels, Boxed Furniture Gift, Memory Foam Mattresses, Queen Size Mattress,dorm essentials,home decor",1730092261582738160,"$26,543.67","LOVEVOOK Colorblock Carry-On Travel Backpack with 3 Packing Cubes and Laptop Compartment - Personal Item,TSA-Friendly, Travel Essentials, Airline Approved Travel Bag for Hiking, Weekend, TikTokShopBackToSchool",1729417326447727282,"$8,814.05","Dowinx Cross egged Office Chair with Pivoting Armrests,Criss Cross Chair with Pocket Spring Seat & Back,Reclining Computer Gaming Chair with Footrest and Metal Base",1731998808395649437,"$8,415.91",CEFIRO Uluh Bag with Guard - Stylish Handbag with Gold Hardware and Adjustable Strap for Everyday Use,1732354352924102675,"$6,847.65"
jenn_lyles,PrettyGarden Women's Oversized Cardigan Sweater Fall Long Lantern Sleeve Knit Open Front Lightweight Sweater Knitwear Tops#DealsForYouDays,1731208195967717743,"$121,808.87",Eleplus 3 Pieces Lightly Lined Wireless Bras for Women Comfy Plunge T Shirt Bra Pack Style Womenswear for Everyday & Bridal Events #SummerVibes,1731831726131155211,"$100,409.14",OEAK Womens Jelly Bras Wireless Comfortable Soft Push Up Bralettes Seamless Tshirts Bras Deep V Everyday Bras,1729714461980332262,"$50,765.63",DOBREVA Women's Unlined Balconette Bra No Padded Underwire Supportive Plus Size Smooth Scoop Neck,1731395246467027235,"$42,588.57",OEAK Women Non-Slip Bandeau Bras With Comfortable Strapless Bra Seamless Wireless Tube Top Soft Wireless Bra,1731622604082024678,"$37,130.68"
jennababiolakis,"Bella Vita Luxury's Honey Oud | Eau de Parfum 100ml (3.4 fl oz) | Patchouli, Vanilla, Bergamot | Floral & Spicy | Made with Clean & Vegan Essentials Oils | Cruelty Free Fragrance Perfume",1729413742968869814,"$135,355.86",tarte summer skin essentials - CC color-correcting tinted serum + creaseless setting powder,1732422500087993276,"$54,280.10",Smooth Two Color Eyeshadow Stick Set Long Lasting Makeup Waterproof Mate Highlighter Glossy EyeShadow Pencil Suitable For Beginners Cosmetic,1732305739916809186,"$41,475.68","Comfrt | The Dreamer Blanket | Oversized, Cozy, Soft Warm Throw",1729931833196778371,"$41,462.64","tarte BB blur tinted moisturizer SPF 30 - instantly brightens, hydrates & smooths your skin",1729584174847071164,"$40,242.81"
jennamediaco,PrettyGarden Women's Oversized Cardigan Sweater Fall Long Lantern Sleeve Knit Open Front Lightweight Sweater Knitwear Tops#DealsForYouDays,1731208195967717743,"$121,808.87",Eleplus 3 Pieces Lightly Lined Wireless Bras for Women Comfy Plunge T Shirt Bra Pack Style Womenswear for Everyday & Bridal Events #SummerVibes,1731831726131155211,"$100,409.14",OEAK Womens Jelly Bras Wireless Comfortable Soft Push Up Bralettes Seamless Tshirts Bras Deep V Everyday Bras,1729714461980332262,"$50,765.63",DOBREVA Women's Unlined Balconette Bra No Padded Underwire Supportive Plus Size Smooth Scoop Neck,1731395246467027235,"$42,588.57",OEAK Women Non-Slip Bandeau Bras With Comfortable Strapless Bra Seamless Wireless Tube Top Soft Wireless Bra,1731622604082024678,"$37,130.68"
jon_wicki_,"The Loaded Tea Shop - 40 Flavors, 1 Packet Makes 32 oz, Zero Sugar, Zero Carbs, Zero Calories, Zero Artificial Colors & Flavors, B-Complex, Vitamins D3 & K2, Aloe, 200mg Natural Caffeine, Build Your Own Bundle, Functional Energy Tea Packs",1729556031006938037,"$8,240.76",Unshelled Sunflower Spicy Red Seeds 12oz,1732220469286507347,"$7,077.00",Mystery Item!,1732530553560994257,"$5,035.69",Whipped Lemonade Protein Smoothie by FlavCity Weight Watchers,1732457573392093611,"$4,480.45",Rhinestone Glitter Unisex Spring Oversized Hoodies Sparkly Long Sleeve Shirts Party Hooded Sweatshirts Tops,1731540039073370424,"$4,099.83"
julie_trimble,PrettyGarden Women's Oversized Cardigan Sweater Fall Long Lantern Sleeve Knit Open Front Lightweight Sweater Knitwear Tops#DealsForYouDays,1731208195967717743,"$121,808.87",Eleplus 3 Pieces Lightly Lined Wireless Bras for Women Comfy Plunge T Shirt Bra Pack Style Womenswear for Everyday & Bridal Events #SummerVibes,1731831726131155211,"$100,409.14",OEAK Womens Jelly Bras Wireless Comfortable Soft Push Up Bralettes Seamless Tshirts Bras Deep V Everyday Bras,1729714461980332262,"$50,765.63",DOBREVA Women's Unlined Balconette Bra No Padded Underwire Supportive Plus Size Smooth Scoop Neck,1731395246467027235,"$42,588.57",OEAK Women Non-Slip Bandeau Bras With Comfortable Strapless Bra Seamless Wireless Tube Top Soft Wireless Bra,1731622604082024678,"$37,130.68"
justjess111,"Bella Vita Luxury's Honey Oud | Eau de Parfum 100ml (3.4 fl oz) | Patchouli, Vanilla, Bergamot | Floral & Spicy | Made with Clean & Vegan Essentials Oils | Cruelty Free Fragrance Perfume",1729413742968869814,"$135,355.86",tarte summer skin essentials - CC color-correcting tinted serum + creaseless setting powder,1732422500087993276,"$54,280.10",Smooth Two Color Eyeshadow Stick Set Long Lasting Makeup Waterproof Mate Highlighter Glossy EyeShadow Pencil Suitable For Beginners Cosmetic,1732305739916809186,"$41,475.68","tarte BB blur tinted moisturizer SPF 30 - instantly brightens, hydrates & smooths your skin",1729584174847071164,"$40,242.81",Voyage Nova | Rosey Fruity Floral | Extrait De Parfum 50ml/100ml | Long Lasting Luxury Fragrance | Daily women's perfume Alluring Summervibes sohochic,1732263142232921043,"$30,319.38"
justjessyxo,Eleplus 3 Pieces Lightly Lined Wireless Bras for Women Comfy Plunge T Shirt Bra Pack Style Womenswear for Everyday & Bridal Events #SummerVibes,1731831726131155211,"$100,409.14",OEAK Womens Jelly Bras Wireless Comfortable Soft Push Up Bralettes Seamless Tshirts Bras Deep V Everyday Bras,1729714461980332262,"$50,765.63",DOBREVA Women's Unlined Balconette Bra No Padded Underwire Supportive Plus Size Smooth Scoop Neck,1731395246467027235,"$42,588.57",OEAK Women Non-Slip Bandeau Bras With Comfortable Strapless Bra Seamless Wireless Tube Top Soft Wireless Bra,1731622604082024678,"$37,130.68",LUCKMEEY Womens Strapless Front Closure Bra Push Up Lift Bra Padded Add Cup Non Slip  Anti-Slip Grip & Removable Straps Fit Outfits Wireless Supportive  Seamless Comfortable,1732282937141662165,"$36,532.82"
kaseyas0920,"Comfrt | The Dreamer Blanket | Oversized, Cozy, Soft Warm Throw",1729931833196778371,"$41,462.64",Mellow Sleep |  Cooling EasyFit Sheet - Silky Soft Breathable Fitted Sheet Stays Wrinkle-Free Trusted By Top Hotels,1732177854905815121,"$4,894.43","Bedsure PureWoven 100% Rayon Derived from Bamboo, Bed Sheets, 3 Pieces Cooling Sheets for Hot Sleepers, Breathable & Silky Soft, 16"" Deep Pocket, Hotel Luxury Bedding",1731367134008480341,"$4,881.88","【Home Essentials】WeCharmer Extra Thick Mattress 1000&500 GSM Topper, Down Alternative Overfill Plush Mattress Pad, Cooling Pillow Top with 8-21Inch Deep Pocket,summerwins,back to school,back to school shopping,home decor",1729457680158658805,"$3,560.47","Erasable Reusable Watercolor Pen Doodle Set for Toddlers, Toddler Coloring Set 1 2 3 4 Years Old - Unicorn Reusable Drawing Book, 12 Watercolor Markers, 14 Pages of Art, Creative Play & Fun for Kids - Car Activity Travel Coloring Kit for Kids tiktokshopsp",1729476492327489974,"$3,333.00"
kaseys0920,Dr. Scholl's Women's Joplin Fashion Boot,1731896531264573800,"$33,739.57",Hotel Collection | Scent Diffuser Discovery Kit Covers up to 600 sq/ft with One Fragrance Oil 50mL (1.69 Fl Oz),1732266143641211591,"$19,010.38",HEYDUDE Delray Clog Suede – Womens Comfortable Slip on Platform Clog,1731467723863921200,"$11,728.32",Project Cloud Women's | Women's Knit Clogs | Smart Foam | Lightweight | Non-Slip - Nella,1732521149772436024,"$9,419.48","Magnetic Photo Frames 2""x2"" Clear Acrylic DIY Fridge Magnets with Adhesive Backing – Square Magnets for Crafts, Kitchen, Classroom, Party & Office Decoration Back to School College Dorm Essentials #HomeEssentials #TikTokShopBackToSchool",1732288674913947952,"$9,019.06"
kategrauss,"Bella Vita Luxury's Honey Oud | Eau de Parfum 100ml (3.4 fl oz) | Patchouli, Vanilla, Bergamot | Floral & Spicy | Made with Clean & Vegan Essentials Oils | Cruelty Free Fragrance Perfume",1729413742968869814,"$135,355.86",tarte summer skin essentials - CC color-correcting tinted serum + creaseless setting powder,1732422500087993276,"$54,280.10",Smooth Two Color Eyeshadow Stick Set Long Lasting Makeup Waterproof Mate Highlighter Glossy EyeShadow Pencil Suitable For Beginners Cosmetic,1732305739916809186,"$41,475.68","tarte BB blur tinted moisturizer SPF 30 - instantly brightens, hydrates & smooths your skin",1729584174847071164,"$40,242.81",Voyage Nova | Rosey Fruity Floral | Extrait De Parfum 50ml/100ml | Long Lasting Luxury Fragrance | Daily women's perfume Alluring Summervibes sohochic,1732263142232921043,"$30,319.38"
kategrs,Dr. Scholl's Women's Joplin Fashion Boot,1731896531264573800,"$33,739.57",HEYDUDE Delray Clog Suede – Womens Comfortable Slip on Platform Clog,1731467723863921200,"$11,728.32",Project Cloud Women's | Women's Knit Clogs | Smart Foam | Lightweight | Non-Slip - Nella,1732521149772436024,"$9,419.48",Naturalizer Womens Tressa Flip-Flop - Medium & Wide Width,1732210623064674780,"$8,915.42","Blowfish Malibu Womens Venice 2 Fashion Boot, Design, Walking Shoes, Decor, Women's Fashion, Shoes For Women, Boot Heels, Modern Boot",1732425400994468545,"$8,285.23"
kathryn_scoco,Shark PowerPro Flex Reveal Plus Cordless Vacuum - IZ382H,1732268320365777584,"$15,966.16","Mini Handheld Fan with LED Display – 6-Speed Turbo Pocket Fan for Women. USB Rechargeable, High-Speed Cooling for Travel & Makeup. Perfect  Gift., Rechargeable Portable Fan, Cordless Handheld Fan",1732350027172975347,"$6,945.84","[New Launch] DREAME Aero Lite Wet Dry Vacuum Cleaner, All-in-ONE Vacuum Mop for Wet & Dry Messes, 0 Hair Residue Great for Pet Owners, One-Press Self-Clean, 180° Lie Flat, 35mins Runtime for Hard Floor Cleaning,back to school,back to school haul",1732306174840312737,"$6,752.35","FEPPO Vacuum Steamer for Clothes, Handheld Garment Steamer with Suction, 2-in-1 Steam & Iron, LED Display, Adjustable Suction & Steam Modes, One-Hand Vacuum Steamer for Home (For 110-120V),back to school,back to school haul",1729489286334944993,"$2,346.17",Shark BreatheClear Compact with NeverChange Air Purifier - HP062,1732390271086269104,"$2,214.04"
katrinagmoore,Eleplus 3 Pieces Lightly Lined Wireless Bras for Women Comfy Plunge T Shirt Bra Pack Style Womenswear for Everyday & Bridal Events #SummerVibes,1731831726131155211,"$100,409.14",OEAK Womens Jelly Bras Wireless Comfortable Soft Push Up Bralettes Seamless Tshirts Bras Deep V Everyday Bras,1729714461980332262,"$50,765.63",DOBREVA Women's Unlined Balconette Bra No Padded Underwire Supportive Plus Size Smooth Scoop Neck,1731395246467027235,"$42,588.57",OEAK Women Non-Slip Bandeau Bras With Comfortable Strapless Bra Seamless Wireless Tube Top Soft Wireless Bra,1731622604082024678,"$37,130.68",LUCKMEEY Womens Strapless Front Closure Bra Push Up Lift Bra Padded Add Cup Non Slip  Anti-Slip Grip & Removable Straps Fit Outfits Wireless Supportive  Seamless Comfortable,1732282937141662165,"$36,532.82"
kay_caputo,"Bella Vita Luxury's Honey Oud | Eau de Parfum 100ml (3.4 fl oz) | Patchouli, Vanilla, Bergamot | Floral & Spicy | Made with Clean & Vegan Essentials Oils | Cruelty Free Fragrance Perfume",1729413742968869814,"$135,355.86",PrettyGarden Women's Oversized Cardigan Sweater Fall Long Lantern Sleeve Knit Open Front Lightweight Sweater Knitwear Tops#DealsForYouDays,1731208195967717743,"$121,808.87",Eleplus 3 Pieces Lightly Lined Wireless Bras for Women Comfy Plunge T Shirt Bra Pack Style Womenswear for Everyday & Bridal Events #SummerVibes,1731831726131155211,"$100,409.14",tarte summer skin essentials - CC color-correcting tinted serum + creaseless setting powder,1732422500087993276,"$54,280.10",OEAK Womens Jelly Bras Wireless Comfortable Soft Push Up Bralettes Seamless Tshirts Bras Deep V Everyday Bras,1729714461980332262,"$50,765.63"
kelliecrowther,"Bella Vita Luxury's Honey Oud | Eau de Parfum 100ml (3.4 fl oz) | Patchouli, Vanilla, Bergamot | Floral & Spicy | Made with Clean & Vegan Essentials Oils | Cruelty Free Fragrance Perfume",1729413742968869814,"$135,355.86",Smooth Two Color Eyeshadow Stick Set Long Lasting Makeup Waterproof Mate Highlighter Glossy EyeShadow Pencil Suitable For Beginners Cosmetic,1732305739916809186,"$41,475.68",Voyage Nova | Rosey Fruity Floral | Extrait De Parfum 50ml/100ml | Long Lasting Luxury Fragrance | Daily women's perfume Alluring Summervibes sohochic,1732263142232921043,"$30,319.38","[medicube] PDRN Pink Collagen Volume Multi Balm | All In One Volufiline, PDRN, NAD Stick for Youthful-Looking, Helping Look of Fine Lines, Firming Care, Anti-Aging Care | For Under-Eyes, Neck, Forehead, Smile Lines, Lip Care | Korean Skincare",1729508370969629931,"$28,388.73",On 'Til Dawn Bronze Veil Waterproof Setting Spray,1732455657267630903,"$26,812.25"
kelsi.campbell,"Bella Vita Luxury's Honey Oud | Eau de Parfum 100ml (3.4 fl oz) | Patchouli, Vanilla, Bergamot | Floral & Spicy | Made with Clean & Vegan Essentials Oils | Cruelty Free Fragrance Perfume",1729413742968869814,"$135,355.86","【2026 Newly Upgraded】Trucozie T350 Rechargeable Wireless Cordless Vacuum Cleaner, 8-in-1 Lightweight Upright Vacuum for Deep Clean, 45-Minute Runtime, 33 kPa Powerful Suction, Housewarming Gift Suitable for Hardwood Floors, Carpets, Pet Hair, Car Interior",1729406319708377732,"$72,114.79",tarte summer skin essentials - CC color-correcting tinted serum + creaseless setting powder,1732422500087993276,"$54,280.10",Smooth Two Color Eyeshadow Stick Set Long Lasting Makeup Waterproof Mate Highlighter Glossy EyeShadow Pencil Suitable For Beginners Cosmetic,1732305739916809186,"$41,475.68","tarte BB blur tinted moisturizer SPF 30 - instantly brightens, hydrates & smooths your skin",1729584174847071164,"$40,242.81"
keyajames,"Bella Vita Luxury's Honey Oud | Eau de Parfum 100ml (3.4 fl oz) | Patchouli, Vanilla, Bergamot | Floral & Spicy | Made with Clean & Vegan Essentials Oils | Cruelty Free Fragrance Perfume",1729413742968869814,"$135,355.86",PrettyGarden Women's Oversized Cardigan Sweater Fall Long Lantern Sleeve Knit Open Front Lightweight Sweater Knitwear Tops#DealsForYouDays,1731208195967717743,"$121,808.87",Eleplus 3 Pieces Lightly Lined Wireless Bras for Women Comfy Plunge T Shirt Bra Pack Style Womenswear for Everyday & Bridal Events #SummerVibes,1731831726131155211,"$100,409.14",tarte summer skin essentials - CC color-correcting tinted serum + creaseless setting powder,1732422500087993276,"$54,280.10",OEAK Womens Jelly Bras Wireless Comfortable Soft Push Up Bralettes Seamless Tshirts Bras Deep V Everyday Bras,1729714461980332262,"$50,765.63"
kindafitky,"VEVOR Portable Dog Blow Dryer, 2000W/2.7HP Pet Grooming Dryer with Metal Housing, Safe Heating, Quick Drying, Adjustable Speed, Temperature Control, 4 Nozzles, Extendable Hose, Auto Shut-Off, Black (Father's Day Gift Option), Easy To Connect, Safe And Com",1729433235356618926,"$4,206.05",Comfrt Paws | Camo Hoodie | Soft Matching Camo Pet Hoodie,1730274052968649603,"$3,924.43","Topyangs 2-Pack Stainless Steel Litter Box, High-Wall Leak-Proof Metal Construction, Non-Sticky Material, Easy-Cleanup Tray for Multiple Cats",1731999342311543122,"$3,798.09",Fifth and Fido Turkey Tail+ Mushroom Food Topper for Dogs | Bacon Flavor | Supports Normal Immune Function | 500mg per Scoop | 4 Billion CFU | Made in USA,1729659428916663199,"$1,988.30","CATPICK Interactive cat toys for indoor cats—automatic feather toy that flutters like a bird, USB-rechargeable electric cat teaser with a suction cup base, 360° rotating cat toy, and smart, sensor-activated self-play puzzle toys designed for bored cats",1731871756732240238,"$1,820.12"
kristinadunnn,PrettyGarden Women's Oversized Cardigan Sweater Fall Long Lantern Sleeve Knit Open Front Lightweight Sweater Knitwear Tops#DealsForYouDays,1731208195967717743,"$121,808.87",Eleplus 3 Pieces Lightly Lined Wireless Bras for Women Comfy Plunge T Shirt Bra Pack Style Womenswear for Everyday & Bridal Events #SummerVibes,1731831726131155211,"$100,409.14",OEAK Womens Jelly Bras Wireless Comfortable Soft Push Up Bralettes Seamless Tshirts Bras Deep V Everyday Bras,1729714461980332262,"$50,765.63",DOBREVA Women's Unlined Balconette Bra No Padded Underwire Supportive Plus Size Smooth Scoop Neck,1731395246467027235,"$42,588.57",OEAK Women Non-Slip Bandeau Bras With Comfortable Strapless Bra Seamless Wireless Tube Top Soft Wireless Bra,1731622604082024678,"$37,130.68"
kristinanicoletall,PrettyGarden Women's Oversized Cardigan Sweater Fall Long Lantern Sleeve Knit Open Front Lightweight Sweater Knitwear Tops#DealsForYouDays,1731208195967717743,"$121,808.87",Eleplus 3 Pieces Lightly Lined Wireless Bras for Women Comfy Plunge T Shirt Bra Pack Style Womenswear for Everyday & Bridal Events #SummerVibes,1731831726131155211,"$100,409.14",OEAK Womens Jelly Bras Wireless Comfortable Soft Push Up Bralettes Seamless Tshirts Bras Deep V Everyday Bras,1729714461980332262,"$50,765.63",DOBREVA Women's Unlined Balconette Bra No Padded Underwire Supportive Plus Size Smooth Scoop Neck,1731395246467027235,"$42,588.57",OEAK Women Non-Slip Bandeau Bras With Comfortable Strapless Bra Seamless Wireless Tube Top Soft Wireless Bra,1731622604082024678,"$37,130.68"
kristiscustomcreations,"VEVOR Portable Dog Blow Dryer, 2000W/2.7HP Pet Grooming Dryer with Metal Housing, Safe Heating, Quick Drying, Adjustable Speed, Temperature Control, 4 Nozzles, Extendable Hose, Auto Shut-Off, Black (Father's Day Gift Option), Easy To Connect, Safe And Com",1729433235356618926,"$4,206.05",Comfrt Paws | Camo Hoodie | Soft Matching Camo Pet Hoodie,1730274052968649603,"$3,924.43","Topyangs 2-Pack Stainless Steel Litter Box, High-Wall Leak-Proof Metal Construction, Non-Sticky Material, Easy-Cleanup Tray for Multiple Cats",1731999342311543122,"$3,798.09",Fifth and Fido Turkey Tail+ Mushroom Food Topper for Dogs | Bacon Flavor | Supports Normal Immune Function | 500mg per Scoop | 4 Billion CFU | Made in USA,1729659428916663199,"$1,988.30","CATPICK Interactive cat toys for indoor cats—automatic feather toy that flutters like a bird, USB-rechargeable electric cat teaser with a suction cup base, 360° rotating cat toy, and smart, sensor-activated self-play puzzle toys designed for bored cats",1731871756732240238,"$1,820.12"
kseniasenn,"Bella Vita Luxury's Honey Oud | Eau de Parfum 100ml (3.4 fl oz) | Patchouli, Vanilla, Bergamot | Floral & Spicy | Made with Clean & Vegan Essentials Oils | Cruelty Free Fragrance Perfume",1729413742968869814,"$135,355.86",Smooth Two Color Eyeshadow Stick Set Long Lasting Makeup Waterproof Mate Highlighter Glossy EyeShadow Pencil Suitable For Beginners Cosmetic,1732305739916809186,"$41,475.68","tarte BB blur tinted moisturizer SPF 30 - instantly brightens, hydrates & smooths your skin",1729584174847071164,"$40,242.81",Voyage Nova | Rosey Fruity Floral | Extrait De Parfum 50ml/100ml | Long Lasting Luxury Fragrance | Daily women's perfume Alluring Summervibes sohochic,1732263142232921043,"$30,319.38",tarte colored clay CC undereye corrector,1729734769623929788,"$28,967.00"
kuhl_finds,"VASAIKO 6-in-1 Portable Detector with Temperature, Humidity & Air Quality Monitoring Plug-and-Play Design High-Definition Display Accurate Alerts Ideal for Kitchen Garage RVs Apartments",1732022410216050952,"$16,004.40","Bamworld 2-Pack Modern Black Metal Plant Pot Racks - Wall-Mounted Wall Decor Shelves with Switch, Hanging Vines, Easy Installation, Indoor/Outdoor Home Supplies Gift (Plant Stand, Photo Frame Compatible), Modern Plant Pot, Hanging Plant Vines",1730485260355146312,"$2,881.35","Solar Garden Lights, Handwoven Rattan Solar Lantern, Special Design Outdoor Solar Garden Lights, Waterproof Solar Lights Suitable for Patio, Yard, Porch, Pathway, Decorative Lighting Lamps Modern",1730620531549049266,"$1,786.58","WARSUN T7 EDC Flashlight, Pocket LED Work Light with Magnetic Base & Clip, USB-C Rechargeable, Compact Everyday Carry Tool for Camping, Car Repair and Outdoor Use",1729541227726476256,"$1,185.13",Simply Stunning Bountiful Thanksgiving Gilded Turkey by Janine Graff,1731582078523904967,"$1,023.16"
kylikamiller44,PrettyGarden Women's Oversized Cardigan Sweater Fall Long Lantern Sleeve Knit Open Front Lightweight Sweater Knitwear Tops#DealsForYouDays,1731208195967717743,"$121,808.87",Eleplus 3 Pieces Lightly Lined Wireless Bras for Women Comfy Plunge T Shirt Bra Pack Style Womenswear for Everyday & Bridal Events #SummerVibes,1731831726131155211,"$100,409.14",OEAK Womens Jelly Bras Wireless Comfortable Soft Push Up Bralettes Seamless Tshirts Bras Deep V Everyday Bras,1729714461980332262,"$50,765.63",DOBREVA Women's Unlined Balconette Bra No Padded Underwire Supportive Plus Size Smooth Scoop Neck,1731395246467027235,"$42,588.57",OEAK Women Non-Slip Bandeau Bras With Comfortable Strapless Bra Seamless Wireless Tube Top Soft Wireless Bra,1731622604082024678,"$37,130.68"
laurenluto,PrettyGarden Women's Oversized Cardigan Sweater Fall Long Lantern Sleeve Knit Open Front Lightweight Sweater Knitwear Tops#DealsForYouDays,1731208195967717743,"$121,808.87",Eleplus 3 Pieces Lightly Lined Wireless Bras for Women Comfy Plunge T Shirt Bra Pack Style Womenswear for Everyday & Bridal Events #SummerVibes,1731831726131155211,"$100,409.14",OEAK Womens Jelly Bras Wireless Comfortable Soft Push Up Bralettes Seamless Tshirts Bras Deep V Everyday Bras,1729714461980332262,"$50,765.63",DOBREVA Women's Unlined Balconette Bra No Padded Underwire Supportive Plus Size Smooth Scoop Neck,1731395246467027235,"$42,588.57",OEAK Women Non-Slip Bandeau Bras With Comfortable Strapless Bra Seamless Wireless Tube Top Soft Wireless Bra,1731622604082024678,"$37,130.68"
laurenmichellebell,PrettyGarden Women's Oversized Cardigan Sweater Fall Long Lantern Sleeve Knit Open Front Lightweight Sweater Knitwear Tops#DealsForYouDays,1731208195967717743,"$121,808.87",Eleplus 3 Pieces Lightly Lined Wireless Bras for Women Comfy Plunge T Shirt Bra Pack Style Womenswear for Everyday & Bridal Events #SummerVibes,1731831726131155211,"$100,409.14",OEAK Womens Jelly Bras Wireless Comfortable Soft Push Up Bralettes Seamless Tshirts Bras Deep V Everyday Bras,1729714461980332262,"$50,765.63",DOBREVA Women's Unlined Balconette Bra No Padded Underwire Supportive Plus Size Smooth Scoop Neck,1731395246467027235,"$42,588.57",OEAK Women Non-Slip Bandeau Bras With Comfortable Strapless Bra Seamless Wireless Tube Top Soft Wireless Bra,1731622604082024678,"$37,130.68"
leahmstapleton,"Bella Vita Luxury's Honey Oud | Eau de Parfum 100ml (3.4 fl oz) | Patchouli, Vanilla, Bergamot | Floral & Spicy | Made with Clean & Vegan Essentials Oils | Cruelty Free Fragrance Perfume",1729413742968869814,"$135,355.86",tarte summer skin essentials - CC color-correcting tinted serum + creaseless setting powder,1732422500087993276,"$54,280.10",Smooth Two Color Eyeshadow Stick Set Long Lasting Makeup Waterproof Mate Highlighter Glossy EyeShadow Pencil Suitable For Beginners Cosmetic,1732305739916809186,"$41,475.68","tarte BB blur tinted moisturizer SPF 30 - instantly brightens, hydrates & smooths your skin",1729584174847071164,"$40,242.81",Voyage Nova | Rosey Fruity Floral | Extrait De Parfum 50ml/100ml | Long Lasting Luxury Fragrance | Daily women's perfume Alluring Summervibes sohochic,1732263142232921043,"$30,319.38"
lesettey,"Bella Vita Luxury's Honey Oud | Eau de Parfum 100ml (3.4 fl oz) | Patchouli, Vanilla, Bergamot | Floral & Spicy | Made with Clean & Vegan Essentials Oils | Cruelty Free Fragrance Perfume",1729413742968869814,"$135,355.86",tarte summer skin essentials - CC color-correcting tinted serum + creaseless setting powder,1732422500087993276,"$54,280.10",Smooth Two Color Eyeshadow Stick Set Long Lasting Makeup Waterproof Mate Highlighter Glossy EyeShadow Pencil Suitable For Beginners Cosmetic,1732305739916809186,"$41,475.68","tarte BB blur tinted moisturizer SPF 30 - instantly brightens, hydrates & smooths your skin",1729584174847071164,"$40,242.81",Voyage Nova | Rosey Fruity Floral | Extrait De Parfum 50ml/100ml | Long Lasting Luxury Fragrance | Daily women's perfume Alluring Summervibes sohochic,1732263142232921043,"$30,319.38"
lifewithangiemae,"Bella Vita Luxury's Honey Oud | Eau de Parfum 100ml (3.4 fl oz) | Patchouli, Vanilla, Bergamot | Floral & Spicy | Made with Clean & Vegan Essentials Oils | Cruelty Free Fragrance Perfume",1729413742968869814,"$135,355.86",PrettyGarden Women's Oversized Cardigan Sweater Fall Long Lantern Sleeve Knit Open Front Lightweight Sweater Knitwear Tops#DealsForYouDays,1731208195967717743,"$121,808.87",Eleplus 3 Pieces Lightly Lined Wireless Bras for Women Comfy Plunge T Shirt Bra Pack Style Womenswear for Everyday & Bridal Events #SummerVibes,1731831726131155211,"$100,409.14",tarte summer skin essentials - CC color-correcting tinted serum + creaseless setting powder,1732422500087993276,"$54,280.10",OEAK Womens Jelly Bras Wireless Comfortable Soft Push Up Bralettes Seamless Tshirts Bras Deep V Everyday Bras,1729714461980332262,"$50,765.63"
lil.bbykay,"Bella Vita Luxury's Honey Oud | Eau de Parfum 100ml (3.4 fl oz) | Patchouli, Vanilla, Bergamot | Floral & Spicy | Made with Clean & Vegan Essentials Oils | Cruelty Free Fragrance Perfume",1729413742968869814,"$135,355.86",tarte summer skin essentials - CC color-correcting tinted serum + creaseless setting powder,1732422500087993276,"$54,280.10",Smooth Two Color Eyeshadow Stick Set Long Lasting Makeup Waterproof Mate Highlighter Glossy EyeShadow Pencil Suitable For Beginners Cosmetic,1732305739916809186,"$41,475.68","tarte BB blur tinted moisturizer SPF 30 - instantly brightens, hydrates & smooths your skin",1729584174847071164,"$40,242.81",Dr. Scholl's Women's Joplin Fashion Boot,1731896531264573800,"$33,739.57"
lil.mishr00m,PrettyGarden Women's Oversized Cardigan Sweater Fall Long Lantern Sleeve Knit Open Front Lightweight Sweater Knitwear Tops#DealsForYouDays,1731208195967717743,"$121,808.87",Eleplus 3 Pieces Lightly Lined Wireless Bras for Women Comfy Plunge T Shirt Bra Pack Style Womenswear for Everyday & Bridal Events #SummerVibes,1731831726131155211,"$100,409.14",OEAK Womens Jelly Bras Wireless Comfortable Soft Push Up Bralettes Seamless Tshirts Bras Deep V Everyday Bras,1729714461980332262,"$50,765.63",DOBREVA Women's Unlined Balconette Bra No Padded Underwire Supportive Plus Size Smooth Scoop Neck,1731395246467027235,"$42,588.57",OEAK Women Non-Slip Bandeau Bras With Comfortable Strapless Bra Seamless Wireless Tube Top Soft Wireless Bra,1731622604082024678,"$37,130.68"
lillian_harriss,"Bella Vita Luxury's Honey Oud | Eau de Parfum 100ml (3.4 fl oz) | Patchouli, Vanilla, Bergamot | Floral & Spicy | Made with Clean & Vegan Essentials Oils | Cruelty Free Fragrance Perfume",1729413742968869814,"$135,355.86",PrettyGarden Women's Oversized Cardigan Sweater Fall Long Lantern Sleeve Knit Open Front Lightweight Sweater Knitwear Tops#DealsForYouDays,1731208195967717743,"$121,808.87",Eleplus 3 Pieces Lightly Lined Wireless Bras for Women Comfy Plunge T Shirt Bra Pack Style Womenswear for Everyday & Bridal Events #SummerVibes,1731831726131155211,"$100,409.14",tarte summer skin essentials - CC color-correcting tinted serum + creaseless setting powder,1732422500087993276,"$54,280.10",OEAK Womens Jelly Bras Wireless Comfortable Soft Push Up Bralettes Seamless Tshirts Bras Deep V Everyday Bras,1729714461980332262,"$50,765.63"
linzbuzzard,"Medium Firm Hybrid Memory Foam Mattress - 8/10/12/14 in Twin, Full, Queen, King Sizes, Lumbar Support, Ergonomic Design, for Home Rooms, Hotels, Boxed Furniture Gift, Memory Foam Mattresses, Queen Size Mattress,dorm essentials,home decor",1730092261582738160,"$26,543.67",Hotel Collection | Scent Diffuser Discovery Kit Covers up to 600 sq/ft with One Fragrance Oil 50mL (1.69 Fl Oz),1732266143641211591,"$19,010.38","Magnetic Photo Frames 2""x2"" Clear Acrylic DIY Fridge Magnets with Adhesive Backing – Square Magnets for Crafts, Kitchen, Classroom, Party & Office Decoration Back to School College Dorm Essentials #HomeEssentials #TikTokShopBackToSchool",1732288674913947952,"$9,019.06","Halloween Cute Scary Ghost Maruko Squishy Squeeze Toy Set, Mini Portable Stress Toy, Sensory Products for Halloween Things, Party Treat Bag Fillers & Mini Gifts",1732478987179168329,"$7,193.98","SHA CERLIN Storage Bed Frame Modern Linen Upholstered Headboard Lift Up Storage Platform Bed Frame, Two Style Headboard, Heavy Duty Gas Lift Support, No Box Spring Needed,Wood Slats Support, Full Queen King Size,dorm essentials,home decor",1729537141726810464,"$5,917.77"
little__j,"Bella Vita Luxury's Honey Oud | Eau de Parfum 100ml (3.4 fl oz) | Patchouli, Vanilla, Bergamot | Floral & Spicy | Made with Clean & Vegan Essentials Oils | Cruelty Free Fragrance Perfume",1729413742968869814,"$135,355.86",PrettyGarden Women's Oversized Cardigan Sweater Fall Long Lantern Sleeve Knit Open Front Lightweight Sweater Knitwear Tops#DealsForYouDays,1731208195967717743,"$121,808.87",Eleplus 3 Pieces Lightly Lined Wireless Bras for Women Comfy Plunge T Shirt Bra Pack Style Womenswear for Everyday & Bridal Events #SummerVibes,1731831726131155211,"$100,409.14",tarte summer skin essentials - CC color-correcting tinted serum + creaseless setting powder,1732422500087993276,"$54,280.10",OEAK Womens Jelly Bras Wireless Comfortable Soft Push Up Bralettes Seamless Tshirts Bras Deep V Everyday Bras,1729714461980332262,"$50,765.63"
livingwith.lindsay,"Bella Vita Luxury's Honey Oud | Eau de Parfum 100ml (3.4 fl oz) | Patchouli, Vanilla, Bergamot | Floral & Spicy | Made with Clean & Vegan Essentials Oils | Cruelty Free Fragrance Perfume",1729413742968869814,"$135,355.86",Eleplus 3 Pieces Lightly Lined Wireless Bras for Women Comfy Plunge T Shirt Bra Pack Style Womenswear for Everyday & Bridal Events #SummerVibes,1731831726131155211,"$100,409.14",tarte summer skin essentials - CC color-correcting tinted serum + creaseless setting powder,1732422500087993276,"$54,280.10",OEAK Womens Jelly Bras Wireless Comfortable Soft Push Up Bralettes Seamless Tshirts Bras Deep V Everyday Bras,1729714461980332262,"$50,765.63",DOBREVA Women's Unlined Balconette Bra No Padded Underwire Supportive Plus Size Smooth Scoop Neck,1731395246467027235,"$42,588.57"
lizshops,PrettyGarden Women's Oversized Cardigan Sweater Fall Long Lantern Sleeve Knit Open Front Lightweight Sweater Knitwear Tops#DealsForYouDays,1731208195967717743,"$121,808.87",Eleplus 3 Pieces Lightly Lined Wireless Bras for Women Comfy Plunge T Shirt Bra Pack Style Womenswear for Everyday & Bridal Events #SummerVibes,1731831726131155211,"$100,409.14",OEAK Womens Jelly Bras Wireless Comfortable Soft Push Up Bralettes Seamless Tshirts Bras Deep V Everyday Bras,1729714461980332262,"$50,765.63",DOBREVA Women's Unlined Balconette Bra No Padded Underwire Supportive Plus Size Smooth Scoop Neck,1731395246467027235,"$42,588.57",OEAK Women Non-Slip Bandeau Bras With Comfortable Strapless Bra Seamless Wireless Tube Top Soft Wireless Bra,1731622604082024678,"$37,130.68"
lizzmi45,Eleplus 3 Pieces Lightly Lined Wireless Bras for Women Comfy Plunge T Shirt Bra Pack Style Womenswear for Everyday & Bridal Events #SummerVibes,1731831726131155211,"$100,409.14",OEAK Womens Jelly Bras Wireless Comfortable Soft Push Up Bralettes Seamless Tshirts Bras Deep V Everyday Bras,1729714461980332262,"$50,765.63",DOBREVA Women's Unlined Balconette Bra No Padded Underwire Supportive Plus Size Smooth Scoop Neck,1731395246467027235,"$42,588.57",OEAK Women Non-Slip Bandeau Bras With Comfortable Strapless Bra Seamless Wireless Tube Top Soft Wireless Bra,1731622604082024678,"$37,130.68",LUCKMEEY Womens Strapless Front Closure Bra Push Up Lift Bra Padded Add Cup Non Slip  Anti-Slip Grip & Removable Straps Fit Outfits Wireless Supportive  Seamless Comfortable,1732282937141662165,"$36,532.82"
lizzv23,PrettyGarden Women's Oversized Cardigan Sweater Fall Long Lantern Sleeve Knit Open Front Lightweight Sweater Knitwear Tops#DealsForYouDays,1731208195967717743,"$121,808.87",Eleplus 3 Pieces Lightly Lined Wireless Bras for Women Comfy Plunge T Shirt Bra Pack Style Womenswear for Everyday & Bridal Events #SummerVibes,1731831726131155211,"$100,409.14",OEAK Womens Jelly Bras Wireless Comfortable Soft Push Up Bralettes Seamless Tshirts Bras Deep V Everyday Bras,1729714461980332262,"$50,765.63",DOBREVA Women's Unlined Balconette Bra No Padded Underwire Supportive Plus Size Smooth Scoop Neck,1731395246467027235,"$42,588.57",OEAK Women Non-Slip Bandeau Bras With Comfortable Strapless Bra Seamless Wireless Tube Top Soft Wireless Bra,1731622604082024678,"$37,130.68"
london_bridges_the_gap,PrettyGarden Women's Oversized Cardigan Sweater Fall Long Lantern Sleeve Knit Open Front Lightweight Sweater Knitwear Tops#DealsForYouDays,1731208195967717743,"$121,808.87",Eleplus 3 Pieces Lightly Lined Wireless Bras for Women Comfy Plunge T Shirt Bra Pack Style Womenswear for Everyday & Bridal Events #SummerVibes,1731831726131155211,"$100,409.14",OEAK Womens Jelly Bras Wireless Comfortable Soft Push Up Bralettes Seamless Tshirts Bras Deep V Everyday Bras,1729714461980332262,"$50,765.63",DOBREVA Women's Unlined Balconette Bra No Padded Underwire Supportive Plus Size Smooth Scoop Neck,1731395246467027235,"$42,588.57",OEAK Women Non-Slip Bandeau Bras With Comfortable Strapless Bra Seamless Wireless Tube Top Soft Wireless Bra,1731622604082024678,"$37,130.68"
lydiaaulozzi_,"Bella Vita Luxury's Honey Oud | Eau de Parfum 100ml (3.4 fl oz) | Patchouli, Vanilla, Bergamot | Floral & Spicy | Made with Clean & Vegan Essentials Oils | Cruelty Free Fragrance Perfume",1729413742968869814,"$135,355.86",tarte summer skin essentials - CC color-correcting tinted serum + creaseless setting powder,1732422500087993276,"$54,280.10",Smooth Two Color Eyeshadow Stick Set Long Lasting Makeup Waterproof Mate Highlighter Glossy EyeShadow Pencil Suitable For Beginners Cosmetic,1732305739916809186,"$41,475.68","tarte BB blur tinted moisturizer SPF 30 - instantly brightens, hydrates & smooths your skin",1729584174847071164,"$40,242.81",Voyage Nova | Rosey Fruity Floral | Extrait De Parfum 50ml/100ml | Long Lasting Luxury Fragrance | Daily women's perfume Alluring Summervibes sohochic,1732263142232921043,"$30,319.38"
lyndatrann,"Bella Vita Luxury's Honey Oud | Eau de Parfum 100ml (3.4 fl oz) | Patchouli, Vanilla, Bergamot | Floral & Spicy | Made with Clean & Vegan Essentials Oils | Cruelty Free Fragrance Perfume",1729413742968869814,"$135,355.86",tarte summer skin essentials - CC color-correcting tinted serum + creaseless setting powder,1732422500087993276,"$54,280.10",Smooth Two Color Eyeshadow Stick Set Long Lasting Makeup Waterproof Mate Highlighter Glossy EyeShadow Pencil Suitable For Beginners Cosmetic,1732305739916809186,"$41,475.68",Voyage Nova | Rosey Fruity Floral | Extrait De Parfum 50ml/100ml | Long Lasting Luxury Fragrance | Daily women's perfume Alluring Summervibes sohochic,1732263142232921043,"$30,319.38","[medicube] PDRN Pink Collagen Volume Multi Balm | All In One Volufiline, PDRN, NAD Stick for Youthful-Looking, Helping Look of Fine Lines, Firming Care, Anti-Aging Care | For Under-Eyes, Neck, Forehead, Smile Lines, Lip Care | Korean Skincare",1729508370969629931,"$28,388.73"
mackenziedudzik,PrettyGarden Women's Oversized Cardigan Sweater Fall Long Lantern Sleeve Knit Open Front Lightweight Sweater Knitwear Tops#DealsForYouDays,1731208195967717743,"$121,808.87",Eleplus 3 Pieces Lightly Lined Wireless Bras for Women Comfy Plunge T Shirt Bra Pack Style Womenswear for Everyday & Bridal Events #SummerVibes,1731831726131155211,"$100,409.14",OEAK Womens Jelly Bras Wireless Comfortable Soft Push Up Bralettes Seamless Tshirts Bras Deep V Everyday Bras,1729714461980332262,"$50,765.63",DOBREVA Women's Unlined Balconette Bra No Padded Underwire Supportive Plus Size Smooth Scoop Neck,1731395246467027235,"$42,588.57",OEAK Women Non-Slip Bandeau Bras With Comfortable Strapless Bra Seamless Wireless Tube Top Soft Wireless Bra,1731622604082024678,"$37,130.68"
mahoganylox,"Bella Vita Luxury's Honey Oud | Eau de Parfum 100ml (3.4 fl oz) | Patchouli, Vanilla, Bergamot | Floral & Spicy | Made with Clean & Vegan Essentials Oils | Cruelty Free Fragrance Perfume",1729413742968869814,"$135,355.86",tarte summer skin essentials - CC color-correcting tinted serum + creaseless setting powder,1732422500087993276,"$54,280.10",Smooth Two Color Eyeshadow Stick Set Long Lasting Makeup Waterproof Mate Highlighter Glossy EyeShadow Pencil Suitable For Beginners Cosmetic,1732305739916809186,"$41,475.68","tarte BB blur tinted moisturizer SPF 30 - instantly brightens, hydrates & smooths your skin",1729584174847071164,"$40,242.81","Women's Striped/rhombus/leaf/dot Cloud Handbag, Clip Closure Crossbody Bag, Lightweight Foldable for Daily Use, Gifts for Friends and Valentine's Day",1732227985172828427,"$35,269.47"
mama.of.boys7,"【2026 Newly Upgraded】Trucozie T350 Rechargeable Wireless Cordless Vacuum Cleaner, 8-in-1 Lightweight Upright Vacuum for Deep Clean, 45-Minute Runtime, 33 kPa Powerful Suction, Housewarming Gift Suitable for Hardwood Floors, Carpets, Pet Hair, Car Interior",1729406319708377732,"$72,114.79",Hotel Collection | Scent Diffuser Discovery Kit Covers up to 600 sq/ft with One Fragrance Oil 50mL (1.69 Fl Oz),1732266143641211591,"$19,010.38",Shark PowerPro Flex Reveal Plus Cordless Vacuum - IZ382H,1732268320365777584,"$15,966.16","【2026 New Arrivals】Trucozie T550 Cordless Vacuum Cleaner, 40kPa Powerful Suction Smart Stick Vacuum with 50 Mins Runtime, 8-in-1 Lightweight Handheld/Upright Vacuum for Hardwood Floor, Carpet, Pet Hair & Car",1731578192195392132,"$12,303.37","Magnetic Photo Frames 2""x2"" Clear Acrylic DIY Fridge Magnets with Adhesive Backing – Square Magnets for Crafts, Kitchen, Classroom, Party & Office Decoration Back to School College Dorm Essentials #HomeEssentials #TikTokShopBackToSchool",1732288674913947952,"$9,019.06"
mariebriii,"Bella Vita Luxury's Honey Oud | Eau de Parfum 100ml (3.4 fl oz) | Patchouli, Vanilla, Bergamot | Floral & Spicy | Made with Clean & Vegan Essentials Oils | Cruelty Free Fragrance Perfume",1729413742968869814,"$135,355.86",tarte summer skin essentials - CC color-correcting tinted serum + creaseless setting powder,1732422500087993276,"$54,280.10",Smooth Two Color Eyeshadow Stick Set Long Lasting Makeup Waterproof Mate Highlighter Glossy EyeShadow Pencil Suitable For Beginners Cosmetic,1732305739916809186,"$41,475.68","tarte BB blur tinted moisturizer SPF 30 - instantly brightens, hydrates & smooths your skin",1729584174847071164,"$40,242.81",Voyage Nova | Rosey Fruity Floral | Extrait De Parfum 50ml/100ml | Long Lasting Luxury Fragrance | Daily women's perfume Alluring Summervibes sohochic,1732263142232921043,"$30,319.38"
mariefloree,"Bella Vita Luxury's Honey Oud | Eau de Parfum 100ml (3.4 fl oz) | Patchouli, Vanilla, Bergamot | Floral & Spicy | Made with Clean & Vegan Essentials Oils | Cruelty Free Fragrance Perfume",1729413742968869814,"$135,355.86",tarte summer skin essentials - CC color-correcting tinted serum + creaseless setting powder,1732422500087993276,"$54,280.10",Smooth Two Color Eyeshadow Stick Set Long Lasting Makeup Waterproof Mate Highlighter Glossy EyeShadow Pencil Suitable For Beginners Cosmetic,1732305739916809186,"$41,475.68","tarte BB blur tinted moisturizer SPF 30 - instantly brightens, hydrates & smooths your skin",1729584174847071164,"$40,242.81",Voyage Nova | Rosey Fruity Floral | Extrait De Parfum 50ml/100ml | Long Lasting Luxury Fragrance | Daily women's perfume Alluring Summervibes sohochic,1732263142232921043,"$30,319.38"
meganlouise2319,Dr. Scholl's Women's Joplin Fashion Boot,1731896531264573800,"$33,739.57",HEYDUDE Delray Clog Suede – Womens Comfortable Slip on Platform Clog,1731467723863921200,"$11,728.32",Project Cloud Women's | Women's Knit Clogs | Smart Foam | Lightweight | Non-Slip - Nella,1732521149772436024,"$9,419.48",Naturalizer Womens Tressa Flip-Flop - Medium & Wide Width,1732210623064674780,"$8,915.42","Blowfish Malibu Womens Venice 2 Fashion Boot, Design, Walking Shoes, Decor, Women's Fashion, Shoes For Women, Boot Heels, Modern Boot",1732425400994468545,"$8,285.23"
michaelascott20,"Bella Vita Luxury's Honey Oud | Eau de Parfum 100ml (3.4 fl oz) | Patchouli, Vanilla, Bergamot | Floral & Spicy | Made with Clean & Vegan Essentials Oils | Cruelty Free Fragrance Perfume",1729413742968869814,"$135,355.86",tarte summer skin essentials - CC color-correcting tinted serum + creaseless setting powder,1732422500087993276,"$54,280.10",Smooth Two Color Eyeshadow Stick Set Long Lasting Makeup Waterproof Mate Highlighter Glossy EyeShadow Pencil Suitable For Beginners Cosmetic,1732305739916809186,"$41,475.68","tarte BB blur tinted moisturizer SPF 30 - instantly brightens, hydrates & smooths your skin",1729584174847071164,"$40,242.81",Voyage Nova | Rosey Fruity Floral | Extrait De Parfum 50ml/100ml | Long Lasting Luxury Fragrance | Daily women's perfume Alluring Summervibes sohochic,1732263142232921043,"$30,319.38"
michelledemoda,"Bella Vita Luxury's Honey Oud | Eau de Parfum 100ml (3.4 fl oz) | Patchouli, Vanilla, Bergamot | Floral & Spicy | Made with Clean & Vegan Essentials Oils | Cruelty Free Fragrance Perfume",1729413742968869814,"$135,355.86",PrettyGarden Women's Oversized Cardigan Sweater Fall Long Lantern Sleeve Knit Open Front Lightweight Sweater Knitwear Tops#DealsForYouDays,1731208195967717743,"$121,808.87",Eleplus 3 Pieces Lightly Lined Wireless Bras for Women Comfy Plunge T Shirt Bra Pack Style Womenswear for Everyday & Bridal Events #SummerVibes,1731831726131155211,"$100,409.14",OEAK Womens Jelly Bras Wireless Comfortable Soft Push Up Bralettes Seamless Tshirts Bras Deep V Everyday Bras,1729714461980332262,"$50,765.63",DOBREVA Women's Unlined Balconette Bra No Padded Underwire Supportive Plus Size Smooth Scoop Neck,1731395246467027235,"$42,588.57"
mikey_teeze,"Bella Vita Luxury's Honey Oud | Eau de Parfum 100ml (3.4 fl oz) | Patchouli, Vanilla, Bergamot | Floral & Spicy | Made with Clean & Vegan Essentials Oils | Cruelty Free Fragrance Perfume",1729413742968869814,"$135,355.86",tarte summer skin essentials - CC color-correcting tinted serum + creaseless setting powder,1732422500087993276,"$54,280.10",Smooth Two Color Eyeshadow Stick Set Long Lasting Makeup Waterproof Mate Highlighter Glossy EyeShadow Pencil Suitable For Beginners Cosmetic,1732305739916809186,"$41,475.68","tarte BB blur tinted moisturizer SPF 30 - instantly brightens, hydrates & smooths your skin",1729584174847071164,"$40,242.81",Voyage Nova | Rosey Fruity Floral | Extrait De Parfum 50ml/100ml | Long Lasting Luxury Fragrance | Daily women's perfume Alluring Summervibes sohochic,1732263142232921043,"$30,319.38"
mish1977,"Bella Vita Luxury's Honey Oud | Eau de Parfum 100ml (3.4 fl oz) | Patchouli, Vanilla, Bergamot | Floral & Spicy | Made with Clean & Vegan Essentials Oils | Cruelty Free Fragrance Perfume",1729413742968869814,"$135,355.86",tarte summer skin essentials - CC color-correcting tinted serum + creaseless setting powder,1732422500087993276,"$54,280.10",Smooth Two Color Eyeshadow Stick Set Long Lasting Makeup Waterproof Mate Highlighter Glossy EyeShadow Pencil Suitable For Beginners Cosmetic,1732305739916809186,"$41,475.68","tarte BB blur tinted moisturizer SPF 30 - instantly brightens, hydrates & smooths your skin",1729584174847071164,"$40,242.81",Voyage Nova | Rosey Fruity Floral | Extrait De Parfum 50ml/100ml | Long Lasting Luxury Fragrance | Daily women's perfume Alluring Summervibes sohochic,1732263142232921043,"$30,319.38"
mobilemerchant,"Bella Vita Luxury's Honey Oud | Eau de Parfum 100ml (3.4 fl oz) | Patchouli, Vanilla, Bergamot | Floral & Spicy | Made with Clean & Vegan Essentials Oils | Cruelty Free Fragrance Perfume",1729413742968869814,"$135,355.86",tarte summer skin essentials - CC color-correcting tinted serum + creaseless setting powder,1732422500087993276,"$54,280.10",Smooth Two Color Eyeshadow Stick Set Long Lasting Makeup Waterproof Mate Highlighter Glossy EyeShadow Pencil Suitable For Beginners Cosmetic,1732305739916809186,"$41,475.68","tarte BB blur tinted moisturizer SPF 30 - instantly brightens, hydrates & smooths your skin",1729584174847071164,"$40,242.81",Voyage Nova | Rosey Fruity Floral | Extrait De Parfum 50ml/100ml | Long Lasting Luxury Fragrance | Daily women's perfume Alluring Summervibes sohochic,1732263142232921043,"$30,319.38"
momsapprovedfinds,Hotel Collection | Scent Diffuser Discovery Kit Covers up to 600 sq/ft with One Fragrance Oil 50mL (1.69 Fl Oz),1732266143641211591,"$19,010.38","Random Mini Multicolor Pens 20/30/50Pcs in One 4-in-1 Cute Pens Bulk for Kids, Fun Kawaii Ballpoint Pen for Birthdays and Children's Party Favors Gifts, Teacher School Supplies Gift Student Gift mid year sale deals for you restock",1731220844494426246,"$9,380.93","Magnetic Photo Frames 2""x2"" Clear Acrylic DIY Fridge Magnets with Adhesive Backing – Square Magnets for Crafts, Kitchen, Classroom, Party & Office Decoration Back to School College Dorm Essentials #HomeEssentials #TikTokShopBackToSchool",1732288674913947952,"$9,019.06","Halloween Cute Scary Ghost Maruko Squishy Squeeze Toy Set, Mini Portable Stress Toy, Sensory Products for Halloween Things, Party Treat Bag Fillers & Mini Gifts",1732478987179168329,"$7,193.98",Reliant Pet Mouse Repellent Pouches - Rodent Repellent Made in USA (12 Pouches) - Keep Rodents Out of Cars - Mouse Deterrents with Peppermint Oil,1729662519422718968,"$5,495.20"
natachacarlile,PrettyGarden Women's Oversized Cardigan Sweater Fall Long Lantern Sleeve Knit Open Front Lightweight Sweater Knitwear Tops#DealsForYouDays,1731208195967717743,"$121,808.87",Eleplus 3 Pieces Lightly Lined Wireless Bras for Women Comfy Plunge T Shirt Bra Pack Style Womenswear for Everyday & Bridal Events #SummerVibes,1731831726131155211,"$100,409.14",OEAK Womens Jelly Bras Wireless Comfortable Soft Push Up Bralettes Seamless Tshirts Bras Deep V Everyday Bras,1729714461980332262,"$50,765.63",DOBREVA Women's Unlined Balconette Bra No Padded Underwire Supportive Plus Size Smooth Scoop Neck,1731395246467027235,"$42,588.57",OEAK Women Non-Slip Bandeau Bras With Comfortable Strapless Bra Seamless Wireless Tube Top Soft Wireless Bra,1731622604082024678,"$37,130.68"
nataleezyy,"Bella Vita Luxury's Honey Oud | Eau de Parfum 100ml (3.4 fl oz) | Patchouli, Vanilla, Bergamot | Floral & Spicy | Made with Clean & Vegan Essentials Oils | Cruelty Free Fragrance Perfume",1729413742968869814,"$135,355.86",PrettyGarden Women's Oversized Cardigan Sweater Fall Long Lantern Sleeve Knit Open Front Lightweight Sweater Knitwear Tops#DealsForYouDays,1731208195967717743,"$121,808.87",Eleplus 3 Pieces Lightly Lined Wireless Bras for Women Comfy Plunge T Shirt Bra Pack Style Womenswear for Everyday & Bridal Events #SummerVibes,1731831726131155211,"$100,409.14",tarte summer skin essentials - CC color-correcting tinted serum + creaseless setting powder,1732422500087993276,"$54,280.10",OEAK Womens Jelly Bras Wireless Comfortable Soft Push Up Bralettes Seamless Tshirts Bras Deep V Everyday Bras,1729714461980332262,"$50,765.63"
nataleezyyirl,PrettyGarden Women's Oversized Cardigan Sweater Fall Long Lantern Sleeve Knit Open Front Lightweight Sweater Knitwear Tops#DealsForYouDays,1731208195967717743,"$121,808.87",Eleplus 3 Pieces Lightly Lined Wireless Bras for Women Comfy Plunge T Shirt Bra Pack Style Womenswear for Everyday & Bridal Events #SummerVibes,1731831726131155211,"$100,409.14",OEAK Womens Jelly Bras Wireless Comfortable Soft Push Up Bralettes Seamless Tshirts Bras Deep V Everyday Bras,1729714461980332262,"$50,765.63",DOBREVA Women's Unlined Balconette Bra No Padded Underwire Supportive Plus Size Smooth Scoop Neck,1731395246467027235,"$42,588.57",OEAK Women Non-Slip Bandeau Bras With Comfortable Strapless Bra Seamless Wireless Tube Top Soft Wireless Bra,1731622604082024678,"$37,130.68"
natalieporretta,PrettyGarden Women's Oversized Cardigan Sweater Fall Long Lantern Sleeve Knit Open Front Lightweight Sweater Knitwear Tops#DealsForYouDays,1731208195967717743,"$121,808.87",Eleplus 3 Pieces Lightly Lined Wireless Bras for Women Comfy Plunge T Shirt Bra Pack Style Womenswear for Everyday & Bridal Events #SummerVibes,1731831726131155211,"$100,409.14",OEAK Womens Jelly Bras Wireless Comfortable Soft Push Up Bralettes Seamless Tshirts Bras Deep V Everyday Bras,1729714461980332262,"$50,765.63",DOBREVA Women's Unlined Balconette Bra No Padded Underwire Supportive Plus Size Smooth Scoop Neck,1731395246467027235,"$42,588.57",OEAK Women Non-Slip Bandeau Bras With Comfortable Strapless Bra Seamless Wireless Tube Top Soft Wireless Bra,1731622604082024678,"$37,130.68"
natalietucc,"Bella Vita Luxury's Honey Oud | Eau de Parfum 100ml (3.4 fl oz) | Patchouli, Vanilla, Bergamot | Floral & Spicy | Made with Clean & Vegan Essentials Oils | Cruelty Free Fragrance Perfume",1729413742968869814,"$135,355.86",tarte summer skin essentials - CC color-correcting tinted serum + creaseless setting powder,1732422500087993276,"$54,280.10",Smooth Two Color Eyeshadow Stick Set Long Lasting Makeup Waterproof Mate Highlighter Glossy EyeShadow Pencil Suitable For Beginners Cosmetic,1732305739916809186,"$41,475.68",Voyage Nova | Rosey Fruity Floral | Extrait De Parfum 50ml/100ml | Long Lasting Luxury Fragrance | Daily women's perfume Alluring Summervibes sohochic,1732263142232921043,"$30,319.38",tarte colored clay CC undereye corrector,1729734769623929788,"$28,967.00"
nicoashleyyy,PrettyGarden Women's Oversized Cardigan Sweater Fall Long Lantern Sleeve Knit Open Front Lightweight Sweater Knitwear Tops#DealsForYouDays,1731208195967717743,"$121,808.87",Eleplus 3 Pieces Lightly Lined Wireless Bras for Women Comfy Plunge T Shirt Bra Pack Style Womenswear for Everyday & Bridal Events #SummerVibes,1731831726131155211,"$100,409.14",OEAK Womens Jelly Bras Wireless Comfortable Soft Push Up Bralettes Seamless Tshirts Bras Deep V Everyday Bras,1729714461980332262,"$50,765.63",DOBREVA Women's Unlined Balconette Bra No Padded Underwire Supportive Plus Size Smooth Scoop Neck,1731395246467027235,"$42,588.57",OEAK Women Non-Slip Bandeau Bras With Comfortable Strapless Bra Seamless Wireless Tube Top Soft Wireless Bra,1731622604082024678,"$37,130.68"
official.ally.a.54,"Claire Monroe Systematic Theology Books for Kids Aged 6-9 - Full Colour, 88 Visual Concepts, NLT Bible Verses, Reflection Questions for Knowing God",1732273429270925737,"$3,672.51",Michael Coloring Book,1732387379775443062,"$2,332.54",Golden Girls Forever: An Unauthorized Look Behind the Lanai by Jim Colucci [Hardback Book],1729474899284955534,$843.06,"Spiritual Warfare Prayers Book - Modern Edition | Christian Prayer Book for Anxiety, Fear, Protection, Healing, Temptation & Spiritual Attacks | Daily Devotional Prayers for Women and Men | Scripture-Based Faith Gift | Pocket Prayer Book",1730281141976666671,$320.33,"My First Bilingual Library: A Spanish-English Vocabulary Board Book Set of Colors, Numbers, Animals, Abcs, and More -- Mike Alfaro - Board Book",1731077008066843416,$161.94
ohheyitsabbie,Bottle Buddy - Dual Function lid Water Bottle - Stainless Steel - Double Wall Insulated,1730778201079387018,"$22,955.72",To-Go Buddy - Universal Cup Insulator for to-go cups - Keeps Drinks Hot Cold 12+ Hours - Vacuum Insulated Tumbler,1729430518270038922,"$21,154.50",Frost Buddy Halloween,1732471007461348234,"$14,743.50",Coca-Cola & Frost Buddy - Stainless steel - Dual Wall Vacuum Sealed - Drinkware,1732382098705650570,"$13,064.18",Thicc Buddy - Leak Proof - Double Wall Vacuum Sealed Tumbler - Handle Fits Lip Balm & Keys - Drinkware,1729443646612673418,"$8,112.72"
ohkrista,PrettyGarden Women's Oversized Cardigan Sweater Fall Long Lantern Sleeve Knit Open Front Lightweight Sweater Knitwear Tops#DealsForYouDays,1731208195967717743,"$121,808.87",Eleplus 3 Pieces Lightly Lined Wireless Bras for Women Comfy Plunge T Shirt Bra Pack Style Womenswear for Everyday & Bridal Events #SummerVibes,1731831726131155211,"$100,409.14",OEAK Womens Jelly Bras Wireless Comfortable Soft Push Up Bralettes Seamless Tshirts Bras Deep V Everyday Bras,1729714461980332262,"$50,765.63",DOBREVA Women's Unlined Balconette Bra No Padded Underwire Supportive Plus Size Smooth Scoop Neck,1731395246467027235,"$42,588.57",OEAK Women Non-Slip Bandeau Bras With Comfortable Strapless Bra Seamless Wireless Tube Top Soft Wireless Bra,1731622604082024678,"$37,130.68"
ohsoitsjocelyn,PrettyGarden Women's Oversized Cardigan Sweater Fall Long Lantern Sleeve Knit Open Front Lightweight Sweater Knitwear Tops#DealsForYouDays,1731208195967717743,"$121,808.87",Eleplus 3 Pieces Lightly Lined Wireless Bras for Women Comfy Plunge T Shirt Bra Pack Style Womenswear for Everyday & Bridal Events #SummerVibes,1731831726131155211,"$100,409.14",OEAK Womens Jelly Bras Wireless Comfortable Soft Push Up Bralettes Seamless Tshirts Bras Deep V Everyday Bras,1729714461980332262,"$50,765.63",DOBREVA Women's Unlined Balconette Bra No Padded Underwire Supportive Plus Size Smooth Scoop Neck,1731395246467027235,"$42,588.57",OEAK Women Non-Slip Bandeau Bras With Comfortable Strapless Bra Seamless Wireless Tube Top Soft Wireless Bra,1731622604082024678,"$37,130.68"
oinetta,The Barb Wire Choker Danielle Guizio X The M Jewelers,1732377057880544126,"$20,673.33",Hotel Collection | Scent Diffuser Discovery Kit Covers up to 600 sq/ft with One Fragrance Oil 50mL (1.69 Fl Oz),1732266143641211591,"$19,010.38","Viral Cute Halloween Socks for Women, 5 Pairs Cozy Novelty Crew Socks Set, Funny Pumpkin Ghost Cartoon Mid-Calf Knit Socks, Soft Stretch Warm Fall Winter Essentials for Daily Wear, Halloween Party, Work, School & Gifts",1732470364146930295,"$9,699.47","Magnetic Photo Frames 2""x2"" Clear Acrylic DIY Fridge Magnets with Adhesive Backing – Square Magnets for Crafts, Kitchen, Classroom, Party & Office Decoration Back to School College Dorm Essentials #HomeEssentials #TikTokShopBackToSchool",1732288674913947952,"$9,019.06",PASCAL Timeless Classic Diamond Watch for Women & Men 31mm & 36mm with White Lab-Grown Diamonds Swiss Ronda 763 Quartz Movement Stainless Steel Bracelet Everyday Luxury Gift,1732063642461639260,"$7,469.80"
ollie999,"SHOKZ OpenRun Pro 2 High Quality Headphones - Open Ear Earphones with Bone Conduction Tech, Sweat-Resistant Sports Headset for Workouts, Deep Bass Audio & Smart Mic, Gym,back to school,back to school haul",1729658353063203418,"$11,613.54","SHOKZ OpenRun Open-Ear Bluetooth Bone Conduction Sport Headphones - Electronic Audio Device, Waterproof Wireless Headphones with Built-in Mic for Workouts, Running, Sweat Resistance, Running Wireless Headset",1729658080504484442,"$8,620.65","JLab JBuds Lux ANC Wireless Bluetooth Noise Cancelling Headphones with Mics, Adjustable Over-Ear Design, Custom EQ, Be Aware Safety Mode, Foldable, Wired Charging Cable, Compatible with iPhone/Android Devices (Tools and Gadgets, Mens Gifts)",1729430076387136161,"$7,693.33","MAGIC JOHN Screen Protector 2 Pack for iPhone, Samsung, Google Smartphones & Cellphones - Clear, Privacy Protective, Fingerprint Resistant, Dustproof, Bubble-Free Installation Design, Smartphone, Tempered,back to school,back to school haul",1731240700630176089,"$5,267.81","Summer sale！KUKIHO Wireless Lavalier Microphone for iPhone iPad Android With Charging Case Audio Smartphone Audio Smartphone,back to school,back to school haul",1729588735736517619,"$4,078.30"
petitewithjessy,PrettyGarden Women's Oversized Cardigan Sweater Fall Long Lantern Sleeve Knit Open Front Lightweight Sweater Knitwear Tops#DealsForYouDays,1731208195967717743,"$121,808.87",Eleplus 3 Pieces Lightly Lined Wireless Bras for Women Comfy Plunge T Shirt Bra Pack Style Womenswear for Everyday & Bridal Events #SummerVibes,1731831726131155211,"$100,409.14",OEAK Womens Jelly Bras Wireless Comfortable Soft Push Up Bralettes Seamless Tshirts Bras Deep V Everyday Bras,1729714461980332262,"$50,765.63",DOBREVA Women's Unlined Balconette Bra No Padded Underwire Supportive Plus Size Smooth Scoop Neck,1731395246467027235,"$42,588.57",OEAK Women Non-Slip Bandeau Bras With Comfortable Strapless Bra Seamless Wireless Tube Top Soft Wireless Bra,1731622604082024678,"$37,130.68"
peytonxblack,"Bella Vita Luxury's Honey Oud | Eau de Parfum 100ml (3.4 fl oz) | Patchouli, Vanilla, Bergamot | Floral & Spicy | Made with Clean & Vegan Essentials Oils | Cruelty Free Fragrance Perfume",1729413742968869814,"$135,355.86",PrettyGarden Women's Oversized Cardigan Sweater Fall Long Lantern Sleeve Knit Open Front Lightweight Sweater Knitwear Tops#DealsForYouDays,1731208195967717743,"$121,808.87",Eleplus 3 Pieces Lightly Lined Wireless Bras for Women Comfy Plunge T Shirt Bra Pack Style Womenswear for Everyday & Bridal Events #SummerVibes,1731831726131155211,"$100,409.14",OEAK Womens Jelly Bras Wireless Comfortable Soft Push Up Bralettes Seamless Tshirts Bras Deep V Everyday Bras,1729714461980332262,"$50,765.63",DOBREVA Women's Unlined Balconette Bra No Padded Underwire Supportive Plus Size Smooth Scoop Neck,1731395246467027235,"$42,588.57"
peytonxshops,"Bella Vita Luxury's Honey Oud | Eau de Parfum 100ml (3.4 fl oz) | Patchouli, Vanilla, Bergamot | Floral & Spicy | Made with Clean & Vegan Essentials Oils | Cruelty Free Fragrance Perfume",1729413742968869814,"$135,355.86",tarte summer skin essentials - CC color-correcting tinted serum + creaseless setting powder,1732422500087993276,"$54,280.10",Smooth Two Color Eyeshadow Stick Set Long Lasting Makeup Waterproof Mate Highlighter Glossy EyeShadow Pencil Suitable For Beginners Cosmetic,1732305739916809186,"$41,475.68","tarte BB blur tinted moisturizer SPF 30 - instantly brightens, hydrates & smooths your skin",1729584174847071164,"$40,242.81",Voyage Nova | Rosey Fruity Floral | Extrait De Parfum 50ml/100ml | Long Lasting Luxury Fragrance | Daily women's perfume Alluring Summervibes sohochic,1732263142232921043,"$30,319.38"
pinspo.girl,"Bella Vita Luxury's Honey Oud | Eau de Parfum 100ml (3.4 fl oz) | Patchouli, Vanilla, Bergamot | Floral & Spicy | Made with Clean & Vegan Essentials Oils | Cruelty Free Fragrance Perfume",1729413742968869814,"$135,355.86",PrettyGarden Women's Oversized Cardigan Sweater Fall Long Lantern Sleeve Knit Open Front Lightweight Sweater Knitwear Tops#DealsForYouDays,1731208195967717743,"$121,808.87",Eleplus 3 Pieces Lightly Lined Wireless Bras for Women Comfy Plunge T Shirt Bra Pack Style Womenswear for Everyday & Bridal Events #SummerVibes,1731831726131155211,"$100,409.14",tarte summer skin essentials - CC color-correcting tinted serum + creaseless setting powder,1732422500087993276,"$54,280.10",OEAK Womens Jelly Bras Wireless Comfortable Soft Push Up Bralettes Seamless Tshirts Bras Deep V Everyday Bras,1729714461980332262,"$50,765.63"
prettygirlglaze,"Dowinx Cross egged Office Chair with Pivoting Armrests,Criss Cross Chair with Pocket Spring Seat & Back,Reclining Computer Gaming Chair with Footrest and Metal Base",1731998808395649437,"$8,415.91","The Loaded Tea Shop - 40 Flavors, 1 Packet Makes 32 oz, Zero Sugar, Zero Carbs, Zero Calories, Zero Artificial Colors & Flavors, B-Complex, Vitamins D3 & K2, Aloe, 200mg Natural Caffeine, Build Your Own Bundle, Functional Energy Tea Packs",1729556031006938037,"$8,240.76","SHA CERLIN Storage Bed Frame Modern Linen Upholstered Headboard Lift Up Storage Platform Bed Frame, Two Style Headboard, Heavy Duty Gas Lift Support, No Box Spring Needed,Wood Slats Support, Full Queen King Size,dorm essentials,home decor",1729537141726810464,"$5,917.77",Whipped Lemonade Protein Smoothie by FlavCity Weight Watchers,1732457573392093611,"$4,480.45","【3 Packages Delivery】Yaheetech 5/7/9-Piece Patio Furniture Set, Outdoor Dining Table with 6 Chairs, Rattan Conversation Set with Soft Cushions for Backyard Deck Garden,,home decor,camping essentials",1730893895594905923,"$2,960.83"
ragdollmanor,"Bella Vita Luxury's Honey Oud | Eau de Parfum 100ml (3.4 fl oz) | Patchouli, Vanilla, Bergamot | Floral & Spicy | Made with Clean & Vegan Essentials Oils | Cruelty Free Fragrance Perfume",1729413742968869814,"$135,355.86",Smooth Two Color Eyeshadow Stick Set Long Lasting Makeup Waterproof Mate Highlighter Glossy EyeShadow Pencil Suitable For Beginners Cosmetic,1732305739916809186,"$41,475.68",Voyage Nova | Rosey Fruity Floral | Extrait De Parfum 50ml/100ml | Long Lasting Luxury Fragrance | Daily women's perfume Alluring Summervibes sohochic,1732263142232921043,"$30,319.38","[medicube] PDRN Pink Collagen Volume Multi Balm | All In One Volufiline, PDRN, NAD Stick for Youthful-Looking, Helping Look of Fine Lines, Firming Care, Anti-Aging Care | For Under-Eyes, Neck, Forehead, Smile Lines, Lip Care | Korean Skincare",1729508370969629931,"$28,388.73",On 'Til Dawn Bronze Veil Waterproof Setting Spray,1732455657267630903,"$26,812.25"
riannapepe,PrettyGarden Women's Oversized Cardigan Sweater Fall Long Lantern Sleeve Knit Open Front Lightweight Sweater Knitwear Tops#DealsForYouDays,1731208195967717743,"$121,808.87",tarte summer skin essentials - CC color-correcting tinted serum + creaseless setting powder,1732422500087993276,"$54,280.10",OEAK Womens Jelly Bras Wireless Comfortable Soft Push Up Bralettes Seamless Tshirts Bras Deep V Everyday Bras,1729714461980332262,"$50,765.63",DOBREVA Women's Unlined Balconette Bra No Padded Underwire Supportive Plus Size Smooth Scoop Neck,1731395246467027235,"$42,588.57",Smooth Two Color Eyeshadow Stick Set Long Lasting Makeup Waterproof Mate Highlighter Glossy EyeShadow Pencil Suitable For Beginners Cosmetic,1732305739916809186,"$41,475.68"
risingwithcristina,"【Creator’s Pick】Halara 2-Piece Super High Waisted Back Pocket & Side Hidden Pocket 2-in-1 Yoga Shorts 3"" Set",1730762320809595172,"$21,738.52",【Creator’s Pick】Halara Flex High Waisted Pocket Wide Leg Waffle Work Pants,1729408758258766116,"$19,212.25","Bears with Benefits Biotin Gummies for Hair Growth, Skin & Nails –  5000 mcg Biotin + Vitamins C & E + Zinc - 30 Gummies - Vegan Wild Berry Flavor - 1 Month Supply",1730755223971074070,"$15,448.02","MFVIM Women’s Breathable Body-Shaping Yoga Outfit, High-Waisted Quick-Dry Fitness Wear, Versatile Three-Quarter Shorts Sports Set,summerwins,travel essentials,camping essentials,back to school,back to school haul",1732388023895625751,"$15,290.39",【Creator’s Pick】Halara UltraSculpt High Waisted Tummy Control Pocket Shaping Training Capri Leggings,1731269947944768350,"$15,130.69"
rondadaly,PrettyGarden Women's Oversized Cardigan Sweater Fall Long Lantern Sleeve Knit Open Front Lightweight Sweater Knitwear Tops#DealsForYouDays,1731208195967717743,"$121,808.87",Eleplus 3 Pieces Lightly Lined Wireless Bras for Women Comfy Plunge T Shirt Bra Pack Style Womenswear for Everyday & Bridal Events #SummerVibes,1731831726131155211,"$100,409.14",OEAK Womens Jelly Bras Wireless Comfortable Soft Push Up Bralettes Seamless Tshirts Bras Deep V Everyday Bras,1729714461980332262,"$50,765.63",DOBREVA Women's Unlined Balconette Bra No Padded Underwire Supportive Plus Size Smooth Scoop Neck,1731395246467027235,"$42,588.57",OEAK Women Non-Slip Bandeau Bras With Comfortable Strapless Bra Seamless Wireless Tube Top Soft Wireless Bra,1731622604082024678,"$37,130.68"
sam_joness_,"【Creator’s Pick】Halara 2-Piece Super High Waisted Back Pocket & Side Hidden Pocket 2-in-1 Yoga Shorts 3"" Set",1730762320809595172,"$21,738.52",【Creator’s Pick】Halara Flex High Waisted Pocket Wide Leg Waffle Work Pants,1729408758258766116,"$19,212.25","MFVIM Women’s Breathable Body-Shaping Yoga Outfit, High-Waisted Quick-Dry Fitness Wear, Versatile Three-Quarter Shorts Sports Set,summerwins,travel essentials,camping essentials,back to school,back to school haul",1732388023895625751,"$15,290.39",【Creator’s Pick】Halara UltraSculpt High Waisted Tummy Control Pocket Shaping Training Capri Leggings,1731269947944768350,"$15,130.69","YEOREO Women's Halter Neck Sports Bra Longline Workout Tank Top with Built-in Bra Backless Strappy Gym Top Buttery Soft Padded Yoga Cami summderfinds,travel essentials,camping essentials tiktokshopbacktoschool,back to school,back to school haul",1732405592203432921,"$12,549.46"
samanthasingsit,"Bella Vita Luxury's Honey Oud | Eau de Parfum 100ml (3.4 fl oz) | Patchouli, Vanilla, Bergamot | Floral & Spicy | Made with Clean & Vegan Essentials Oils | Cruelty Free Fragrance Perfume",1729413742968869814,"$135,355.86",PrettyGarden Women's Oversized Cardigan Sweater Fall Long Lantern Sleeve Knit Open Front Lightweight Sweater Knitwear Tops#DealsForYouDays,1731208195967717743,"$121,808.87",Eleplus 3 Pieces Lightly Lined Wireless Bras for Women Comfy Plunge T Shirt Bra Pack Style Womenswear for Everyday & Bridal Events #SummerVibes,1731831726131155211,"$100,409.14",tarte summer skin essentials - CC color-correcting tinted serum + creaseless setting powder,1732422500087993276,"$54,280.10",OEAK Womens Jelly Bras Wireless Comfortable Soft Push Up Bralettes Seamless Tshirts Bras Deep V Everyday Bras,1729714461980332262,"$50,765.63"
samshops_beauty,"Comfrt | The Dreamer Blanket | Oversized, Cozy, Soft Warm Throw",1729931833196778371,"$41,462.64",Hotel Collection | Scent Diffuser Discovery Kit Covers up to 600 sq/ft with One Fragrance Oil 50mL (1.69 Fl Oz),1732266143641211591,"$19,010.38","Magnetic Photo Frames 2""x2"" Clear Acrylic DIY Fridge Magnets with Adhesive Backing – Square Magnets for Crafts, Kitchen, Classroom, Party & Office Decoration Back to School College Dorm Essentials #HomeEssentials #TikTokShopBackToSchool",1732288674913947952,"$9,019.06","Halloween Cute Scary Ghost Maruko Squishy Squeeze Toy Set, Mini Portable Stress Toy, Sensory Products for Halloween Things, Party Treat Bag Fillers & Mini Gifts",1732478987179168329,"$7,193.98",Reliant Pet Mouse Repellent Pouches - Rodent Repellent Made in USA (12 Pouches) - Keep Rodents Out of Cars - Mouse Deterrents with Peppermint Oil,1729662519422718968,"$5,495.20"
saoirse.simons,Bottle Buddy - Dual Function lid Water Bottle - Stainless Steel - Double Wall Insulated,1730778201079387018,"$22,955.72",To-Go Buddy - Universal Cup Insulator for to-go cups - Keeps Drinks Hot Cold 12+ Hours - Vacuum Insulated Tumbler,1729430518270038922,"$21,154.50",Hotel Collection | Scent Diffuser Discovery Kit Covers up to 600 sq/ft with One Fragrance Oil 50mL (1.69 Fl Oz),1732266143641211591,"$19,010.38",Frost Buddy Halloween,1732471007461348234,"$14,743.50",Coca-Cola & Frost Buddy - Stainless steel - Dual Wall Vacuum Sealed - Drinkware,1732382098705650570,"$13,064.18"
sarahhill920,"Bella Vita Luxury's Honey Oud | Eau de Parfum 100ml (3.4 fl oz) | Patchouli, Vanilla, Bergamot | Floral & Spicy | Made with Clean & Vegan Essentials Oils | Cruelty Free Fragrance Perfume",1729413742968869814,"$135,355.86",PrettyGarden Women's Oversized Cardigan Sweater Fall Long Lantern Sleeve Knit Open Front Lightweight Sweater Knitwear Tops#DealsForYouDays,1731208195967717743,"$121,808.87",Eleplus 3 Pieces Lightly Lined Wireless Bras for Women Comfy Plunge T Shirt Bra Pack Style Womenswear for Everyday & Bridal Events #SummerVibes,1731831726131155211,"$100,409.14",tarte summer skin essentials - CC color-correcting tinted serum + creaseless setting powder,1732422500087993276,"$54,280.10",OEAK Womens Jelly Bras Wireless Comfortable Soft Push Up Bralettes Seamless Tshirts Bras Deep V Everyday Bras,1729714461980332262,"$50,765.63"
sashamarielovesshopping,"Bella Vita Luxury's Honey Oud | Eau de Parfum 100ml (3.4 fl oz) | Patchouli, Vanilla, Bergamot | Floral & Spicy | Made with Clean & Vegan Essentials Oils | Cruelty Free Fragrance Perfume",1729413742968869814,"$135,355.86",PrettyGarden Women's Oversized Cardigan Sweater Fall Long Lantern Sleeve Knit Open Front Lightweight Sweater Knitwear Tops#DealsForYouDays,1731208195967717743,"$121,808.87",Eleplus 3 Pieces Lightly Lined Wireless Bras for Women Comfy Plunge T Shirt Bra Pack Style Womenswear for Everyday & Bridal Events #SummerVibes,1731831726131155211,"$100,409.14",tarte summer skin essentials - CC color-correcting tinted serum + creaseless setting powder,1732422500087993276,"$54,280.10",OEAK Womens Jelly Bras Wireless Comfortable Soft Push Up Bralettes Seamless Tshirts Bras Deep V Everyday Bras,1729714461980332262,"$50,765.63"
savi_trends,"Comfrt | The Dreamer Blanket | Oversized, Cozy, Soft Warm Throw",1729931833196778371,"$41,462.64",Dr. Scholl's Women's Joplin Fashion Boot,1731896531264573800,"$33,739.57",HEYDUDE Delray Clog Suede – Womens Comfortable Slip on Platform Clog,1731467723863921200,"$11,728.32",Project Cloud Women's | Women's Knit Clogs | Smart Foam | Lightweight | Non-Slip - Nella,1732521149772436024,"$9,419.48",Naturalizer Womens Tressa Flip-Flop - Medium & Wide Width,1732210623064674780,"$8,915.42"
seasonaldiariess,"The Loaded Tea Shop - 40 Flavors, 1 Packet Makes 32 oz, Zero Sugar, Zero Carbs, Zero Calories, Zero Artificial Colors & Flavors, B-Complex, Vitamins D3 & K2, Aloe, 200mg Natural Caffeine, Build Your Own Bundle, Functional Energy Tea Packs",1729556031006938037,"$8,240.76",Unshelled Sunflower Spicy Red Seeds 12oz,1732220469286507347,"$7,077.00","Etekcity ESN00 AI Smart Food Scale | 19 Nutrient Facts Auto Scan | Digital Calorie Counter for Meal Prep & Fitness | Compact Stainless Design, Summer Sale,home essentials",1729408268190847371,"$6,335.16",Whipped Lemonade Protein Smoothie by FlavCity Weight Watchers,1732457573392093611,"$4,480.45",Daily Hydration Glass Bottle,1729507512389243913,"$3,402.73"
shilohstemple,"Bella Vita Luxury's Honey Oud | Eau de Parfum 100ml (3.4 fl oz) | Patchouli, Vanilla, Bergamot | Floral & Spicy | Made with Clean & Vegan Essentials Oils | Cruelty Free Fragrance Perfume",1729413742968869814,"$135,355.86",tarte summer skin essentials - CC color-correcting tinted serum + creaseless setting powder,1732422500087993276,"$54,280.10",Smooth Two Color Eyeshadow Stick Set Long Lasting Makeup Waterproof Mate Highlighter Glossy EyeShadow Pencil Suitable For Beginners Cosmetic,1732305739916809186,"$41,475.68","tarte BB blur tinted moisturizer SPF 30 - instantly brightens, hydrates & smooths your skin",1729584174847071164,"$40,242.81",Voyage Nova | Rosey Fruity Floral | Extrait De Parfum 50ml/100ml | Long Lasting Luxury Fragrance | Daily women's perfume Alluring Summervibes sohochic,1732263142232921043,"$30,319.38"
shopaholicallee,PrettyGarden Women's Oversized Cardigan Sweater Fall Long Lantern Sleeve Knit Open Front Lightweight Sweater Knitwear Tops#DealsForYouDays,1731208195967717743,"$121,808.87",Eleplus 3 Pieces Lightly Lined Wireless Bras for Women Comfy Plunge T Shirt Bra Pack Style Womenswear for Everyday & Bridal Events #SummerVibes,1731831726131155211,"$100,409.14",OEAK Womens Jelly Bras Wireless Comfortable Soft Push Up Bralettes Seamless Tshirts Bras Deep V Everyday Bras,1729714461980332262,"$50,765.63",DOBREVA Women's Unlined Balconette Bra No Padded Underwire Supportive Plus Size Smooth Scoop Neck,1731395246467027235,"$42,588.57",OEAK Women Non-Slip Bandeau Bras With Comfortable Strapless Bra Seamless Wireless Tube Top Soft Wireless Bra,1731622604082024678,"$37,130.68"
shopaholicallee2,PrettyGarden Women's Oversized Cardigan Sweater Fall Long Lantern Sleeve Knit Open Front Lightweight Sweater Knitwear Tops#DealsForYouDays,1731208195967717743,"$121,808.87",Eleplus 3 Pieces Lightly Lined Wireless Bras for Women Comfy Plunge T Shirt Bra Pack Style Womenswear for Everyday & Bridal Events #SummerVibes,1731831726131155211,"$100,409.14",OEAK Womens Jelly Bras Wireless Comfortable Soft Push Up Bralettes Seamless Tshirts Bras Deep V Everyday Bras,1729714461980332262,"$50,765.63",DOBREVA Women's Unlined Balconette Bra No Padded Underwire Supportive Plus Size Smooth Scoop Neck,1731395246467027235,"$42,588.57",OEAK Women Non-Slip Bandeau Bras With Comfortable Strapless Bra Seamless Wireless Tube Top Soft Wireless Bra,1731622604082024678,"$37,130.68"
shopjulesm,PrettyGarden Women's Oversized Cardigan Sweater Fall Long Lantern Sleeve Knit Open Front Lightweight Sweater Knitwear Tops#DealsForYouDays,1731208195967717743,"$121,808.87",Eleplus 3 Pieces Lightly Lined Wireless Bras for Women Comfy Plunge T Shirt Bra Pack Style Womenswear for Everyday & Bridal Events #SummerVibes,1731831726131155211,"$100,409.14",OEAK Womens Jelly Bras Wireless Comfortable Soft Push Up Bralettes Seamless Tshirts Bras Deep V Everyday Bras,1729714461980332262,"$50,765.63",DOBREVA Women's Unlined Balconette Bra No Padded Underwire Supportive Plus Size Smooth Scoop Neck,1731395246467027235,"$42,588.57",OEAK Women Non-Slip Bandeau Bras With Comfortable Strapless Bra Seamless Wireless Tube Top Soft Wireless Bra,1731622604082024678,"$37,130.68"
shopwithangiemae,PrettyGarden Women's Oversized Cardigan Sweater Fall Long Lantern Sleeve Knit Open Front Lightweight Sweater Knitwear Tops#DealsForYouDays,1731208195967717743,"$121,808.87",Eleplus 3 Pieces Lightly Lined Wireless Bras for Women Comfy Plunge T Shirt Bra Pack Style Womenswear for Everyday & Bridal Events #SummerVibes,1731831726131155211,"$100,409.14",OEAK Womens Jelly Bras Wireless Comfortable Soft Push Up Bralettes Seamless Tshirts Bras Deep V Everyday Bras,1729714461980332262,"$50,765.63",DOBREVA Women's Unlined Balconette Bra No Padded Underwire Supportive Plus Size Smooth Scoop Neck,1731395246467027235,"$42,588.57",OEAK Women Non-Slip Bandeau Bras With Comfortable Strapless Bra Seamless Wireless Tube Top Soft Wireless Bra,1731622604082024678,"$37,130.68"
shopwithrisah,"Bella Vita Luxury's Honey Oud | Eau de Parfum 100ml (3.4 fl oz) | Patchouli, Vanilla, Bergamot | Floral & Spicy | Made with Clean & Vegan Essentials Oils | Cruelty Free Fragrance Perfume",1729413742968869814,"$135,355.86",tarte summer skin essentials - CC color-correcting tinted serum + creaseless setting powder,1732422500087993276,"$54,280.10",Smooth Two Color Eyeshadow Stick Set Long Lasting Makeup Waterproof Mate Highlighter Glossy EyeShadow Pencil Suitable For Beginners Cosmetic,1732305739916809186,"$41,475.68","tarte BB blur tinted moisturizer SPF 30 - instantly brightens, hydrates & smooths your skin",1729584174847071164,"$40,242.81",Voyage Nova | Rosey Fruity Floral | Extrait De Parfum 50ml/100ml | Long Lasting Luxury Fragrance | Daily women's perfume Alluring Summervibes sohochic,1732263142232921043,"$30,319.38"
skylerbaseballmom,PrettyGarden Women's Oversized Cardigan Sweater Fall Long Lantern Sleeve Knit Open Front Lightweight Sweater Knitwear Tops#DealsForYouDays,1731208195967717743,"$121,808.87",Eleplus 3 Pieces Lightly Lined Wireless Bras for Women Comfy Plunge T Shirt Bra Pack Style Womenswear for Everyday & Bridal Events #SummerVibes,1731831726131155211,"$100,409.14",OEAK Womens Jelly Bras Wireless Comfortable Soft Push Up Bralettes Seamless Tshirts Bras Deep V Everyday Bras,1729714461980332262,"$50,765.63",DOBREVA Women's Unlined Balconette Bra No Padded Underwire Supportive Plus Size Smooth Scoop Neck,1731395246467027235,"$42,588.57",OEAK Women Non-Slip Bandeau Bras With Comfortable Strapless Bra Seamless Wireless Tube Top Soft Wireless Bra,1731622604082024678,"$37,130.68"
skylerclarkk,"Comfrt | The Dreamer Blanket | Oversized, Cozy, Soft Warm Throw",1729931833196778371,"$41,462.64",Mellow Sleep |  Cooling EasyFit Sheet - Silky Soft Breathable Fitted Sheet Stays Wrinkle-Free Trusted By Top Hotels,1732177854905815121,"$4,894.43","Bedsure PureWoven 100% Rayon Derived from Bamboo, Bed Sheets, 3 Pieces Cooling Sheets for Hot Sleepers, Breathable & Silky Soft, 16"" Deep Pocket, Hotel Luxury Bedding",1731367134008480341,"$4,881.88","【Home Essentials】WeCharmer Extra Thick Mattress 1000&500 GSM Topper, Down Alternative Overfill Plush Mattress Pad, Cooling Pillow Top with 8-21Inch Deep Pocket,summerwins,back to school,back to school shopping,home decor",1729457680158658805,"$3,560.47","Amoami Floral Washable Area Rug, Vintage Botanical Carpet, Soft Lightweight Rug, Non Slip TPR Backing, Machine Washable Indoor Rug for Living Room, Bedroom and Home Decor",1732390933638385994,"$3,186.95"
southern_wellness,"Bella Vita Luxury's Honey Oud | Eau de Parfum 100ml (3.4 fl oz) | Patchouli, Vanilla, Bergamot | Floral & Spicy | Made with Clean & Vegan Essentials Oils | Cruelty Free Fragrance Perfume",1729413742968869814,"$135,355.86",tarte summer skin essentials - CC color-correcting tinted serum + creaseless setting powder,1732422500087993276,"$54,280.10",Smooth Two Color Eyeshadow Stick Set Long Lasting Makeup Waterproof Mate Highlighter Glossy EyeShadow Pencil Suitable For Beginners Cosmetic,1732305739916809186,"$41,475.68","tarte BB blur tinted moisturizer SPF 30 - instantly brightens, hydrates & smooths your skin",1729584174847071164,"$40,242.81",Voyage Nova | Rosey Fruity Floral | Extrait De Parfum 50ml/100ml | Long Lasting Luxury Fragrance | Daily women's perfume Alluring Summervibes sohochic,1732263142232921043,"$30,319.38"
southernlakemom,Eleplus 3 Pieces Lightly Lined Wireless Bras for Women Comfy Plunge T Shirt Bra Pack Style Womenswear for Everyday & Bridal Events #SummerVibes,1731831726131155211,"$100,409.14",OEAK Womens Jelly Bras Wireless Comfortable Soft Push Up Bralettes Seamless Tshirts Bras Deep V Everyday Bras,1729714461980332262,"$50,765.63",DOBREVA Women's Unlined Balconette Bra No Padded Underwire Supportive Plus Size Smooth Scoop Neck,1731395246467027235,"$42,588.57",OEAK Women Non-Slip Bandeau Bras With Comfortable Strapless Bra Seamless Wireless Tube Top Soft Wireless Bra,1731622604082024678,"$37,130.68",LUCKMEEY Womens Strapless Front Closure Bra Push Up Lift Bra Padded Add Cup Non Slip  Anti-Slip Grip & Removable Straps Fit Outfits Wireless Supportive  Seamless Comfortable,1732282937141662165,"$36,532.82"
soyabundanciaa,PrettyGarden Women's Oversized Cardigan Sweater Fall Long Lantern Sleeve Knit Open Front Lightweight Sweater Knitwear Tops#DealsForYouDays,1731208195967717743,"$121,808.87",Eleplus 3 Pieces Lightly Lined Wireless Bras for Women Comfy Plunge T Shirt Bra Pack Style Womenswear for Everyday & Bridal Events #SummerVibes,1731831726131155211,"$100,409.14",OEAK Womens Jelly Bras Wireless Comfortable Soft Push Up Bralettes Seamless Tshirts Bras Deep V Everyday Bras,1729714461980332262,"$50,765.63",DOBREVA Women's Unlined Balconette Bra No Padded Underwire Supportive Plus Size Smooth Scoop Neck,1731395246467027235,"$42,588.57",OEAK Women Non-Slip Bandeau Bras With Comfortable Strapless Bra Seamless Wireless Tube Top Soft Wireless Bra,1731622604082024678,"$37,130.68"
spankifarris,PrettyGarden Women's Oversized Cardigan Sweater Fall Long Lantern Sleeve Knit Open Front Lightweight Sweater Knitwear Tops#DealsForYouDays,1731208195967717743,"$121,808.87",Eleplus 3 Pieces Lightly Lined Wireless Bras for Women Comfy Plunge T Shirt Bra Pack Style Womenswear for Everyday & Bridal Events #SummerVibes,1731831726131155211,"$100,409.14",OEAK Womens Jelly Bras Wireless Comfortable Soft Push Up Bralettes Seamless Tshirts Bras Deep V Everyday Bras,1729714461980332262,"$50,765.63",DOBREVA Women's Unlined Balconette Bra No Padded Underwire Supportive Plus Size Smooth Scoop Neck,1731395246467027235,"$42,588.57","Comfrt | The Dreamer Blanket | Oversized, Cozy, Soft Warm Throw",1729931833196778371,"$41,462.64"
specificallyketchup,"Bella Vita Luxury's Honey Oud | Eau de Parfum 100ml (3.4 fl oz) | Patchouli, Vanilla, Bergamot | Floral & Spicy | Made with Clean & Vegan Essentials Oils | Cruelty Free Fragrance Perfume",1729413742968869814,"$135,355.86",tarte summer skin essentials - CC color-correcting tinted serum + creaseless setting powder,1732422500087993276,"$54,280.10",Smooth Two Color Eyeshadow Stick Set Long Lasting Makeup Waterproof Mate Highlighter Glossy EyeShadow Pencil Suitable For Beginners Cosmetic,1732305739916809186,"$41,475.68","tarte BB blur tinted moisturizer SPF 30 - instantly brightens, hydrates & smooths your skin",1729584174847071164,"$40,242.81",Voyage Nova | Rosey Fruity Floral | Extrait De Parfum 50ml/100ml | Long Lasting Luxury Fragrance | Daily women's perfume Alluring Summervibes sohochic,1732263142232921043,"$30,319.38"
stephanie_stimson,tarte summer skin essentials - CC color-correcting tinted serum + creaseless setting powder,1732422500087993276,"$54,280.10",Smooth Two Color Eyeshadow Stick Set Long Lasting Makeup Waterproof Mate Highlighter Glossy EyeShadow Pencil Suitable For Beginners Cosmetic,1732305739916809186,"$41,475.68","tarte BB blur tinted moisturizer SPF 30 - instantly brightens, hydrates & smooths your skin",1729584174847071164,"$40,242.81",tarte colored clay CC undereye corrector,1729734769623929788,"$28,967.00","BellaVita Luxury's CEO Man Eau De Parfum 100ml (3.38 Fl.oz) | Lemon, Lavender, Tonka & Agarwood | Long Lasting Perfume for Men | Vegan Perfume | Perfect Gift for Men",1729413705690223542,"$23,441.95"
stephsharesitall,Hotel Collection | Scent Diffuser Discovery Kit Covers up to 600 sq/ft with One Fragrance Oil 50mL (1.69 Fl Oz),1732266143641211591,"$19,010.38","Halloween Cute Scary Ghost Maruko Squishy Squeeze Toy Set, Mini Portable Stress Toy, Sensory Products for Halloween Things, Party Treat Bag Fillers & Mini Gifts",1732478987179168329,"$7,193.98",Reliant Pet Mouse Repellent Pouches - Rodent Repellent Made in USA (12 Pouches) - Keep Rodents Out of Cars - Mouse Deterrents with Peppermint Oil,1729662519422718968,"$5,495.20","2 Pcs 3-foot Camellia Tree with Decorative Pebbles, Flower Pot, 24 Realistic Flowers, 188 Leaves for Indoor, outdoor courtyard Home Decor,dorm decor,dorm room decor",1731118821228122916,"$5,045.98",All Purpose Scented Cleaner,1730369516036526190,"$4,817.25"
stephsimons,"Comfrt | The Dreamer Blanket | Oversized, Cozy, Soft Warm Throw",1729931833196778371,"$41,462.64",Hotel Collection | Scent Diffuser Discovery Kit Covers up to 600 sq/ft with One Fragrance Oil 50mL (1.69 Fl Oz),1732266143641211591,"$19,010.38","Magnetic Photo Frames 2""x2"" Clear Acrylic DIY Fridge Magnets with Adhesive Backing – Square Magnets for Crafts, Kitchen, Classroom, Party & Office Decoration Back to School College Dorm Essentials #HomeEssentials #TikTokShopBackToSchool",1732288674913947952,"$9,019.06","Halloween Cute Scary Ghost Maruko Squishy Squeeze Toy Set, Mini Portable Stress Toy, Sensory Products for Halloween Things, Party Treat Bag Fillers & Mini Gifts",1732478987179168329,"$7,193.98",Reliant Pet Mouse Repellent Pouches - Rodent Repellent Made in USA (12 Pouches) - Keep Rodents Out of Cars - Mouse Deterrents with Peppermint Oil,1729662519422718968,"$5,495.20"
strawbxrrymilkx,Hotel Collection | Scent Diffuser Discovery Kit Covers up to 600 sq/ft with One Fragrance Oil 50mL (1.69 Fl Oz),1732266143641211591,"$19,010.38","Magnetic Photo Frames 2""x2"" Clear Acrylic DIY Fridge Magnets with Adhesive Backing – Square Magnets for Crafts, Kitchen, Classroom, Party & Office Decoration Back to School College Dorm Essentials #HomeEssentials #TikTokShopBackToSchool",1732288674913947952,"$9,019.06","Halloween Cute Scary Ghost Maruko Squishy Squeeze Toy Set, Mini Portable Stress Toy, Sensory Products for Halloween Things, Party Treat Bag Fillers & Mini Gifts",1732478987179168329,"$7,193.98","Etekcity ESN00 AI Smart Food Scale | 19 Nutrient Facts Auto Scan | Digital Calorie Counter for Meal Prep & Fitness | Compact Stainless Design, Summer Sale,home essentials",1729408268190847371,"$6,335.16",Reliant Pet Mouse Repellent Pouches - Rodent Repellent Made in USA (12 Pouches) - Keep Rodents Out of Cars - Mouse Deterrents with Peppermint Oil,1729662519422718968,"$5,495.20"
styledwithmorgs,Dr. Scholl's Women's Joplin Fashion Boot,1731896531264573800,"$33,739.57",HEYDUDE Delray Clog Suede – Womens Comfortable Slip on Platform Clog,1731467723863921200,"$11,728.32",Project Cloud Women's | Women's Knit Clogs | Smart Foam | Lightweight | Non-Slip - Nella,1732521149772436024,"$9,419.48",Naturalizer Womens Tressa Flip-Flop - Medium & Wide Width,1732210623064674780,"$8,915.42","Blowfish Malibu Womens Venice 2 Fashion Boot, Design, Walking Shoes, Decor, Women's Fashion, Shoes For Women, Boot Heels, Modern Boot",1732425400994468545,"$8,285.23"
stylevaultverdicts,PrettyGarden Women's Oversized Cardigan Sweater Fall Long Lantern Sleeve Knit Open Front Lightweight Sweater Knitwear Tops#DealsForYouDays,1731208195967717743,"$121,808.87",Eleplus 3 Pieces Lightly Lined Wireless Bras for Women Comfy Plunge T Shirt Bra Pack Style Womenswear for Everyday & Bridal Events #SummerVibes,1731831726131155211,"$100,409.14",OEAK Womens Jelly Bras Wireless Comfortable Soft Push Up Bralettes Seamless Tshirts Bras Deep V Everyday Bras,1729714461980332262,"$50,765.63",DOBREVA Women's Unlined Balconette Bra No Padded Underwire Supportive Plus Size Smooth Scoop Neck,1731395246467027235,"$42,588.57",OEAK Women Non-Slip Bandeau Bras With Comfortable Strapless Bra Seamless Wireless Tube Top Soft Wireless Bra,1731622604082024678,"$37,130.68"
sylviavanhoeven,PrettyGarden Women's Oversized Cardigan Sweater Fall Long Lantern Sleeve Knit Open Front Lightweight Sweater Knitwear Tops#DealsForYouDays,1731208195967717743,"$121,808.87",Eleplus 3 Pieces Lightly Lined Wireless Bras for Women Comfy Plunge T Shirt Bra Pack Style Womenswear for Everyday & Bridal Events #SummerVibes,1731831726131155211,"$100,409.14",OEAK Womens Jelly Bras Wireless Comfortable Soft Push Up Bralettes Seamless Tshirts Bras Deep V Everyday Bras,1729714461980332262,"$50,765.63",DOBREVA Women's Unlined Balconette Bra No Padded Underwire Supportive Plus Size Smooth Scoop Neck,1731395246467027235,"$42,588.57",OEAK Women Non-Slip Bandeau Bras With Comfortable Strapless Bra Seamless Wireless Tube Top Soft Wireless Bra,1731622604082024678,"$37,130.68"
sylviavanhoevenbeauty,"Bella Vita Luxury's Honey Oud | Eau de Parfum 100ml (3.4 fl oz) | Patchouli, Vanilla, Bergamot | Floral & Spicy | Made with Clean & Vegan Essentials Oils | Cruelty Free Fragrance Perfume",1729413742968869814,"$135,355.86",tarte summer skin essentials - CC color-correcting tinted serum + creaseless setting powder,1732422500087993276,"$54,280.10","tarte BB blur tinted moisturizer SPF 30 - instantly brightens, hydrates & smooths your skin",1729584174847071164,"$40,242.81",Voyage Nova | Rosey Fruity Floral | Extrait De Parfum 50ml/100ml | Long Lasting Luxury Fragrance | Daily women's perfume Alluring Summervibes sohochic,1732263142232921043,"$30,319.38",tarte colored clay CC undereye corrector,1729734769623929788,"$28,967.00"
tarynupmyheart__,"Bears with Benefits Biotin Gummies for Hair Growth, Skin & Nails –  5000 mcg Biotin + Vitamins C & E + Zinc - 30 Gummies - Vegan Wild Berry Flavor - 1 Month Supply",1730755223971074070,"$15,448.02","Nello Superbalance Hormonal Support Drink Mix, 20 Travel Packets, SRI-81 Shatavari, Myo-Inositol, Rhodiola Rosea, Vitamin C, Magnesium, Theobromine, Vitamin B6/C",1729499864890250680,"$5,399.75","Erasable Reusable Watercolor Pen Doodle Set for Toddlers, Toddler Coloring Set 1 2 3 4 Years Old - Unicorn Reusable Drawing Book, 12 Watercolor Markers, 14 Pages of Art, Creative Play & Fun for Kids - Car Activity Travel Coloring Kit for Kids tiktokshopsp",1729476492327489974,"$3,333.00","BODYHEALTH PerfectAmino Powder - Essential Amino Acids for Fitness & Gym Muscle Recovery, 6x Whey Protein Power, Vegan, Allergen-Free (Gluten, Dairy, Soy, MSG), Sugar-Free, Skin Care Collagen Supplement, 6 Flavors (Incl. Vanilla)",1731349100249977343,"$2,373.74","Arrae MB-1 | Natural Energy, Cholesterol, & Overall Health Support 20-Day Supply| Organic Nutrition Dietary Supplement Healthcare Vitamins Probiotic Blend Edible Fitness",1729560041868333693,"$2,308.85"
taxicabbbbbbb,PrettyGarden Women's Oversized Cardigan Sweater Fall Long Lantern Sleeve Knit Open Front Lightweight Sweater Knitwear Tops#DealsForYouDays,1731208195967717743,"$121,808.87",Eleplus 3 Pieces Lightly Lined Wireless Bras for Women Comfy Plunge T Shirt Bra Pack Style Womenswear for Everyday & Bridal Events #SummerVibes,1731831726131155211,"$100,409.14",OEAK Womens Jelly Bras Wireless Comfortable Soft Push Up Bralettes Seamless Tshirts Bras Deep V Everyday Bras,1729714461980332262,"$50,765.63",DOBREVA Women's Unlined Balconette Bra No Padded Underwire Supportive Plus Size Smooth Scoop Neck,1731395246467027235,"$42,588.57",OEAK Women Non-Slip Bandeau Bras With Comfortable Strapless Bra Seamless Wireless Tube Top Soft Wireless Bra,1731622604082024678,"$37,130.68"
tayloradis,PrettyGarden Women's Oversized Cardigan Sweater Fall Long Lantern Sleeve Knit Open Front Lightweight Sweater Knitwear Tops#DealsForYouDays,1731208195967717743,"$121,808.87",Eleplus 3 Pieces Lightly Lined Wireless Bras for Women Comfy Plunge T Shirt Bra Pack Style Womenswear for Everyday & Bridal Events #SummerVibes,1731831726131155211,"$100,409.14",OEAK Womens Jelly Bras Wireless Comfortable Soft Push Up Bralettes Seamless Tshirts Bras Deep V Everyday Bras,1729714461980332262,"$50,765.63",DOBREVA Women's Unlined Balconette Bra No Padded Underwire Supportive Plus Size Smooth Scoop Neck,1731395246467027235,"$42,588.57",OEAK Women Non-Slip Bandeau Bras With Comfortable Strapless Bra Seamless Wireless Tube Top Soft Wireless Bra,1731622604082024678,"$37,130.68"
thatgirlkaty2,"Bella Vita Luxury's Honey Oud | Eau de Parfum 100ml (3.4 fl oz) | Patchouli, Vanilla, Bergamot | Floral & Spicy | Made with Clean & Vegan Essentials Oils | Cruelty Free Fragrance Perfume",1729413742968869814,"$135,355.86",Smooth Two Color Eyeshadow Stick Set Long Lasting Makeup Waterproof Mate Highlighter Glossy EyeShadow Pencil Suitable For Beginners Cosmetic,1732305739916809186,"$41,475.68","Women's Striped/rhombus/leaf/dot Cloud Handbag, Clip Closure Crossbody Bag, Lightweight Foldable for Daily Use, Gifts for Friends and Valentine's Day",1732227985172828427,"$35,269.47",Voyage Nova | Rosey Fruity Floral | Extrait De Parfum 50ml/100ml | Long Lasting Luxury Fragrance | Daily women's perfume Alluring Summervibes sohochic,1732263142232921043,"$30,319.38","[medicube] PDRN Pink Collagen Volume Multi Balm | All In One Volufiline, PDRN, NAD Stick for Youthful-Looking, Helping Look of Fine Lines, Firming Care, Anti-Aging Care | For Under-Eyes, Neck, Forehead, Smile Lines, Lip Care | Korean Skincare",1729508370969629931,"$28,388.73"
thatmombeth,PrettyGarden Women's Oversized Cardigan Sweater Fall Long Lantern Sleeve Knit Open Front Lightweight Sweater Knitwear Tops#DealsForYouDays,1731208195967717743,"$121,808.87",Eleplus 3 Pieces Lightly Lined Wireless Bras for Women Comfy Plunge T Shirt Bra Pack Style Womenswear for Everyday & Bridal Events #SummerVibes,1731831726131155211,"$100,409.14",OEAK Womens Jelly Bras Wireless Comfortable Soft Push Up Bralettes Seamless Tshirts Bras Deep V Everyday Bras,1729714461980332262,"$50,765.63",DOBREVA Women's Unlined Balconette Bra No Padded Underwire Supportive Plus Size Smooth Scoop Neck,1731395246467027235,"$42,588.57",OEAK Women Non-Slip Bandeau Bras With Comfortable Strapless Bra Seamless Wireless Tube Top Soft Wireless Bra,1731622604082024678,"$37,130.68"
thatnordicblonde,"Bella Vita Luxury's Honey Oud | Eau de Parfum 100ml (3.4 fl oz) | Patchouli, Vanilla, Bergamot | Floral & Spicy | Made with Clean & Vegan Essentials Oils | Cruelty Free Fragrance Perfume",1729413742968869814,"$135,355.86",PrettyGarden Women's Oversized Cardigan Sweater Fall Long Lantern Sleeve Knit Open Front Lightweight Sweater Knitwear Tops#DealsForYouDays,1731208195967717743,"$121,808.87",Eleplus 3 Pieces Lightly Lined Wireless Bras for Women Comfy Plunge T Shirt Bra Pack Style Womenswear for Everyday & Bridal Events #SummerVibes,1731831726131155211,"$100,409.14",tarte summer skin essentials - CC color-correcting tinted serum + creaseless setting powder,1732422500087993276,"$54,280.10",OEAK Womens Jelly Bras Wireless Comfortable Soft Push Up Bralettes Seamless Tshirts Bras Deep V Everyday Bras,1729714461980332262,"$50,765.63"
thattiktoklady3,PrettyGarden Women's Oversized Cardigan Sweater Fall Long Lantern Sleeve Knit Open Front Lightweight Sweater Knitwear Tops#DealsForYouDays,1731208195967717743,"$121,808.87",Eleplus 3 Pieces Lightly Lined Wireless Bras for Women Comfy Plunge T Shirt Bra Pack Style Womenswear for Everyday & Bridal Events #SummerVibes,1731831726131155211,"$100,409.14",OEAK Womens Jelly Bras Wireless Comfortable Soft Push Up Bralettes Seamless Tshirts Bras Deep V Everyday Bras,1729714461980332262,"$50,765.63",DOBREVA Women's Unlined Balconette Bra No Padded Underwire Supportive Plus Size Smooth Scoop Neck,1731395246467027235,"$42,588.57",OEAK Women Non-Slip Bandeau Bras With Comfortable Strapless Bra Seamless Wireless Tube Top Soft Wireless Bra,1731622604082024678,"$37,130.68"
the.real.deal.d,"Bella Vita Luxury's Honey Oud | Eau de Parfum 100ml (3.4 fl oz) | Patchouli, Vanilla, Bergamot | Floral & Spicy | Made with Clean & Vegan Essentials Oils | Cruelty Free Fragrance Perfume",1729413742968869814,"$135,355.86",tarte summer skin essentials - CC color-correcting tinted serum + creaseless setting powder,1732422500087993276,"$54,280.10",Smooth Two Color Eyeshadow Stick Set Long Lasting Makeup Waterproof Mate Highlighter Glossy EyeShadow Pencil Suitable For Beginners Cosmetic,1732305739916809186,"$41,475.68","tarte BB blur tinted moisturizer SPF 30 - instantly brightens, hydrates & smooths your skin",1729584174847071164,"$40,242.81",Voyage Nova | Rosey Fruity Floral | Extrait De Parfum 50ml/100ml | Long Lasting Luxury Fragrance | Daily women's perfume Alluring Summervibes sohochic,1732263142232921043,"$30,319.38"
theashleywill,Eleplus 3 Pieces Lightly Lined Wireless Bras for Women Comfy Plunge T Shirt Bra Pack Style Womenswear for Everyday & Bridal Events #SummerVibes,1731831726131155211,"$100,409.14",OEAK Womens Jelly Bras Wireless Comfortable Soft Push Up Bralettes Seamless Tshirts Bras Deep V Everyday Bras,1729714461980332262,"$50,765.63",DOBREVA Women's Unlined Balconette Bra No Padded Underwire Supportive Plus Size Smooth Scoop Neck,1731395246467027235,"$42,588.57",OEAK Women Non-Slip Bandeau Bras With Comfortable Strapless Bra Seamless Wireless Tube Top Soft Wireless Bra,1731622604082024678,"$37,130.68",LUCKMEEY Womens Strapless Front Closure Bra Push Up Lift Bra Padded Add Cup Non Slip  Anti-Slip Grip & Removable Straps Fit Outfits Wireless Supportive  Seamless Comfortable,1732282937141662165,"$36,532.82"
theeverhopefulgardener,Hotel Collection | Scent Diffuser Discovery Kit Covers up to 600 sq/ft with One Fragrance Oil 50mL (1.69 Fl Oz),1732266143641211591,"$19,010.38","VASAIKO 6-in-1 Portable Detector with Temperature, Humidity & Air Quality Monitoring Plug-and-Play Design High-Definition Display Accurate Alerts Ideal for Kitchen Garage RVs Apartments",1732022410216050952,"$16,004.40","Magnetic Photo Frames 2""x2"" Clear Acrylic DIY Fridge Magnets with Adhesive Backing – Square Magnets for Crafts, Kitchen, Classroom, Party & Office Decoration Back to School College Dorm Essentials #HomeEssentials #TikTokShopBackToSchool",1732288674913947952,"$9,019.06","Halloween Cute Scary Ghost Maruko Squishy Squeeze Toy Set, Mini Portable Stress Toy, Sensory Products for Halloween Things, Party Treat Bag Fillers & Mini Gifts",1732478987179168329,"$7,193.98",Reliant Pet Mouse Repellent Pouches - Rodent Repellent Made in USA (12 Pouches) - Keep Rodents Out of Cars - Mouse Deterrents with Peppermint Oil,1729662519422718968,"$5,495.20"
thejaydonwalker,"Bella Vita Luxury's Honey Oud | Eau de Parfum 100ml (3.4 fl oz) | Patchouli, Vanilla, Bergamot | Floral & Spicy | Made with Clean & Vegan Essentials Oils | Cruelty Free Fragrance Perfume",1729413742968869814,"$135,355.86",tarte summer skin essentials - CC color-correcting tinted serum + creaseless setting powder,1732422500087993276,"$54,280.10",Smooth Two Color Eyeshadow Stick Set Long Lasting Makeup Waterproof Mate Highlighter Glossy EyeShadow Pencil Suitable For Beginners Cosmetic,1732305739916809186,"$41,475.68","tarte BB blur tinted moisturizer SPF 30 - instantly brightens, hydrates & smooths your skin",1729584174847071164,"$40,242.81",Voyage Nova | Rosey Fruity Floral | Extrait De Parfum 50ml/100ml | Long Lasting Luxury Fragrance | Daily women's perfume Alluring Summervibes sohochic,1732263142232921043,"$30,319.38"
themagicalmillennial_,PrettyGarden Women's Oversized Cardigan Sweater Fall Long Lantern Sleeve Knit Open Front Lightweight Sweater Knitwear Tops#DealsForYouDays,1731208195967717743,"$121,808.87",Eleplus 3 Pieces Lightly Lined Wireless Bras for Women Comfy Plunge T Shirt Bra Pack Style Womenswear for Everyday & Bridal Events #SummerVibes,1731831726131155211,"$100,409.14",OEAK Womens Jelly Bras Wireless Comfortable Soft Push Up Bralettes Seamless Tshirts Bras Deep V Everyday Bras,1729714461980332262,"$50,765.63",DOBREVA Women's Unlined Balconette Bra No Padded Underwire Supportive Plus Size Smooth Scoop Neck,1731395246467027235,"$42,588.57",OEAK Women Non-Slip Bandeau Bras With Comfortable Strapless Bra Seamless Wireless Tube Top Soft Wireless Bra,1731622604082024678,"$37,130.68"
thenursethattoks,"Bella Vita Luxury's Honey Oud | Eau de Parfum 100ml (3.4 fl oz) | Patchouli, Vanilla, Bergamot | Floral & Spicy | Made with Clean & Vegan Essentials Oils | Cruelty Free Fragrance Perfume",1729413742968869814,"$135,355.86",tarte summer skin essentials - CC color-correcting tinted serum + creaseless setting powder,1732422500087993276,"$54,280.10",Smooth Two Color Eyeshadow Stick Set Long Lasting Makeup Waterproof Mate Highlighter Glossy EyeShadow Pencil Suitable For Beginners Cosmetic,1732305739916809186,"$41,475.68","tarte BB blur tinted moisturizer SPF 30 - instantly brightens, hydrates & smooths your skin",1729584174847071164,"$40,242.81",Voyage Nova | Rosey Fruity Floral | Extrait De Parfum 50ml/100ml | Long Lasting Luxury Fragrance | Daily women's perfume Alluring Summervibes sohochic,1732263142232921043,"$30,319.38"
theraysfinds,"Bella Vita Luxury's Honey Oud | Eau de Parfum 100ml (3.4 fl oz) | Patchouli, Vanilla, Bergamot | Floral & Spicy | Made with Clean & Vegan Essentials Oils | Cruelty Free Fragrance Perfume",1729413742968869814,"$135,355.86",tarte summer skin essentials - CC color-correcting tinted serum + creaseless setting powder,1732422500087993276,"$54,280.10",Smooth Two Color Eyeshadow Stick Set Long Lasting Makeup Waterproof Mate Highlighter Glossy EyeShadow Pencil Suitable For Beginners Cosmetic,1732305739916809186,"$41,475.68",Voyage Nova | Rosey Fruity Floral | Extrait De Parfum 50ml/100ml | Long Lasting Luxury Fragrance | Daily women's perfume Alluring Summervibes sohochic,1732263142232921043,"$30,319.38","[medicube] PDRN Pink Collagen Volume Multi Balm | All In One Volufiline, PDRN, NAD Stick for Youthful-Looking, Helping Look of Fine Lines, Firming Care, Anti-Aging Care | For Under-Eyes, Neck, Forehead, Smile Lines, Lip Care | Korean Skincare",1729508370969629931,"$28,388.73"
therestadfam,"Women's Striped/rhombus/leaf/dot Cloud Handbag, Clip Closure Crossbody Bag, Lightweight Foldable for Daily Use, Gifts for Friends and Valentine's Day",1732227985172828427,"$35,269.47","LOVEVOOK Colorblock Carry-On Travel Backpack with 3 Packing Cubes and Laptop Compartment - Personal Item,TSA-Friendly, Travel Essentials, Airline Approved Travel Bag for Hiking, Weekend, TikTokShopBackToSchool",1729417326447727282,"$8,814.05",CEFIRO Uluh Bag with Guard - Stylish Handbag with Gold Hardware and Adjustable Strap for Everyday Use,1732354352924102675,"$6,847.65",NEWBELLA Marella M Collapsible PU Leather Tote Bag with Magnetic Closure and Luggage Sleeve for Work and Travel #sohoch,1729477606392238202,"$5,694.54","Universal College Clear Bag for Stadium Events - Stadium Approved Crossbody Bag, Clear Stadium Bag for Concerts & Sports Events,Florida Gators/UNC/Auburn Tigers/Texas Longhorns/Tennessee Volunteers/Oklahoma Sooners/Ohio State Buckeyes/Kansas Jayhawks,016",1731768768959189045,"$4,480.88"
thetonilacross,"Bella Vita Luxury's Honey Oud | Eau de Parfum 100ml (3.4 fl oz) | Patchouli, Vanilla, Bergamot | Floral & Spicy | Made with Clean & Vegan Essentials Oils | Cruelty Free Fragrance Perfume",1729413742968869814,"$135,355.86",tarte summer skin essentials - CC color-correcting tinted serum + creaseless setting powder,1732422500087993276,"$54,280.10",Smooth Two Color Eyeshadow Stick Set Long Lasting Makeup Waterproof Mate Highlighter Glossy EyeShadow Pencil Suitable For Beginners Cosmetic,1732305739916809186,"$41,475.68","tarte BB blur tinted moisturizer SPF 30 - instantly brightens, hydrates & smooths your skin",1729584174847071164,"$40,242.81",Voyage Nova | Rosey Fruity Floral | Extrait De Parfum 50ml/100ml | Long Lasting Luxury Fragrance | Daily women's perfume Alluring Summervibes sohochic,1732263142232921043,"$30,319.38"
thisblondieee,"Comfrt | The Dreamer Blanket | Oversized, Cozy, Soft Warm Throw",1729931833196778371,"$41,462.64","Magnetic Photo Frames 2""x2"" Clear Acrylic DIY Fridge Magnets with Adhesive Backing – Square Magnets for Crafts, Kitchen, Classroom, Party & Office Decoration Back to School College Dorm Essentials #HomeEssentials #TikTokShopBackToSchool",1732288674913947952,"$9,019.06","Halloween Cute Scary Ghost Maruko Squishy Squeeze Toy Set, Mini Portable Stress Toy, Sensory Products for Halloween Things, Party Treat Bag Fillers & Mini Gifts",1732478987179168329,"$7,193.98",Reliant Pet Mouse Repellent Pouches - Rodent Repellent Made in USA (12 Pouches) - Keep Rodents Out of Cars - Mouse Deterrents with Peppermint Oil,1729662519422718968,"$5,495.20","2 Pcs 3-foot Camellia Tree with Decorative Pebbles, Flower Pot, 24 Realistic Flowers, 188 Leaves for Indoor, outdoor courtyard Home Decor,dorm decor,dorm room decor",1731118821228122916,"$5,045.98"
thrivewithlolita,"Bella Vita Luxury's Honey Oud | Eau de Parfum 100ml (3.4 fl oz) | Patchouli, Vanilla, Bergamot | Floral & Spicy | Made with Clean & Vegan Essentials Oils | Cruelty Free Fragrance Perfume",1729413742968869814,"$135,355.86",tarte summer skin essentials - CC color-correcting tinted serum + creaseless setting powder,1732422500087993276,"$54,280.10",Smooth Two Color Eyeshadow Stick Set Long Lasting Makeup Waterproof Mate Highlighter Glossy EyeShadow Pencil Suitable For Beginners Cosmetic,1732305739916809186,"$41,475.68","tarte BB blur tinted moisturizer SPF 30 - instantly brightens, hydrates & smooths your skin",1729584174847071164,"$40,242.81",Voyage Nova | Rosey Fruity Floral | Extrait De Parfum 50ml/100ml | Long Lasting Luxury Fragrance | Daily women's perfume Alluring Summervibes sohochic,1732263142232921043,"$30,319.38"
tikitytokexpress,"Bella Vita Luxury's Honey Oud | Eau de Parfum 100ml (3.4 fl oz) | Patchouli, Vanilla, Bergamot | Floral & Spicy | Made with Clean & Vegan Essentials Oils | Cruelty Free Fragrance Perfume",1729413742968869814,"$135,355.86",tarte summer skin essentials - CC color-correcting tinted serum + creaseless setting powder,1732422500087993276,"$54,280.10",Smooth Two Color Eyeshadow Stick Set Long Lasting Makeup Waterproof Mate Highlighter Glossy EyeShadow Pencil Suitable For Beginners Cosmetic,1732305739916809186,"$41,475.68","tarte BB blur tinted moisturizer SPF 30 - instantly brightens, hydrates & smooths your skin",1729584174847071164,"$40,242.81",Voyage Nova | Rosey Fruity Floral | Extrait De Parfum 50ml/100ml | Long Lasting Luxury Fragrance | Daily women's perfume Alluring Summervibes sohochic,1732263142232921043,"$30,319.38"
tonya.wellness.np,"Bella Vita Luxury's Honey Oud | Eau de Parfum 100ml (3.4 fl oz) | Patchouli, Vanilla, Bergamot | Floral & Spicy | Made with Clean & Vegan Essentials Oils | Cruelty Free Fragrance Perfume",1729413742968869814,"$135,355.86",tarte summer skin essentials - CC color-correcting tinted serum + creaseless setting powder,1732422500087993276,"$54,280.10",Smooth Two Color Eyeshadow Stick Set Long Lasting Makeup Waterproof Mate Highlighter Glossy EyeShadow Pencil Suitable For Beginners Cosmetic,1732305739916809186,"$41,475.68","tarte BB blur tinted moisturizer SPF 30 - instantly brightens, hydrates & smooths your skin",1729584174847071164,"$40,242.81",Voyage Nova | Rosey Fruity Floral | Extrait De Parfum 50ml/100ml | Long Lasting Luxury Fragrance | Daily women's perfume Alluring Summervibes sohochic,1732263142232921043,"$30,319.38"
tonyashomefinds,Hotel Collection | Scent Diffuser Discovery Kit Covers up to 600 sq/ft with One Fragrance Oil 50mL (1.69 Fl Oz),1732266143641211591,"$19,010.38","Magnetic Photo Frames 2""x2"" Clear Acrylic DIY Fridge Magnets with Adhesive Backing – Square Magnets for Crafts, Kitchen, Classroom, Party & Office Decoration Back to School College Dorm Essentials #HomeEssentials #TikTokShopBackToSchool",1732288674913947952,"$9,019.06","Halloween Cute Scary Ghost Maruko Squishy Squeeze Toy Set, Mini Portable Stress Toy, Sensory Products for Halloween Things, Party Treat Bag Fillers & Mini Gifts",1732478987179168329,"$7,193.98",Reliant Pet Mouse Repellent Pouches - Rodent Repellent Made in USA (12 Pouches) - Keep Rodents Out of Cars - Mouse Deterrents with Peppermint Oil,1729662519422718968,"$5,495.20","2 Pcs 3-foot Camellia Tree with Decorative Pebbles, Flower Pot, 24 Realistic Flowers, 188 Leaves for Indoor, outdoor courtyard Home Decor,dorm decor,dorm room decor",1731118821228122916,"$5,045.98"
toreefromtennessee,Eleplus 3 Pieces Lightly Lined Wireless Bras for Women Comfy Plunge T Shirt Bra Pack Style Womenswear for Everyday & Bridal Events #SummerVibes,1731831726131155211,"$100,409.14",OEAK Womens Jelly Bras Wireless Comfortable Soft Push Up Bralettes Seamless Tshirts Bras Deep V Everyday Bras,1729714461980332262,"$50,765.63",DOBREVA Women's Unlined Balconette Bra No Padded Underwire Supportive Plus Size Smooth Scoop Neck,1731395246467027235,"$42,588.57",OEAK Women Non-Slip Bandeau Bras With Comfortable Strapless Bra Seamless Wireless Tube Top Soft Wireless Bra,1731622604082024678,"$37,130.68",LUCKMEEY Womens Strapless Front Closure Bra Push Up Lift Bra Padded Add Cup Non Slip  Anti-Slip Grip & Removable Straps Fit Outfits Wireless Supportive  Seamless Comfortable,1732282937141662165,"$36,532.82"
torineu04,"Bella Vita Luxury's Honey Oud | Eau de Parfum 100ml (3.4 fl oz) | Patchouli, Vanilla, Bergamot | Floral & Spicy | Made with Clean & Vegan Essentials Oils | Cruelty Free Fragrance Perfume",1729413742968869814,"$135,355.86",tarte summer skin essentials - CC color-correcting tinted serum + creaseless setting powder,1732422500087993276,"$54,280.10",Smooth Two Color Eyeshadow Stick Set Long Lasting Makeup Waterproof Mate Highlighter Glossy EyeShadow Pencil Suitable For Beginners Cosmetic,1732305739916809186,"$41,475.68",Voyage Nova | Rosey Fruity Floral | Extrait De Parfum 50ml/100ml | Long Lasting Luxury Fragrance | Daily women's perfume Alluring Summervibes sohochic,1732263142232921043,"$30,319.38","[medicube] PDRN Pink Collagen Volume Multi Balm | All In One Volufiline, PDRN, NAD Stick for Youthful-Looking, Helping Look of Fine Lines, Firming Care, Anti-Aging Care | For Under-Eyes, Neck, Forehead, Smile Lines, Lip Care | Korean Skincare",1729508370969629931,"$28,388.73"
torivofficial,"Comfrt | The Dreamer Blanket | Oversized, Cozy, Soft Warm Throw",1729931833196778371,"$41,462.64",Mellow Sleep |  Cooling EasyFit Sheet - Silky Soft Breathable Fitted Sheet Stays Wrinkle-Free Trusted By Top Hotels,1732177854905815121,"$4,894.43","Bedsure PureWoven 100% Rayon Derived from Bamboo, Bed Sheets, 3 Pieces Cooling Sheets for Hot Sleepers, Breathable & Silky Soft, 16"" Deep Pocket, Hotel Luxury Bedding",1731367134008480341,"$4,881.88","【Home Essentials】WeCharmer Extra Thick Mattress 1000&500 GSM Topper, Down Alternative Overfill Plush Mattress Pad, Cooling Pillow Top with 8-21Inch Deep Pocket,summerwins,back to school,back to school shopping,home decor",1729457680158658805,"$3,560.47","Amoami Floral Washable Area Rug, Vintage Botanical Carpet, Soft Lightweight Rug, Non Slip TPR Backing, Machine Washable Indoor Rug for Living Room, Bedroom and Home Decor",1732390933638385994,"$3,186.95"
trinity.blair,"Bella Vita Luxury's Honey Oud | Eau de Parfum 100ml (3.4 fl oz) | Patchouli, Vanilla, Bergamot | Floral & Spicy | Made with Clean & Vegan Essentials Oils | Cruelty Free Fragrance Perfume",1729413742968869814,"$135,355.86",PrettyGarden Women's Oversized Cardigan Sweater Fall Long Lantern Sleeve Knit Open Front Lightweight Sweater Knitwear Tops#DealsForYouDays,1731208195967717743,"$121,808.87",Eleplus 3 Pieces Lightly Lined Wireless Bras for Women Comfy Plunge T Shirt Bra Pack Style Womenswear for Everyday & Bridal Events #SummerVibes,1731831726131155211,"$100,409.14",tarte summer skin essentials - CC color-correcting tinted serum + creaseless setting powder,1732422500087993276,"$54,280.10",OEAK Womens Jelly Bras Wireless Comfortable Soft Push Up Bralettes Seamless Tshirts Bras Deep V Everyday Bras,1729714461980332262,"$50,765.63"
trintries,"Bella Vita Luxury's Honey Oud | Eau de Parfum 100ml (3.4 fl oz) | Patchouli, Vanilla, Bergamot | Floral & Spicy | Made with Clean & Vegan Essentials Oils | Cruelty Free Fragrance Perfume",1729413742968869814,"$135,355.86",tarte summer skin essentials - CC color-correcting tinted serum + creaseless setting powder,1732422500087993276,"$54,280.10",Smooth Two Color Eyeshadow Stick Set Long Lasting Makeup Waterproof Mate Highlighter Glossy EyeShadow Pencil Suitable For Beginners Cosmetic,1732305739916809186,"$41,475.68","tarte BB blur tinted moisturizer SPF 30 - instantly brightens, hydrates & smooths your skin",1729584174847071164,"$40,242.81",Voyage Nova | Rosey Fruity Floral | Extrait De Parfum 50ml/100ml | Long Lasting Luxury Fragrance | Daily women's perfume Alluring Summervibes sohochic,1732263142232921043,"$30,319.38"
trixietracks,"Bella Vita Luxury's Honey Oud | Eau de Parfum 100ml (3.4 fl oz) | Patchouli, Vanilla, Bergamot | Floral & Spicy | Made with Clean & Vegan Essentials Oils | Cruelty Free Fragrance Perfume",1729413742968869814,"$135,355.86",tarte summer skin essentials - CC color-correcting tinted serum + creaseless setting powder,1732422500087993276,"$54,280.10",Smooth Two Color Eyeshadow Stick Set Long Lasting Makeup Waterproof Mate Highlighter Glossy EyeShadow Pencil Suitable For Beginners Cosmetic,1732305739916809186,"$41,475.68","tarte BB blur tinted moisturizer SPF 30 - instantly brightens, hydrates & smooths your skin",1729584174847071164,"$40,242.81",Voyage Nova | Rosey Fruity Floral | Extrait De Parfum 50ml/100ml | Long Lasting Luxury Fragrance | Daily women's perfume Alluring Summervibes sohochic,1732263142232921043,"$30,319.38"
ttsdani25,"【2026 Newly Upgraded】Trucozie T350 Rechargeable Wireless Cordless Vacuum Cleaner, 8-in-1 Lightweight Upright Vacuum for Deep Clean, 45-Minute Runtime, 33 kPa Powerful Suction, Housewarming Gift Suitable for Hardwood Floors, Carpets, Pet Hair, Car Interior",1729406319708377732,"$72,114.79",Bottle Buddy - Dual Function lid Water Bottle - Stainless Steel - Double Wall Insulated,1730778201079387018,"$22,955.72",To-Go Buddy - Universal Cup Insulator for to-go cups - Keeps Drinks Hot Cold 12+ Hours - Vacuum Insulated Tumbler,1729430518270038922,"$21,154.50",Shark PowerPro Flex Reveal Plus Cordless Vacuum - IZ382H,1732268320365777584,"$15,966.16",Frost Buddy Halloween,1732471007461348234,"$14,743.50"
ugcwithbrii,"Bella Vita Luxury's Honey Oud | Eau de Parfum 100ml (3.4 fl oz) | Patchouli, Vanilla, Bergamot | Floral & Spicy | Made with Clean & Vegan Essentials Oils | Cruelty Free Fragrance Perfume",1729413742968869814,"$135,355.86",PrettyGarden Women's Oversized Cardigan Sweater Fall Long Lantern Sleeve Knit Open Front Lightweight Sweater Knitwear Tops#DealsForYouDays,1731208195967717743,"$121,808.87",Eleplus 3 Pieces Lightly Lined Wireless Bras for Women Comfy Plunge T Shirt Bra Pack Style Womenswear for Everyday & Bridal Events #SummerVibes,1731831726131155211,"$100,409.14",tarte summer skin essentials - CC color-correcting tinted serum + creaseless setting powder,1732422500087993276,"$54,280.10",OEAK Womens Jelly Bras Wireless Comfortable Soft Push Up Bralettes Seamless Tshirts Bras Deep V Everyday Bras,1729714461980332262,"$50,765.63"
vanessaanaya30,PrettyGarden Women's Oversized Cardigan Sweater Fall Long Lantern Sleeve Knit Open Front Lightweight Sweater Knitwear Tops#DealsForYouDays,1731208195967717743,"$121,808.87",Eleplus 3 Pieces Lightly Lined Wireless Bras for Women Comfy Plunge T Shirt Bra Pack Style Womenswear for Everyday & Bridal Events #SummerVibes,1731831726131155211,"$100,409.14",OEAK Womens Jelly Bras Wireless Comfortable Soft Push Up Bralettes Seamless Tshirts Bras Deep V Everyday Bras,1729714461980332262,"$50,765.63",DOBREVA Women's Unlined Balconette Bra No Padded Underwire Supportive Plus Size Smooth Scoop Neck,1731395246467027235,"$42,588.57",OEAK Women Non-Slip Bandeau Bras With Comfortable Strapless Bra Seamless Wireless Tube Top Soft Wireless Bra,1731622604082024678,"$37,130.68"
victoriaperciballi,"Women's Striped/rhombus/leaf/dot Cloud Handbag, Clip Closure Crossbody Bag, Lightweight Foldable for Daily Use, Gifts for Friends and Valentine's Day",1732227985172828427,"$35,269.47",Hotel Collection | Scent Diffuser Discovery Kit Covers up to 600 sq/ft with One Fragrance Oil 50mL (1.69 Fl Oz),1732266143641211591,"$19,010.38","Magnetic Photo Frames 2""x2"" Clear Acrylic DIY Fridge Magnets with Adhesive Backing – Square Magnets for Crafts, Kitchen, Classroom, Party & Office Decoration Back to School College Dorm Essentials #HomeEssentials #TikTokShopBackToSchool",1732288674913947952,"$9,019.06","LOVEVOOK Colorblock Carry-On Travel Backpack with 3 Packing Cubes and Laptop Compartment - Personal Item,TSA-Friendly, Travel Essentials, Airline Approved Travel Bag for Hiking, Weekend, TikTokShopBackToSchool",1729417326447727282,"$8,814.05","Halloween Cute Scary Ghost Maruko Squishy Squeeze Toy Set, Mini Portable Stress Toy, Sensory Products for Halloween Things, Party Treat Bag Fillers & Mini Gifts",1732478987179168329,"$7,193.98"
vitulls,PrettyGarden Women's Oversized Cardigan Sweater Fall Long Lantern Sleeve Knit Open Front Lightweight Sweater Knitwear Tops#DealsForYouDays,1731208195967717743,"$121,808.87",Eleplus 3 Pieces Lightly Lined Wireless Bras for Women Comfy Plunge T Shirt Bra Pack Style Womenswear for Everyday & Bridal Events #SummerVibes,1731831726131155211,"$100,409.14",OEAK Womens Jelly Bras Wireless Comfortable Soft Push Up Bralettes Seamless Tshirts Bras Deep V Everyday Bras,1729714461980332262,"$50,765.63",DOBREVA Women's Unlined Balconette Bra No Padded Underwire Supportive Plus Size Smooth Scoop Neck,1731395246467027235,"$42,588.57",OEAK Women Non-Slip Bandeau Bras With Comfortable Strapless Bra Seamless Wireless Tube Top Soft Wireless Bra,1731622604082024678,"$37,130.68"
wesleyrbarker,"Bella Vita Luxury's Honey Oud | Eau de Parfum 100ml (3.4 fl oz) | Patchouli, Vanilla, Bergamot | Floral & Spicy | Made with Clean & Vegan Essentials Oils | Cruelty Free Fragrance Perfume",1729413742968869814,"$135,355.86",PrettyGarden Women's Oversized Cardigan Sweater Fall Long Lantern Sleeve Knit Open Front Lightweight Sweater Knitwear Tops#DealsForYouDays,1731208195967717743,"$121,808.87",tarte summer skin essentials - CC color-correcting tinted serum + creaseless setting powder,1732422500087993276,"$54,280.10",OEAK Womens Jelly Bras Wireless Comfortable Soft Push Up Bralettes Seamless Tshirts Bras Deep V Everyday Bras,1729714461980332262,"$50,765.63",DOBREVA Women's Unlined Balconette Bra No Padded Underwire Supportive Plus Size Smooth Scoop Neck,1731395246467027235,"$42,588.57"
whatlololikes,Eleplus 3 Pieces Lightly Lined Wireless Bras for Women Comfy Plunge T Shirt Bra Pack Style Womenswear for Everyday & Bridal Events #SummerVibes,1731831726131155211,"$100,409.14",OEAK Womens Jelly Bras Wireless Comfortable Soft Push Up Bralettes Seamless Tshirts Bras Deep V Everyday Bras,1729714461980332262,"$50,765.63",DOBREVA Women's Unlined Balconette Bra No Padded Underwire Supportive Plus Size Smooth Scoop Neck,1731395246467027235,"$42,588.57",OEAK Women Non-Slip Bandeau Bras With Comfortable Strapless Bra Seamless Wireless Tube Top Soft Wireless Bra,1731622604082024678,"$37,130.68",LUCKMEEY Womens Strapless Front Closure Bra Push Up Lift Bra Padded Add Cup Non Slip  Anti-Slip Grip & Removable Straps Fit Outfits Wireless Supportive  Seamless Comfortable,1732282937141662165,"$36,532.82"
yourpassportpal,"Viral Cute Halloween Socks for Women, 5 Pairs Cozy Novelty Crew Socks Set, Funny Pumpkin Ghost Cartoon Mid-Calf Knit Socks, Soft Stretch Warm Fall Winter Essentials for Daily Wear, Halloween Party, Work, School & Gifts",1732470364146930295,"$9,699.47","LOVEVOOK Colorblock Carry-On Travel Backpack with 3 Packing Cubes and Laptop Compartment - Personal Item,TSA-Friendly, Travel Essentials, Airline Approved Travel Bag for Hiking, Weekend, TikTokShopBackToSchool",1729417326447727282,"$8,814.05",PASCAL Timeless Classic Diamond Watch for Women & Men 31mm & 36mm with White Lab-Grown Diamonds Swiss Ronda 763 Quartz Movement Stainless Steel Bracelet Everyday Luxury Gift,1732063642461639260,"$7,469.80","Tasiso Women's Floating Cubic Zirconia Pendant Necklace on Invisible Transparent Cord, Minimalist Choker Adjustable Length, Everyday Layering Jewelry, For Woman,Gift,summeroutfits,vacationoutfits,beachoutfits,Thick Clear Invisible Fishing Line",1731992960085430403,"$6,068.65",JASGOOD Women Wide Chunky Belt for Dresses Fashion Thick Suede Belt with Gold Buckle,1732071333641097693,"$5,739.14"