Product ID,Product Name,Shop Name,Category,Sale Price,Available Samples,Items Sold,Total Commission Rate,Campaign ID,Campaign Name,%,Rank,Ad %,Rating,VS
1729397279735780001,GO POP+ True Wireless Earbuds with 35+ Hour Playtim...,JLab,Phones & Electronics,$17.49-$22.47,35,"75,371","18%

Open collab 10% - 12%",7387471942794610478,JLab,16%,1,16%,5,vs. open collab 10%-12%
1729397279789519521,Rewind2 Wireless Retro 80s+90s Bluetooth Headphon...,JLab,Phones & Electronics,$22.48,15,"10,579","18%
vs. open collab 10%",7387471942794610478,JLab,16%,1,16%,5,vs. open collab 10%
1729397398907425441,Work Buds True Wireless Earbuds with Detachable Boo...,JLab,Phones & Electronics,$62.06,14,790,"18%

Open collab 10% - 12%",7387471942794610478,JLab,16%,1,16%,3,vs. open collab 10%-12%
1729397398907556513,GO Sport+ True Wireless Earbuds with Integrated Char...,JLab,Phones & Electronics,$24.22,4,"48,822","18%
vs. open collab 12%",7387471942794610478,JLab,16%,1,16%,5,vs. open collab 12%
1729397398970864289,Earplugs Reuseable: JBuds Protect Hearing Protection E...,JLab,Sports & Outdoor,$20.00,20,"1,583","18%

Open collab 10% - 12%",7387471942794610478,JLab,16%,1,16%,4,vs. open collab 10%-12%
1729397399023227553,GO Tones+ True Wireless Bluetooth Earbuds with 35+ H...,JLab,Phones & Electronics,$19.98,39,"144,929","18%
vs. open collab 12%",7387471942794610478,JLab,16%,1,16%,5,vs. open collab 12%
1729397654062338721,GO Work POP Wireless On-Ear Headset - 50+ Hours Pl...,JLab,Phones & Electronics,$27.99,15,653,"18%

Open collab 10% - 12%",7387471942794610478,JLab,16%,1,16%,3,vs. open collab 10%-12%
1729397658379391649,"Epic Camera 2k/1080p HD USB Webcam, 90° FoV, Auto ...",JLab,Computers & Office Equipment,$74.99,14,15,"18%

Open collab 15% - 20%",7387471942794610478,JLab,16%,1,16%,3,vs. open collab 15%-20%
1729400405550338721,JLab GO Work Wireless On-Ear Headset Gen 2 - 55+ Hours U...,,~~~,$40.72,15,"8,535","18%

Open collab 10% - 12%",7387471942794610478,JLab,16%,1,16%,4,vs. open collab 10%-12%
1729403856705393313,"JBuds Mini Earbuds - Smallest Bluetooth Earphones, IP5...",JLab,Phones & Electronics,$29.07,34,"107,309","18%
vs. open collab 12%",7387471942794610478,JLab,16%,1,16%,5,vs. open collab 12%
1729404879411516065,Nightfall Wired Gaming Headset with 3.5mm Cable Pre...,JLab,Phones & Electronics,$34.99,18,"3,721","18%

Open collab 10% - 12%",7387471942794610478,JLab,16%,1,16%,4,vs. open collab 10%-12%
1729406440625377953,Fit Sport Wireless Earbuds Bluetooth 5.0 10+ Hour Batter...,JLab,Phones & Electronics,$29.00,49,158,"18%

Open collab 10% - 12%",7387471942794610478,JLab,16%,1,16%,3,vs. open collab 10%-12%
1729409074014622369,"Epic Lab Edition ANC Earbuds: Dual Drivers, Hi-Res Audi...",JLab,Phones & Electronics,$145.49,9,875,"18%

Open collab 15% - 20%",7387471942794610478,JLab,16%,1,16%,3,vs. open collab 15%-20%
1729418759341445793,"GO POP USB Webcam - 1080p HD Video, 2.1MP, Privac...",JLab,Computers & Office Equipment,$24.24,50,"9,341","18%

Open collab 10% - 12%",7387471942794610478,JLab,16%,1,16%,4,vs. open collab 10%-12%
1729430076387136161,JBuds Lux Active Noise Cancellation Wireless Bluetoot...,JLab,Phones & Electronics,$49.98-$99.90,28,"162,572","18%

Open collab 10% - 12%",7387471942794610478,JLab,16%,1,16%,5,vs. open collab 10%-12%
1729466371048837793,"JBuddies Studio 2 Wired Kids Headphones, On Ear, Kid...",JLab,Phones & Electronics,$19.99,14,195,"18%

Open collab 10% - 12%",7387471942794610478,JLab,16%,1,16%,3,vs. open collab 10%-12%
1729467251901239969,JBuddies Studio 2 Wireless/Wired Bluetooth Kids Head...,JLab,Phones & Electronics,$24.99,37,274,"18%

Open collab 10% - 12%",7387471942794610478,JLab,16%,1,16%,3,vs. open collab 10%-12%
1729533600496194209,Flex Open-Ear Clip-On Earbuds 12mm Speakers 21+ Ho...,JLab,Phones & Electronics,$38.79,35,"12,933","18%
vs. open collab 12%",7387471942794610478,JLab,16%,1,16%,5,vs. open collab 12%
1729533602366853793,"JBuds Sport ANC 4 Wireless Earbuds, 60+ Hr Battery, S...",JLab,Phones & Electronics,$48.99,17,925,"18%

Open collab 12% - 15%",7387471942794610478,JLab,16%,1,16%,3,vs. open collab 12%-15%
1729576259279229601,"Epic Mechanical Wireless Keyboard: Quiet Tactile Switches, ...",JLab,Computers & Office Equipment,$99.99,13,9,"18%

Open collab 15% - 20%",7387471942794610478,JLab,16%,1,16%,3,vs. open collab 15%-20%
1729578006575813281,"Nightfall Wireless Gaming Headset, Flip-to-Mute Rotatin...",JLab,Phones & Electronics,$58.19,14,"1,324","18%

Open collab 10% - 12%",7387471942794610478,JLab,16%,1,16%,4,vs. open collab 10%-12%
1729581243155255969,Epic Work ANC Wireless On-Ear Headset with Quick Mut...,JLab,Phones & Electronics,$90.99,15,404,"18%

Open collab 15% - 20%",7387471942794610478,JLab,16%,1,16%,3,vs. open collab 15%-20%
1729627662132744865,JBuds Lux ANC Headphones and GO POP+ Bluetooth Earbud...,JLab,Phones & Electronics,$69.99,2,"8,895","18%

Open collab 12% - 15%",7387471942794610478,JLab,16%,1,16%,4,vs. open collab 12%-15%
1729634518035763873,"Epic Sport 3 Active Noise Cancelling Earbuds, 52+ Hr Pl...",JLab,Phones & Electronics,$84.99,43,447,"18%

Open collab 15% - 20%",7387471942794610478,JLab,16%,1,16%,3,vs. open collab 15%-20%
1729918193025258145,JBuddies Kids Active Noise Canceling Wireless/Wired H...,JLab,Phones & Electronics,$20.99,11,"1,221","18%

Open collab 10% - 12%",7387471942794610478,JLab,16%,1,16%,4,vs. open collab 10%-12%
1729965136548696737,JBuds Lux ANC + GO POP+ Gift Set Audio Headphone Earbu...,JLab,Phones & Electronics,$69.99,1,"6,777","18%

Open collab 12% - 15%",7387471942794610478,JLab,16%,1,16%,4,vs. open collab 12%-15%
1730060534481523361,"JBuds Lux ANC & Mini Sage Gift Set, 1 set of Earbuds +...",JLab,Phones & Electronics,$77.58,1,"10,559","18%
vs. open collab 15%",7387471942794610478,JLab,16%,1,16%,5,vs. open collab 15%
1730202701144298145,"GO POP ANC Earbuds, IP55, Bluetooth 5.3, 24+ Hr Playt...",JLab,Phones & Electronics,$19.98-$39.48,36,"13,736","18%
vs. open collab 12%",7387471942794610478,JLab,16%,1,16%,5,vs. open collab 12%
1730307664048460449,Go Lux ANC Headphones 40mm Drivers Hybrid ANC 70...,JLab,Phones & Electronics,$34.98,14,"7,288","18%

Open collab 10% - 12%",7387471942794610478,JLab,14%,1,14%,6,vs. open collab 10%-12%
1730308689466987169,JLab Epic Lux Lab Edition ANC Over-Ear Headphones with 3...,,~~~,$145.49,8,336,"18%

Open collab 12% - 15%",7387471942794610478,JLab,16%,1,16%,3,vs. open collab 12%-15%
1730704559594705569,JBuds Lux Active Noise Cancelling Headphones & JBud...,JLab,Phones & Electronics,$79.88,0,"2,026","18%

Open collab 12% - 15%",7387471942794610478,JLab,16%,1,16%,4,vs. open collab 12%-15%
1730704581613425313,2 Pack: JBuds Lux Active Noise Cancelling Headphones...,JLab,Phones & Electronics,$98.13,12,"1,205","18%

Open collab 12% - 15%",7387471942794610478,JLab,16%,1,16%,4,vs. open collab 12%-15%
1730722444213392033,"2 Pack: GO POP+ Bluetooth Earbuds, 35+ Hour Playtime and ...",JLab,Phones & Electronics,$38.78-$39.98,11,"2,564","18%

Open collab 12% - 15%",7387471942794610478,JLab,16%,1,16%,4,vs. open collab 12%-15%
1730883637591380641,Epic 2 Wireless Optical Mouse 1200-2400 DPI 2.4G & ...,JLab,Computers & Office Equipment,$59.99,13,19,"18%

Open collab 15% - 20%",7387471942794610478,JLab,16%,1,16%,3,vs. open collab 15%-20%
1730896749189042849,JBuds Mini Tones Bluetooth 5.3 Earbuds Compact IP55 ...,JLab,Phones & Electronics,$29.07,12,"20,459","18%
vs. open collab 12%",7387471942794610478,JLab,16%,1,16%,5,vs. open collab 12%
1730909202231235233,"JBuds Lux ANC + Go Sport+ Pack, Set of 1 Headphone and 1 ...",JLab,Phones & Electronics,$73.98,12,693,"18%

Open collab 12% - 15%",7387471942794610478,JLab,16%,1,16%,3,vs. open collab 12%-15%
1730986553442734753,GO Lux Noise Cancelling Headphones & GO POP+ Cloud Whi...,JLab,Phones & Electronics,$54.99,13,618,"18%

Open collab 12% - 15%",7387471942794610478,JLab,16%,1,16%,3,vs. open collab 12%-15%
1730986560691671713,GO Lux Noise Cancelling Headphones & GO POP+ Cloud Mau...,JLab,Phones & Electronics,$53.34,15,"1,150","18%

Open collab 12% - 15%",7387471942794610478,JLab,16%,1,16%,4,vs. open collab 12%-15%
1731001162597110433,2 Pack: Go Lux Mauve Active Noise Cancelling Headpho...,JLab,Phones & Electronics,$68.98,15,20,"18%

Open collab 12% - 15%",7387471942794610478,JLab,16%,1,16%,3,vs. open collab 12%-15%
1731066715142984353,Epic Open Sport Earbuds Hi-Res Audio 30+ Hr Playtime...,JLab,Phones & Electronics,$69.99,13,190,"18%
vs. open collab 20%",7387471942794610478,JLab,16%,1,16%,3,vs. open collab 20%
1731083703048049313,JBuds LUX Graphite & GO POP ANC Black Noise Cancell...,JLab,Phones & Electronics,$79.98,15,886,"18%

Open collab 12% - 15%",7387471942794610478,JLab,16%,1,16%,3,vs. open collab 12%-15%
1731111145474462369,JBuds Pods ANC True Wireless Earbuds - 56+ Hours Pla...,JLab,Phones & Electronics,$48.49-$62.99,14,317,"18%

Open collab 12% - 15%",7387471942794610478,JLab,16%,1,16%,3,vs. open collab 12%-15%
1731111147191505569,Go Pods ANC True Wireless Earbuds with Hybrid Noise ...,JLab,Phones & Electronics,$24.99,10,"3,555","18%
vs. open collab 12%",7387471942794610478,JLab,16%,1,16%,4,vs. open collab 12%
1731140662893974177,Tones Earbuds 2 Pack: Go Tones+ & JBuds Mini Tones from J...,JLab,Phones & Electronics,$49.98-$64.98,12,"1,722","18%

Open collab 12% - 15%",7387471942794610478,JLab,16%,1,16%,4,vs. open collab 12%-15%
1731140717664506529,JBuds Lux Headphones & Flex Open Earbuds Gift Set,JLab,Phones & Electronics,$99.98,10,301,"18%

Open collab 12% - 15%",7387471942794610478,JLab,16%,1,16%,3,vs. open collab 12%-15%
1731179050999845537,Go Lux ANC Headphones & GO POP ANC Earbuds,JLab,Phones & Electronics,$74.98,15,142,"18%

Open collab 12% - 15%",7387471942794610478,JLab,16%,1,16%,3,vs. open collab 12%-15%
1731211135037313697,JBuds Lux ANC Headphones Cloud & JBuds Mini Pink Gi...,JLab,Phones & Electronics,$79.98-$89.88,16,430,"18%

Open collab 12% - 15%",7387471942794610478,JLab,16%,1,16%,3,vs. open collab 12%-15%
1731394296254993057,JBuds Party Portable Bluetooth Speaker 30W 12H Playti...,JLab,Phones & Electronics,$47.99-$94.99,11,"2,161","18%

Open collab 12% - 15%",7387471942794610478,JLab,16%,1,16%,4,vs. open collab 12%-15%
1731421072807072417,Stereo 2 Pack: JBuds Party Portable Bluetooth Speaker ...,JLab,Phones & Electronics,$94.99,8,258,"18%

Open collab 12% - 15%",7387471942794610478,JLab,16%,1,16%,3,vs. open collab 12%-15%
1731506299418022561,Pop Party Ultra-Portable Bluetooth Speaker 5W Driver 8...,JLab,Phones & Electronics,$19.98-$41.48,14,"9,614","18%
vs. open collab 12%",7387471942794610478,JLab,16%,1,16%,4,vs. open collab 12%
1731517803879436961,Stereo 2 Pack: Pop Party Ultra-Portable Bluetooth Spe...,JLab,Phones & Electronics,$39.99-$42.48,4,417,"18%

Open collab 12% - 15%",7387471942794610478,JLab,16%,1,16%,3,vs. open collab 12%-15%
1731537370591236769,JBuds Lux ANC Headphones & JBuds Pods ANC Earbud...,JLab,Phones & Electronics,$114.98,15,25,"18%

Open collab 12% - 15%",7387471942794610478,JLab,16%,1,16%,3,vs. open collab 12%-15%
1731744768366776993,Pop Party Bluetooth Speaker & Go Pop+ Earbuds Gift Set,JLab,Phones & Electronics,$49.98,15,111,"18%

Open collab 12% - 15%",7387471942794610478,JLab,16%,1,16%,3,vs. open collab 12%-15%
1731749609083867809,Epic Party Portable 100W Bluetooth Speaker with 4 Driv...,JLab,Phones & Electronics,$149.99,9,665,"18%
vs. open collab 15%",7387471942794610478,JLab,16%,1,16%,3,vs. open collab 15%
1731831535040631457,JBuds Lux ANC Headphones & JBuds Party Bluetooth S...,JLab,Phones & Electronics,$101.99-$104.99,15,88,"18%

Open collab 12% - 15%",7387471942794610478,JLab,16%,1,16%,3,vs. open collab 12%-15%
1731968238837076641,Video Call Must Haves - Go Work Headset & Go Pop US...,JLab,Phones & Electronics,$64.99,15,11,"18%

Open collab 12% - 15%",7387471942794610478,JLab,16%,1,16%,3,vs. open collab 12%-15%
1731996924262584993,Go Lux ANC Headphones & Go Pods ANC Earbuds Gift ...,JLab,Phones & Electronics,$58.98,13,179,"18%

Open collab 12% - 15%",7387471942794610478,JLab,16%,1,16%,3,vs. open collab 12%-15%
1732018426147738273,Pop Party Speaker & JBuds Mini Earbuds With Cloud Fo...,JLab,Phones & Electronics,$88.97,7,34,"18%

Open collab 15% - 20%",7387471942794610478,JLab,16%,1,16%,3,vs. open collab 15%-20%
1732025498193728161,Epic Bluetooth Experience: Epic Party Bluetooth Speak...,JLab,Phones & Electronics,$279.99,14,40,"18%

Open collab 15% - 20%",7387471942794610478,JLab,16%,1,16%,3,vs. open collab 15%-20%
1732059368362971809,3-Pack: JBuds Lux ANC Headphones & Go Pop+ Earbu...,JLab,Phones & Electronics,$109.98,15,136,"18%

Open collab 15% - 20%",7387471942794610478,JLab,16%,1,16%,3,vs. open collab 15%-20%
1732068211574346401,Go Party Portable Bluetooth Speaker 10W Power 16 Ho...,JLab,Phones & Electronics,$30.55-$58.19,14,"1,137","18%

Open collab 10% - 12%",7387471942794610478,JLab,16%,1,16%,4,vs. open collab 10%-12%
1729385088934777631,LIP LINER STAY-N - Peel-Off Lip Liner Stain - All Day & Night...,SACHEU Beauty,Beauty & Personal Care,$12.00-$14.00,202,"2,071,758","30%
vs. open collab 15%",7396087893229651754,SACHEU,25%,1,25%,8,vs. open collab 15%
1729483954690560799,Lip Glaze Elixir - 3-in-1 Balm + Oil + Gloss - Nourishing Lip Gl...,SACHEU Beauty,Beauty & Personal Care,$10.20-$20.40,9,"54,305","30%
vs. open collab 15%",7396087893229651754,SACHEU,25%,1,8.33%,8,vs. open collab 15%
1730436837733995295,"Cheek STAY-N - All-day Liquid Blush - Long-lasting, buildabl...",SACHEU Beauty,Beauty & Personal Care,$14.40,10,"111,968","30%
vs. open collab 15%",7396087893229651754,SACHEU,25%,1,8.33%,8,vs. open collab 15%
1731001036376085279,"Contour STAY-N - All-Day Liquid Contour - Long-lasting, buil...",SACHEU Beauty,Beauty & Personal Care,$14.40,10,"54,998","25%
vs. open collab 15%",7396087893229651754,SACHEU,21%,1,8.40%,7,vs. open collab 15%
1731108810097791775,Cheek & Lip STAY-N TRIO - All-day Liquid Blush - Long-lastin...,SACHEU Beauty,Beauty & Personal Care,$35.00,0,"2,923","25%
vs. open collab 20%",7396087893229651754,SACHEU,23%,1,9.20%,4,vs. open collab 20%
1731168026404360991,Liquid Glow STAY-N - All-Day Illuminator,SACHEU Beauty,Beauty & Personal Care,$15.00,10,"30,047","30%
vs. open collab 15%",7396087893229651754,SACHEU,26%,1,8.67%,7,vs. open collab 15%
1731173975669838623,"Eyeshadow STAY-N, a buildable, long-lasting, crease-proof l...",SACHEU Beauty,Beauty & Personal Care,$13.00,0,"77,567","30%
vs. open collab 15%",7396087893229651754,SACHEU,25%,1,8.33%,8,vs. open collab 15%
1731200428862706463,"Eyeliner STAY-N - All-Day Liquid Eyeliner - Flexible tip, long-...",SACHEU Beauty,Beauty & Personal Care,$11.90,12,"8,270","30%
vs. open collab 15%",7396087893229651754,SACHEU,25%,1,8.33%,7,vs. open collab 15%
1731200434359472927,Brow & Freckle STAY-N - Long Wear Brow & Freckle Tint,SACHEU Beauty,Beauty & Personal Care,$11.90,7,"9,124","30%
vs. open collab 15%",7396087893229651754,SACHEU,25%,1,8.33%,7,vs. open collab 15%
1731679496658391839,LINE & SHINE Lip DUO - Lip liner STAY-N & Lip Glaze Elixir DUO,SACHEU Beauty,Beauty & Personal Care,$20.00,3,"1,358","32%
vs. open collab 20%",7396087893229651754,SACHEU,28%,1,8.75%,6,vs. open collab 20%
1731793053171225375,LIP ICONS TRIOS & 4-Pack - Iconic LIP STAY-N with Hyaluro...,SACHEU Beauty,Beauty & Personal Care,$30.00-$40.00,5,"3,005","32%
vs. open collab 20%",7396087893229651754,SACHEU,28%,1,8.75%,6,vs. open collab 20%
1731891834397430559,SACHEU Lip STAY-N TRIO - 3xOG Peel-Off Lip Stain - All-Da...,SACHEU Beauty,Beauty & Personal Care,$30.00,4,"32,846","32%
vs. open collab 20%",7396087893229651754,SACHEU,28%,1,8.75%,7,vs. open collab 20%
1729439272051642465,"Dermaplane Face Razor Set 4 Pc, Precision Shavin...",SKNBODY,Beauty & Personal Care,$8.99,300,"2,178","21%
vs. open collab 15%",7397142148176135982,SKNBODY,18%,1,18%,4,vs. open collab 15%
1729439516743340129,Hair Identifier Spray & Dermaplaning Razor Set – F...,SKNBODY,Beauty & Personal Care,$19.33-$29.99,300,"280,001","21%
vs. open collab 15%",7397142148176135982,SKNBODY,18%,1,18%,5,vs. open collab 15%
1729445565570322529,Hair Identifier Spray for Smooth Hair Removal - Fa...,SKNBODY,Beauty & Personal Care,$15.65,300,"7,197","21%
vs. open collab 15%",7397142148176135982,SKNBODY,18%,1,18%,4,vs. open collab 15%
1729401883679232365,NuDerma Clinical High Frequency Wand with Fusion Neon-Ar...,Pure Daily Care,Beauty & Personal Care,$135.80,100,"58,822","20%
vs. open collab 15%",7407921752879515434,Pure Daily Care,18%,1,18%,4,vs. open collab 15%
1729401883758137709,NuDerma Professional High Frequency Wand by Pure Daily C...,Pure Daily Care,Beauty & Personal Care,$116.35,100,"46,903","19%
vs. open collab 15%",7407921752879515434,Pure Daily Care,17%,1,17%,4,vs. open collab 15%
1729404607200530797,High Energy Hyaluronic Serum for NuDerma Wands by Pure D...,Pure Daily Care,Beauty & Personal Care,$23.28-$62.08,99,"13,889","15%
vs. open collab 10%",7407921752879515434,Pure Daily Care,13%,1,13%,4,vs. open collab 10%
1729404717769527661,Premium Travel Case for NuDerma Wands - S...,Pure Daily Care,Home Supplies,$32.00,99,"22,434","15%
vs. open collab 10%",7407921752879515434,Pure Daily Care,13%,1,13%,4,vs. open collab 10%
1729404718196625773,NuDerma Standard High Frequency Wand for Anti-Aging and ...,Pure Daily Care,Beauty & Personal Care,$66.93,99,"44,518","17%
vs. open collab 15%",7407921752879515434,Pure Daily Care,16%,1,16%,3,vs. open collab 15%
1729455168479072621,Official NuDerma Standard Glass Attachments Replacement ...,Pure Daily Care,Beauty & Personal Care,$24.20-$32.19,10,122,"10%
vs. open collab 6.5%",7407921752879515434,Pure Daily Care,8%,1,8%,2,vs. open collab 6.5%
1729455169668682093,Official NuDerma Professional Glass Attachments Replacem...,Pure Daily Care,Beauty & Personal Care,$24.20-$32.19,10,670,"10%
vs. open collab 6.5%",7407921752879515434,Pure Daily Care,8%,1,8%,2,vs. open collab 6.5%
1729465249981960557,NanoSteamer 3-in-1 Ionic Facial Steamer with Bonus 5-Piece...,Pure Daily Care,Beauty & Personal Care,$38.75,99,"3,036","15%
vs. open collab 15%",7407921752879515434,Pure Daily Care,15%,1,15%,1,vs. open collab 15%
1729500043700375917,NuDerma High Frequency Wand - Pink with 4 Neon-Powere...,Pure Daily Care,Beauty & Personal Care,$77.55,0,"3,509","15%
vs. open collab 10%",7407921752879515434,Pure Daily Care,13%,1,13%,3,vs. open collab 10%
1729429263956807682,Lip Injection Extreme Lip Plumper - Instant Plumpin...,Too Faced,Beauty & Personal Care,$28.05,0,853,"25%
vs. open collab 20%",7423088324108437291,Too Faced,23%,1,23%,2,vs. open collab 20%
1729429263958511618,"Makeup Insurance Setting Spray - Longwear, Hydr...",Too Faced,Beauty & Personal Care,$32.30,0,190,"25%
vs. open collab 17%",7423088324108437291,Too Faced,22%,1,22%,3,vs. open collab 17%
1729429263968014338,Lip Injection Extreme Lip Shaper - Instant Plumping...,Too Faced,Beauty & Personal Care,$20.40,0,"2,488","25%
vs. open collab 17%",7423088324108437291,Too Faced,22%,1,22%,4,vs. open collab 17%
1729429263988723714,Born This Way Ethereal Setting Powder - Luminou...,Too Faced,Beauty & Personal Care,$34.41,0,526,"25%
vs. open collab 17%",7423088324108437291,Too Faced,22%,1,22%,3,vs. open collab 17%
1729429264025489410,"Hangover Replenishing Face Primer - Hydrating, B...",Too Faced,Beauty & Personal Care,$37.40,0,224,"25%
vs. open collab 17%",7423088324108437291,Too Faced,22%,1,22%,3,vs. open collab 17%
1729429264474804226,Better Than Sex Foreplay Mascara Primer - Waterp...,Too Faced,Beauty & Personal Care,$25.50,0,190,"25%
vs. open collab 17%",7423088324108437291,Too Faced,22%,1,22%,3,vs. open collab 17%
1729429264570683394,Buildable Healthy Glow Natural Chocolate Bronzer,Too Faced,Beauty & Personal Care,$34.20,0,640,"25%
vs. open collab 20%",7423088324108437291,Too Faced,23%,1,23%,2,vs. open collab 20%
1729429264578809858,Lip Injection Maximum Plump Extra Strength Lip Pl...,Too Faced,Beauty & Personal Care,$25.81,0,"1,697","25%
vs. open collab 17%",7423088324108437291,Too Faced,22%,1,22%,4,vs. open collab 17%
1729429264579268610,Travel Size Better Than Sex Foreplay Mascara Prim...,Too Faced,Beauty & Personal Care,$13.60,0,90,"25%
vs. open collab 17%",7423088324108437291,Too Faced,22%,1,22%,3,vs. open collab 17%
1729429264579530754,Hangover 3-in-1 Replenishing Primer & Setting Spr...,Too Faced,Beauty & Personal Care,$34.00,0,384,"25%
vs. open collab 17%",7423088324108437291,Too Faced,22%,1,22%,3,vs. open collab 17%
1729429264604893186,"Lip Injection Plumping Lip Gloss - Volumizing, Glos...",Too Faced,Beauty & Personal Care,$22.10,0,109,"25%
vs. open collab 17%",7423088324108437291,Too Faced,22%,1,22%,3,vs. open collab 17%
1729429264619376642,Travel Size Better Than Sex Waterproof Mascara - ...,Too Faced,Beauty & Personal Care,$13.60,0,352,"25%
vs. open collab 17%",7423088324108437291,Too Faced,23%,1,23%,2,vs. open collab 17%
1729429264646443010,Born This Way Super Coverage Multi-Use Conceale...,Too Faced,Beauty & Personal Care,$12.51-$28.15,0,"67,476","25%
vs. open collab 17%",7423088324108437291,Too Faced,22%,1,22%,5,vs. open collab 17%
1729429265376972802,Better Than Sex Waterproof Mascara - Volumizing ...,Too Faced,Beauty & Personal Care,$24.65,0,946,"25%
vs. open collab 17%",7423088324108437291,Too Faced,23%,1,23%,2,vs. open collab 17%
1729429265401221122,Cloud Crush Blurring Blush - Buildable & Blendable...,Too Faced,Beauty & Personal Care,$25.02,0,"4,799","25%
vs. open collab 17%",7423088324108437291,Too Faced,22%,1,22%,4,vs. open collab 17%
1729429265427959810,"Moon Crush Highlighter - Sheer, Multi-Use, Powder",Too Faced,Beauty & Personal Care,$34.00,0,301,"25%
vs. open collab 17%",7423088324108437291,Too Faced,22%,1,22%,3,vs. open collab 17%
1729429265429270530,Lip Injection Power Plumping Liquid Lip Balm - Hyd...,Too Faced,Beauty & Personal Care,$22.10,0,631,"25%
vs. open collab 17%",7423088324108437291,Too Faced,22%,1,22%,3,vs. open collab 17%
1729429265446637570,"Travel Size Better Than Mascara - Volumizing, Lon...",Too Faced,Beauty & Personal Care,$13.60,0,384,"25%
vs. open collab 17%",7423088324108437291,Too Faced,23%,1,23%,2,vs. open collab 17%
1729429265446768642,Travel Size Hangover Replenishing Face Primer - Hy...,Too Faced,Beauty & Personal Care,$18.70,0,169,"25%
vs. open collab 17%",7423088324108437291,Too Faced,22%,1,22%,3,vs. open collab 17%
1729429265446899714,Travel Size Hangover 3-in-1 Replenishing Primer & ...,Too Faced,Beauty & Personal Care,$18.70,0,169,"25%
vs. open collab 17%",7423088324108437291,Too Faced,22%,1,22%,3,vs. open collab 17%
1729430004025233410,Born This Way The Natural Nudes Eye Shadow Pal...,Too Faced,Beauty & Personal Care,$42.23,0,"7,192","25%
vs. open collab 17%",7423088324108437291,Too Faced,22%,1,22%,4,vs. open collab 17%
1729430006375813122,Better Than Chocolate Eye Shadow Palette & Free ...,Too Faced,Beauty & Personal Care,$45.90,0,"19,407","25%
vs. open collab 17%",7423088324108437291,Too Faced,22%,1,22%,5,vs. open collab 17%
1729430008167370754,"Better Than Volumizing Mascara - Original Black, ...",Too Faced,Beauty & Personal Care,$22.68,0,"1,816","25%
vs. open collab 17%",7423088324108437291,Too Faced,22%,1,22%,4,vs. open collab 17%
1729434216447053826,Shadow Insurance 24-Hour Eye Shadow Primer - ...,Too Faced,Beauty & Personal Care,$23.80,0,368,"25%
vs. open collab 17%",7423088324108437291,Too Faced,22%,1,22%,3,vs. open collab 17%
1729434218228715522,Kissing Jelly Hydrating Lip Oil Gloss - Ultra-Nouris...,Too Faced,Beauty & Personal Care,$18.70,0,"1,817","25%
vs. open collab 20%",7423088324108437291,Too Faced,23%,1,23%,3,vs. open collab 20%
1729448585454456834,Born This Way Natural Nudes Mini Eye Shadow Pal...,Too Faced,Beauty & Personal Care,$24.65,0,747,"25%
vs. open collab 17%",7423088324108437291,Too Faced,22%,1,22%,3,vs. open collab 17%
1729448585458323458,Chocolate Soleil Melting Bronzing & Sculpting Stic...,Too Faced,Beauty & Personal Care,$31.50,0,"6,181","25%
vs. open collab 17%",7423088324108437291,Too Faced,22%,1,22%,4,vs. open collab 17%
1729459067874611202,Pillow Balm Hydrating Lip Treatment - Moisturizing...,Too Faced,Beauty & Personal Care,$22.95,0,"2,748","25%
vs. open collab 17%",7423088324108437291,Too Faced,22%,1,22%,4,vs. open collab 17%
1729534611612733442,Born This Way Soft Matte Foundation - Hydrating...,Too Faced,Beauty & Personal Care,$39.10,0,"1,233","25%
vs. open collab 17%",7423088324108437291,Too Faced,22%,1,22%,4,vs. open collab 17%
1729559964634288130,Disco Crush High Shine Glitter Eye & Face Sparkle ...,Too Faced,Beauty & Personal Care,$25.50,0,179,"25%
vs. open collab 17%",7423088324108437291,Too Faced,22%,1,22%,3,vs. open collab 17%
1729559967298654210,Born This Way Soft Blur Flexible Finish Setting Po...,Too Faced,Beauty & Personal Care,$34.00,0,"1,325","25%
vs. open collab 17%",7423088324108437291,Too Faced,22%,1,22%,4,vs. open collab 17%
1730847950329647106,"Ribbon Wrapped Lash Mascara - Volumizing, Leng...",Too Faced,Beauty & Personal Care,$24.65,0,317,"25%
vs. open collab 17%",7423088324108437291,Too Faced,22%,1,22%,3,vs. open collab 17%
1732015413845331970,Too Faced Lash and Liner Duo - Ribbon Wrapped Lash Tubing ...,,~~~,$35.00,50,127,"22%
vs. open collab 17%",7423088324108437291,Too Faced,20%,1,20%,2,vs. open collab 17%
1732125372154351618,Too Faced Born This Way Super Coverage Concealer Full Size ...,,~~~,$35.88,0,"4,456","25%
vs. open collab 17%",7423088324108437291,Too Faced,22%,1,22%,4,vs. open collab 17%
1729506523282576162,Strength Trainer Peptide Boost Moisturizer -,Ole Henriksen,Beauty & Personal Care,$20.00-$54.00,95,203,"25%
vs. open collab 15%",7429407679239391019,Ole Henriksen,22%,1,22%,3,vs. open collab 15%
1729507294683829026,OLE HENRIKSEN Pout Preserve Peptide Lip Treatment - Moist...,Ole Henriksen,Beauty & Personal Care,$24.00,100,"3,942","25%
vs. open collab 15%",7429407679239391019,Ole Henriksen,22%,1,22%,4,vs. open collab 15%
1729544897594561314,Banana Bright+ Instant Glow Moisturizer - Joj...,Ole Henriksen,Beauty & Personal Care,$48.00,95,326,"25%
vs. open collab 15%",7429407679239391019,Ole Henriksen,22%,1,22%,3,vs. open collab 15%
1729547211523330850,Dewtopia 25% Acid Flash Facial Mask - Skincare Treatment fo...,Ole Henriksen,Beauty & Personal Care,$45.00,80,122,"25%
vs. open collab 15%",7429407679239391019,Ole Henriksen,22%,1,22%,3,vs. open collab 15%
1729547211563766562,Double Rewind 0.3% Pro-Grade Retinol Serum - Ole Henriks...,Ole Henriksen,Beauty & Personal Care,$60.00,99,45,"25%
vs. open collab 15%",7429407679239391019,Ole Henriksen,22%,1,22%,3,vs. open collab 15%
1729558641951413026,Plumped Up Pout Duo - Pout Preserve Peptide Lip Treatment ...,Ole Henriksen,Beauty & Personal Care,$40.00,161,"36,992","25%
vs. open collab 15%",7429407679239391019,Ole Henriksen,22%,1,22%,5,vs. open collab 15%
1729567664565818146,"The Hangover Hack - Pout Preserve, Banana Bright+ Eye Cre...",Ole Henriksen,Beauty & Personal Care,$85.00,99,942,"25%
vs. open collab 15%",7429407679239391019,Ole Henriksen,22%,1,22%,3,vs. open collab 15%
1729567676295713570,Pout Preserve Party of 4 Peptide Lip Set -,Ole Henriksen,Beauty & Personal Care,$75.00,100,"12,785","25%
vs. open collab 15%",7429407679239391019,Ole Henriksen,22%,1,22%,5,vs. open collab 15%
1729591305780695842,Pout Preserve Peptide Lip Treatment + Mini Peptide Moisturiz...,Ole Henriksen,Beauty & Personal Care,$39.00,50,217,"20%
vs. open collab 15%",7429407679239391019,Ole Henriksen,18%,1,18%,2,vs. open collab 15%
1729697432310813474,Banana Bright+ Vitamin CC Stick Duo -,Ole Henriksen,Beauty & Personal Care,$45.00,100,349,"25%
vs. open collab 15%",7429407679239391019,Ole Henriksen,22%,1,22%,3,vs. open collab 15%
1729697465447912226,Strength Peptide Boost Moisturizer + Banana Bright+ Eye Crè...,Ole Henriksen,Beauty & Personal Care,$85.00,97,"1,769","25%
vs. open collab 15%",7429407679239391019,Ole Henriksen,22%,1,22%,4,vs. open collab 15%
1729697516613309218,The Glow Cycle - Anti Wrinkle Kit with Vitamin ...,Ole Henriksen,Beauty & Personal Care,$56.00,0,87,"25%
vs. open collab 15%",7429407679239391019,Ole Henriksen,22%,1,22%,3,vs. open collab 15%
1730447241615282978,"Ole Essentials - Pout Preserve Peptide Lip Treatment, Banan...",Ole Henriksen,Beauty & Personal Care,$98.00,84,41,"20%
vs. open collab 15%",7429407679239391019,Ole Henriksen,18%,1,18%,2,vs. open collab 15%
1730473892307833634,Après Skin Multi-Use Rescue Crème Overnight ...,Ole Henriksen,Beauty & Personal Care,$43.00,40,69,"20%
vs. open collab 15%",7429407679239391019,Ole Henriksen,18%,1,18%,2,vs. open collab 15%
1730527254863713058,All In on Hydration - Après Skin Rich Crème + Strength Peptid...,Ole Henriksen,Beauty & Personal Care,$85.00,40,14,"20%
vs. open collab 15%",7429407679239391019,Ole Henriksen,18%,1,18%,2,vs. open collab 15%
1730527257582867234,Glossy + Glowing – Pout Preserve Peptide Lip Treatment + B...,Ole Henriksen,Beauty & Personal Care,$58.00,93,66,"20%
vs. open collab 15%",7429407679239391019,Ole Henriksen,18%,1,18%,2,vs. open collab 15%
1730552587572450082,Après Hours- Après Skin Rich Crème + Pout Preserve Peptide...,Ole Henriksen,Beauty & Personal Care,$60.00,100,51,"20%
vs. open collab 15%",7429407679239391019,Ole Henriksen,18%,1,18%,2,vs. open collab 15%
1730552684939088674,Partners In Peptides - Pout Preserve Peptide Lip Treatment ...,Ole Henriksen,Beauty & Personal Care,$65.00,95,86,"20%
vs. open collab 15%",7429407679239391019,Ole Henriksen,18%,1,18%,2,vs. open collab 15%
1731031567514112802,Best of Ole Skincare Essential Set ($92 Value) -,Ole Henriksen,Beauty & Personal Care,$45.00,91,489,"20%
vs. open collab 15%",7429407679239391019,Ole Henriksen,18%,1,18%,2,vs. open collab 15%
1731320969422213922,Violet Ice Cold Plunge Pore Mask 3oz Lightwei...,Ole Henriksen,Beauty & Personal Care,$39.00,91,307,"25%
vs. open collab 15%",7429407679239391019,Ole Henriksen,22%,1,22%,3,vs. open collab 15%
1731426662545003298,Bright Eye Bundle - Banana Bright Eye Creme + Banana Brig...,Ole Henriksen,Beauty & Personal Care,$60.00,152,356,"25%
vs. open collab 15%",7429407679239391019,Ole Henriksen,22%,1,22%,3,vs. open collab 15%
1731426705565324066,Cold Plunge Pore Reset - Violet Ice Cold Plunge Pore Mask + ...,Ole Henriksen,Beauty & Personal Care,$50.50,100,493,"25%
vs. open collab 15%",7429407679239391019,Ole Henriksen,22%,1,22%,3,vs. open collab 15%
1731678491491996450,Pout Preserve Petites Mini Lip Trio -,Ole Henriksen,Beauty & Personal Care,$29.00,0,"2,042","25%
vs. open collab 15%",7429407679239391019,Ole Henriksen,22%,1,22%,4,vs. open collab 15%
1729553403015566270,"Women's Dylan Platform Clogs, Platform Shoes",Crocs,Shoes,$44.99-$64.99,0,"62,706","15%
vs. open collab 10%",7459877397434042158,Crocs,14%,1,14%,3,vs. open collab 10%
1729562499528364990,Women's Brooklyn Buckle Low Wedges Platform Sand...,Crocs,Shoes,$50.99,0,"8,773","15%
vs. open collab 10%",7459877397434042158,Crocs,14%,1,14%,2,vs. open collab 10%
1729562499528430526,Adult Classic Mary Jane Clogs,Crocs,Shoes,$39.99,0,"27,387","15%
vs. open collab 10%",7459877397434042158,Crocs,14%,1,14%,3,vs. open collab 10%
1729652644688073662,Adult Echo Clogs Literide Comfort Shoes,Crocs,Shoes,$59.49,0,"18,322","15%
vs. open collab 10%",7459877397434042158,Crocs,14%,1,14%,3,vs. open collab 10%
1730222985882735550,Adult Echo Wave Clogs,Crocs,Shoes,$59.49,39,"24,042","15%
vs. open collab 10%",7459877397434042158,Crocs,14%,1,14%,3,vs. open collab 10%
1730223029542622142,Women's Getaway Toe Loop Summer Sandals,Crocs,Shoes,$44.99,0,"66,504","15%
vs. open collab 10%",7459877397434042158,Crocs,14%,1,14%,3,vs. open collab 10%
1730493404455474110,"Adult Classic Cozzzy Slippers, Fuzzy Slippers",Crocs,Shoes,$42.49,0,"53,629","15%
vs. open collab 10%",7459877397434042158,Crocs,14%,1,14%,3,vs. open collab 10%
1729436416655594208,"Gourmand White Flowers, Dossier, Women Perfume, Eau de P...",Dossier Perfume,Beauty & Personal Care,$29.00-$58.00,5,"5,507","20%
vs. open collab 20%",7468086459283785515,Dossier,18%,1,18%,3,vs. open collab 20%
1729436417383502560,"Ambery Vanilla, Dossier, Women's Perfume, 50ml, Eau de Par...",Dossier Perfume,Beauty & Personal Care,$18.85-$173.23,60,"29,669","20%
vs. open collab 15%",7468086459283785515,Dossier,18%,1,18%,4,vs. open collab 15%
1729436418079036128,"Floral Marshmallow, Dossier, Women Perfume, Eau de Parfu...",Dossier Perfume,Beauty & Personal Care,$25.35-$173.23,49,"55,205","20%
vs. open collab 20%",7468086459283785515,Dossier,19%,1,19%,3,vs. open collab 20%
1729436418114622176,"Ambery Saffron, Dossier, Unisex Perfume, Eau de Parfum, 50...",Dossier Perfume,Beauty & Personal Care,$24.50-$182.36,63,"109,792","20%
vs. open collab 15%",7468086459283785515,Dossier,18%,1,18%,4,vs. open collab 15%
1729436418136576736,"Aromatic Pineapple, Dossier, Men Perfume, 50ml-100ml, Eau ...",Dossier Perfume,Beauty & Personal Care,$29.00-$177.00,5,"6,403","20%
vs. open collab 15%",7468086459283785515,Dossier,18%,1,18%,3,vs. open collab 15%
1729436418170983136,"Ambery Cherry, Dossier, Unisex Perfume, 50ml-100ml, Eau de...",Dossier Perfume,Beauty & Personal Care,$49.00-$158.00,5,"7,826","20%
vs. open collab 15%",7468086459283785515,Dossier,18%,1,18%,3,vs. open collab 15%
1729436418174128864,"Woody Oakmoss, Dossier, Women Perfume, Eau de Parfum,...",Dossier Perfume,Beauty & Personal Care,$32.00-$49.00,5,"2,298","20%
vs. open collab 15%",7468086459283785515,Dossier,18%,1,18%,3,vs. open collab 15%
1729436418174259936,"Woody Sage, Dossier, Unisex Perfume, 50ml,",Dossier Perfume,Beauty & Personal Care,$17.39-$47.53,5,"6,051","20%
vs. open collab 15%",7468086459283785515,Dossier,18%,1,18%,3,vs. open collab 15%
1729436418182124256,"Fruity Almond, Dossier, Women Perfume, Eau de Parfum, 50m...",Dossier Perfume,Beauty & Personal Care,$29.00-$98.00,56,"9,493","20%
vs. open collab 15%",7468086459283785515,Dossier,18%,1,18%,3,vs. open collab 15%
1729436418220397280,"Aromatic Star Anise, Dossier, Men Perfume, Eau de Parfum, 5...",Dossier Perfume,Beauty & Personal Care,$29.00-$177.00,5,"2,812","20%
vs. open collab 15%",7468086459283785515,Dossier,18%,1,18%,3,vs. open collab 15%
1729436418777846496,"Fruity Brown Sugar, Dossier, Women Perfume, Eau de Parfum,...",Dossier Perfume,Beauty & Personal Care,$29.00-$87.00,5,"4,522","20%
vs. open collab 15%",7468086459283785515,Dossier,18%,1,18%,3,vs. open collab 15%
1729436418781975264,"Floral Lavender, Dossier, Women Perfume, Eau de Parfum, 50...",Dossier Perfume,Beauty & Personal Care,$29.00-$58.00,5,"7,266","20%
vs. open collab 20%",7468086459283785515,Dossier,18%,1,18%,3,vs. open collab 20%
1729436419438056160,"Woody Sandalwood, Dossier, Unisex Perfume, Eau de Parfum...",Dossier Perfume,Beauty & Personal Care,$49.00-$177.00,70,"9,860","20%
vs. open collab 20%",7468086459283785515,Dossier,19%,1,19%,2,vs. open collab 20%
1729439911966577376,"Discovery Set, Dossier, Unisex Perfume, Women Perfume, M...",Dossier Perfume,Beauty & Personal Care,$79.20-$365.69,5,"20,238","20%
vs. open collab 15%",7468086459283785515,Dossier,18%,1,18%,4,vs. open collab 15%
1729541491030332128,"Ambery Jasmine, Dossier, Women's Perfume, 50ml - 100ml, E...",Dossier Perfume,Beauty & Personal Care,$39.00-$188.00,5,"6,939","20%
vs. open collab 15%",7468086459283785515,Dossier,18%,1,18%,3,vs. open collab 15%
1729719050365473504,"The Icons Collection, Dossier Originals, 50ml, Eau de Parfum,...",Dossier Perfume,Beauty & Personal Care,$23.40-$37.83,5,"6,591","20%
vs. open collab 15%",7468086459283785515,Dossier,18%,1,18%,3,vs. open collab 15%
1729855181327995616,"All-time Best Sellers Trio Set, Dossier, Ambery Saffron, Ambe...",Dossier Perfume,Beauty & Personal Care,$95.20-$101.60,5,"6,489","20%
vs. open collab 12.5%",7468086459283785515,Dossier,18%,1,18%,3,vs. open collab 12.5%
1730465705890583264,"Winter Kiss, Dossier Originals, 50ml, Eau de Parfum, Vanilla, C...",Dossier Perfume,Beauty & Personal Care,$39.00,5,572,"20%
vs. open collab 15%",7468086459283785515,Dossier,18%,1,18%,2,vs. open collab 15%
1730615043873280736,"Ambery Rose, Dossier, Women Perfume, 50ml, Eau de Parfu...",Dossier Perfume,Beauty & Personal Care,$49.00,75,"2,495","25%
vs. open collab 15%",7468086459283785515,Dossier,23%,1,23%,3,vs. open collab 15%
1730615059569939168,"Gourmand Vanilla, Dossier, Unisex Perfume, 50ml, Eau de Par...",Dossier Perfume,Beauty & Personal Care,$49.00,44,"1,746","20%
vs. open collab 15%",7468086459283785515,Dossier,18%,1,18%,3,vs. open collab 15%
1731506146716390112,"It Factor, Dossier Originals, Eau de Parfum, 50ml, Violet, Brow...",,~~~,$22.05-$31.36,5,"5,696","20%
vs. open collab 15%",7468086459283785515,Dossier,18%,1,18%,3,vs. open collab 15%
1731937709700780768,"(NEW) Lost Americana, mgk fragrance, Dossier, Unisex Perfu...",,~~~,$49.00-$98.00,5,"11,313","20%

Open collab 15% - 20%",7468086459283785515,Dossier,18%,1,18%,4,vs. open collab 15%-20%
1732118545475080928,"Originals Discovery Set, Dossier, Unisex Perfumes, Black Sha...",,~~~,$55.20,5,"1,490","20%
vs. open collab 15%",7468086459283785515,Dossier,18%,1,18%,3,vs. open collab 15%
1732206873493279456,"Dulce Flor, Lauren Giraldo Collab, Dossier, Women Perfume, ...",,~~~,$49.00,5,145,"20%
vs. open collab 15%",7468086459283785515,Dossier,18%,1,18%,2,vs. open collab 15%
1732260889980015328,"Musky Buttercream, Dossier, Unisex Perfume, 50ml, Eau de ...",,~~~,$32.00,5,454,"20%
vs. open collab 20%",7468086459283785515,Dossier,18%,1,18%,2,vs. open collab 20%
1732262299404505824,"Fruity Vanilla, Dossier, Unisex Perfume, Eau de Parfum, 50ml, ...",,~~~,$32.00,5,523,"20%
vs. open collab 15%",7468086459283785515,Dossier,18%,1,18%,2,vs. open collab 15%
1732262305507480288,"NEW TikTok EXCLUSIVE, Fruity Vanilla x Musky Buttercream, ...",,~~~,$54.40,5,985,"20%
vs. open collab 15%",7468086459283785515,Dossier,18%,1,18%,2,vs. open collab 15%
1732272171405972192,"IT Girl Duo, Dossier, Unisex Perfume Bundle, 2x50ml, Eau de ...",,~~~,$68.85,5,31,"20%
vs. open collab 15%",7468086459283785515,Dossier,18%,1,18%,2,vs. open collab 15%
1732272175686849248,"Clean Essentials Bundle, Dossier, Unisex Perfume, 2x50ml, Ea...",,~~~,$66.30,5,10,"20%
vs. open collab 15%",7468086459283785515,Dossier,18%,1,18%,2,vs. open collab 15%
1732273489144877792,"The Colorful Bundle, Dossier, Unisex Perfume, 4x50ml, Eau d...",,~~~,$109.20,5,23,"20%
vs. open collab 15%",7468086459283785515,Dossier,18%,1,18%,2,vs. open collab 15%
1732273494835892960,"BlurBerry Lover, Dossier, Women Perfume Bundle, 2x50ml, Ea...",,~~~,$60.35,5,56,"20%
vs. open collab 15%",7468086459283785515,Dossier,18%,1,18%,2,vs. open collab 15%
1732273496194126560,"Bougie Moment, Dossier, Unisex Perfume Bundle, 2x50ml, Ea...",,~~~,$83.30,5,28,"20%
vs. open collab 15%",7468086459283785515,Dossier,18%,1,18%,2,vs. open collab 15%
1732273497219699424,"The Musk Bundle, Dossier, Unisex Perfume Bundle, 2x50ml, E...",,~~~,$66.30,5,9,"20%
vs. open collab 15%",7468086459283785515,Dossier,18%,1,18%,2,vs. open collab 15%
1732273498206933728,"Spice Him Up, Dossier, Men Perfume Bundle, 3x50ml, Eau de ...",,~~~,$127.00,5,4,"20%
vs. open collab 15%",7468086459283785515,Dossier,18%,1,18%,2,vs. open collab 15%
1732273502510420704,"The Icon Bundle, Dossier, Men& Women Perfume Bundle, 5x5...",,~~~,$107.25,5,19,"20%
vs. open collab 15%",7468086459283785515,Dossier,18%,1,18%,2,vs. open collab 15%
1729454831588053819,All the Chains Layered Necklace with Decorative Eleme...,Ettika,Jewelry Accessories & Derivatives,$59.49,3,946,"25%
vs. open collab 25%",7468433870054278954,Jewelry,25%,1,25%,0,vs. open collab 25%
1729454833987195707,Single Pearl Chain Necklace,Ettika,Jewelry Accessories & Derivatives,$38.24,12,4,"25%
vs. open collab 15%",7468433870054278954,Jewelry,23%,1,23%,2,vs. open collab 15%
1729470332731494763,EVRY JEWELS Gold or Silver Plated Women's Hypoallergenic...,EvryJewels,Fashion Accessories,$5.99,27,"3,999","15%
vs. open collab 15%",7468433870054278954,Jewelry,15%,1,15%,1,vs. open collab 15%
1729487869005369707,EVRY JEWELS Gold or Silver Plated Women's Hypoallergenic...,EvryJewels,Fashion Accessories,$3.49,25,"2,670","15%

Open collab 10% - 15%",7468433870054278954,Jewelry,13%,1,13%,3,vs. open collab 10%-15%
1729492710280368491,EVRY JEWELS Gold or Silver Plated Women's Hypoallergenic...,EvryJewels,Fashion Accessories,$4.49-$5.99,30,"4,285","15%

Open collab 10% - 15%",7468433870054278954,Jewelry,13%,1,13%,3,vs. open collab 10%-15%
1729554652423164424,14K Gold Plated Solid 925 Sterling Silver CZ Simulated...,PAVOI,Jewelry Accessories & Derivatives,$17.89-$43.74,13,"54,334","20%

Open collab 15% - 18%",7468433870054278954,Jewelry,18%,1,18%,4,vs. open collab 15%-18%
1729555707164922376,14K Gold Plated Sterling Silver Posts Starfish Stateme...,PAVOI,Jewelry Accessories & Derivatives,$14.95,17,"1,219","20%

Open collab 15% - 18%",7468433870054278954,Jewelry,18%,1,18%,3,vs. open collab 15%-18%
1729595645547024459,Tiny Twist Earrings - Fashionable Any Occassion ...,Hello Adorn,Jewelry Accessories & Derivatives,$32.00-$40.00,11,"5,531","30%
vs. open collab 25%",7468433870054278954,Jewelry,27%,1,27%,4,vs. open collab 25%
1729659740846788971,EVRY JEWELS Gold or Silver Plated Metal Women's Jasmine ...,EvryJewels,Fashion Accessories,$4.98-$5.98,27,"1,847","15%

Open collab 10% - 15%",7468433870054278954,Jewelry,13%,1,13%,3,vs. open collab 10%-15%
1729677567037378926,Cleo Choker - Harper Jewelry co.,HarperJewelry,Fashion Accessories,$44.00,5,"7,154","25%
vs. open collab 13%",7468433870054278954,Jewelry,22%,1,22%,4,vs. open collab 13%
1729944299655762286,Huggies (12mm),HarperJewelry,Fashion Accessories,$15.00,31,520,"20%
vs. open collab 15%",7468433870054278954,Jewelry,18%,1,18%,2,vs. open collab 15%
1730763968906957166,Make a Wish Necklace - Harper Jewelry co.,HarperJewelry,Fashion Accessories,$40.00,30,"5,195","20%
vs. open collab 13%",7468433870054278954,Jewelry,19%,1,19%,2,vs. open collab 13%
1729417060916826802,【Mother's Day Gift】LOVEVOOK Laptop Backpack with US...,Lovevook Bags,Luggage & Bags,$29.99-$39.99,13,"14,020","15%
vs. open collab 10%",7470835549616506666,LOVEVOOK,13%,1,4.33%,4,vs. open collab 10%
1729417326447727282,【Mother's Day Gift】LOVEVOOK Colorblock Carry-On Trav...,Lovevook Bags,Luggage & Bags,$41.98-$62.99,5,"159,103","13%
vs. open collab 8%",7470835549616506666,LOVEVOOK,11%,1,4.23%,4,vs. open collab 8%
1729417405195653810,LOVEVOOK Laptop Tote Bags 15.6-17.3 inches for Woman wi...,Lovevook Bags,Luggage & Bags,$29.99-$47.99,18,"30,017","13%
vs. open collab 8%",7470835549616506666,LOVEVOOK,11%,1,4.23%,4,vs. open collab 8%
1729419119865991858,"【Mother's Day Gift】LOVEVOOK Laptop Bag for Women, 1...",Lovevook Bags,Luggage & Bags,$26.99-$53.99,16,"16,602","13%
vs. open collab 8%",7470835549616506666,LOVEVOOK,11%,1,4.23%,4,vs. open collab 8%
1729419124038341298,【Mother's Day Gift】LOVEVOOK Canvas Laptop Tote Bag 1...,Lovevook Bags,Luggage & Bags,$24.99-$79.99,12,"109,894","13%
vs. open collab 8%",7470835549616506666,LOVEVOOK,11%,1,4.23%,4,vs. open collab 8%
1729425596385497778,LOVEVOOK TSA-Approved Expandable Carry-on Travel Back...,Lovevook Bags,Luggage & Bags,$49.99-$59.99,12,"11,465","15%
vs. open collab 10%",7470835549616506666,LOVEVOOK,13%,1,4.33%,4,vs. open collab 10%
1729425997824430770,【Mother's Day Gift】LOVEVOOK Travel Backpack for Wom...,Lovevook Bags,Luggage & Bags,$41.99-$62.99,9,"44,702","13%
vs. open collab 8%",7470835549616506666,LOVEVOOK,11%,1,4.23%,4,vs. open collab 8%
1729439279744914098,LOVEVOOK Vegan Leather Laptop Backpack with USB Port fo...,Lovevook Bags,Luggage & Bags,$39.99-$55.99,19,"14,310","15%
vs. open collab 10%",7470835549616506666,LOVEVOOK,13%,1,4.33%,4,vs. open collab 10%
1729474814336602802,LOVEVOOK Airline Approved Carry-On Travel Backpack with ...,Lovevook Bags,Luggage & Bags,$39.99-$57.99,18,"3,417","15%
vs. open collab 10%",7470835549616506666,LOVEVOOK,13%,1,4.33%,3,vs. open collab 10%
1729504360447578802,【Mother's Day Gift】LOVEVOOK Laptop Tote Bag with Clut...,Lovevook Bags,Luggage & Bags,$29.99-$49.99,8,"13,580","15%
vs. open collab 10%",7470835549616506666,LOVEVOOK,13%,1,4.33%,4,vs. open collab 10%
1729559434927575730,"LOVEVOOK Laptop Tote Bag,Texture and Waterproof Vegan L...",Lovevook Bags,Luggage & Bags,$29.99-$37.99,19,"7,285","15%
vs. open collab 10%",7470835549616506666,LOVEVOOK,13%,1,4.33%,3,vs. open collab 10%
1729618810204033714,【Mother's Day Gift】LOVEVOOK Laptop Canvas Bags for ...,Lovevook Bags,Luggage & Bags,$35.99-$55.99,17,"45,908","15%
vs. open collab 10%",7470835549616506666,LOVEVOOK,13%,1,4.33%,4,vs. open collab 10%
1729921899034153650,【Mother's Day Gift】LOVEVOOK Puffer Tote Bag for Wome...,Lovevook Bags,Luggage & Bags,$29.99-$46.99,6,"12,757","13%
vs. open collab 8%",7470835549616506666,LOVEVOOK,11%,1,4.23%,4,vs. open collab 8%
1729384239755006634,"Cam Pan v3 — #1 Security Camera on TikTok! Wired, In...",Wyze,Phones & Electronics,$36.84-$106.83,11,"360,838","21%
vs. open collab 10%",7472825100524357422,WYZE,19%,1,7.24%,4,vs. open collab 10%
1729384240566276778,"Video Doorbell Pro — Battery, Wireless Smart Doorbell ...",Wyze,Home Improvement,$94.98-$161.48,10,"12,310","16%
vs. open collab 15%",7472825100524357422,WYZE,15%,1,9.38%,3,vs. open collab 15%
1729384241158263466,"Lock Bolt — Fingerprint Keyless Security Lock, Smart Bl...",Wyze,Tools & Hardware,$72.77,15,"9,137","18%
vs. open collab 10%",7472825100524357422,WYZE,16%,1,8.89%,3,vs. open collab 10%
1729384289015993002,"Headphones — #1 Over-Ear Headphones on TikTok, A...",Wyze,Phones & Electronics,$56.99-$71.24,6,"17,788","16%
vs. open collab 10%",7472825100524357422,WYZE,14%,1,8.75%,4,vs. open collab 10%
1729384293633200810,Scale X — Bluetooth Smart Weight Scale w/ ITO Glass f...,Wyze,Health,$35.91,13,"12,845","21%
vs. open collab 10%",7472825100524357422,WYZE,19%,1,9.05%,4,vs. open collab 10%
1729385114622530218,Cam Floodlight Pro — Hard-Wired 2K HD Outdoor Sma...,Wyze,Phones & Electronics,$138.21-$152.01,16,"9,411","16%
vs. open collab 10%",7472825100524357422,WYZE,14%,1,8.75%,3,vs. open collab 10%
1729385138483729066,"MicroSD Card — High-Speed Storage for Cams, ...",Wyze,Computers & Office Equipment,$12.33-$34.18,25,"57,032","20%
vs. open collab 10%",7472825100524357422,WYZE,18%,1,4.50%,4,vs. open collab 10%
1729386090154136234,"Cordless Vacuum S — Lightweight Stick Canister Vac, R...",Wyze,Household Appliances,$97.77,0,"57,881","15%
vs. open collab 10%",7472825100524357422,WYZE,13%,1,4.33%,4,vs. open collab 10%
1729386094171296426,"Scale S — Bluetooth Smart Weighing Scale, Multiple Bo...",Wyze,Health,$25.35,15,"35,169","21%
vs. open collab 10%",7472825100524357422,WYZE,19%,1,9.05%,4,vs. open collab 10%
1729386193067807402,Home Monitoring — 6-Piece Home Security System wi...,Wyze,Home Improvement,$88.11,18,632,"16%
vs. open collab 15%",7472825100524357422,WYZE,15%,1,9.38%,1,vs. open collab 15%
1729386203262522026,Wireless Cam Pro — Battery Powered 2K HDR Indoor/...,Wyze,Phones & Electronics,$82.91-$304.03,16,"4,290","21%
vs. open collab 10%",7472825100524357422,WYZE,19%,1,9.05%,3,vs. open collab 10%
1729419139364983466,Cam Essentials Bundle — 3x Cam HD Wired Smar...,Wyze,Phones & Electronics,$92.13,16,"2,864","16%
vs. open collab 10%",7472825100524357422,WYZE,14%,1,8.75%,3,vs. open collab 10%
1729433805737792170,Cam Floodlight v2 — Hard-Wired 2K HD Outdoor Smar...,Wyze,Phones & Electronics,$92.12,18,"6,445","16%
vs. open collab 10%",7472825100524357422,WYZE,14%,1,8.75%,3,vs. open collab 10%
1729440402163667626,"Spare Battery Pack for Cordless Vacuum S - 14,000 mAh, Add...",Wyze,Household Appliances,$56.99,20,757,"15%
vs. open collab 10%",7472825100524357422,WYZE,13%,1,8.67%,2,vs. open collab 10%
1729447230990619306,"Cam v4 — Wired 2K HD Smart Home Camera, Indoor/...",Wyze,Phones & Electronics,$34.18-$94.99,15,"11,999","21%
vs. open collab 10%",7472825100524357422,WYZE,19%,1,9.05%,4,vs. open collab 10%
1729703789385323178,"Scale Ultra — Wi-Fi Smart Weighing Scale, Huge 4.3"" ...",Wyze,Health,$42.73,10,"17,318","21%
vs. open collab 10%",7472825100524357422,WYZE,19%,1,9.05%,4,vs. open collab 10%
1729730206666625706,Duo Cam Doorbell — Battery + Wireless Smart Ring Do...,Wyze,Home Improvement,$110.55-$131.74,11,"6,708","21%
vs. open collab 10%",7472825100524357422,WYZE,19%,1,9.05%,3,vs. open collab 10%
1731205427323114154,Window Cam OG — Wired HD Smart Home Security C...,Wyze,Phones & Electronics,$35.91,25,"6,154","20%
vs. open collab 10%",7472825100524357422,WYZE,18%,1,4.50%,3,vs. open collab 10%
1731253209811489450,"Bulb Cam — 2K HD Light Bulb Security Camera, 24/7 M...",Wyze,Phones & Electronics,$46.05-$59.87,25,"27,852","20%
vs. open collab 10%",7472825100524357422,WYZE,18%,1,4.50%,4,vs. open collab 10%
1731457151241982634,Accessory Bulb - Compatible Only with Bulb Cam - Sim...,Wyze,Home Improvement,$16.13,25,326,"20%
vs. open collab 10%",7472825100524357422,WYZE,18%,1,4.50%,2,vs. open collab 10%
1731582115728495274,"Duo Cam Pan — Wired 2K Dual Security Camera, Indo...",Wyze,Phones & Electronics,$64.48-$119.77,24,"7,316","20%
vs. open collab 10%",7472825100524357422,WYZE,18%,1,4.50%,3,vs. open collab 10%
1731582176487379626,NEW! Cam Pan v4 - #1 Security Camera on TikTok goe...,Wyze,Phones & Electronics,$55.26-$108.69,22,"1,791","20%
vs. open collab 10%",7472825100524357422,WYZE,18%,1,4.50%,3,vs. open collab 10%
1731585916318552746,Palm Lock — Wi-Fi Palm Recognition Smart Lock for Fr...,Wyze,Tools & Hardware,$119.77,19,"5,681","15%
vs. open collab 10%",7472825100524357422,WYZE,13%,1,4.33%,3,vs. open collab 10%
1731937817245225642,Battery Video Doorbell — Battery + Wireless Smart Ring...,Wyze,Home Improvement,$60.79-$172.29,17,"1,743","15%
vs. open collab 10%",7472825100524357422,WYZE,13%,1,4.33%,3,vs. open collab 10%
1729546074934645169,[Beauty of Joseon Official] Glow Replenishing Rice Milk for ...,Beauty of Joseon US,Beauty & Personal Care,$18.00,42,"4,982","25%
vs. open collab 10%",7472934965693990699,Beauty of Joseon,20%,1,20%,6,vs. open collab 10%
1729546075872399793,[Beauty of Joseon Official] Ground Rice and Honey Glow Ma...,Beauty of Joseon US,Beauty & Personal Care,$18.00,38,"7,456","25%
vs. open collab 10%",7472934965693990699,Beauty of Joseon,20%,1,20%,6,vs. open collab 10%
1729566311869944241,[Beauty of Joseon Official] Hanbang Serum Discovery Kit (10...,Beauty of Joseon US,Beauty & Personal Care,$22.93,32,"2,349","25%
vs. open collab 10%",7472934965693990699,Beauty of Joseon,20%,1,20%,6,vs. open collab 10%
1729603588921790897,[Beauty of Joseon Official] Combination Skin Routine | BAL...,Beauty of Joseon US,Beauty & Personal Care,$59.80-$87.39,12,"23,522","25%
vs. open collab 15%",7472934965693990699,Beauty of Joseon,20%,1,20%,7,vs. open collab 15%
1730890891608691121,[Beauty of Joseon Official] Daily Tinted Fluid Sunscreen 50ml...,Beauty of Joseon US,Beauty & Personal Care,$9.99,0,"326,962","25%
vs. open collab 10%",7472934965693990699,Beauty of Joseon,20%,1,20%,7,vs. open collab 10%
1731939814477894065,[Beauty of Joseon Official] Ginseng Retinal Eye Care Set,,~~~,$27.74,100,"6,153","25%
vs. open collab 15%",7472934965693990699,Beauty of Joseon,23%,1,23%,3,vs. open collab 15%
1732277295045972401,[Beauty of Joseon Official] Heritage Glow Routine Set,,~~~,$79.00,99,145,"25%
vs. open collab 15%",7472934965693990699,Beauty of Joseon,23%,1,23%,2,vs. open collab 15%
1732283992205267377,[Beauty of Joseon Official] First-Time BOJ Mega Starter Set,,~~~,$65.00-$80.16,96,"4,796","25%
vs. open collab 15%",7472934965693990699,Beauty of Joseon,23%,1,23%,3,vs. open collab 15%
1732283995609469361,[Beauty of Joseon Official] Multi-Zone Treatment Trio,,~~~,$54.60,100,12,"25%
vs. open collab 15%",7472934965693990699,Beauty of Joseon,23%,1,23%,2,vs. open collab 15%
1729466405292970214,OEAK Women Jelly Bras Seamless No Underwire Scalloped ...,OEAK-Bras,Womenswear & Underwear,$18.42,47,"70,225","20%
vs. open collab 10%",7479170225822844718,OEAK,16%,1,16%,6,vs. open collab 10%
1729466878154608870,OEAK Womens Jelly Bra Seamless No Underwire Comfort Br...,OEAK-Bras,Womenswear & Underwear,$17.45-$18.42,50,"86,149","20%
vs. open collab 10%",7479170225822844718,OEAK,16%,1,16%,6,vs. open collab 10%
1729558911395206059,"Vertvie｜BLAIR Deep-V Wireless Bra, Jelly Bras, Natural Lift &...",VertVie,Womenswear & Underwear,$14.52-$17.44,50,"156,854","21%
vs. open collab 10%",7479170225822844718,OEAK,18%,1,18%,5,vs. open collab 10%
1729595782792778667,Vertvie Jelly Bra Women Wireless Bras No Underwire Push U...,VertVie,Sports & Outdoor,$9.99-$19.48,50,"1,999","21%
vs. open collab 10%",7479170225822844718,OEAK,18%,1,18%,4,vs. open collab 10%
1729607202369671398,OEAK Womens Jelly Bra Wireless Leopard Plus Size Supporti...,OEAK-Bras,Womenswear & Underwear,$15.69-$20.54,47,"19,535","20%
vs. open collab 1%",7479170225822844718,OEAK,16%,1,16%,6,vs. open collab 1%
1729622960537178342,OEAK Women Seamless Jelly Bras No Underwire Push Up Wa...,OEAK-Bras,Womenswear & Underwear,$15.99,45,"12,199","20%
vs. open collab 10%",7479170225822844718,OEAK,16%,1,16%,6,vs. open collab 10%
1729642180257485739,Vertvie Jelly Bras 2pcs 3pcs for Women No Underwire Bra Wir...,VertVie,Sports & Outdoor,$15.97-$23.47,48,"6,012","21%
vs. open collab 10%",7479170225822844718,OEAK,18%,1,18%,4,vs. open collab 10%
1729714461980332262,OEAK Womens Jelly Bras Wireless Comfortable Soft Push U...,OEAK-Bras,Womenswear & Underwear,$15.51-$17.45,46,"177,137","20%
vs. open collab 10%",7479170225822844718,OEAK,16%,1,4.80%,6,vs. open collab 10%
1729714823643631846,OEAK Womens Comfortable Jelly Strip Bras Wireless Seamles...,OEAK-Bras,Womenswear & Underwear,$16.98-$19.39,45,"23,398","20%
vs. open collab 10%",7479170225822844718,OEAK,16%,1,16%,6,vs. open collab 10%
1729819374080332006,OEAK Women Jelly Bras Wireless V Neck Crossover Mesh Br...,OEAK-Bras,Womenswear & Underwear,$15.51,46,"70,647","20%
vs. open collab 10%",7479170225822844718,OEAK,16%,1,16%,6,vs. open collab 10%
1730015262963504043,Vertvie Jelly Bra Cross Lace Seamless Comfort Wireless Bras...,VertVie,Womenswear & Underwear,$9.99,50,"3,720","21%
vs. open collab 10%",7479170225822844718,OEAK,18%,1,18%,4,vs. open collab 10%
1731546902730674406,OEAK Women Fleece Lined Leggings Sheer Fake Translucent ...,,~~~,$14.99,10,"90,922","20%
vs. open collab 10%",7479170225822844718,OEAK,16%,1,4.80%,6,vs. open collab 10%
1731578445279630251,"Vertvie｜GRACE Classic T-Shirt Bra, Jelly Bras, Wireless Full C...",,~~~,$16.48-$21.33,10,"40,068","18%
vs. open collab 10%",7479170225822844718,OEAK,15%,1,5.00%,5,vs. open collab 10%
1729602903154856533,[APRILSKIN Official Shop] 30M Calendula Peel off Mask | Cal...,APRILSKIN USA,Beauty & Personal Care,$14.92-$34.20,23,"2,143","25%
vs. open collab 15%",7481310509762807595,APRILSKIN,23%,1,23%,3,vs. open collab 15%
1730641532056998485,[APRILSKIN official] Clear & Glow on a Budget TXA 99 SET | ...,APRILSKIN USA,Beauty & Personal Care,$39.90-$70.50,0,"3,248","25%
vs. open collab 15%",7481310509762807595,APRILSKIN,23%,1,23%,3,vs. open collab 15%
1730653674165867093,[APRILSKIN official] TXA 99 Niacinamide Deep Cleanser & Pi...,APRILSKIN USA,Beauty & Personal Care,$10.97-$30.40,0,"2,939","25%
vs. open collab 15%",7481310509762807595,APRILSKIN,23%,1,23%,3,vs. open collab 15%
1730713416455721557,[APRILSKIN official] TXA 99 Niacinamide Creamy Toner | Lumi...,APRILSKIN USA,Beauty & Personal Care,$14.90,0,328,"25%
vs. open collab 15%",7481310509762807595,APRILSKIN,23%,1,23%,2,vs. open collab 15%
1730715908126184021,[APRILSKIN Official] TXA 99 Niacinamide Spicule Serum | Spic...,APRILSKIN USA,Beauty & Personal Care,$14.80,0,378,"25%
vs. open collab 15%",7481310509762807595,APRILSKIN,23%,1,23%,2,vs. open collab 15%
1730757336547627605,[APRILSKIN official] TXA 99 Niacinmiade Duo with Glazed Cre...,APRILSKIN USA,Beauty & Personal Care,$30.40-$44.16,0,933,"25%
vs. open collab 15%",7481310509762807595,APRILSKIN,23%,1,23%,2,vs. open collab 15%
1730904877066523221,[APRILSKIN Official] TXA Niacinamide Collagen Capsule Over...,APRILSKIN USA,Beauty & Personal Care,$16.40,0,272,"25%
vs. open collab 15%",7481310509762807595,APRILSKIN,23%,1,23%,2,vs. open collab 15%
1730933384772686421,[APRILSKIN Official] TXA Niacinamide Overnight Wrapping M...,APRILSKIN USA,Beauty & Personal Care,$15.00-$36.10,0,385,"25%
vs. open collab 15%",7481310509762807595,APRILSKIN,23%,1,23%,2,vs. open collab 15%
1729428307000529674,[Mother's Day Gift] COSTWAY Double Portable Picnic Chairs...,Costway,Furniture,$54.99-$62.99,3,"24,997","10%
vs. open collab 5%",7485531342958200619,Costway,8%,1,8%,4,vs. open collab 5%
1729452458406155018,[Mother's Day Gift] COSTWAY Outdoor Patio Rattan Furnitur...,Costway,Furniture,$109.99-$144.99,3,"8,630","10%
vs. open collab 5%",7485531342958200619,Costway,8%,1,8%,3,vs. open collab 5%
1730627058967483146,"Lazy Chair with Ottoman, Accent Sofa Chair with Fol...",Costway,Furniture,$89.99-$114.99,3,364,"10%
vs. open collab 5%",7485531342958200619,Costway,8%,1,8%,2,vs. open collab 5%
1731955677868036874,"COSTWAY 27""-39.5"" Electric Griddle, BBQ Smokeless Grills, B...",Costway,Household Appliances,$69.99-$79.99,1,283,"10%
vs. open collab 5%",7485531342958200619,Costway,8%,1,8%,2,vs. open collab 5%
1729395493043213111,ONE/SIZE Ultimate Blurring Setting Powder Full Size 1.2 oz - 2...,ONE SIZE BEAUTY,Beauty & Personal Care,$19.00-$36.00,5,"213,738","25%
vs. open collab 12%",7488144117811660587,One/Size Beauty,22%,1,22%,5,vs. open collab 12%
1729400094160622391,ONE/SIZE | Secure The Sweat Sweat-Proof Aluminum-Free Pr...,ONE SIZE BEAUTY,Beauty & Personal Care,$15.00-$34.00,19,"44,474","25%
vs. open collab 12%",7488144117811660587,One/Size Beauty,22%,1,22%,5,vs. open collab 12%
1729409301014090551,ONE/SIZE Cheek Clapper 3D Blush Trio Palette - Multi-Formu...,ONE SIZE BEAUTY,Beauty & Personal Care,$38.00,10,"20,714","25%
vs. open collab 12%",7488144117811660587,One/Size Beauty,22%,1,22%,5,vs. open collab 12%
1729418750540354359,ONE/SIZE On 'Til Dawn Mattifying Waterproof Setting Spray ...,ONE SIZE BEAUTY,Beauty & Personal Care,$18.00-$48.00,9,"190,738","25%
vs. open collab 12%",7488144117811660587,One/Size Beauty,22%,1,22%,5,vs. open collab 12%
1729479906797523767,"Ultimate Kite Puff Precision Puff Set - Four Microfiber, Ultra-S...",ONE SIZE BEAUTY,Beauty & Personal Care,$16.00,21,"9,763","25%
vs. open collab 12%",7488144117811660587,One/Size Beauty,22%,1,22%,4,vs. open collab 12%
1729550839965586231,ONE/SIZE | Oil Sucker Extreme Mattifying Alkaline Primer,ONE SIZE BEAUTY,Beauty & Personal Care,$34.00,22,"25,209","25%
vs. open collab 12%",7488144117811660587,One/Size Beauty,22%,1,22%,5,vs. open collab 12%
1730980873205486391,Go Off Makeup & Wig Adhesive Dissolving Mist - Limited Editi...,ONE SIZE BEAUTY,Beauty & Personal Care,$32.00,3,"2,073","25%
vs. open collab 12%",7488144117811660587,One/Size Beauty,22%,1,22%,4,vs. open collab 12%
1729480341977339694,Fenty Beauty Double Gloss Moisturizing Must-Haves: Gloss B...,,~~~,$47.00,197,"4,323","25%
vs. open collab 15%",7494174595847964462,Fenty,21%,1,21%,6,vs. open collab 15%
1729482718909077294,Fenty Skin Butta Drop Hydrating Body Milk — Vanilla Dream,,~~~,$34.00,0,"13,316","25%
vs. open collab 15%",7494174595847964462,Fenty,21%,1,21%,7,vs. open collab 15%
1729650430358426414,Fenty Beauty Gloss Bomb Universal Lip Luminizer — RiRi,,~~~,$16.00-$23.00,0,"1,096","15%
vs. open collab 15%",7494174595847964462,Fenty,13%,1,13%,4,vs. open collab 15%
1729652653178131246,Fenty Hair The Comeback Kid Instant Damage Repair Treatm...,Fenty Beauty,Beauty & Personal Care,$56.00,0,"2,031","20%
vs. open collab 15%",7494174595847964462,Fenty,18%,1,18%,4,vs. open collab 15%
1729652681960821550,Fenty Hair Reparative Shampoo + Conditioner or Deep Condit...,Fenty Beauty,Beauty & Personal Care,$54.00,0,"2,126","20%
vs. open collab 15%",7494174595847964462,Fenty,18%,1,18%,4,vs. open collab 15%
1729654721905922862,Fenty Hair Damage Repair Duo: The Rich One Moisture Repair...,Fenty Beauty,Beauty & Personal Care,$56.00,0,108,"20%
vs. open collab 15%",7494174595847964462,Fenty,18%,1,18%,3,vs. open collab 15%
1729654733226152750,Gloss Bomb Lip Gloss Duo,Fenty Beauty,Beauty & Personal Care,$37.00-$46.00,17,"31,313","20%
vs. open collab 15%",7494174595847964462,Fenty,18%,1,18%,5,vs. open collab 15%
1729654795049669422,Shadowstix Longwear Shimmer + Matte High P...,Fenty Beauty,Beauty & Personal Care,$42.00,0,310,"20%
vs. open collab 15%",7494174595847964462,Fenty,18%,1,18%,3,vs. open collab 15%
1729654797032526638,Icon Lips Duo: Trace’d Out Pencil Lip Liner + Fe...,Fenty Beauty,Beauty & Personal Care,$37.00,0,"27,632","20%
vs. open collab 15%",7494174595847964462,Fenty,18%,1,18%,5,vs. open collab 15%
1729659880046367534,Invisimatte Setting Powder + Mini Hydra Vizor ...,Fenty Beauty,Beauty & Personal Care,$48.00,0,"8,661","20%
vs. open collab 15%",7494174595847964462,Fenty,18%,1,18%,4,vs. open collab 15%
1729659881698857774,Eye Makeup Essentials: Hella Thicc Volumizing ...,Fenty Beauty,Beauty & Personal Care,$53.00,0,67,"20%
vs. open collab 15%",7494174595847964462,Fenty,18%,1,18%,3,vs. open collab 15%
1729659889281307438,Shadowstix Shimmering Eyeshadow Stick + He...,Fenty Beauty,Beauty & Personal Care,$40.00,0,45,"20%
vs. open collab 15%",7494174595847964462,Fenty,18%,1,18%,3,vs. open collab 15%
1729659907591279406,Cheeks Out Cream Blush + Demi’glow Shimme...,Fenty Beauty,Beauty & Personal Care,$53.00,0,109,"20%
vs. open collab 15%",7494174595847964462,Fenty,18%,1,18%,3,vs. open collab 15%
1729682859818717998,Fenty Hair The Maintenance Crew Universal Repair Haircare ...,Fenty Beauty,Beauty & Personal Care,$45.00,0,"2,401","20%
vs. open collab 15%",7494174595847964462,Fenty,18%,1,18%,4,vs. open collab 15%
1729716038966481710,Fenty Skin Butta Drop Body Cream + Body Milk Body Care Hy...,Fenty Beauty,Beauty & Personal Care,$60.00-$80.00,37,"39,905","20%
vs. open collab 15%",7494174595847964462,Fenty,18%,1,18%,5,vs. open collab 15%
1729990773555565358,Diamond Bomb All-Over Diamond Veil + Kabuki ...,Fenty Beauty,Beauty & Personal Care,$77.00,0,381,"20%
vs. open collab 15%",7494174595847964462,Fenty,18%,1,18%,3,vs. open collab 15%
1730202829409653550,Fenty Hair The Protection Posse Instant Damage Repair Trea...,Fenty Beauty,Beauty & Personal Care,$49.00,0,145,"20%
vs. open collab 15%",7494174595847964462,Fenty,18%,1,18%,3,vs. open collab 15%
1730307853016994606,Fenty Hair The Protective Type Frizz-Smoothing Heat Protect...,Fenty Beauty,Beauty & Personal Care,$38.00,7,606,"20%
vs. open collab 15%",7494174595847964462,Fenty,18%,1,18%,3,vs. open collab 15%
1730447574826521390,Cherry Pout Lip Stain + Lip Oil Duo Gloss Hydra...,Fenty Beauty,Beauty & Personal Care,$43.00,0,"1,609","20%
vs. open collab 15%",7494174595847964462,Fenty,18%,1,18%,4,vs. open collab 15%
1730567658475655982,Fenty Skin Body ‘N Lip Drip Butta Drop Shimmering Whipped...,Fenty Beauty,Beauty & Personal Care,$59.00-$70.00,7,"1,801","20%
vs. open collab 15%",7494174595847964462,Fenty,18%,1,18%,4,vs. open collab 15%
1730568196290417454,Hydra Vizor Invisible Moisturizer Broad Spectrum SPF 30 Sun...,,~~~,$45.00,0,459,"15%
vs. open collab 15%",7494174595847964462,Fenty,15%,1,15%,1,vs. open collab 15%
1730568202540585774,Sculpt N Shimmer Duo: Match Stix Contour + Sh...,Fenty Beauty,Beauty & Personal Care,$52.00,0,339,"20%
vs. open collab 15%",7494174595847964462,Fenty,18%,1,18%,3,vs. open collab 15%
1730568395494036270,Lip Lock’r Duo: Trace’d Out Longwear Waterpro...,Fenty Beauty,Beauty & Personal Care,$39.00-$48.00,48,"26,483","20%
vs. open collab 15%",7494174595847964462,Fenty,18%,1,18%,5,vs. open collab 15%
1730568849331753774,Fenty Skin Daily Essentials Duo: Hydra Vizor Invisible SPF 30 ...,Fenty Beauty,Beauty & Personal Care,$50.00,0,93,"20%
vs. open collab 15%",7494174595847964462,Fenty,18%,1,18%,3,vs. open collab 15%
1730608960367334190,Fenty Hair Slick-Back Styling Essentials: The Gelly Type Stron...,Fenty Beauty,Beauty & Personal Care,$53.00,0,269,"20%
vs. open collab 15%",7494174595847964462,Fenty,18%,1,18%,3,vs. open collab 15%
1730609012327355182,Drip + Sparkle Duo: Butta Drop Body Cream or ...,Fenty Beauty,Beauty & Personal Care,$67.00-$82.00,0,152,"20%
vs. open collab 15%",7494174595847964462,Fenty,18%,1,18%,3,vs. open collab 15%
1730615120315716398,Fenty Skin Perfect Puck'r: Hydrating Lip Care Lip Oil + Lip Ma...,Fenty Beauty,Beauty & Personal Care,$41.00-$49.00,51,"15,700","20%
vs. open collab 15%",7494174595847964462,Fenty,18%,1,18%,5,vs. open collab 15%
1730630109396243246,Snatch ‘N Pop Cheek Makeup Duo: Match Stix ...,Fenty Beauty,Beauty & Personal Care,$52.00,0,"1,049","20%
vs. open collab 15%",7494174595847964462,Fenty,18%,1,18%,4,vs. open collab 15%
1730721770743370542,Lip Glow Makeup Combo: Trace’d Out Longwea...,Fenty Beauty,Beauty & Personal Care,$64.00,0,"1,377","20%
vs. open collab 15%",7494174595847964462,Fenty,18%,1,18%,4,vs. open collab 15%
1730756345675158318,Fenty Skin Hydra Vizor Huez Tinted SPF Refillable Moisturize...,Fenty Beauty,Beauty & Personal Care,$61.00,27,622,"20%
vs. open collab 15%",7494174595847964462,Fenty,18%,1,18%,3,vs. open collab 15%
1730826783727784750,"Fenty Skin Start’rs Full-Size Cleanser, Toner + Hydra Vizor Inv...",Fenty Beauty,Beauty & Personal Care,$116.00,7,"1,303","20%
vs. open collab 15%",7494174595847964462,Fenty,18%,1,18%,4,vs. open collab 15%
1730895832530653998,Fenty Hair Detangle + Repair Duo: Full-Size The Water Boi Le...,Fenty Beauty,Beauty & Personal Care,$47.00,12,40,"20%
vs. open collab 15%",7494174595847964462,Fenty,18%,1,18%,3,vs. open collab 15%
1730974301523907374,Fenty Eau de Parfum On-the-Go Travel Spray + Solid Perfum...,Fenty Beauty,Beauty & Personal Care,$79.00,0,"1,435","20%
vs. open collab 15%",7494174595847964462,Fenty,18%,1,18%,4,vs. open collab 15%
1730974355934778158,Rich Drip Duo: Fenty Eau de Parfum + Butta Dr...,Fenty Beauty,Beauty & Personal Care,$60.00-$140.00,0,"1,614","20%
vs. open collab 15%",7494174595847964462,Fenty,18%,1,18%,4,vs. open collab 15%
1731013187297121070,Fenty Hair The Maintenance Crew: Reparative Moisture Full-...,Fenty Beauty,Beauty & Personal Care,$113.00,13,311,"20%
vs. open collab 15%",7494174595847964462,Fenty,18%,1,18%,3,vs. open collab 15%
1731045117430567726,"RiRi on Repeat: Gloss Bomb Lip Gloss, Fenty Ico...",Fenty Beauty,Beauty & Personal Care,$70.00,0,71,"20%
vs. open collab 15%",7494174595847964462,Fenty,18%,1,18%,3,vs. open collab 15%
1731054664081249070,Fenty Skin Double Detox: Cookies N Clean Pore Detox Face M...,Fenty Beauty,Beauty & Personal Care,$62.00,0,456,"20%
vs. open collab 15%",7494174595847964462,Fenty,18%,1,18%,3,vs. open collab 15%
1731067359118398254,Glow N Set Essentials: Hydra Vizor Huez Refilla...,Fenty Beauty,Beauty & Personal Care,$77.00,23,"22,579","20%
vs. open collab 15%",7494174595847964462,Fenty,18%,1,18%,5,vs. open collab 15%
1731073236237718318,Sculpt + Highlight Essentials: Match Stix Contou...,Fenty Beauty,Beauty & Personal Care,$63.00,0,79,"25%
vs. open collab 20%",7494174595847964462,Fenty,23%,1,23%,3,vs. open collab 20%
1731173787195904814,5-Piece Lip Gloss Vault: Gloss Bomb Lip Luminiz...,Fenty Beauty,Beauty & Personal Care,$110.00,0,470,"25%
vs. open collab 15%",7494174595847964462,Fenty,23%,1,23%,3,vs. open collab 15%
1731196041946043182,Body Lava Body Luminizer — Who Needs Cloth...,Fenty Beauty,Beauty & Personal Care,$59.00,0,946,"20%
vs. open collab 15%",7494174595847964462,Fenty,18%,1,18%,3,vs. open collab 15%
1731196043057730350,Body Lava Body Luminizer — Oyster Pearlz,Fenty Beauty,Beauty & Personal Care,$59.00,0,470,"20%
vs. open collab 15%",7494174595847964462,Fenty,18%,1,18%,3,vs. open collab 15%
1731196045038293806,Body Lava Body Luminizer — Hold My Trophy,Fenty Beauty,Beauty & Personal Care,$59.00,0,"1,162","20%
vs. open collab 15%",7494174595847964462,Fenty,18%,1,18%,4,vs. open collab 15%
1731196048710079278,Body Lava Body Luminizer — Penny Drop,Fenty Beauty,Beauty & Personal Care,$59.00,0,809,"20%
vs. open collab 15%",7494174595847964462,Fenty,18%,1,18%,3,vs. open collab 15%
1731196145667314478,Body Glow Essentials: Body Lava Body Luminize...,Fenty Beauty,Beauty & Personal Care,$80.00,10,"5,375","20%
vs. open collab 15%",7494174595847964462,Fenty,18%,1,18%,4,vs. open collab 15%
1731320737503220526,Lash Essentials: Hella Thicc Volumizing Mascara...,Fenty Beauty,Beauty & Personal Care,$38.00,50,958,"25%
vs. open collab 15%",7494174595847964462,Fenty,23%,1,23%,3,vs. open collab 15%
1731320857824105262,Fenty Hair Curl Essentials: The Water Boi Reparative Leave-I...,Fenty Beauty,Beauty & Personal Care,$56.00,50,982,"25%
vs. open collab 15%",7494174595847964462,Fenty,23%,1,23%,3,vs. open collab 15%
1731354177891963694,Fenty Beauty The Smurfette Collection Smurfette-Inspired C...,,~~~,$150.00,0,471,"25%
vs. open collab 15%",7494174595847964462,Fenty,23%,1,23%,3,vs. open collab 15%
1731462829987500846,Fenty Skin Hydrate N Plump Essentials: Dew N Plump Hydrati...,Fenty Beauty,Beauty & Personal Care,$55.00,28,80,"25%
vs. open collab 15%",7494174595847964462,Fenty,23%,1,23%,3,vs. open collab 15%
1731566722370540334,Sculpt + Sparkle Duo: Match Stix Contour Skin...,Fenty Beauty,Beauty & Personal Care,$69.00,19,"1,088","25%
vs. open collab 15%",7494174595847964462,Fenty,23%,1,23%,4,vs. open collab 15%
1731568012055778094,Swirled Lip Essentials: Gloss Bomb Lip Gloss + ...,Fenty Beauty,Beauty & Personal Care,$46.00-$60.00,5,"6,629","25%
vs. open collab 15%",7494174595847964462,Fenty,23%,1,23%,4,vs. open collab 15%
1731812882790060846,Fenty Beauty Diamond Bomb All-Over Diamond Veil — How ...,,~~~,$21.00-$43.00,0,"1,417","15%
vs. open collab 15%",7494174595847964462,Fenty,13%,1,13%,4,vs. open collab 15%
1731880497210299182,Irresistible Body Essentials: Allover Body Mist + ...,Fenty Beauty,Beauty & Personal Care,$76.00,0,159,"25%
vs. open collab 15%",7494174595847964462,Fenty,23%,1,23%,3,vs. open collab 15%
1731897360911995694,Fenty Skin Dewy Skin Essentials: Dew N Plump Hydrating Ne...,Fenty Beauty,Beauty & Personal Care,$75.00,0,31,"25%
vs. open collab 15%",7494174595847964462,Fenty,23%,1,23%,3,vs. open collab 15%
1731903541977256750,Your Hair Curlfriends: Fenty Hair The Homecurl Curl-Defining ...,Fenty Beauty,Beauty & Personal Care,$62.00,0,"1,461","20%
vs. open collab 15%",7494174595847964462,Fenty,18%,1,18%,4,vs. open collab 15%
1731957116501005102,Chocolate Bordeaux Lip Duo: Trace’d Out Long...,Fenty Beauty,Beauty & Personal Care,$48.00,95,"4,671","25%
vs. open collab 15%",7494174595847964462,Fenty,23%,1,23%,4,vs. open collab 15%
1731962318787810094,Sparkle All Over Duo: Gloss Bomb Stix High-Shi...,Fenty Beauty,Beauty & Personal Care,$47.00-$69.00,0,"4,298","25%
vs. open collab 15%",7494174595847964462,Fenty,23%,1,23%,4,vs. open collab 15%
1731971552804836142,Fenty Skin Butta Drop Whipped Oil Body Cream with Tropical ...,Fenty Beauty,Beauty & Personal Care,$36.00,0,"15,238","25%
vs. open collab 15%",7494174595847964462,Fenty,23%,1,23%,5,vs. open collab 15%
1732115399919964974,Fenty Beauty Amplify Your Eyes Duo: Fine Linez Lash Line-Enc...,,~~~,$48.00,50,"3,369","25%
vs. open collab 15%",7494174595847964462,Fenty,23%,1,23%,4,vs. open collab 15%
1732201508781396782,Fenty Beauty Blend + Blur Essentials: Eaze Drop Lightweight ...,,~~~,$60.00,15,"1,189","25%
vs. open collab 15%",7494174595847964462,Fenty,21%,1,21%,6,vs. open collab 15%
1732273548252910382,Fenty Hair The Imposter Invisi-Boost Volumizing Dry Shampoo,,~~~,$32.00,0,82,"10%
vs. open collab 10%",7494174595847964462,Fenty,10%,1,10%,1,vs. open collab 10%
1732273570073776942,Fenty Beauty Oil Control Duo: Invisimatte Instant Setting + B...,,~~~,$71.00,50,151,"25%
vs. open collab 15%",7494174595847964462,Fenty,21%,1,21%,5,vs. open collab 15%
1732307746217497390,Fenty Beauty Poppin' Liquid Blush + Gloss Duo: Shake ’n Play...,,~~~,$51.00,20,123,"25%
vs. open collab 15%",7494174595847964462,Fenty,23%,1,23%,3,vs. open collab 15%
1729386344279544764,tarte maracuja juicy lip liner infused with hydrating maracuja ...,Tarte Cosmetics,Beauty & Personal Care,$23.00,186,"7,995","20%
vs. open collab 15%",7501827984081602346,Tarte,18%,1,18%,4,vs. open collab 15%
1729394248755876796,tarte sculpt tape™ contour - contour like a pro,Tarte Cosmetics,Beauty & Personal Care,$36.00,195,"2,837","20%
vs. open collab 15%",7501827984081602346,Tarte,18%,1,18%,4,vs. open collab 15%
1729394248765576124,fake awake™ eye highlight,Tarte Cosmetics,Beauty & Personal Care,$24.00,192,"44,510","20%
vs. open collab 15%",7501827984081602346,Tarte,18%,1,18%,5,vs. open collab 15%
1729394305148490684,tartelette™ tubing mascara,Tarte Cosmetics,Beauty & Personal Care,$28.00,184,"47,235","20%
vs. open collab 15%",7501827984081602346,Tarte,18%,1,18%,5,vs. open collab 15%
1729394328972071868,tarte blush tape liquid blush - dewy flush for an instant cheek...,Tarte Cosmetics,Beauty & Personal Care,$36.00,195,"1,842","20%
vs. open collab 15%",7501827984081602346,Tarte,18%,1,18%,4,vs. open collab 15%
1729402574508823484,tarte maracuja juicy lip balm - buildable coverage & a glossy ...,Tarte Cosmetics,Beauty & Personal Care,$27.00,190,"107,909","20%
vs. open collab 15%",7501827984081602346,Tarte,18%,1,18%,5,vs. open collab 15%
1729406301220606908,tarte face tape foundation,Tarte Cosmetics,Beauty & Personal Care,$37.00,171,"124,441","20%
vs. open collab 15%",7501827984081602346,Tarte,18%,1,18%,5,vs. open collab 15%
1729410563951662012,tarte maracuja juicy lip plump - glossy plump finish,Tarte Cosmetics,Beauty & Personal Care,$27.00,192,"77,253","20%
vs. open collab 15%",7501827984081602346,Tarte,18%,1,18%,5,vs. open collab 15%
1729416308628231100,"the buffer™ brush - fluffy, dome foundation brush",Tarte Cosmetics,Beauty & Personal Care,$39.00,188,"274,095","20%
vs. open collab 15%",7501827984081602346,Tarte,18%,1,18%,5,vs. open collab 15%
1729417067781002172,tarte sculpt tape & blush tape duo - blush and bronzer,Tarte Cosmetics,Beauty & Personal Care,$36.00,176,"195,241","20%
vs. open collab 15%",7501827984081602346,Tarte,18%,1,18%,5,vs. open collab 15%
1729417433598366652,tarte maracuja juicy lip plump shimmer glass,Tarte Cosmetics,Beauty & Personal Care,$27.00,199,"56,856","20%
vs. open collab 15%",7501827984081602346,Tarte,18%,1,18%,5,vs. open collab 15%
1729442595353301948,tarte XL tubing mascara tartelette - long-lasting waterproof ...,Tarte Cosmetics,Beauty & Personal Care,$28.00,197,"19,648","20%
vs. open collab 15%",7501827984081602346,Tarte,18%,1,18%,5,vs. open collab 15%
1729442596866986940,tarte maracuja juicy lip vinyl - mirror shine lip gloss,Tarte Cosmetics,Beauty & Personal Care,$27.00,195,"20,154","20%
vs. open collab 15%",7501827984081602346,Tarte,18%,1,18%,5,vs. open collab 15%
1729475449513153468,tarte maracuja juicy plumping lip oil - hydrating and moisturiz...,Tarte Cosmetics,Beauty & Personal Care,$27.00,194,"38,938","20%
vs. open collab 15%",7501827984081602346,Tarte,18%,1,18%,5,vs. open collab 15%
1729482383249478588,tarte glow tape™ highlighter - liquid highlighter for a gorgeou...,Tarte Cosmetics,Beauty & Personal Care,$36.00,197,"1,915","20%
vs. open collab 15%",7501827984081602346,Tarte,18%,1,18%,4,vs. open collab 15%
1729482383748993980,tarte creaseless loose setting powder - free setting puff,Tarte Cosmetics,Beauty & Personal Care,$37.00,184,"25,582","20%
vs. open collab 15%",7501827984081602346,Tarte,18%,1,18%,5,vs. open collab 15%
1729532687558808508,tarte concealer paw brush - angled for seamless application,Tarte Cosmetics,Beauty & Personal Care,$29.00,194,"735,810","20%
vs. open collab 20%",7501827984081602346,Tarte,18%,1,18%,5,vs. open collab 20%
1729533453435311036,tarte creaseless creamy concealer duo for flawless coverage ...,Tarte Cosmetics,Beauty & Personal Care,$30.00,187,"76,959","20%
vs. open collab 15%",7501827984081602346,Tarte,18%,1,18%,5,vs. open collab 15%
1729533457339618236,tarte creaseless concealer™ - full coverage with a natural rad...,Tarte Cosmetics,Beauty & Personal Care,$32.00,185,"19,679","20%
vs. open collab 15%",7501827984081602346,Tarte,18%,1,18%,5,vs. open collab 15%
1729553197878121404,tarte shape tape™ stay spray vegan setting spray - 16 hour l...,Tarte Cosmetics,Beauty & Personal Care,$32.00,199,"1,381","20%
vs. open collab 15%",7501827984081602346,Tarte,18%,1,18%,4,vs. open collab 15%
1729734769623929788,tarte colored clay CC undereye corrector,Tarte Cosmetics,Beauty & Personal Care,$32.00,148,"709,243","20%
vs. open collab 15%",7501827984081602346,Tarte,18%,1,18%,5,vs. open collab 15%
1729734808201434044,tarte double take eyeliner - longwear 2-in-1 liquid & gel penc...,Tarte Cosmetics,Beauty & Personal Care,$26.00,196,"2,963","20%
vs. open collab 15%",7501827984081602346,Tarte,18%,1,18%,4,vs. open collab 15%
1729962802833298364,"tarte go with the faux freckle stamp - natural-looking, 5 pron...",Tarte Cosmetics,Beauty & Personal Care,$26.00,181,"43,623","20%
vs. open collab 15%",7501827984081602346,Tarte,18%,1,18%,5,vs. open collab 15%
1730149950613459900,"tarte lights, camera, lashes™ platinum mascara - extreme vol...",Tarte Cosmetics,Beauty & Personal Care,$28.00,190,"41,306","20%
vs. open collab 15%",7501827984081602346,Tarte,18%,1,18%,5,vs. open collab 15%
1730200579055260604,tarte tartelette™ in bloom mini Amazonian clay palette - neut...,Tarte Cosmetics,Beauty & Personal Care,$25.00,0,"3,031","20%
vs. open collab 15%",7501827984081602346,Tarte,18%,1,18%,4,vs. open collab 15%
1730473235192124348,tarte locked in duo - tubing mascara & life lock setting spray,Tarte Cosmetics,Beauty & Personal Care,$38.00,190,"28,452","20%
vs. open collab 15%",7501827984081602346,Tarte,18%,1,18%,5,vs. open collab 15%
1730473604579234748,tarte Life Lock™ hydrating setting spray,Tarte Cosmetics,Beauty & Personal Care,$32.00,195,"1,474","20%
vs. open collab 15%",7501827984081602346,Tarte,18%,1,18%,4,vs. open collab 15%
1730473639286576060,tarte perfect & set kit - shape tape concealer & life lock setti...,Tarte Cosmetics,Beauty & Personal Care,$42.00,195,"6,361","20%
vs. open collab 15%",7501827984081602346,Tarte,18%,1,18%,4,vs. open collab 15%
1730588759262139324,tarte shape & bake shape tape concealer & setting duo + FR...,Tarte Cosmetics,Beauty & Personal Care,$42.00,172,"17,557","20%
vs. open collab 15%",7501827984081602346,Tarte,18%,1,18%,5,vs. open collab 15%
1730614236173603772,tarte quickie blending sponge - all-in-one complexion sponge,Tarte Cosmetics,Beauty & Personal Care,$18.00,199,"7,541","20%
vs. open collab 15%",7501827984081602346,Tarte,18%,1,18%,4,vs. open collab 15%
1730756126751626172,tarte maracuja tinted moisturizer,Tarte Cosmetics,Beauty & Personal Care,$34.00,199,801,"20%
vs. open collab 15%",7501827984081602346,Tarte,18%,1,18%,3,vs. open collab 15%
1730777340551009212,tarte shape tape™ concealer stick,Tarte Cosmetics,Beauty & Personal Care,$32.00,193,"10,763","20%
vs. open collab 15%",7501827984081602346,Tarte,18%,1,18%,5,vs. open collab 15%
1730778239644046268,tarte shape tape™ concealer brush,Tarte Cosmetics,Beauty & Personal Care,$32.00,200,807,"20%
vs. open collab 15%",7501827984081602346,Tarte,18%,1,18%,3,vs. open collab 15%
1730821984215339964,tarte maracuja juicy lip melt mask,Tarte Cosmetics,Beauty & Personal Care,$27.00,197,"1,952","20%
vs. open collab 15%",7501827984081602346,Tarte,18%,1,18%,4,vs. open collab 15%
1730842431967105980,tarte day to night lip kit - maracuja juicy melt mask & lip plump,Tarte Cosmetics,Beauty & Personal Care,$32.00,172,"12,622","20%
vs. open collab 15%",7501827984081602346,Tarte,18%,1,18%,5,vs. open collab 15%
1730968659830019004,tarte x @itsmaureenkelly lash cocktail - tartelette tubing mas...,Tarte Cosmetics,Beauty & Personal Care,$28.00,153,"378,516","20%
vs. open collab 15%",7501827984081602346,Tarte,18%,1,18%,5,vs. open collab 15%
1730968766366585788,tarte tartelette™ tubing lash primer,Tarte Cosmetics,Beauty & Personal Care,$28.00,197,"1,256","20%
vs. open collab 15%",7501827984081602346,Tarte,18%,1,18%,4,vs. open collab 15%
1730973651903878076,tarte freckle stamp and maracuja juicy lip shimmer duo,Tarte Cosmetics,Beauty & Personal Care,$26.00,172,"39,837","20%
vs. open collab 15%",7501827984081602346,Tarte,18%,1,18%,5,vs. open collab 15%
1731114144662655932,tarte maracuja juicy lip liner duo,Tarte Cosmetics,Beauty & Personal Care,$23.00,191,"4,864","20%
vs. open collab 15%",7501827984081602346,Tarte,18%,1,18%,4,vs. open collab 15%
1731128024115155900,"tarte maracuja juicy lip tattoo - 3-in-1 lip stain, liner & gloss",Tarte Cosmetics,Beauty & Personal Care,$29.00,193,"2,223","20%
vs. open collab 15%",7501827984081602346,Tarte,18%,1,18%,4,vs. open collab 15%
1731128149174031292,"tarte maracuja juicy lip tattoo - 3-in-1 lip stain, liner & gloss d...",Tarte Cosmetics,Beauty & Personal Care,$36.00,193,"6,967","20%
vs. open collab 15%",7501827984081602346,Tarte,18%,1,18%,4,vs. open collab 15%
1731167317715489724,tarte tartelette™ quick stick liner,Tarte Cosmetics,Beauty & Personal Care,$20.00,0,"23,936","20%
vs. open collab 15%",7501827984081602346,Tarte,18%,1,18%,5,vs. open collab 15%
1731167327805084604,tarte quick stick eyeliner + tubing,Tarte Cosmetics,Beauty & Personal Care,$39.00,0,"2,224","20%
vs. open collab 15%",7501827984081602346,Tarte,18%,1,18%,4,vs. open collab 15%
1731240963193213884,tarte double-ended setting powder brush,Tarte Cosmetics,Beauty & Personal Care,$36.00,0,"19,006","20%
vs. open collab 15%",7501827984081602346,Tarte,18%,1,18%,5,vs. open collab 15%
1731240977029764028,tarte #trippinwithtarte eyeshadow palette,Tarte Cosmetics,Beauty & Personal Care,$49.00,0,667,"20%
vs. open collab 15%",7501827984081602346,Tarte,18%,1,18%,3,vs. open collab 15%
1731241008946385852,tarte #trippinwithtarte eyeshadow palette & tubing mascara,Tarte Cosmetics,Beauty & Personal Care,$49.00,0,"1,585","20%
vs. open collab 15%",7501827984081602346,Tarte,18%,1,18%,4,vs. open collab 15%
1731241021406221244,tarte creaseless setting powder & brush,Tarte Cosmetics,Beauty & Personal Care,$42.00,0,"8,264","20%
vs. open collab 15%",7501827984081602346,Tarte,18%,1,18%,4,vs. open collab 15%
1731288355963704252,tarte travel-size shape tape™ concealer,Tarte Cosmetics,Beauty & Personal Care,$15.00,0,"4,003","20%
vs. open collab 15%",7501827984081602346,Tarte,18%,1,18%,4,vs. open collab 15%
1731288360847315900,tarte travel-size maracuja juicy lip balm gloss,Tarte Cosmetics,Beauty & Personal Care,$15.00,0,"3,942","20%
vs. open collab 15%",7501827984081602346,Tarte,18%,1,18%,4,vs. open collab 15%
1731288369067824060,tarte travel-size tartelette tubing mascara,Tarte Cosmetics,Beauty & Personal Care,$15.00,0,"1,531","20%
vs. open collab 15%",7501827984081602346,Tarte,18%,1,18%,4,vs. open collab 15%
1731288372421891004,tarte viral travel-size trio,Tarte Cosmetics,Beauty & Personal Care,$30.00,0,915,"20%
vs. open collab 15%",7501827984081602346,Tarte,18%,1,18%,3,vs. open collab 15%
1731292837683303356,tarte maracuja juicy multi-stick - cream blush stick & lip tint,Tarte Cosmetics,Beauty & Personal Care,$30.00,0,276,"20%
vs. open collab 15%",7501827984081602346,Tarte,18%,1,18%,3,vs. open collab 15%
1731292860411974588,tarte stippling cream blush brush,Tarte Cosmetics,Beauty & Personal Care,$34.00,0,45,"20%
vs. open collab 15%",7501827984081602346,Tarte,18%,1,18%,3,vs. open collab 15%
1731292952561357756,tarte lip & cheek multi-stick blush + brush duo,Tarte Cosmetics,Beauty & Personal Care,$30.00,0,"6,393","20%
vs. open collab 15%",7501827984081602346,Tarte,18%,1,18%,4,vs. open collab 15%
1731325873254929340,"tarte travel-size face tape foundation - matte, waterproof, an...",Tarte Cosmetics,Beauty & Personal Care,$18.00,0,"3,994","20%
vs. open collab 15%",7501827984081602346,Tarte,18%,1,18%,4,vs. open collab 15%
1731325875097736124,tarte travel-size BB blur tinted moisturizer SPF 30 - instantly...,Tarte Cosmetics,Beauty & Personal Care,$18.00,0,"7,094","20%
vs. open collab 15%",7501827984081602346,Tarte,18%,1,18%,4,vs. open collab 15%
1731369556728517564,tartelette tubing mascara + fake awake duo,Tarte Cosmetics,Beauty & Personal Care,$39.00,0,"1,642","20%
vs. open collab 15%",7501827984081602346,Tarte,18%,1,18%,4,vs. open collab 15%
1731369586880451516,tarte tartelette tubing mascara duo,Tarte Cosmetics,Beauty & Personal Care,$28.00,0,"62,664","20%
vs. open collab 15%",7501827984081602346,Tarte,18%,1,18%,5,vs. open collab 15%
1731369594504713148,tarte fake awake eye liner trio,Tarte Cosmetics,Beauty & Personal Care,$30.00,0,"10,122","20%
vs. open collab 15%",7501827984081602346,Tarte,18%,1,18%,5,vs. open collab 15%
1731479728255505340,tarte smolderEYES shadow liner,Tarte Cosmetics,Beauty & Personal Care,$26.00,0,"3,120","20%
vs. open collab 15%",7501827984081602346,Tarte,18%,1,18%,4,vs. open collab 15%
1731479846982685628,tarte smolderEYES shadow liner duo,Tarte Cosmetics,Beauty & Personal Care,$39.00,0,"42,990","20%
vs. open collab 15%",7501827984081602346,Tarte,18%,1,18%,5,vs. open collab 15%
1731555335823070140,maracuja juicy shift,Tarte Cosmetics,Beauty & Personal Care,$27.00,0,436,"20%
vs. open collab 15%",7501827984081602346,Tarte,18%,1,18%,3,vs. open collab 15%
1731555490948617148,tarte maneater eyelash curler & mini mascara,Tarte Cosmetics,Beauty & Personal Care,$25.00,0,"1,780","20%
vs. open collab 15%",7501827984081602346,Tarte,18%,1,18%,4,vs. open collab 15%
1731600678904959932,tarte tartelette lash curler,Tarte Cosmetics,Beauty & Personal Care,$25.00,0,"29,480","20%
vs. open collab 15%",7501827984081602346,Tarte,18%,1,18%,5,vs. open collab 15%
1731600705356993468,tarte angled complexion brush,Tarte Cosmetics,Beauty & Personal Care,$34.00,0,120,"20%
vs. open collab 15%",7501827984081602346,Tarte,18%,1,18%,3,vs. open collab 15%
1731600709268640700,tarte sculpting cheek brush,Tarte Cosmetics,Beauty & Personal Care,$34.00,0,"1,422","20%
vs. open collab 15%",7501827984081602346,Tarte,18%,1,18%,4,vs. open collab 15%
1731600730870682556,tarte kabuki body brush,Tarte Cosmetics,Beauty & Personal Care,$35.00,0,42,"20%
vs. open collab 15%",7501827984081602346,Tarte,18%,1,18%,3,vs. open collab 15%
1731600749781881788,"tarte maneater mascara - lengthen, volumize & curl",Tarte Cosmetics,Beauty & Personal Care,$28.00,0,"4,501","20%
vs. open collab 15%",7501827984081602346,Tarte,18%,1,18%,4,vs. open collab 15%
1731600774236312508,tarte sculpt tape + sculpting cheek brush duo,Tarte Cosmetics,Beauty & Personal Care,$41.00,0,"9,420","20%
vs. open collab 15%",7501827984081602346,Tarte,18%,1,18%,4,vs. open collab 15%
1731600826521654204,tarte maneater home & to-go mascaras + lash curler,Tarte Cosmetics,Beauty & Personal Care,$33.00,0,"2,389","20%
vs. open collab 15%",7501827984081602346,Tarte,18%,1,18%,4,vs. open collab 15%
1731600950652212156,tarte maracuja tinted moisturizer + angled complexion brush ...,Tarte Cosmetics,Beauty & Personal Care,$34.00,0,"1,345","20%
vs. open collab 15%",7501827984081602346,Tarte,18%,1,18%,4,vs. open collab 15%
1731601841487647676,tarte limited-edition buffer foundation brush,Tarte Cosmetics,Beauty & Personal Care,$39.00,0,"3,361","20%
vs. open collab 15%",7501827984081602346,Tarte,18%,1,18%,4,vs. open collab 15%
1731646328543155132,tarte flat highlighting brush,Tarte Cosmetics,Beauty & Personal Care,$34.00,0,12,"20%
vs. open collab 15%",7501827984081602346,Tarte,18%,1,18%,3,vs. open collab 15%
1731646333671084988,tarte Amazonian clay shimmering light highlighter,Tarte Cosmetics,Beauty & Personal Care,$32.00,0,118,"20%
vs. open collab 15%",7501827984081602346,Tarte,18%,1,18%,3,vs. open collab 15%
1731646356630180796,tarte Amazonian clay shimmering light highlighter & brush,Tarte Cosmetics,Beauty & Personal Care,$37.00,0,409,"20%
vs. open collab 15%",7501827984081602346,Tarte,18%,1,18%,3,vs. open collab 15%
1731725077343409084,tartelette tubing must-haves mascara set,Tarte Cosmetics,Beauty & Personal Care,$49.00,0,"10,091","20%
vs. open collab 15%",7501827984081602346,Tarte,18%,1,9.00%,5,vs. open collab 15%
1731743666026288060,tarte maracuja juicy lip vanilla icing collection,Tarte Cosmetics,Beauty & Personal Care,$10.00,8,"29,880","20%
vs. open collab 15%",7501827984081602346,Tarte,18%,1,10.80%,5,vs. open collab 15%
1731798180843852732,tarte limited-edition peppermint swirl maracuja juicy lip plump,Tarte Cosmetics,Beauty & Personal Care,$19.00,0,"10,678","20%
vs. open collab 15%",7501827984081602346,Tarte,18%,1,10.80%,5,vs. open collab 15%
1731798277411935164,limited-edition creaseless setting powder + free setting puff,Tarte Cosmetics,Beauty & Personal Care,$37.00,9,431,"20%
vs. open collab 15%",7501827984081602346,Tarte,18%,1,10.80%,3,vs. open collab 15%
1731926023896404924,tartelette™ toasted eyeshadow palette,,~~~,$49.00,0,565,"20%
vs. open collab 15%",7501827984081602346,Tarte,18%,1,10.80%,3,vs. open collab 15%
1731971169646056380,tarte glow pot eyeshadow & brush,Tarte Cosmetics,Beauty & Personal Care,$30.00,12,"2,681","20%
vs. open collab 15%",7501827984081602346,Tarte,18%,1,10.80%,4,vs. open collab 15%
1732012946911892412,tarte lil’ treats maracuja juicy lip trio,Tarte Cosmetics,Beauty & Personal Care,$25.00,11,"4,195","20%
vs. open collab 15%",7501827984081602346,Tarte,18%,1,10.80%,4,vs. open collab 15%
1732129593183998908,#trippinwithtarte shape & bake duo – shape tape concealer s...,,~~~,$42.00,18,"1,044","20%
vs. open collab 15%",7501827984081602346,Tarte,18%,1,10.80%,4,vs. open collab 15%
1732129640165643196,"@itsmaureenkelly #trippin must haves – tubing mascara, frec...",,~~~,$39.00,20,219,"20%
vs. open collab 15%",7501827984081602346,Tarte,18%,1,10.80%,3,vs. open collab 15%
1732129662940648380,tarte maracuja juicy vinyl drip lip gloss with limited-edition c...,,~~~,$27.00,19,80,"20%
vs. open collab 15%",7501827984081602346,Tarte,18%,1,10.80%,3,vs. open collab 15%
1732129679856997308,tarte maracuja juicy lip plump liner with limited-edition charm,,~~~,$23.00,19,87,"20%
vs. open collab 15%",7501827984081602346,Tarte,18%,1,10.80%,3,vs. open collab 15%
1732129713312338876,tarte macaron blush & glow duo + brush,Tarte Cosmetics,Beauty & Personal Care,$43.00,17,"7,266","20%
vs. open collab 15%",7501827984081602346,Tarte,18%,1,10.80%,4,vs. open collab 15%
1732129717465682876,vinyl drip lip gloss & plump liner + FREE mystery charms,,~~~,$32.00,19,"2,607","20%
vs. open collab 15%",7501827984081602346,Tarte,18%,1,10.80%,4,vs. open collab 15%
1732204596136219580,"tarte shape tape creamy eye lift effect trio - concealer, eyeli...",Tarte Cosmetics,Beauty & Personal Care,$42.00,10,"1,762","25%
vs. open collab 20%",7501827984081602346,Tarte,23%,1,11.04%,4,vs. open collab 20%
1729432466432430561,[Anua] Dark Spot Correcting Serum : 10% Niacinamide+ 4% ...,Anua Store US,Beauty & Personal Care,$23.28-$46.56,29,"95,782","15%
vs. open collab 15%",7503971111379044138,Anua,15%,1,15%,2,vs. open collab 15%
1729472700694237665,[Anua Official] Viral Ultimate Glass Skin Bundle | Salmon PDR...,Anua Store US,Beauty & Personal Care,$76.63,49,"160,779","15%
vs. open collab 15%",7503971111379044138,Anua,15%,1,15%,2,vs. open collab 15%
1729494640674836961,[Anua Official Shop] Korean Rice Enzyme Brightening Cleansi...,Anua Store US,Beauty & Personal Care,$24.25-$41.71,20,"9,504","25%
vs. open collab 15%",7503971111379044138,Anua,22%,1,22%,4,vs. open collab 15%
1729700978019176929,[Anua Official Shop] Azelaic Acid 10 Hyaluron Redness Soothi...,Anua Store US,Beauty & Personal Care,$26.19-$46.56,30,"17,133","20%
vs. open collab 15%",7503971111379044138,Anua,18%,1,18%,4,vs. open collab 15%
1729716733872476641,[Anua] Korean Rice Glass Skin 4-Step Routine | Moisturizing ...,Anua Store US,Beauty & Personal Care,$63.05-$87.30,20,"16,404","25%
vs. open collab 15%",7503971111379044138,Anua,23%,1,23%,4,vs. open collab 15%
1730216920328147425,[Anua] Affordable Full-Korean Glass Skincare Routine Set｜8 ...,Anua Store US,Beauty & Personal Care,$114.46,20,"33,959","25%
vs. open collab 15%",7503971111379044138,Anua,22%,1,22%,5,vs. open collab 15%
1730515961136189921,[Anua Official Shop] Retinol TM 0.1 Caffeine Revitalizing Eye C...,Anua Store US,Beauty & Personal Care,$23.28-$37.83,20,"19,870","25%
vs. open collab 15%",7503971111379044138,Anua,22%,1,22%,5,vs. open collab 15%
1731064074739421665,[Anua] Zero-cast Moisturizing Finish Sunscreen (50ml) ｜SPF ...,Anua Store US,Beauty & Personal Care,$24.25-$44.62,30,"18,113","20%
vs. open collab 15%",7503971111379044138,Anua,18%,1,18%,4,vs. open collab 15%
1731106994268639713,[Anua Official Shop] The Rejuvenation Trio (Retinol Eye Cream...,Anua Store US,Beauty & Personal Care,$60.14,0,"1,757","20%
vs. open collab 15%",7503971111379044138,Anua,18%,1,18%,3,vs. open collab 15%
1731248916184142305,[Anua Official Shop] Niacinamide 5 TXA Brightening Pad (210...,Anua Store US,Beauty & Personal Care,$26.19,0,"2,490","20%
vs. open collab 15%",7503971111379044138,Anua,18%,1,18%,3,vs. open collab 15%
1731249657718608353,[Anua Official Shop] Azelaic 10 Hyaluron Redness Soothing P...,Anua Store US,Beauty & Personal Care,$26.19,0,871,"20%
vs. open collab 15%",7503971111379044138,Anua,18%,1,18%,2,vs. open collab 15%
1731249695879303649,[Anua] 8 Hyaluronic Acid Catechin Calming Pad (185ml / 110P...,Anua Store US,Beauty & Personal Care,$26.19,0,198,"20%
vs. open collab 15%",7503971111379044138,Anua,18%,1,18%,2,vs. open collab 15%
1731263894308426209,[Anua Official Shop] LIVE EXCLUSIVE Super Affordable Korea...,Anua Store US,Beauty & Personal Care,$176.54,0,"3,143","25%
vs. open collab 15%",7503971111379044138,Anua,23%,1,23%,3,vs. open collab 15%
1731317415731827169,"[Anua] Sun-ready Travel Kit ｜no white cast sunscreen, mini c...",Anua Store US,Beauty & Personal Care,$40.74,0,"1,406","25%
vs. open collab 15%",7503971111379044138,Anua,23%,1,23%,3,vs. open collab 15%
1731334838123074017,[Anua Official Shop] PDRN Hyaluronic Acid 100 Moisturizing ...,,~~~,$28.13-$54.32,30,"16,951","25%
vs. open collab 15%",7503971111379044138,Anua,22%,1,22%,5,vs. open collab 15%
1731350212725740001,[Anua] Serum Discovery Set (10ml*3ea) | dark spot correcting...,Anua Store US,Beauty & Personal Care,$35.89,0,"1,458","20%
vs. open collab 15%",7503971111379044138,Anua,18%,1,18%,3,vs. open collab 15%
1731599243809493473,[Anua Official] Glow up in a week Bundle | Trending All-in-On...,Anua Store US,Beauty & Personal Care,$92.15-$108.64,0,"3,621","15%
vs. open collab 15%",7503971111379044138,Anua,15%,1,15%,1,vs. open collab 15%
1732082141822882273,"[Anua] PDRN Collagen Glow Facial Serum Spray 30ml, 100ml...",,~~~,$22.31-$42.68,29,"10,075","25%
vs. open collab 15%",7503971111379044138,Anua,22%,1,22%,5,vs. open collab 15%
1729411147324494552,CUPSHE Plunge Halter Wide Leg Jumpsuit with Pockets Slee...,CUPSHE SHOP,Womenswear & Underwear,$40.83,0,"22,327","18%
vs. open collab 8%",7503992558582843178,CUPSHE,15%,1,15%,5,vs. open collab 8%
1729416932526494424,CUPSHE One-Piece Swimsuit: Plunging V Neck Sculpting Tu...,CUPSHE SHOP,Sports & Outdoor,$40.99,0,"80,828","18%
vs. open collab 10%",7503992558582843178,CUPSHE,15%,1,15%,5,vs. open collab 10%
1729422284288070360,CUPSHE Boho V-Neck Crochet Beach Cover Up Swimsuit - Ci...,CUPSHE SHOP,Sports & Outdoor,$35.99,10,"10,418","18%
vs. open collab 8%",7503992558582843178,CUPSHE,15%,1,15%,5,vs. open collab 8%
1729428487712445144,CUPSHE High Waisted Bikini Sets for Women 2026: Tummy C...,CUPSHE SHOP,Sports & Outdoor,$31.99-$39.99,0,"26,363","18%
vs. open collab 8%",7503992558582843178,CUPSHE,15%,1,15%,5,vs. open collab 8%
1729430537491944152,CUPSHE Women's Bikini Set Two Piece Swimsuits Stylish Bea...,CUPSHE SHOP,Sports & Outdoor,$36.99,0,"7,983","18%
vs. open collab 8%",7503992558582843178,CUPSHE,15%,1,15%,4,vs. open collab 8%
1729432102129406680,CUPSHE Iconic Leopard Print Midkini Swimsuit - High-Waiste...,CUPSHE SHOP,Sports & Outdoor,$37.98,0,"5,876","18%
vs. open collab 8%",7503992558582843178,CUPSHE,15%,1,15%,4,vs. open collab 8%
1729494777496048344,CUPSHE Boho Floral One-Piece Swimwear | Sculpting Tummy ...,CUPSHE SHOP,Sports & Outdoor,$29.43-$43.68,0,"9,748","18%
vs. open collab 8%",7503992558582843178,CUPSHE,15%,1,15%,4,vs. open collab 8%
1729537978080006872,CUPSHE Women's Denim V-Neck Mini Dress Sleeveless Casu...,CUPSHE SHOP,Womenswear & Underwear,$41.99,0,"3,532","18%
vs. open collab 10%",7503992558582843178,CUPSHE,15%,1,15%,4,vs. open collab 10%
1729698603070886616,CUPSHE Deep V Neck One-Piece Swimsuit Set swimwear - ...,CUPSHE SHOP,Sports & Outdoor,$43.69-$45.99,0,"26,094","18%
vs. open collab 8%",7503992558582843178,CUPSHE,15%,1,15%,5,vs. open collab 8%
1729832719331005144,CUPSHE Coastal Ribbing Bandeau & High Rise Bottoms Biki...,CUPSHE SHOP,Sports & Outdoor,$39.08-$41.99,0,"6,690","18%
vs. open collab 8%",7503992558582843178,CUPSHE,15%,1,15%,4,vs. open collab 8%
1729846534934729432,CUPSHE Textured Boho Crochet One-Piece Swimsuit - Deep ...,CUPSHE SHOP,Sports & Outdoor,$39.88,0,"6,082","18%
vs. open collab 8%",7503992558582843178,CUPSHE,15%,1,15%,4,vs. open collab 8%
1729911849655440088,CUPSHE 3-PIECE SET High Cut | Textured Spandex Bikini & S...,CUPSHE SHOP,Sports & Outdoor,$42.33-$43.99,0,"16,927","18%
vs. open collab 8%",7503992558582843178,CUPSHE,15%,1,15%,5,vs. open collab 8%
1730065990900290264,CUPSHE Floral Plunging Flutter Strap Tummy Control One-Pie...,CUPSHE SHOP,Sports & Outdoor,$37.99-$45.99,0,"2,218","18%
vs. open collab 8%",7503992558582843178,CUPSHE,15%,1,15%,4,vs. open collab 8%
1730197104158085848,CUPSHE Sparking Lurex O-Ring Bandeau & Cheeky Bikini Set ...,CUPSHE SHOP,Sports & Outdoor,$36.99-$43.99,0,"3,676","18%
vs. open collab 8%",7503992558582843178,CUPSHE,15%,1,15%,4,vs. open collab 8%
1731137034371896024,CUPSHE Waist Striped Maxi Dress: Viral Flattering Square Ne...,CUPSHE SHOP,Womenswear & Underwear,$38.93,0,"4,624","18%
vs. open collab 8%",7503992558582843178,CUPSHE,15%,1,15%,4,vs. open collab 8%
1730722656234607344,"TimeOFF Women's Tank Off-Shoulder U-Back Dress , Side-Ti...",TimeOFF Sports,Sports & Outdoor,$33.40,5,"2,138","20%
vs. open collab 9%",7504811782663128875,TimeOFF,18%,1,7.20%,3,vs. open collab 9%
1730722656797627120,TimeOFF Color-Blocked Halter Crop Tube Top & Mid-Rise Sh...,TimeOFF Sports,Sports & Outdoor,$27.13,6,"7,029","20%
vs. open collab 9%",7504811782663128875,TimeOFF,18%,1,7.20%,3,vs. open collab 9%
1730722695198970608,"TimeOFF Women's Sleeveless Sports Dress , Concealed Zipp...",TimeOFF Sports,Womenswear & Underwear,$29.67-$31.24,7,"3,560","20%
vs. open collab 9%",7504811782663128875,TimeOFF,18%,1,7.20%,3,vs. open collab 9%
1730722724112863984,TimeOFF Two-Piece Color Block U-Neck Piped Tank & Bell B...,TimeOFF Sports,Sports & Outdoor,$32.36,9,"7,629","20%
vs. open collab 9%",7504811782663128875,TimeOFF,17%,1,6.80%,4,vs. open collab 9%
1730722738803806960,TimeOFF Women's 2-Piece Cherry Print Crew Neck Tee & Hig...,TimeOFF Sports,Sports & Outdoor,$35.68,8,"2,539","20%
vs. open collab 9%",7504811782663128875,TimeOFF,18%,1,7.20%,3,vs. open collab 9%
1730723137457066736,TimeOFF 5-Piece Solid Sports Tee Set Round Neck Slim Stre...,TimeOFF Sports,Sports & Outdoor,$13.78-$61.00,10,"93,757","20%
vs. open collab 9%",7504811782663128875,TimeOFF,18%,1,7.20%,4,vs. open collab 9%
1730824530491052784,TimeOFF Women's Solid Color Cross-Back Tank Romper & S...,TimeOFF Sports,Sports & Outdoor,$32.09,6,"4,084","20%
vs. open collab 9%",7504811782663128875,TimeOFF,18%,1,7.20%,3,vs. open collab 9%
1730846794447229680,TimeOFF Women's 2-Piece Deep V Crop Cami & Flared Pants ...,TimeOFF Sports,Sports & Outdoor,$27.77,10,"6,371","20%
vs. open collab 9%",7504811782663128875,TimeOFF,18%,1,7.20%,3,vs. open collab 9%
1730920530566222576,TimeOFF Women's Two-Piece Open-Back Tank & Flared Leg...,TimeOFF Sports,Womenswear & Underwear,$37.84,10,"2,428","20%
vs. open collab 9%",7504811782663128875,TimeOFF,18%,1,7.20%,3,vs. open collab 9%
1731099643415532272,"TimeOFF Women's Deep V-Back Jumpsuit , Detachable Bow,...",TimeOFF Sports,Womenswear & Underwear,$35.58,10,"3,391","20%
vs. open collab 9%",7504811782663128875,TimeOFF,17%,1,6.80%,4,vs. open collab 9%
1731099926811808496,TimeOFF 2-Piece Brushed Long-Sleeve & High-Waist Leggin...,TimeOFF Sports,Womenswear & Underwear,$23.67,6,"2,260","20%
vs. open collab 9%",7504811782663128875,TimeOFF,17%,1,6.80%,4,vs. open collab 9%
1731112170904195824,"TimeOFF Women's Halter Neck Jumpsuit , Folded Chest, Flar...",TimeOFF Sports,Sports & Outdoor,$35.68,8,"1,137","20%
vs. open collab 9%",7504811782663128875,TimeOFF,18%,1,7.20%,3,vs. open collab 9%
1731118344901792496,TIMEOFF Women's 2-Piece Long Sleeve Plunging V-Neck Set...,TimeOFF Sports,Sports & Outdoor,$28.79,6,"13,701","20%
vs. open collab 9%",7504811782663128875,TimeOFF,18%,1,7.20%,4,vs. open collab 9%
1731126108714472176,TimeOFF Women's Halter Neck Bodycon Flared Leg Jumpsuit ...,TimeOFF Sports,Womenswear & Underwear,$33.05,9,"28,797","20%
vs. open collab 9%",7504811782663128875,TimeOFF,18%,1,7.20%,4,vs. open collab 9%
1731131763555144432,TIMEOFF Women's Short Sleeve Zip-Up Athletic Romper wit...,,~~~,$31.04,10,"5,045","20%
vs. open collab 9%",7504811782663128875,TimeOFF,18%,1,7.20%,3,vs. open collab 9%
1731161332035785456,TimeOFF Women's Stylish Hot - Sleeveless Square - Neck Bac...,,~~~,$34.03,10,15,"20%
vs. open collab 9%",7504811782663128875,TimeOFF,17%,1,6.80%,3,vs. open collab 9%
1731223591962645232,"TimeOFF Backless Halter Jumpsuit , Soft Stretch Fabric, Mois...",TimeOFF Sports,Sports & Outdoor,$36.47,0,"39,548","20%
vs. open collab 9%",7504811782663128875,TimeOFF,18%,1,7.20%,4,vs. open collab 9%
1730590327524332493,Super Boost Lip Combo Value Set - Only on TikTok Shop - Art...,MakeUpForEverUSA,Beauty & Personal Care,$52.00,16,"8,004","20%
vs. open collab 15%",7511443620639016747,Make Up For Ever,18%,1,18%,3,vs. open collab 15%
1731158145750045645,Artist Color Crayon Value Set - Only on TikTok Shop - Artist ...,MakeUpForEverUSA,Beauty & Personal Care,$57.00,16,99,"20%
vs. open collab 15%",7511443620639016747,Make Up For Ever,18%,1,18%,2,vs. open collab 15%
1729465130853897169,"LEVAO 6 Pack Women’s Cotton Bikini Panties – Low Waist, Ha...",,~~~,$13.58-$16.99,15,"6,771","15%
vs. open collab 10%",7515083370353461034,LEVAO,13%,1,13%,3,vs. open collab 10%
1729465264358790097,LEVAO Seamless Underwear for Women No Show Ice Silk Bik...,,~~~,$16.48-$17.45,15,624,"15%
vs. open collab 10%",7515083370353461034,LEVAO,13%,1,13%,2,vs. open collab 10%
1729465277510357969,LEVAO Women's Seamless High Waisted Underwear Full Cov...,LEVAO-Store,Womenswear & Underwear,$16.98,15,"137,498","15%
vs. open collab 10%",7515083370353461034,LEVAO,13%,1,13%,4,vs. open collab 10%
1729534923136275409,LEVAO Women Underwear Cotton Playful Bikini Underwear W...,LEVAO-Store,Womenswear & Underwear,$18.98-$19.98,10,"9,710","15%
vs. open collab 10%",7515083370353461034,LEVAO,13%,1,13%,3,vs. open collab 10%
1729535063393932241,LEVAO Women Mid Waist Seamless Underwear polyester soft...,LEVAO-Store,Womenswear & Underwear,$13.58-$14.43,15,"14,074","15%
vs. open collab 10%",7515083370353461034,LEVAO,13%,1,13%,4,vs. open collab 10%
1729535154674897873,LEVAO Womens Cotton Hipster Underwear Mid Rise Plus Size...,LEVAO-Store,Womenswear & Underwear,$13.58-$16.98,15,"22,626","15%
vs. open collab 10%",7515083370353461034,LEVAO,13%,1,13%,4,vs. open collab 10%
1729545615380288465,LEVAO 6 Pack Women Medium Low Waist Underwear Invisibl...,LEVAO-Store,Womenswear & Underwear,$17.08-$17.89,14,"8,191","15%
vs. open collab 9%",7515083370353461034,LEVAO,13%,1,13%,3,vs. open collab 9%
1729601703767872465,LEVAO Women's High Waist Seamless Underwear No Show B...,LEVAO-Store,Womenswear & Underwear,$21.98-$34.98,15,"27,208","15%
vs. open collab 10%",7515083370353461034,LEVAO,13%,1,13%,4,vs. open collab 10%
1729654188888986577,LEVAO Cotton Underwear for Women Low Waist Boyshorts ...,LEVAO-Store,Womenswear & Underwear,$14.15-$14.54,11,"2,582","15%
vs. open collab 10%",7515083370353461034,LEVAO,13%,1,13%,3,vs. open collab 10%
1729757677462852561,LEVAO Cheeky Underwear for Women Lace Seamless Bikini ...,,~~~,$18.98,15,"1,172","15%
vs. open collab 10%",7515083370353461034,LEVAO,13%,1,13%,3,vs. open collab 10%
1730134877955920849,LEVAO Seamless Women's Boxer Shorts Underwear Anti Cha...,LEVAO-Store,Womenswear & Underwear,$20.98-$26.98,9,"3,043","15%
vs. open collab 10%",7515083370353461034,LEVAO,13%,1,13%,3,vs. open collab 10%
1730278404698706897,"LEVAO Women Tummy Control Underwear, High Waisted Sea...",LEVAO-Store,Womenswear & Underwear,$30.98-$31.03,14,"2,584","15%
vs. open collab 10%",7515083370353461034,LEVAO,13%,1,13%,3,vs. open collab 10%
1730894998384514001,"LEVAO 5 Pack Seamless High Waist Underwear for Women, ...",,~~~,$26.99,10,"1,150","15%
vs. open collab 10%",7515083370353461034,LEVAO,13%,1,13%,3,vs. open collab 10%
1730929909868172241,LEVAO Women’s Lace Cheeky Bikini Underwear – Seamless ...,,~~~,$19.98,10,248,"15%
vs. open collab 10%",7515083370353461034,LEVAO,13%,1,13%,2,vs. open collab 10%
1731055029032489937,LEVAO 6 Pack Plus Size Cotton Underwear for Women – Che...,,~~~,$25.99,15,72,"15%
vs. open collab 10%",7515083370353461034,LEVAO,13%,1,13%,2,vs. open collab 10%
1731187636774015953,LEVAO Boy Shorts Underwear for Women Lace Full Covreage...,,~~~,$24.24,10,402,"15%
vs. open collab 10%",7515083370353461034,LEVAO,13%,1,13%,2,vs. open collab 10%
1731250047674323921,LEVAO Shapewear Bodysuits for Women Tummy Control Sea...,,~~~,$8.72-$8.98,15,422,"15%
vs. open collab 10%",7515083370353461034,LEVAO,13%,1,13%,2,vs. open collab 10%
1731296676455945169,"LEVAO Women's Lace Bikini Underwear 6 Pack, Soft Cheeky ...",,~~~,$24.99,15,74,"15%
vs. open collab 10%",7515083370353461034,LEVAO,13%,1,13%,2,vs. open collab 10%
1731430509353930862,LEVAO 1/3/6 Pack Camel Toe Cover Thongs for Women – Lo...,,~~~,$9.99-$24.99,20,"8,938","20%
vs. open collab 10%",7515083370353461034,LEVAO,16%,1,16%,5,vs. open collab 10%
1731456162479706222,LEVAO Women’s Workout Thongs 3 Pack – Seamless No Sho...,,~~~,$16.99,20,73,"20%
vs. open collab 10%",7515083370353461034,LEVAO,16%,1,16%,4,vs. open collab 10%
1731456279103574126,LEVAO 3 Pack No Camel Toe Seamless Thongs + A Pair Reu...,,~~~,$18.99,20,4,"20%
vs. open collab 10%",7515083370353461034,LEVAO,16%,1,16%,4,vs. open collab 10%
1731458253242208366,LEVAO 1/3/6 Pack Women’s Seamless Thongs – No Show Ca...,,~~~,$6.99-$24.99,20,"2,432","20%
vs. open collab 10%",7515083370353461034,LEVAO,16%,1,16%,5,vs. open collab 10%
1729404875660300546,DIFF Bella Tortoise Polarized Womens Sunglasses - Oversize...,DIFF Charitable Eyewear,Fashion Accessories,$59.00-$64.00,0,"2,118","30%
vs. open collab 10%",7515085339021494062,DIFF Eyewear,25%,1,25%,6,vs. open collab 10%
1729406437058318594,DIFF Becky II - Himalayan Tortoise & Taupe Mirror Polarized S...,DIFF Charitable Eyewear,Fashion Accessories,$64.00,89,"1,435","30%
vs. open collab 10%",7515085339021494062,DIFF Eyewear,25%,1,25%,6,vs. open collab 10%
1729406437290512642,LENOX - BRUSHED GOLD + CHERRY BLOSSOM MIRROR SU...,DIFF Charitable Eyewear,Fashion Accessories,$61.88,8,42,"30%
vs. open collab 10%",7515085339021494062,DIFF Eyewear,25%,1,25%,5,vs. open collab 10%
1729407560107135234,DIFF Indy - Low profile Rectangle Styles Sunglasses for Women,DIFF Charitable Eyewear,Fashion Accessories,$50.96-$66.56,0,"2,320","30%
vs. open collab 10%",7515085339021494062,DIFF Eyewear,25%,1,25%,6,vs. open collab 10%
1729407766854734082,"DIFF Sandra Oversized Square Sunglasses for Women, Light ...",DIFF Charitable Eyewear,Fashion Accessories,$54.00,98,48,"30%
vs. open collab 10%",7515085339021494062,DIFF Eyewear,25%,1,25%,5,vs. open collab 10%
1730712170436989186,HEIDI - MATTE BLACK + GREY GRADIENT TANGLE FREE SUN...,DIFF Charitable Eyewear,Fashion Accessories,$37.92,0,33,"30%
vs. open collab 15%",7515085339021494062,DIFF Eyewear,25%,1,25%,5,vs. open collab 15%
1731298072542089474,Bella xs Cream Tortoise Womens Blue Light Glasses - Bold Fa...,DIFF Charitable Eyewear,Fashion Accessories,$56.16,39,53,"30%
vs. open collab 10%",7515085339021494062,DIFF Eyewear,25%,1,25%,5,vs. open collab 10%
1730568829113832232,[] Bean Essence 50ml – Gentle Exfoliating Korean Ski...,mixsoon,Beauty & Personal Care,$22.31,0,"8,384","20%
vs. open collab 10%",7515087951723693866,mixsoon,18%,1,18%,3,vs. open collab 10%
1730568975260881704,[ Official Shop] Glacier Water Hyaluronic Acid Serum ...,mixsoon,Beauty & Personal Care,$16.49,0,"1,070","20%
vs. open collab 10%",7515087951723693866,mixsoon,18%,1,18%,3,vs. open collab 10%
1730570308090958632,[Top Selling] Bean Sunscreen 1.69 fl.oz / 50ml - Airy ...,mixsoon,Beauty & Personal Care,$17.46,0,"58,287","20%
vs. open collab 10%",7515087951723693866,mixsoon,18%,1,18%,4,vs. open collab 10%
1730641035886105384,Soondy Centella Asiatica Essence 30ml,mixsoon,Beauty & Personal Care,$14.26,0,183,"20%
vs. open collab 10%",7515087951723693866,mixsoon,18%,1,18%,2,vs. open collab 10%
1730641687450063656,[ Official Shop] Natural Bean Lip Mask Balm - Lip Trea...,mixsoon,Beauty & Personal Care,$13.10,0,"1,363","20%
vs. open collab 10%",7515087951723693866,mixsoon,18%,1,18%,3,vs. open collab 10%
1730642546490839848,[ Official Shop] Centella Cleansing Foam 5.07 fl.oz / ...,mixsoon,Beauty & Personal Care,$13.58,0,"5,362","20%
vs. open collab 10%",7515087951723693866,mixsoon,18%,1,18%,3,vs. open collab 10%
1730642990146491176,[ Official Shop] Bean Cleansing Oil 6.59 fl.oz / 195ml ...,mixsoon,Beauty & Personal Care,$21.34,0,"2,836","20%
vs. open collab 10%",7515087951723693866,mixsoon,18%,1,18%,3,vs. open collab 10%
1730692227370750760,[ Official Shop] Bean Cream 1.69 fl.oz / 50ml - Intens...,mixsoon,Beauty & Personal Care,$22.31,0,"14,011","20%
vs. open collab 10%",7515087951723693866,mixsoon,18%,1,18%,4,vs. open collab 10%
1730712905900462888,[ Official Shop] Soybean Milk Serum 50ml | Vegan Fe...,mixsoon,Beauty & Personal Care,$29.63,0,883,"20%
vs. open collab 10%",7515087951723693866,mixsoon,18%,1,18%,2,vs. open collab 10%
1730756885258539816,[ official shop] Glass Skin Essential Skincare Routine ...,mixsoon,Beauty & Personal Care,$82.45,0,"69,387","20%
vs. open collab 10%",7515087951723693866,mixsoon,18%,1,18%,4,vs. open collab 10%
1730798602115388200,[] Full Care Set ㅣBean Cleansing Oil + Centella Clea...,mixsoon,Beauty & Personal Care,$104.76,0,"31,288","20%
vs. open collab 10%",7515087951723693866,mixsoon,18%,1,18%,4,vs. open collab 10%
1730892590145639208,[ Official Shop] Bean Balancing Ampoule Mist 3.38 fl...,mixsoon,Beauty & Personal Care,$19.40,0,"1,200","20%
vs. open collab 10%",7515087951723693866,mixsoon,18%,1,18%,3,vs. open collab 10%
1730965627804357416,[ Official Shop] Bean Hydrogel Eye Patch 30 pairs (6...,mixsoon,Beauty & Personal Care,$21.34,0,"1,253","20%
vs. open collab 10%",7515087951723693866,mixsoon,18%,1,18%,3,vs. open collab 10%
1731096640507450152,[ Official Shop] Bean Cream 2.19 fl.oz / 65ml - Intens...,mixsoon,Beauty & Personal Care,$31.04,0,327,"20%
vs. open collab 10%",7515087951723693866,mixsoon,18%,1,18%,2,vs. open collab 10%
1731186927228130088,[] Ultimate Bean Set I Bean essence + Bean cream + ...,mixsoon,Beauty & Personal Care,$135.80,0,129,"20%
vs. open collab 10%",7515087951723693866,mixsoon,18%,1,18%,2,vs. open collab 10%
1731192219068044072,Adios Pimple Set - 4 Packs of Spot Cleancare Hydro...,mixsoon,Beauty & Personal Care,$42.68,0,9,"20%
vs. open collab 10%",7515087951723693866,mixsoon,18%,1,18%,2,vs. open collab 10%
1731301254435148584,[ Official Store] Bean Sunscreen Duo SPF50 PA+++ (...,mixsoon,Beauty & Personal Care,$29.11,0,"10,646","20%
vs. open collab 10%",7515087951723693866,mixsoon,18%,1,18%,4,vs. open collab 10%
1731422259902583592,[] Viral Hero Set I Bean Essence 50ml + Soondy Cent...,mixsoon,Beauty & Personal Care,$71.78,0,212,"20%
vs. open collab 10%",7515087951723693866,mixsoon,18%,1,18%,2,vs. open collab 10%
1729455179306930225,ColourPop® Blush Stix - Cream Blush Stick Lightweight Natural,ColourPop Cosmetics,Beauty & Personal Care,$8.50,0,"3,047","17%
vs. open collab 15%",7517034586092357389,ColourPop 1,16%,1,16%,3,vs. open collab 15%
1729455179608068145,ColourPop® BFF Mascara - Volumizing Mascara Matte Finish,ColourPop Cosmetics,Beauty & Personal Care,$8.50,0,"37,836","17%
vs. open collab 10%",7517034586092357389,ColourPop 1,14%,1,14%,6,vs. open collab 10%
1729455180745248817,ColourPop® Creme Gel Liner - Waterproof 18HR Longevity S...,ColourPop Cosmetics,Beauty & Personal Care,$6.80,0,"89,242","17%
vs. open collab 10%",7517034586092357389,ColourPop 1,14%,1,14%,6,vs. open collab 10%
1729455181249613873,ColourPop® Chrome Liquid Eyeshadow - Multichrome Liquid ...,ColourPop Cosmetics,Beauty & Personal Care,$10.20,0,"5,290","17%
vs. open collab 10%",7517034586092357389,ColourPop 1,14%,1,14%,5,vs. open collab 10%
1729455777216368689,ColourPop® Ultra Glossy Lip - Lightweight Lip Gloss Hi-shine ...,,~~~,$7.65,0,"2,458","17%
vs. open collab 15%",7517034586092357389,ColourPop 1,16%,1,16%,3,vs. open collab 15%
1729455777674793009,ColourPop® Smoke 'N Roses Brush Roll - Face & Eye Brush Set,,~~~,$33.15,0,657,"17%
vs. open collab 15%",7517034586092357389,ColourPop 1,16%,1,16%,2,vs. open collab 15%
1729455777792561201,ColourPop® Stone Cold Brush Roll - Face & Eye Brush 15-pie...,,~~~,$33.15,0,"2,069","17%
vs. open collab 10%",7517034586092357389,ColourPop 1,14%,1,14%,5,vs. open collab 10%
1729455778139639857,ColourPop® Ultimate Brush Roll - Face & Eye Brush Set 14 Cru...,,~~~,$33.15,0,288,"17%
vs. open collab 10%",7517034586092357389,ColourPop 1,14%,1,14%,4,vs. open collab 10%
1729455778939572273,ColourPop® Lux Lip Oil - Super-Nourishing Lip Oil Lightweight,,~~~,$8.50,0,"1,738","17%
vs. open collab 10%",7517034586092357389,ColourPop 1,14%,1,14%,5,vs. open collab 10%
1729455778995867697,ColourPop® Lite Stix - Cream Highlighter Stick Super Creamy,,~~~,$8.50,0,"1,114","17%
vs. open collab 10%",7517034586092357389,ColourPop 1,14%,1,14%,5,vs. open collab 10%
1729455779426242609,ColourPop Level Up Lengthening Mascara,,~~~,$8.50,0,"3,423","17%
vs. open collab 10%",7517034586092357389,ColourPop 1,14%,1,14%,5,vs. open collab 10%
1729455779523629105,ColourPop® Act Natural - Defining Mascara Natural-looking S...,,~~~,$8.50,0,"1,238","17%
vs. open collab 10%",7517034586092357389,ColourPop 1,14%,1,14%,5,vs. open collab 10%
1729455779713617969,ColourPop® Pressed Powder Highlighter - Radiant Powder Hi...,,~~~,$10.20,0,153,"17%
vs. open collab 10%",7517034586092357389,ColourPop 1,14%,1,14%,4,vs. open collab 10%
1729455784054526001,ColourPop® Trouble Maker - Rebellious Shadow Palette Long...,ColourPop Cosmetics,Beauty & Personal Care,$15.30,0,"2,655","17%
vs. open collab 10%",7517034586092357389,ColourPop 1,14%,1,14%,5,vs. open collab 10%
1729455784358744113,ColourPop 11:11 - Warm-Nude Powder Palette 12 Modern Nud...,,~~~,$15.30,0,"3,217","17%
vs. open collab 15%",7517034586092357389,ColourPop 1,16%,1,16%,3,vs. open collab 15%
1729455784397410353,ColourPop Cloud 9 - Cool-Tone Powder Palette Silvery Blues ...,,~~~,$15.30,0,"1,132","17%
vs. open collab 10%",7517034586092357389,ColourPop 1,14%,1,14%,5,vs. open collab 10%
1729455784993001521,ColourPop Rock Candy Cool-toned Eyeshadow Palette 0917,,~~~,$29.75,0,"3,076","17%
vs. open collab 10%",7517034586092357389,ColourPop 1,14%,1,14%,5,vs. open collab 10%
1729455785498349617,ColourPop Golden Hour - Sunset-Tone Shadow Palette Long...,,~~~,$20.40,0,743,"17%
vs. open collab 10%",7517034586092357389,ColourPop 1,14%,1,14%,4,vs. open collab 10%
1729455785568866353,ColourPop Matte About Hue Shadow Palette 0923,,~~~,$29.75,0,705,"17%
vs. open collab 10%",7517034586092357389,ColourPop 1,14%,1,14%,4,vs. open collab 10%
1729455785613627441,ColourPop Bare Necessities Shadow Palette 0888,,~~~,$29.75,0,"2,203","17%
vs. open collab 10%",7517034586092357389,ColourPop 1,14%,1,14%,5,vs. open collab 10%
1729455785643577393,ColourPop Smoke 'N Roses Smokey Rose Eyeshadow Palette...,ColourPop Cosmetics,Beauty & Personal Care,$29.75,0,"6,129","17%
vs. open collab 10%",7517034586092357389,ColourPop 1,14%,1,14%,5,vs. open collab 10%
1729459723806609457,ColourPop® Ultra Matte Lip - Matte Liquid Lipstick Lightweig...,,~~~,$6.30,0,"3,788","17%
vs. open collab 10%",7517034586092357389,ColourPop 1,14%,1,14%,5,vs. open collab 10%
1729459724023468081,ColourPop Soft Brown - Freckle Pen Super Long-lasting 0501,,~~~,$7.65,0,"1,950","17%
vs. open collab 10%",7517034586092357389,ColourPop 1,14%,1,14%,5,vs. open collab 10%
1729462809073586225,ColourPop Fade Into Hue Rainbow Powder Palette 0899,ColourPop Cosmetics,Beauty & Personal Care,$29.75,0,"5,393","17%
vs. open collab 15%",7517034586092357389,ColourPop 1,16%,1,16%,3,vs. open collab 15%
1729470964042928177,ColourPop x Twilight Shadow Palette - Limited-Edition 0949,ColourPop Cosmetics,Beauty & Personal Care,$21.25,0,"10,039","17%
vs. open collab 10%",7517034586092357389,ColourPop 1,14%,1,14%,6,vs. open collab 10%
1729534893031723057,LLC Winnie the Pooh Hunny Pot Lip Car...,ColourPop Cosmetics,Beauty & Personal Care,$16.00,0,"1,437","17%
vs. open collab 10%",7517034586092357389,ColourPop 1,14%,1,14%,5,vs. open collab 10%
1729535487148265521,ColourPop® Liquid Blush - Weightless Liquid Blush Hydrating,ColourPop Cosmetics,Beauty & Personal Care,$8.50-$10.00,0,"10,065","17%
vs. open collab 10%",7517034586092357389,ColourPop 1,14%,1,14%,6,vs. open collab 10%
1729535488190353457,ColourPop Cosmetics LLC Sweet As Can Bee Disney Winnie ...,,~~~,$15.30,0,331,"17%
vs. open collab 10%",7517034586092357389,ColourPop 1,14%,1,14%,4,vs. open collab 10%
1729535496726482993,ColourPop x Pokémon Instant Crush Cream Blush - Limited-E...,,~~~,$11.90,0,214,17%,7517034586092357389,ColourPop 1,16%,1,16%,2,
1729535497117798449,ColourPop® x Twilight Super Shock Highlighter - Limited-Editi...,,~~~,$8.50,0,"3,267","17%
vs. open collab 10%",7517034586092357389,ColourPop 1,14%,1,14%,5,vs. open collab 10%
1729535497261191217,ColourPop Like Diamonds - Mini SOL Shimmering Dry Oil Hyd...,,~~~,$10.20,0,921,"17%
vs. open collab 15%",7517034586092357389,ColourPop 1,16%,1,16%,2,vs. open collab 15%
1729535497293369393,ColourPop® Twilight Lux Lip Oil - Super-Nourishing Lip Oil Lim...,,~~~,$9.35,0,"3,596","17%
vs. open collab 10%",7517034586092357389,ColourPop 1,14%,1,14%,5,vs. open collab 10%
1729535500632166449,ColourPop Chip Pressed Powder Blush - Disney Beauty and t...,,~~~,$11.90,0,97,"17%
vs. open collab 10%",7517034586092357389,ColourPop 1,14%,1,14%,4,vs. open collab 10%
1729535500778246193,ColourPop® x Pokémon Ph Lip Balm - Limited-Edition,,~~~,$10.20,0,"1,900",17%,7517034586092357389,ColourPop 1,16%,1,16%,3,
1729535501001068593,ColourPop x Pokémon Pallet Town Shadow Palette - Limited-...,,~~~,$25.50,0,"1,185",17%,7517034586092357389,ColourPop 1,16%,1,16%,3,
1729535505885728817,ColourPop x Pokemon Super Shock Shadow,,~~~,$7.65,0,582,17%,7517034586092357389,ColourPop 1,16%,1,16%,2,
1729535505954213937,ColourPop® x Pokémon Evolution Ultra Glossy Lip Set - Limit...,,~~~,$22.95,0,160,17%,7517034586092357389,ColourPop 1,16%,1,16%,2,
1729555890154082353,ColourPop Super Shock Shadow - Creme-to-Powder Eyesha...,ColourPop Cosmetics,Beauty & Personal Care,$5.95,0,"18,449","17%
vs. open collab 10%",7517034586092357389,ColourPop 1,14%,1,14%,6,vs. open collab 10%
1729558684721385521,ColourPop® BFF Liquid Liner - Felt-Tip Eyeliner Pen,ColourPop Cosmetics,Beauty & Personal Care,$8.50,0,"4,506","17%
vs. open collab 10%",7517034586092357389,ColourPop 1,14%,1,14%,5,vs. open collab 10%
1729558685693087793,ColourPop® Bronzer Stix - Cream Bronzer Stick Lightweight ...,ColourPop Cosmetics,Beauty & Personal Care,$8.50,0,"5,580","17%
vs. open collab 10%",7517034586092357389,ColourPop 1,14%,1,14%,5,vs. open collab 10%
1729558685803057201,ColourPop Ultra Blotted Lip - Creamy Comfortable Medium C...,,~~~,$6.30,0,"2,134","17%
vs. open collab 10%",7517034586092357389,ColourPop 1,14%,1,14%,5,vs. open collab 10%
1729558686364635185,ColourPop Super Shock Highlighter - Weightless Long-Lastin...,,~~~,$7.65-$9.00,0,"2,603","17%
vs. open collab 10%",7517034586092357389,ColourPop 1,14%,1,14%,5,vs. open collab 10%
1729558686629728305,ColourPop® Glitter Gel - Body Glitter Gel,,~~~,$8.50,0,"1,837","17%
vs. open collab 10%",7517034586092357389,ColourPop 1,14%,1,14%,5,vs. open collab 10%
1729559082141913137,"ColourPop Mini 9-Pan Eyeshadow Palettes – 24 Variations, T...",ColourPop Cosmetics,Beauty & Personal Care,$11.90-$14.00,0,"12,719","17%
vs. open collab 10%",7517034586092357389,ColourPop 1,14%,1,14%,6,vs. open collab 10%
1729560041697873969,ColourPop XOXO Bestie Lippie Stix Set - Trio Lippie Stix Set ...,ColourPop Cosmetics,Beauty & Personal Care,$15.30,0,"1,868","17%
vs. open collab 15%",7517034586092357389,ColourPop 1,16%,1,16%,3,vs. open collab 15%
1729560045715034161,ColourPop® Best Besties - Ultra Glossy Lip + Lippie Pencil Du...,,~~~,$10.20,0,"2,255","17%
vs. open collab 15%",7517034586092357389,ColourPop 1,16%,1,16%,3,vs. open collab 15%
1729563003071533105,ColourPop® Vanilla Kisses - Lip Scrub & Balm Set,ColourPop Cosmetics,Beauty & Personal Care,$13.60,0,287,"17%
vs. open collab 10%",7517034586092357389,ColourPop 1,14%,1,14%,4,vs. open collab 10%
1729566362673385521,ColourPop Creme Gel Liner Vaults - Waterproof + 18-Hour W...,,~~~,$34.00-$50.15,0,762,"17%
vs. open collab 15%",7517034586092357389,ColourPop 1,16%,1,16%,2,vs. open collab 15%
1729574763861676081,ColourPop® That’s So Rosy Cheek & Lip Set,,~~~,$15.30,0,300,"17%
vs. open collab 15%",7517034586092357389,ColourPop 1,16%,1,16%,2,vs. open collab 15%
1729589515521855537,ColourPop® Instant Crush Lip & Cheek Balm - Dewy Multi-Use...,ColourPop Cosmetics,Beauty & Personal Care,$8.50,0,"9,816","17%
vs. open collab 10%",7517034586092357389,ColourPop 1,14%,1,14%,5,vs. open collab 10%
1729597611483566129,ColourPop® Fan Favs Bundle - Shadow Palettes +Lip Produc...,,~~~,$23.80,0,208,"17%
vs. open collab 15%",7517034586092357389,ColourPop 1,16%,1,16%,2,vs. open collab 15%
1729614696279478321,ColourPop Graphix Ink Liner - Super Pigmented Liquid Liner ...,,~~~,$8.50,0,"2,899","17%
vs. open collab 10%",7517034586092357389,ColourPop 1,14%,1,14%,5,vs. open collab 10%
1729614711929933873,ColourPop® Twilight x ColourPop Full Collection - Full Collecti...,,~~~,$84.15,0,"1,934","17%
vs. open collab 15%",7517034586092357389,ColourPop 1,16%,1,16%,3,vs. open collab 15%
1729614719493115953,"ColourPop® x Twilight Vampy Lips - Team Edward, Team Jaco...",,~~~,$24.65,0,657,"17%
vs. open collab 15%",7517034586092357389,ColourPop 1,16%,1,16%,2,vs. open collab 15%
1729614749059092529,ColourPop x Pokémon You're a Catch Lip Mask - Limited-Editi...,,~~~,$10.20,0,"1,225",17%,7517034586092357389,ColourPop 1,16%,1,16%,3,
1729614749544517681,ColourPop® x Pokémon Electrifying Dreams Instant Crush Cr...,,~~~,$32.30,0,38,17%,7517034586092357389,ColourPop 1,16%,1,16%,2,
1729614787364425777,ColourPop® x Pokémon Type Advantage - Lip Gloss & Lip Ma...,,~~~,$31.45,0,113,17%,7517034586092357389,ColourPop 1,16%,1,16%,2,
1729614802850582577,ColourPop® x Pokémon Ready For Battle - Shadow Palette &...,,~~~,$44.20,0,135,17%,7517034586092357389,ColourPop 1,16%,1,16%,2,
1729614883139915825,ColourPop Magix Gem - Crème-to-Powder Highlighter Super...,,~~~,$12.75,0,791,"17%
vs. open collab 10%",7517034586092357389,ColourPop 1,14%,1,14%,4,vs. open collab 10%
1729616968649773105,ColourPop® Pressed Powder Heart Blush - Silky Powder Blush,ColourPop Cosmetics,Beauty & Personal Care,$10.20,0,"11,132","17%
vs. open collab 10%",7517034586092357389,ColourPop 1,14%,1,14%,6,vs. open collab 10%
1729616978363256881,ColourPop Brooklyn Charm Necklace - Limited-Edition Neckla...,,~~~,$21.25,0,28,"17%
vs. open collab 10%",7517034586092357389,ColourPop 1,14%,1,14%,4,vs. open collab 10%
1729616988955709489,ColourPop® Charmed & Juicy - Lip Oil & Necklace Set,,~~~,$51.00,0,2,"17%
vs. open collab 15%",7517034586092357389,ColourPop 1,16%,1,16%,2,vs. open collab 15%
1729649201043902513,ColourPop So Juicy Plumping Lip Liner & Balm Duos - Plumpe...,,~~~,$13.60,0,"1,286","17%
vs. open collab 10%",7517034586092357389,ColourPop 1,14%,1,14%,5,vs. open collab 10%
1729649250907099185,ColourPop So Balm So Juicy Plumping Gloss Balm Set Lipglo...,ColourPop Cosmetics,Beauty & Personal Care,$43.35,0,75,"17%
vs. open collab 15%",7517034586092357389,ColourPop 1,16%,1,16%,2,vs. open collab 15%
1731383632840200241,ColourPop Fresh Kiss Lip Mask - Hydrating Moisturizing Shea...,,~~~,$8.50,30,"5,305","17%
vs. open collab 15%",7517034586092357389,ColourPop 1,16%,1,16%,3,vs. open collab 15%
1731383646758080561,ColourPop Fresh Kiss Lip Scrub - Moisturizing Sugar Exfoliant ...,ColourPop Cosmetics,Beauty & Personal Care,$8.50,29,"4,370","17%
vs. open collab 15%",7517034586092357389,ColourPop 1,16%,1,16%,3,vs. open collab 15%
1731389060101673009,"ColourPop Lip Care Kit - Lip Mask, Scrub, and Hydrating Glos...",,~~~,$22.95,30,510,"17%
vs. open collab 15%",7517034586092357389,ColourPop 1,16%,1,16%,2,vs. open collab 15%
1731518672767979569,"ColourPop Complexion Set – Primer, Foundation, Setting Spr...",,~~~,$21.25,29,131,"17%
vs. open collab 15%",7517034586092357389,ColourPop 1,16%,1,16%,2,vs. open collab 15%
1731518696966361137,"ColourPop Lip Care 101 – Scrub, Mask, Balm + Liner Bundle",,~~~,$23.80,30,21,"17%
vs. open collab 15%",7517034586092357389,ColourPop 1,16%,1,16%,2,vs. open collab 15%
1731518702432456753,ColourPop Glow-Getter Set – 3-Piece Glowy Essentials + FR...,,~~~,$22.10,30,40,"17%
vs. open collab 15%",7517034586092357389,ColourPop 1,16%,1,16%,2,vs. open collab 15%
1729652617760510001,"ColourPop® Instant Crush Cream Blush - Matte Finish, Moist...",,~~~,$10.20,0,650,"17%
vs. open collab 10%",TABOOST003,ColourPop 2,14%,1,14%,4,vs. open collab 10%
1729652628554289201,ColourPop After Hours Shadow Palette Matte 0868,,~~~,$20.40,0,"1,532","17%
vs. open collab 10%",TABOOST003,ColourPop 2,14%,1,14%,5,vs. open collab 10%
1729682866255073329,ColourPop The Total Package Creme Gel Liner Vault 0937,,~~~,$84.15,0,"1,206","17%
vs. open collab 15%",TABOOST003,ColourPop 2,16%,1,16%,3,vs. open collab 15%
1729755904689934385,ColourPop Lippie Stix + Pencil Set,,~~~,$8.50-$12.75,0,"1,531","17%
vs. open collab 10%",TABOOST003,ColourPop 2,14%,1,14%,5,vs. open collab 10%
1730045255384010801,ColourPop® Jelly Much Shadow - Gel Shadow Long-lasting,,~~~,$7.65,0,"5,933","17%
vs. open collab 10%",TABOOST003,ColourPop 2,14%,1,14%,5,vs. open collab 10%
1730045414483791921,ColourPop® Pressed Powder Blush - Silky Powder Blush Soft ...,,~~~,$10.20,0,"1,618","17%
vs. open collab 10%",TABOOST003,ColourPop 2,14%,1,14%,5,vs. open collab 10%
1730155263651450929,ColourPop® Fresh Kiss Glossy Balm Full Collection - Full Colle...,,~~~,$61.20,0,222,"17%
vs. open collab 15%",TABOOST003,ColourPop 2,16%,1,16%,2,vs. open collab 15%
1730162690572390449,ColourPop Fresh Kiss Glossy Balm - Peptides & Hyaluronic Acid,ColourPop Cosmetics,Beauty & Personal Care,$5.10-$8.50,0,"43,518","17%
vs. open collab 10%",TABOOST003,ColourPop 2,14%,1,14%,6,vs. open collab 10%
1730224226723401777,ColourPop Bronze Drops Highlighter Bronzer Makeup 0862,,~~~,$10.20,0,656,"17%
vs. open collab 10%",TABOOST003,ColourPop 2,14%,1,14%,4,vs. open collab 10%
1730272739525169201,ColourPop® Liquid Hi-Lite - Dewy Liquid Highlighter,,~~~,$10.20,0,"2,061","17%
vs. open collab 10%",TABOOST003,ColourPop 2,14%,1,14%,5,vs. open collab 10%
1730402698128691249,ColourPop Set It Up Pretty Fresh Primer 0653,,~~~,$10.20,0,994,"17%
vs. open collab 10%",TABOOST003,ColourPop 2,14%,1,14%,4,vs. open collab 10%
1730402734138167345,ColourPop Lock It In Pretty Fresh Setting Spray 0654,,~~~,$10.20,0,"2,867","17%
vs. open collab 10%",TABOOST003,ColourPop 2,14%,1,14%,5,vs. open collab 10%
1730449421251678257,ColourPop x Twilight New Moon Shadow Palette 0989,ColourPop Cosmetics,Beauty & Personal Care,$21.25,0,"7,394","17%
vs. open collab 10%",TABOOST003,ColourPop 2,14%,1,14%,5,vs. open collab 10%
1730449518140100657,ColourPop x Twilight New Moon It's a Wolf Thing SOL Glow ...,,~~~,$10.20,0,818,"17%
vs. open collab 10%",TABOOST003,ColourPop 2,14%,1,14%,4,vs. open collab 10%
1730449607036145713,ColourPop x Twilight New Moon Runs with Vampires Ultra Gl...,,~~~,$8.50,0,"1,568","17%
vs. open collab 10%",TABOOST003,ColourPop 2,14%,1,14%,5,vs. open collab 10%
1730449646655475761,ColourPop® x Twilight New Moon Super Shock Shadow,,~~~,$7.65,0,"1,644","17%
vs. open collab 10%",TABOOST003,ColourPop 2,14%,1,14%,5,vs. open collab 10%
1730449815910780977,ColourPop® x Twilight New Moon Shadow Stix,,~~~,$10.20,0,"1,676","17%
vs. open collab 10%",TABOOST003,ColourPop 2,14%,1,14%,5,vs. open collab 10%
1730449970906173489,ColourPop x Twilight New Moon - Lipstick Kits,ColourPop Cosmetics,Beauty & Personal Care,$13.60,0,"3,972","17%
vs. open collab 15%",TABOOST003,ColourPop 2,16%,1,16%,3,vs. open collab 15%
1730457065712750641,ColourPop® x Twilight New Moon x ColourPop Full Collection,,~~~,$106.25,0,"1,224","17%
vs. open collab 15%",TABOOST003,ColourPop 2,16%,1,16%,3,vs. open collab 15%
1730457079132688433,ColourPop® x Twilight New Moon Love Triangle Shadow Stix ...,,~~~,$27.20,0,723,"17%
vs. open collab 15%",TABOOST003,ColourPop 2,16%,1,16%,2,vs. open collab 15%
1730457133187960881,ColourPop® x Twilight New Moon Bloodsuckers Super Show ...,,~~~,$12.75,0,458,"17%
vs. open collab 15%",TABOOST003,ColourPop 2,16%,1,16%,2,vs. open collab 15%
1730457135960985649,ColourPop® x Twilight New Moon Pack Member Lip Set,,~~~,$32.30,0,280,"17%
vs. open collab 15%",TABOOST003,ColourPop 2,16%,1,16%,2,vs. open collab 15%
1730511411251744817,ColourPop A Shadow of Secrets So Juicy Plumping Gloss Bal...,ColourPop Cosmetics,Beauty & Personal Care,$8.50,0,"1,881","17%
vs. open collab 10%",TABOOST003,ColourPop 2,14%,1,14%,5,vs. open collab 10%
1730511464653754417,ColourPop A Shadow of Secrets Anti-Hero Lux Lipstick Kit - ...,ColourPop Cosmetics,Beauty & Personal Care,$13.60,0,"3,027","17%
vs. open collab 15%",TABOOST003,ColourPop 2,16%,1,16%,3,vs. open collab 15%
1730511481707728945,ColourPop A Shadow of Secrets Slow Burn Lux Lipstick Kit - ...,ColourPop Cosmetics,Beauty & Personal Care,$13.60,0,"1,478","17%
vs. open collab 15%",TABOOST003,ColourPop 2,16%,1,16%,3,vs. open collab 15%
1730511488965840945,ColourPop A Shadow of Secrets Kiss of Darkness Lip Care Ki...,ColourPop Cosmetics,Beauty & Personal Care,$15.30,0,299,"17%
vs. open collab 15%",TABOOST003,ColourPop 2,16%,1,16%,2,vs. open collab 15%
1730511494504615985,ColourPop® A Shadow of Secrets Juicy Affair So Juicy Plumpi...,ColourPop Cosmetics,Beauty & Personal Care,$22.95,0,411,"17%
vs. open collab 15%",TABOOST003,ColourPop 2,16%,1,16%,2,vs. open collab 15%
1730511538876485681,ColourPop® A Shadow of Secrets Secret Kiss Lux Lipstick Set...,ColourPop Cosmetics,Beauty & Personal Care,$27.20,0,"2,225","17%
vs. open collab 15%",TABOOST003,ColourPop 2,16%,1,16%,3,vs. open collab 15%
1730668810282045489,ColourPop® Pretty Fresh Tinted Foundation Balm,,~~~,$11.90,0,"1,934","17%
vs. open collab 10%",TABOOST003,ColourPop 2,14%,1,14%,5,vs. open collab 10%
1730796287809130545,ColourPop Ego Boost Brightening Serum Stick 0840,ColourPop Cosmetics,Beauty & Personal Care,$11.90,0,"15,017","17%
vs. open collab 10%",TABOOST003,ColourPop 2,14%,1,14%,6,vs. open collab 10%
1730796380780793905,ColourPop Pore Real Foaming Cleanser - Refining Foaming Cl...,,~~~,$12.75,0,123,"17%
vs. open collab 10%",TABOOST003,ColourPop 2,14%,1,14%,4,vs. open collab 10%
1730860523532357681,ColourPop The Toys Are Here Shadow Palette - Disney Toy S...,,~~~,$17.50,0,366,"17%
vs. open collab 15%",TABOOST003,ColourPop 2,16%,1,16%,2,vs. open collab 15%
1730860526438551601,ColourPop Play All Day Jelly Much Shadow - Disney Toy Story...,,~~~,$18.90,0,298,"17%
vs. open collab 15%",TABOOST003,ColourPop 2,16%,1,16%,2,vs. open collab 15%
1730890896173338673,ColourPop Roar! BFF Mascara - Disney Toy Story 0494,,~~~,$8.40,0,583,"17%
vs. open collab 10%",TABOOST003,ColourPop 2,14%,1,14%,4,vs. open collab 10%
1730890968311107633,ColourPop® Ultra Glossy Lip Glossy Lip - Disney Toy Story,,~~~,$7.00,0,436,"17%
vs. open collab 10%",TABOOST003,ColourPop 2,14%,1,14%,4,vs. open collab 10%
1730890982463344689,ColourPop® Squad Dreams Ultra Glossy Lip Set - Disney Toy ...,,~~~,$25.20,0,167,"17%
vs. open collab 15%",TABOOST003,ColourPop 2,16%,1,16%,2,vs. open collab 15%
1730890999622963249,ColourPop® Toy Story and ColourPop Collection Full Collectio...,,~~~,$69.30,0,199,"17%
vs. open collab 15%",TABOOST003,ColourPop 2,16%,1,16%,2,vs. open collab 15%
1730902097717137457,ColourPop The Chosen One Lip Mask - Disney Toy Story 0605,,~~~,$8.40,0,222,"17%
vs. open collab 10%",TABOOST003,ColourPop 2,14%,1,14%,4,vs. open collab 10%
1730909152248565809,ColourPop Just One Bite Lip Scrub - Disney Snow White 0581,ColourPop Cosmetics,Beauty & Personal Care,$10.20,0,206,"17%
vs. open collab 10%",TABOOST003,ColourPop 2,14%,1,14%,4,vs. open collab 10%
1730909204401262641,ColourPop® Sweet as Hunny - Disney Winnie the Pooh Lip &...,,~~~,$27.20,0,"2,352","17%
vs. open collab 10%",TABOOST003,ColourPop 2,14%,1,14%,5,vs. open collab 10%
1730909211226247217,ColourPop Pure Madness Overnight Birthday Cake Lip Mask ...,,~~~,$10.20,0,838,"17%
vs. open collab 10%",TABOOST003,ColourPop 2,14%,1,14%,4,vs. open collab 10%
1730912636433305649,ColourPop® Hydration Station - Hydrating Serum Duo,,~~~,$23.80,0,63,"17%
vs. open collab 15%",TABOOST003,ColourPop 2,16%,1,16%,2,vs. open collab 15%
1730912679303745585,ColourPop® Get That Glow - Brightening Serum Duo,,~~~,$23.80,0,88,"17%
vs. open collab 15%",TABOOST003,ColourPop 2,16%,1,16%,2,vs. open collab 15%
1730912699882836017,ColourPop® Cooling Facial Globes - Skincare Tools & Accesso...,,~~~,$20.40,0,109,"17%
vs. open collab 10%",TABOOST003,ColourPop 2,14%,1,14%,4,vs. open collab 10%
1730912734114779185,ColourPop Good Mood Gel Moisturizer - Balancing Face Mois...,,~~~,$11.90,0,126,"17%
vs. open collab 10%",TABOOST003,ColourPop 2,14%,1,14%,4,vs. open collab 10%
1730912752957886513,ColourPop RAYdiate Vitamin C Serum - Brightening Face Ser...,,~~~,$13.60,0,224,"17%
vs. open collab 10%",TABOOST003,ColourPop 2,14%,1,14%,4,vs. open collab 10%
1730913196887806001,ColourPop Rainfall 2% HA Serum - Hydrating Face Serum 08...,,~~~,$13.60,0,116,"17%
vs. open collab 10%",TABOOST003,ColourPop 2,14%,1,14%,4,vs. open collab 10%
1730924496419590193,ColourPop® Beauty and the Beast Shadow Palette - Disney ...,,~~~,$20.40,0,321,"17%
vs. open collab 15%",TABOOST003,ColourPop 2,16%,1,16%,2,vs. open collab 15%
1730925352521142321,ColourPop® Kind at Heart Lip & Cheek Set - Disney Beauty an...,,~~~,$24.65,0,99,"17%
vs. open collab 15%",TABOOST003,ColourPop 2,16%,1,16%,2,vs. open collab 15%
1730925638404378673,"ColourPop® As Old As Time Shadow Palette, Cheek, & Lip S...",,~~~,$38.25,0,349,"17%
vs. open collab 15%",TABOOST003,ColourPop 2,16%,1,16%,2,vs. open collab 15%
1730925734474846257,ColourPop Special Guest Super Shock Highlighter - Disney Be...,,~~~,$12.75,0,195,"17%
vs. open collab 10%",TABOOST003,ColourPop 2,14%,1,14%,4,vs. open collab 10%
1730943729195192369,ColourPop Blending Brush - Small Fluffy Eye Brush 0621,,~~~,$6.80,0,"1,455","17%
vs. open collab 10%",TABOOST003,ColourPop 2,14%,1,14%,5,vs. open collab 10%
1730962668942233649,ColourPop® Best Face Scenario - Brightening Serum Stick Set...,,~~~,$40.80,0,953,"17%
vs. open collab 15%",TABOOST003,ColourPop 2,16%,1,16%,2,vs. open collab 15%
1731073143488942129,ColourPop x Tangled Best Day Ever Shadow Palette - Disney ...,,~~~,$18.70,0,914,"17%
vs. open collab 10%",TABOOST003,ColourPop 2,14%,1,14%,4,vs. open collab 10%
1731073151206002737,ColourPop® x Tangled Pascal Hair Brush Tools and Accessori...,,~~~,$10.20,0,293,"17%
vs. open collab 10%",TABOOST003,ColourPop 2,14%,1,14%,4,vs. open collab 10%
1731073188200419377,ColourPop x Tangled Pascal Hair Clip Tools and Accessories -...,,~~~,$8.50,0,"1,133","17%
vs. open collab 10%",TABOOST003,ColourPop 2,14%,1,14%,5,vs. open collab 10%
1731073207442313265,ColourPop® x Tangled Full Collection - Disney Makeup Full Co...,,~~~,$84.15,0,146,"17%
vs. open collab 15%",TABOOST003,ColourPop 2,16%,1,16%,2,vs. open collab 15%
1731073223835947057,ColourPop® x Tangled Chase Your Dreams Ultra Glossy Lip - ...,,~~~,$22.95,0,29,"17%
vs. open collab 15%",TABOOST003,ColourPop 2,16%,1,16%,2,vs. open collab 15%
1731110011867009073,ColourPop® Medium Dome Brush - Eye Brush,,~~~,$6.80,0,"3,523","17%
vs. open collab 10%",TABOOST003,ColourPop 2,14%,1,14%,5,vs. open collab 10%
1731135686689394737,ColourPop Double The Juiciness - Plumping Lip Liner + Lip Oi...,,~~~,$11.90,0,387,"17%
vs. open collab 15%",TABOOST003,ColourPop 2,16%,1,16%,2,vs. open collab 15%
1731135761860169777,ColourPop® Glitter Hour - Glitterally Obsessed Set,,~~~,$21.25,0,832,"17%
vs. open collab 15%",TABOOST003,ColourPop 2,16%,1,16%,2,vs. open collab 15%
1731168795183648817,ColourPop x Lilo & Stitch Beach Dreamin' Shadow Palette - Di...,,~~~,$18.70,0,"1,299","17%
vs. open collab 10%",TABOOST003,ColourPop 2,14%,1,14%,5,vs. open collab 10%
1731168919671705649,ColourPop x Lilo & Stitch Crowd Favorite Cream Blush - Disn...,,~~~,$11.90,0,587,"17%
vs. open collab 10%",TABOOST003,ColourPop 2,14%,1,14%,4,vs. open collab 10%
1731168941155127345,ColourPop x Lilo & Stitch Ohana Super Shock Highlighter - D...,,~~~,$11.90,0,517,"17%
vs. open collab 10%",TABOOST003,ColourPop 2,14%,1,14%,4,vs. open collab 10%
1731169054807658545,ColourPop x Lilo & Stitch Cute and Feisty Shadow Stix Duo - ...,,~~~,$13.60,0,"1,237","17%
vs. open collab 15%",TABOOST003,ColourPop 2,16%,1,16%,3,vs. open collab 15%
1731169155536359473,ColourPop® x Lilo & Stitch Ultra Glossy Lip - Disney,,~~~,$10.20,0,"1,126","17%
vs. open collab 10%",TABOOST003,ColourPop 2,14%,1,14%,5,vs. open collab 10%
1731169275116032049,ColourPop® x Lilo & Stitch Full Collection - Disney Makeup,,~~~,$80.75,0,"2,299","17%
vs. open collab 15%",TABOOST003,ColourPop 2,16%,1,16%,3,vs. open collab 15%
1731169341578514481,ColourPop® x Lilo & Stitch Keepin’ It Sweet Ultra Glossy Lip ...,,~~~,$28.05,0,499,"17%
vs. open collab 15%",TABOOST003,ColourPop 2,16%,1,16%,2,vs. open collab 15%
1731201348654305329,ColourPop® Pinky Promise - Lip Pencil Trio,,~~~,$13.60,0,"1,683","17%
vs. open collab 15%",TABOOST003,ColourPop 2,16%,1,16%,3,vs. open collab 15%
1731201433437114417,ColourPop Shadow Palette & Brush Set,,~~~,$62.90,0,"1,038","17%
vs. open collab 15%",TABOOST003,ColourPop 2,16%,1,16%,3,vs. open collab 15%
1731253866770632753,ColourPop® SOL Face & Body Bronzing Balm,,~~~,$12.75,0,81,"17%
vs. open collab 10%",TABOOST003,ColourPop 2,14%,1,14%,4,vs. open collab 10%
1731254129224355889,ColourPop® Shimmering Dry Oil Mini,,~~~,$8.50,0,352,"17%
vs. open collab 10%",TABOOST003,ColourPop 2,14%,1,14%,4,vs. open collab 10%
1731254201536843825,ColourPop® Sol Glow Oil Mini,,~~~,$8.50,0,232,"17%
vs. open collab 10%",TABOOST003,ColourPop 2,14%,1,14%,4,vs. open collab 10%
1731261900930715697,Kabuki Face and Body Brush,,~~~,$8.50,0,174,"17%
vs. open collab 10%",TABOOST003,ColourPop 2,14%,1,14%,4,vs. open collab 10%
1731262886380736561,ColourPop SOL Face & Body Bronzing Balm SOL - Brush Bun...,,~~~,$17.00,0,746,"17%
vs. open collab 15%",TABOOST003,ColourPop 2,16%,1,16%,2,vs. open collab 15%
1731263177852293169,ColourPop Sol Glow Oil Mini SOL - Brush Bundle,,~~~,$17.00,0,83,"17%
vs. open collab 15%",TABOOST003,ColourPop 2,16%,1,16%,2,vs. open collab 15%
1731288493582028849,ColourPop Sockets - Lip Holder Phone Accessory 0135,,~~~,$17.00,0,186,"17%
vs. open collab 10%",TABOOST003,ColourPop 2,14%,1,14%,4,vs. open collab 10%
1731297196981719089,ColourPop® Pop Stars HydraPop Full Collection,,~~~,$47.60,0,351,"17%
vs. open collab 15%",TABOOST003,ColourPop 2,16%,1,16%,2,vs. open collab 15%
1729386656173166650,OQQ Women's 3 Piece Bodysuits Sexy Ribbed Sleeveless Cr...,O QQ,Womenswear & Underwear,$36.99,7,"77,158","18%
vs. open collab 8%",7522217899199727373,OQQ,16%,1,16%,4,vs. open collab 8%
1729386662606573626,OQQ Women's 3 Piece Bodysuits Sexy Ribbed Sleeveless Sq...,O QQ,Womenswear & Underwear,$34.99,10,"331,816","18%
vs. open collab 8%",7522217899199727373,OQQ,16%,1,16%,4,vs. open collab 8%
1729386665534328890,OQQ Womens 2 Piece Bodysuits Long Sleeve Square Neck St...,O QQ,Womenswear & Underwear,$25.99,20,"122,547","18%
vs. open collab 8%",7522217899199727373,OQQ,16%,1,16%,4,vs. open collab 8%
1729386936833511482,OQQ Women's 3 Piece Workout Shorts Seamless High Waist ...,O QQ,Sports & Outdoor,$32.99,9,"62,632","18%
vs. open collab 8%",7522217899199727373,OQQ,16%,1,16%,4,vs. open collab 8%
1729386952431013946,OQQ Women's 2 Piece Bodysuits Sexy Ribbed One Piece Sh...,O QQ,Womenswear & Underwear,$33.97,9,"76,015","18%
vs. open collab 8%",7522217899199727373,OQQ,16%,1,16%,4,vs. open collab 8%
1729388759866118202,OQQ Women's 2 Piece Bodysuits Sexy Ribbed One Piece Zip...,O QQ,Womenswear & Underwear,$25.99-$32.99,20,"90,965","18%
vs. open collab 8%",7522217899199727373,OQQ,16%,1,16%,4,vs. open collab 8%
1729391416865165370,OQQ Women's 2 Piece Bodysuits Sexy Ribbed Square Neck ...,O QQ,Womenswear & Underwear,$31.99,7,"122,035","18%
vs. open collab 8%",7522217899199727373,OQQ,16%,1,16%,4,vs. open collab 8%
1729406207791304753,OQQ Women's 2 Piece Yoga Legging Seamless Workout Hig...,BILIUBOUTIQUE,Womenswear & Underwear,$35.99,9,"204,054","18%
vs. open collab 8%",7522217899199727373,OQQ,16%,1,16%,4,vs. open collab 8%
1729412855926198654,Womenswear 3 Piece Bodysuits Stretchy Under...,OQQfitness,Womenswear & Underwear,$35.99-$50.00,10,"529,075","18%
vs. open collab 8%",7522217899199727373,OQQ,16%,1,16%,4,vs. open collab 8%
1729417145099587642,OQQ Women's 3 Piece Ribbed Bodysuits - Sexy Square Nec...,O QQ,Womenswear & Underwear,$35.99,10,"182,625","18%
vs. open collab 8%",7522217899199727373,OQQ,16%,1,16%,4,vs. open collab 8%
1729420475970261041,OQQ Women's 2 Piece Square Neck Shortsleeve Slim-fitting ...,BILIUBOUTIQUE,Womenswear & Underwear,$35.99,10,"14,453","18%
vs. open collab 8%",7522217899199727373,OQQ,16%,1,16%,4,vs. open collab 8%
1729424212421939582,Womenswear Short Sleeve Square Neck Bodyco...,OQQfitness,Womenswear & Underwear,$32.39,10,"39,049","18%
vs. open collab 8%",7522217899199727373,OQQ,16%,1,16%,4,vs. open collab 8%
1729429338212241466,OQQ Women Yoga Rompers Ribbed V Neck Stretch Tummy ...,O QQ,Womenswear & Underwear,$26.99,9,"32,021","18%
vs. open collab 8%",7522217899199727373,OQQ,16%,1,16%,4,vs. open collab 8%
1729429711855194494,Womenswear Short Dresses Lapel Zip Tight Dres...,OQQfitness,Womenswear & Underwear,$35.48,10,"36,887","18%
vs. open collab 8%",7522217899199727373,OQQ,16%,1,16%,4,vs. open collab 8%
1729430526201008929,Women Yoga Rompers Workout Ribbed Sh...,OQQ-Nine cents,Womenswear & Underwear,$25.99,9,"29,222","18%
vs. open collab 8%",7522217899199727373,OQQ,16%,1,16%,4,vs. open collab 8%
1729432567810854961,OQQ Women's 3 Piece Yoga Shorts Ribbed Seamless Workou...,BILIUBOUTIQUE,Womenswear & Underwear,$29.99,10,"52,138","18%
vs. open collab 8%",7522217899199727373,OQQ,16%,1,16%,4,vs. open collab 8%
1729442405502587681,Women 2 Piece Skirts 2 in 1 Flowy Cheeky S...,OQQ-Nine cents,Womenswear & Underwear,$31.28,9,"156,754","18%
vs. open collab 8%",7522217899199727373,OQQ,16%,1,16%,4,vs. open collab 8%
1729443674207653937,OQQ Women's 2 Piece Workout Shorts Seamless Casual Hig...,BILIUBOUTIQUE,Womenswear & Underwear,$30.23,10,"9,820","18%
vs. open collab 8%",7522217899199727373,OQQ,16%,1,16%,3,vs. open collab 8%
1729447084551344929,2 Piece Bodysuits For Women Sexy Crew N...,OQQ-Nine cents,Womenswear & Underwear,$26.82,9,"14,051","18%
vs. open collab 8%",7522217899199727373,OQQ,16%,1,16%,4,vs. open collab 8%
1729450024139984945,OQQ Women's 3 Piece Sexy Sleeveless Square Neck Bodysu...,BILIUBOUTIQUE,Womenswear & Underwear,$35.79,8,"5,999","18%
vs. open collab 8%",7522217899199727373,OQQ,16%,1,16%,3,vs. open collab 8%
1729452038998167934,Womenswear Three-Piece Ribbed Square Neck ...,OQQfitness,Womenswear & Underwear,$34.46,7,"43,547","18%
vs. open collab 8%",7522217899199727373,OQQ,16%,1,16%,4,vs. open collab 8%
1729467284425184033,Women's 2 Piece Yoga Skirts Basic Versatil...,OQQ-Nine cents,Womenswear & Underwear,$30.61,9,"9,596","18%
vs. open collab 8%",7522217899199727373,OQQ,16%,1,16%,3,vs. open collab 8%
1729539580858306609,OQQ Women's 2 Piece Flare Pants Ribbed Seamless Workout...,BILIUBOUTIQUE,Womenswear & Underwear,$28.99,7,"22,181","18%
vs. open collab 8%",7522217899199727373,OQQ,16%,1,16%,4,vs. open collab 8%
1729601919790321713,OQQ Women Straight Leg Pants High Waist Casual Lounge ...,BILIUBOUTIQUE,Womenswear & Underwear,$29.99,9,"7,843","18%
vs. open collab 8%",7522217899199727373,OQQ,16%,1,16%,3,vs. open collab 8%
1731054904832790586,OQQ Womens Bodysuit Women'S Shirt V Neck Ribbed Short...,O QQ,Womenswear & Underwear,$19.99,10,"2,491","18%
vs. open collab 8%",7522217899199727373,OQQ,16%,1,16%,3,vs. open collab 8%
1731186258302701617,OQQ Women's High Waist Crossover Flare Pants V Back Sea...,BILIUBOUTIQUE,Womenswear & Underwear,$24.95-$38.95,7,"16,843","18%
vs. open collab 8%",7522217899199727373,OQQ,16%,1,16%,4,vs. open collab 8%
1731227895274115130,OQQ Women's Casual Pants - High-waisted Loose-Fitting C...,O QQ,Womenswear & Underwear,$25.99-$54.99,19,"127,668","18%
vs. open collab 8%",7522217899199727373,OQQ,16%,1,16%,4,vs. open collab 8%
1731228269662736442,OQQ Women's 2 Piece Workout Shorts for Women Gym Yog...,,~~~,$29.97,10,"2,331","18%
vs. open collab 8%",7522217899199727373,OQQ,16%,1,16%,3,vs. open collab 8%
1731261907373953406,Womenswear Halter Neck Sexy Ribbed Backless ...,OQQfitness,Womenswear & Underwear,$29.99,9,"1,664","18%
vs. open collab 8%",7522217899199727373,OQQ,16%,1,16%,3,vs. open collab 8%
1731364755719622714,OQQ Women's Long Sleeve Crewneck Hoodie Solid Color Ca...,O QQ,Womenswear & Underwear,$17.99,9,"2,003","18%
vs. open collab 8%",7522217899199727373,OQQ,16%,1,16%,3,vs. open collab 8%
1731435334033575994,OQQ Women's Yoga Leggings High-Waist Seamless Regular...,O QQ,Womenswear & Underwear,$25.99-$44.99,20,"16,276","18%
vs. open collab 8%",7522217899199727373,OQQ,16%,1,16%,4,vs. open collab 8%
1729439714813973093,OYS Women's 2 Piece Sleeveless Deep V Neck Ribbed Leota...,O Y S,Womenswear & Underwear,$30.99,10,"20,790","15%
vs. open collab 10%",7522978308595599159,OYS,13%,1,13%,4,vs. open collab 10%
1729443234470400613,OYS Women's Sexy Bodycon One Shoulder Sleeveless Ruche...,O Y S,Womenswear & Underwear,$36.99,10,"36,169","15%
vs. open collab 10%",7522978308595599159,OYS,13%,1,13%,4,vs. open collab 10%
1729443267033666149,OYS Women's Sexy Bodycon High Neck Sleeveless Ruched M...,O Y S,Womenswear & Underwear,$36.99,9,"22,692","15%
vs. open collab 10%",7522978308595599159,OYS,13%,1,13%,4,vs. open collab 10%
1729443311509738085,OYS Women's Summer Sexy Sleeveless Side Split Bodycon ...,,~~~,$23.99,10,"12,310","15%
vs. open collab 10%",7522978308595599159,OYS,13%,1,13%,4,vs. open collab 10%
1729467441089778277,OYS Women's Sexy One Shoulder Satin High Split Cocktail Fit...,O Y S,Womenswear & Underwear,$45.99,20,"137,290","15%
vs. open collab 10%",7522978308595599159,OYS,13%,1,13%,4,vs. open collab 10%
1729468816643756645,OYS Women's Elegant Bodycon High Neck Short Sleeve Ruch...,O Y S,Womenswear & Underwear,$36.99,10,"14,766","15%
vs. open collab 10%",7522978308595599159,OYS,13%,1,13%,4,vs. open collab 10%
1729471479431205477,OYS Women's Sexy Summer Mid Waist Ripped Jean Shorts F...,,~~~,$30.99,10,"11,590","15%
vs. open collab 10%",7522978308595599159,OYS,13%,1,13%,4,vs. open collab 10%
1729543725269095013,OYS Women's Sleeveless Off Shoulder Ruched Bodycon Tre...,O Y S,Womenswear & Underwear,$35.99,10,"7,079","15%
vs. open collab 10%",7522978308595599159,OYS,13%,1,13%,3,vs. open collab 10%
1729580359847875173,OYS Women's Elegant Sleeveless Off Shoulder Bodycon Lon...,O Y S,Womenswear & Underwear,$49.99,20,"41,031","15%
vs. open collab 10%",7522978308595599159,OYS,13%,1,13%,4,vs. open collab 10%
1730321333716750949,OYS Women's Casual Short Sleeve Boat Neck Ruched High S...,O Y S,Womenswear & Underwear,$42.99,9,"8,558","15%
vs. open collab 10%",7522978308595599159,OYS,13%,1,13%,3,vs. open collab 10%
1730438381711757925,OYS Women's Square Neck Sleeveless Bodycon Ruched Wai...,O Y S,Womenswear & Underwear,$37.99,9,"5,435","15%
vs. open collab 10%",7522978308595599159,OYS,13%,1,13%,3,vs. open collab 10%
1730467285384532581,OYS Women's Summer Sleeveless Square Neck A-line Ruffle...,O Y S,Womenswear & Underwear,$37.99,9,"13,015","15%
vs. open collab 10%",7522978308595599159,OYS,13%,1,13%,4,vs. open collab 10%
1730898690990838373,OYS Women's Summer Sleeveless Crew Neck Backless A-lin...,O Y S,Womenswear & Underwear,$36.99,9,"3,592","15%
vs. open collab 10%",7522978308595599159,OYS,13%,1,13%,3,vs. open collab 10%
1731102958528402021,OYS Women's Summer Casual Deep V Neck Cap Sleeve Plea...,O Y S,Womenswear & Underwear,$42.99,9,"15,290","15%
vs. open collab 10%",7522978308595599159,OYS,13%,1,13%,4,vs. open collab 10%
1731131335070618213,OYS Women's Mesh Long Sleeve Dress Square Neck Ruched ...,O Y S,Womenswear & Underwear,$28.99,10,494,"15%
vs. open collab 10%",7522978308595599159,OYS,13%,1,13%,2,vs. open collab 10%
1731208101960061541,OYS Women's Sexy Sleeveless Square Neck Adjustable Strap...,O Y S,Womenswear & Underwear,$37.99,9,"3,755","15%
vs. open collab 10%",7522978308595599159,OYS,13%,1,13%,3,vs. open collab 10%
1731306718870540901,OYS Women's Casual Slit Denim Midi Jean Skirt Stretch Hig...,O Y S,Womenswear & Underwear,$36.99,10,"2,237","15%
vs. open collab 10%",7522978308595599159,OYS,13%,1,13%,3,vs. open collab 10%
1731435024461173349,OYS Women's Square Neck Ruffle Hem Mini Dress Ruched W...,,~~~,$38.99,10,"20,536","15%
vs. open collab 10%",7522978308595599159,OYS,13%,1,10.40%,4,vs. open collab 10%
1731445854864708197,OYS Women's Long Sleeve Button Down Short Pants with Bel...,,~~~,$26.99,10,300,"15%
vs. open collab 10%",7522978308595599159,OYS,13%,1,13%,2,vs. open collab 10%
1731643012438135397,OYS Women's Elegant Off Shoulder High Split Bodycon Eveni...,O Y S,Womenswear & Underwear,$46.99,20,"10,995","15%
vs. open collab 10%",7522978308595599159,OYS,13%,1,10.40%,4,vs. open collab 10%
1729558569373765940,Under Eye Brightener,Catrice Cosmetics,Beauty & Personal Care,$6.00,0,"75,490","18%
vs. open collab 15%",7522983523147024183,Catrice,16%,1,16%,4,vs. open collab 15%
1729634509048287540,HD Liquid Coverage Foundation Concealer,Catrice Cosmetics,Beauty & Personal Care,$10.00,0,792,"18%
vs. open collab 15%",7522983523147024183,Catrice,16%,1,16%,2,vs. open collab 15%
1729650378582102324,Melted Sun Cream Bronzer,Catrice Cosmetics,Beauty & Personal Care,$7.00,0,772,"18%
vs. open collab 15%",7522983523147024183,Catrice,16%,1,16%,2,vs. open collab 15%
1729669145539219764,Prime & Fine Dewy Glow Finishing Spray,Catrice Cosmetics,Beauty & Personal Care,$8.00,0,468,"18%
vs. open collab 15%",7522983523147024183,Catrice,16%,1,16%,2,vs. open collab 15%
1729669163033727284,The Perfector Poreless Blur Primer,Catrice Cosmetics,Beauty & Personal Care,$8.00,0,785,"18%
vs. open collab 15%",7522983523147024183,Catrice,16%,1,16%,2,vs. open collab 15%
1729669244624277812,Blush Affair Cream & Powder Palette,Catrice Cosmetics,Beauty & Personal Care,$7.00,0,532,"18%
vs. open collab 15%",7522983523147024183,Catrice,16%,1,16%,2,vs. open collab 15%
1729669295722959156,Aqua Splash Grip Primer,Catrice Cosmetics,Beauty & Personal Care,$8.00,0,174,"18%
vs. open collab 15%",7522983523147024183,Catrice,16%,1,16%,2,vs. open collab 15%
1729669493544161588,Under Eye Brightener Duo,Catrice Cosmetics,Beauty & Personal Care,$12.00,0,"1,417","18%
vs. open collab 18%",7522983523147024183,Catrice,16%,1,16%,3,vs. open collab 18%
1729691407629390132,Colour Flush pH-Reactive Multi Stick,Catrice Cosmetics,Beauty & Personal Care,$6.00,0,177,"18%
vs. open collab 15%",7522983523147024183,Catrice,16%,1,16%,2,vs. open collab 15%
1729742415457259828,True Skin High Cover Concealer,Catrice Cosmetics,Beauty & Personal Care,$7.00,0,531,"18%
vs. open collab 15%",7522983523147024183,Catrice,16%,1,16%,2,vs. open collab 15%
1729742436248490292,Glossin' Glow Tinted Lip Oil,Catrice Cosmetics,Beauty & Personal Care,$6.00,0,390,"18%
vs. open collab 15%",7522983523147024183,Catrice,16%,1,16%,2,vs. open collab 15%
1729742838672494900,Skin Glaze Hydrating Serum Primer,Catrice Cosmetics,Beauty & Personal Care,$8.00,0,216,"18%
vs. open collab 15%",7522983523147024183,Catrice,16%,1,16%,2,vs. open collab 15%
1729742889269694772,Bright Eyes Trio,Catrice Cosmetics,Beauty & Personal Care,$18.00,0,141,"18%
vs. open collab 15%",7522983523147024183,Catrice,16%,1,16%,2,vs. open collab 15%
1729742907873464628,Blush Affair Set,Catrice Cosmetics,Beauty & Personal Care,$23.80,0,26,"18%
vs. open collab 18%",7522983523147024183,Catrice,16%,1,16%,2,vs. open collab 18%
1729742945837224244,Caffeine Kick Under Eye Serum,Catrice Cosmetics,Beauty & Personal Care,$8.00,0,621,"18%
vs. open collab 15%",7522983523147024183,Catrice,16%,1,16%,2,vs. open collab 15%
1729743004435386676,Prep & Sculpt Set,Catrice Cosmetics,Beauty & Personal Care,$18.70,0,48,"18%
vs. open collab 18%",7522983523147024183,Catrice,16%,1,16%,2,vs. open collab 18%
1730559932072497460,Brighten & Set Duo,Catrice Cosmetics,Beauty & Personal Care,$12.00,0,"1,950","18%
vs. open collab 18%",7522983523147024183,Catrice,16%,1,16%,3,vs. open collab 18%
1730596227955069236,Under Eye Brightener Setting Powder,Catrice Cosmetics,Beauty & Personal Care,$6.00,0,650,"18%
vs. open collab 15%",7522983523147024183,Catrice,16%,1,16%,2,vs. open collab 15%
1730855224282943796,Diamond Glaze Iridescent Lip Gloss,Catrice Cosmetics,Beauty & Personal Care,$7.00,0,255,"18%
vs. open collab 15%",7522983523147024183,Catrice,16%,1,16%,2,vs. open collab 15%
1730855242550776116,Magic Shine Eraser Gel To Powder,Catrice Cosmetics,Beauty & Personal Care,$8.00,0,"4,429","18%
vs. open collab 15%",7522983523147024183,Catrice,16%,1,16%,3,vs. open collab 15%
1730855254531805492,Diamond Haze Highlighter,Catrice Cosmetics,Beauty & Personal Care,$7.00,0,180,"18%
vs. open collab 15%",7522983523147024183,Catrice,16%,1,16%,2,vs. open collab 15%
1730855257497112884,"Catrice Instant Bright Serum Concealer, Face Makeup for Quic...",Catrice Cosmetics,Beauty & Personal Care,$5.00,0,94,"18%
vs. open collab 15%",7522983523147024183,Catrice,16%,1,16%,2,vs. open collab 15%
1730941131556557108,Under Eye Hero Set,Catrice Cosmetics,Beauty & Personal Care,$18.00,0,303,"18%
vs. open collab 18%",7522983523147024183,Catrice,16%,1,16%,2,vs. open collab 18%
1731007329614795060,Diamond Glow Set Lipstick Makeup,Catrice Cosmetics,Beauty & Personal Care,$11.90,0,50,"18%
vs. open collab 18%",7522983523147024183,Catrice,16%,1,16%,2,vs. open collab 18%
1731007356033143092,Metallic Spark Cream Eyeshadow,Catrice Cosmetics,Beauty & Personal Care,$4.00,0,55,"18%
vs. open collab 15%",7522983523147024183,Catrice,16%,1,16%,2,vs. open collab 15%
1731030309021454644,Shine Control Set- Magic Shine Eraser & Puff,Catrice Cosmetics,Beauty & Personal Care,$11.90,0,281,"18%
vs. open collab 18%",7522983523147024183,Catrice,16%,1,16%,2,vs. open collab 18%
1731261683228381492,"Catrice Pro Essential Makeup Brush Set, for Beauty & Persona...",Catrice Cosmetics,Beauty & Personal Care,$15.00,0,77,"18%
vs. open collab 15%",7522983523147024183,Catrice,16%,1,16%,2,vs. open collab 15%
1731261700622094644,Nude Drop Tinted Serum Foundation,Catrice Cosmetics,Beauty & Personal Care,$7.00,0,53,"18%
vs. open collab 15%",7522983523147024183,Catrice,16%,1,16%,2,vs. open collab 15%
1731354938395758900,SUMMER LIPS Lip Glaze,Catrice Cosmetics,Beauty & Personal Care,$3.00,0,25,"18%
vs. open collab 15%",7522983523147024183,Catrice,16%,1,16%,2,vs. open collab 15%
1731606790043111732,Catrice Complete Eye Hero Set,,~~~,$20.00,0,14,"20%
vs. open collab 18%",7522983523147024183,Catrice,18%,1,18%,2,vs. open collab 18%
1731607066183766324,Hyper Lash Mascara Discovery Set,Catrice Cosmetics,Beauty & Personal Care,$27.20,0,25,"20%
vs. open collab 18%",7522983523147024183,Catrice,18%,1,18%,2,vs. open collab 18%
1731607084626121012,Hyper Lash Mascara Duo,Catrice Cosmetics,Beauty & Personal Care,$13.60,0,"1,085","20%
vs. open collab 18%",7522983523147024183,Catrice,18%,1,18%,3,vs. open collab 18%
1729666901631996315,JUICY BOMB glossy butter balm,essence cosmetics,Beauty & Personal Care,$4.99,0,"1,783","18%
vs. open collab 15%",7525216997775410957,essence,17%,1,17%,2,vs. open collab 15%
1729718977445007771,JUICY BOMB glossy butter balm 4 Pack,essence cosmetics,Beauty & Personal Care,$14.99,0,266,"18%
vs. open collab 15%",7525216997775410957,essence,17%,1,17%,1,vs. open collab 15%
1729719089336521115,JUICY BOMB glossy butter balm 6 Pack,essence cosmetics,Beauty & Personal Care,$19.99,0,"1,745","18%
vs. open collab 15%",7525216997775410957,essence,17%,1,17%,2,vs. open collab 15%
1730446030737215899,CONTOURING duo stick,essence cosmetics,Beauty & Personal Care,$5.99,0,225,"18%
vs. open collab 15%",7525216997775410957,essence,17%,1,17%,1,vs. open collab 15%
1730446070955872667,fix & LAST keep it PERFECT FIXING SPRAY,essence cosmetics,Beauty & Personal Care,$4.99,0,66,"18%
vs. open collab 15%",7525216997775410957,essence,17%,1,17%,1,vs. open collab 15%
1730446883840954779,CORRECT & CONCEAL anti redness concealer,essence cosmetics,Beauty & Personal Care,$4.99,0,71,"18%
vs. open collab 15%",7525216997775410957,essence,17%,1,17%,1,vs. open collab 15%
1730456925082784155,fix & LAST instant MATTE FIXING SPRAY,essence cosmetics,Beauty & Personal Care,$4.99,0,48,"18%
vs. open collab 15%",7525216997775410957,essence,17%,1,17%,1,vs. open collab 15%
1730456946474783131,fix & LAST 18h LONG-LASTING FIXING SPRAY,essence cosmetics,Beauty & Personal Care,$4.99,0,190,"18%
vs. open collab 15%",7525216997775410957,essence,17%,1,17%,1,vs. open collab 15%
1730456947613077915,Drops of Sunshine Bronzing Drops,essence cosmetics,Beauty & Personal Care,$5.99,0,192,"18%
vs. open collab 15%",7525216997775410957,essence,17%,1,17%,1,vs. open collab 15%
1730456979730502043,CRANBERRY LIP OIL,essence cosmetics,Beauty & Personal Care,$5.99,0,"1,100","18%
vs. open collab 15%",7525216997775410957,essence,17%,1,17%,2,vs. open collab 15%
1730457011300241819,CORRECT & CONCEAL under eye brightening concealer,essence cosmetics,Beauty & Personal Care,$4.99,0,189,"18%
vs. open collab 15%",7525216997775410957,essence,17%,1,17%,1,vs. open collab 15%
1730510778227200411,META GLOW MULTI-REFLECTIVE LIPGLOSS,essence cosmetics,Beauty & Personal Care,$4.99,0,"10,663","18%
vs. open collab 15%",7525216997775410957,essence,17%,1,17%,3,vs. open collab 15%
1730592659733057947,Hydra Kiss Lip Oil,essence cosmetics,Beauty & Personal Care,$4.99,0,259,"18%
vs. open collab 15%",7525216997775410957,essence,17%,1,17%,1,vs. open collab 15%
1730592963706917275,Bright Eyes! Under Eye Stick,essence cosmetics,Beauty & Personal Care,$4.99,0,420,"18%
vs. open collab 15%",7525216997775410957,essence,17%,1,17%,1,vs. open collab 15%
1730594308745761179,What A Tint! Lip & Cheek Tint,essence cosmetics,Beauty & Personal Care,$4.99,0,708,"18%
vs. open collab 15%",7525216997775410957,essence,17%,1,17%,1,vs. open collab 15%
1730603269031301531,Flawless Skin Trio Loose Setting Powder,essence cosmetics,Beauty & Personal Care,$5.99,0,625,"18%
vs. open collab 15%",7525216997775410957,essence,17%,1,17%,1,vs. open collab 15%
1730664116960792987,the super peptide glossy lip treatment,essence cosmetics,Beauty & Personal Care,$4.99,0,462,"18%
vs. open collab 15%",7525216997775410957,essence,17%,1,17%,1,vs. open collab 15%
1730664129263604123,all about matt! face set,essence cosmetics,Beauty & Personal Care,$9.99,0,24,"18%
vs. open collab 15%",7525216997775410957,essence,17%,1,17%,1,vs. open collab 15%
1730679328962744731,Fix & Last! Setting Spray Bundle,essence cosmetics,Beauty & Personal Care,$14.97,0,83,"18%
vs. open collab 15%",7525216997775410957,essence,17%,1,17%,1,vs. open collab 15%
1730755055091880347,Hydra Kiss Lip Oil Bundle,essence cosmetics,Beauty & Personal Care,$18.99,0,34,"18%
vs. open collab 15%",7525216997775410957,essence,17%,1,17%,1,vs. open collab 15%
1730755180707615131,Lash PRINCESS LIQUID LINER,essence cosmetics,Beauty & Personal Care,$4.99,0,"2,287","18%
vs. open collab 15%",7525216997775410957,essence,17%,1,17%,2,vs. open collab 15%
1730755223970877851,Lash Princess Liquid Liner Bundle,essence cosmetics,Beauty & Personal Care,$13.99,0,88,"18%
vs. open collab 15%",7525216997775410957,essence,17%,1,17%,1,vs. open collab 15%
1730812270907724187,Hydro Gel Eye Patches 30 Pairs,essence cosmetics,Beauty & Personal Care,$9.99,0,86,"18%
vs. open collab 15%",7525216997775410957,essence,17%,1,17%,1,vs. open collab 15%
1730812272541995419,"Hello, Good Stuff! Glow Serum Primer",essence cosmetics,Beauty & Personal Care,$5.99,0,92,"18%
vs. open collab 15%",7525216997775410957,essence,17%,1,17%,1,vs. open collab 15%
1730889803815358875,THE slim STICK,essence cosmetics,Beauty & Personal Care,$4.99,0,72,"18%
vs. open collab 15%",7525216997775410957,essence,17%,1,17%,1,vs. open collab 15%
1730890194253353371,Dip Eyeliner,essence cosmetics,Beauty & Personal Care,$4.99,0,46,"18%
vs. open collab 15%",7525216997775410957,essence,17%,1,17%,1,vs. open collab 15%
1730895660329832859,Baby Got Blush Liquid Blush,essence cosmetics,Beauty & Personal Care,$5.99,0,62,"18%
vs. open collab 15%",7525216997775410957,essence,17%,1,17%,1,vs. open collab 15%
1730895735094415771,Baby Got Blush,essence cosmetics,Beauty & Personal Care,$4.99,0,255,"18%
vs. open collab 15%",7525216997775410957,essence,17%,1,17%,1,vs. open collab 15%
1730895840879743387,META GLOW HIGHLIGHTER,essence cosmetics,Beauty & Personal Care,$5.99,0,156,"18%
vs. open collab 15%",7525216997775410957,essence,17%,1,17%,1,vs. open collab 15%
1730895970111164827,Baby Got Bronze Contour & Bronzer,essence cosmetics,Beauty & Personal Care,$4.99,0,476,"18%
vs. open collab 15%",7525216997775410957,essence,17%,1,17%,1,vs. open collab 15%
1730896042924085659,BABY GOT BRONZE liquid bronzer,essence cosmetics,Beauty & Personal Care,$5.99,0,43,"18%
vs. open collab 15%",7525216997775410957,essence,17%,1,17%,1,vs. open collab 15%
1730901854645948827,BABY GOT GLOW liquid highlighter,essence cosmetics,Beauty & Personal Care,$3.99,0,26,"18%
vs. open collab 15%",7525216997775410957,essence,17%,1,17%,1,vs. open collab 15%
1730902383955972507,"HELLO, GOOD STUFF! HYDRATE & PLUMP FACE SERUM",essence cosmetics,Beauty & Personal Care,$6.99,0,50,"18%
vs. open collab 15%",7525216997775410957,essence,17%,1,17%,1,vs. open collab 15%
1730902415412400539,"Hello, Good Stuff! Bi-Phase Oil Serum",essence cosmetics,Beauty & Personal Care,$5.99,0,23,"18%
vs. open collab 15%",7525216997775410957,essence,17%,1,17%,1,vs. open collab 15%
1730974274401309083,"Hello, Good Stuff! Pore Minimizing Serum",essence cosmetics,Beauty & Personal Care,$5.99,0,97,"18%
vs. open collab 15%",7525216997775410957,essence,17%,1,17%,1,vs. open collab 15%
1730980784357478811,Stay & Play Gel Eyeliner,essence cosmetics,Beauty & Personal Care,$4.99,0,850,"18%
vs. open collab 15%",7525216997775410957,essence,17%,1,17%,1,vs. open collab 15%
1730985234555834779,lash princess false lash effect mascara waterproof 3 pack - ...,essence cosmetics,Beauty & Personal Care,$14.97,0,140,"18%
vs. open collab 15%",7525216997775410957,essence,17%,1,17%,1,vs. open collab 15%
1730985243969360283,lash princess curl mascara 3 pack - Curl formula for a flawles...,essence cosmetics,Beauty & Personal Care,$14.97,0,73,"18%
vs. open collab 15%",7525216997775410957,essence,17%,1,17%,1,vs. open collab 15%
1730985302510309787,bye bye panda eyes! smudge-proof volumizing and defining ...,essence cosmetics,Beauty & Personal Care,$14.97,0,30,"18%
vs. open collab 15%",7525216997775410957,essence,17%,1,17%,1,vs. open collab 15%
1731140610559152539,Lash Princess False Lash Mascara 3 pack,essence cosmetics,Beauty & Personal Care,$14.97,0,399,"18%
vs. open collab 15%",7525216997775410957,essence,17%,1,17%,1,vs. open collab 15%
1731195261310898587,FOUNDATION stick,essence cosmetics,Beauty & Personal Care,$6.99,0,"1,372","18%
vs. open collab 15%",7525216997775410957,essence,17%,1,17%,2,vs. open collab 15%
1731205188089581979,JELLY JEWELS glitter eyeshadow topper Cosmetic Makeup,essence cosmetics,Beauty & Personal Care,$5.99,0,52,"18%
vs. open collab 15%",7525216997775410957,essence,17%,1,17%,1,vs. open collab 15%
1731205543979684251,"HELLO, GOOD STUFF! SKIN REPAIR SERUM",essence cosmetics,Beauty & Personal Care,$3.99,0,42,18%,7525216997775410957,essence,17%,1,17%,1,
1731205620843975067,JUICY BOMB body mist,essence cosmetics,Beauty & Personal Care,$6.99,0,"1,119","18%
vs. open collab 15%",7525216997775410957,essence,17%,1,17%,2,vs. open collab 15%
1731205765404463515,lip care SUGAR SCRUB,essence cosmetics,Beauty & Personal Care,$4.99,0,51,"18%
vs. open collab 15%",7525216997775410957,essence,17%,1,17%,1,vs. open collab 15%
1731205771750904219,jelly GRIP undereye primer stick,essence cosmetics,Beauty & Personal Care,$4.99,0,245,"18%
vs. open collab 15%",7525216997775410957,essence,17%,1,17%,1,vs. open collab 15%
1731205810769138075,lip care JELLY SLEEPING MASK,essence cosmetics,Beauty & Personal Care,$4.99,0,86,"18%
vs. open collab 15%",7525216997775410957,essence,17%,1,17%,1,vs. open collab 15%
1731205810769662363,"HELLO, GOOD STUFF! GLOW-C SERUM",essence cosmetics,Beauty & Personal Care,$5.99,0,25,"18%
vs. open collab 15%",7525216997775410957,essence,17%,1,17%,1,vs. open collab 15%
1731206134485389723,BABY GOT HOLO GLOW highlighter stick,essence cosmetics,Beauty & Personal Care,$4.99,0,55,"18%
vs. open collab 15%",7525216997775410957,essence,17%,1,17%,1,vs. open collab 15%
1731206134487290267,spot squad PIMPLE PATCHES,essence cosmetics,Beauty & Personal Care,$3.99,0,91,"18%
vs. open collab 15%",7525216997775410957,essence,17%,1,17%,1,vs. open collab 15%
1731209834341962139,BABY GOT GLAZE balm stick,essence cosmetics,Beauty & Personal Care,$4.99,0,25,"18%
vs. open collab 15%",7525216997775410957,essence,17%,1,17%,1,vs. open collab 15%
1731257306470257051,Juicy Bomb Body Mist Discovery Set,essence cosmetics,Beauty & Personal Care,$27.96,0,388,"18%
vs. open collab 15%",7525216997775410957,essence,17%,1,17%,1,vs. open collab 15%
1731257326012371355,Juicy Bomb Body Mist- Fruity Duo,essence cosmetics,Beauty & Personal Care,$13.98,0,26,"18%
vs. open collab 15%",7525216997775410957,essence,17%,1,17%,1,vs. open collab 15%
1731257333318062491,Juicy Bomb Body Mist- Dreamy Duo,essence cosmetics,Beauty & Personal Care,$13.98,0,37,"18%
vs. open collab 15%",7525216997775410957,essence,17%,1,17%,1,vs. open collab 15%
1731257370549916059,Jelly Grip Hydrating Primer,essence cosmetics,Beauty & Personal Care,$5.99,0,302,"18%
vs. open collab 15%",7525216997775410957,essence,17%,1,17%,1,vs. open collab 15%
1731257478226088347,Spritz & Shine: Body & Lip Duo,essence cosmetics,Beauty & Personal Care,$11.98,0,49,"18%
vs. open collab 15%",7525216997775410957,essence,17%,1,17%,1,vs. open collab 15%
1731257502159507867,Curl Fixing Lash Base,essence cosmetics,Beauty & Personal Care,$4.99,0,58,"18%
vs. open collab 15%",7525216997775410957,essence,17%,1,17%,1,vs. open collab 15%
1731257508661596571,GLOSSY GLAZE high shine lipstick,essence cosmetics,Beauty & Personal Care,$3.99,0,91,"18%
vs. open collab 15%",7525216997775410957,essence,17%,1,17%,1,vs. open collab 15%
1731261147241550235,Baby Got Liquid Blush & Bronzer Duo,essence cosmetics,Beauty & Personal Care,$11.98,0,60,"18%
vs. open collab 15%",7525216997775410957,essence,17%,1,17%,1,vs. open collab 15%
1731261149756494235,powder brush,essence cosmetics,Beauty & Personal Care,$5.99,0,22,"18%
vs. open collab 15%",7525216997775410957,essence,17%,1,17%,1,vs. open collab 15%
1731261192562774427,make up buffer brush,essence cosmetics,Beauty & Personal Care,$5.99,0,122,"18%
vs. open collab 15%",7525216997775410957,essence,17%,1,17%,1,vs. open collab 15%
1731261323564192155,Smooth & Set Duo- Foundation Stick & Setting Powder,essence cosmetics,Beauty & Personal Care,$12.98,0,25,"18%
vs. open collab 15%",7525216997775410957,essence,17%,1,17%,1,vs. open collab 15%
1731261442860290459,blush & highlighter brush,essence cosmetics,Beauty & Personal Care,$5.99,0,51,18%,7525216997775410957,essence,17%,1,17%,1,
1731261587498963355,8H Matte Comfort Lipliner,essence cosmetics,Beauty & Personal Care,$3.99,0,436,"18%
vs. open collab 15%",7525216997775410957,essence,17%,1,17%,1,vs. open collab 15%
1731292565631308187,What A Tint Lip & Cheek Tint Trio,essence cosmetics,Beauty & Personal Care,$14.97,0,19,"18%
vs. open collab 15%",7525216997775410957,essence,17%,1,17%,1,vs. open collab 15%
1731292608651760027,Super Peptide Lip Duo,essence cosmetics,Beauty & Personal Care,$9.98,0,128,"18%
vs. open collab 15%",7525216997775410957,essence,17%,1,17%,1,vs. open collab 15%
1731292935841616283,Blend & Go Duo- Foundation Stick & Blending Brush,essence cosmetics,Beauty & Personal Care,$12.98,0,127,"18%
vs. open collab 15%",7525216997775410957,essence,17%,1,17%,1,vs. open collab 15%
1731398567607046555,essence Clean Girl Aesthetic Beauty & Personal Care Makeup ...,essence cosmetics,Beauty & Personal Care,$29.95,0,18,"18%
vs. open collab 15%",7525216997775410957,essence,17%,1,17%,1,vs. open collab 15%
1731425697080119707,lash WITHOUT LIMITS TUBING Extreme Lengthening & Volu...,essence cosmetics,Beauty & Personal Care,$4.99,0,632,"18%
vs. open collab 15%",7525216997775410957,essence,17%,1,17%,1,vs. open collab 15%
1731425708326228379,lash WITHOUT LIMITS WATERPROOF EXTREME LENGTHENIN...,essence cosmetics,Beauty & Personal Care,$4.99,0,223,"18%
vs. open collab 15%",7525216997775410957,essence,17%,1,17%,1,vs. open collab 15%
1729554646471512584,14K Gold Plated 3mm Cubic Zirconia Classic Tennis Bra...,PAVOI,Jewelry Accessories & Derivatives,$20.10-$42.50,97,"56,224","20%
vs. open collab 15%",7532227386732119863,PAVOI,18%,1,18%,5,vs. open collab 15%
1729554653838283272,Eternity Ring Oval 5A & 6A Cubic Zirconia Love Ring -...,PAVOI,Jewelry Accessories & Derivatives,$20.02-$37.14,88,"35,477","20%

Open collab 15% - 18%",7532227386732119863,PAVOI,18%,1,18%,5,vs. open collab 15%-18%
1729555020284072456,14K Gold Plated Station Necklace for Women - Dainty ...,PAVOI,Jewelry Accessories & Derivatives,$16.61,92,"26,694","20%

Open collab 15% - 18%",7532227386732119863,PAVOI,18%,1,18%,5,vs. open collab 15%-18%
1729555020825465352,1.5 Carat Cubic Zirconia Solitaire Pendant Necklace - 1...,PAVOI,Jewelry Accessories & Derivatives,$15.06-$16.74,97,"25,472","20%
vs. open collab 14%",7532227386732119863,PAVOI,18%,1,18%,5,vs. open collab 14%
1729648288828527112,14K Gold Plated Women's Chunky Dangle Door Knock...,PAVOI,Jewelry Accessories & Derivatives,$14.45-$18.95,91,"3,789","20%

Open collab 15% - 18%",7532227386732119863,PAVOI,18%,1,18%,4,vs. open collab 15%-18%
1730036549251142152,14K Gold Plated Women's X Ring Simulated Diamond ...,PAVOI,Jewelry Accessories & Derivatives,$16.74-$18.42,91,"17,125","20%

Open collab 15% - 18%",7532227386732119863,PAVOI,18%,1,18%,5,vs. open collab 15%-18%
1730560791982281224,14K Gold Plated Tennis Necklace for Women - 3mm S...,PAVOI,Jewelry Accessories & Derivatives,$39.14-$81.00,98,"18,801","20%
vs. open collab 14%",7532227386732119863,PAVOI,18%,1,18%,5,vs. open collab 14%
1730595722208973320,14K Gold Plated Adjustable Matching Bracelets for W...,PAVOI,Jewelry Accessories & Derivatives,$21.05-$32.95,396,"42,048","20%
vs. open collab 15%",7532227386732119863,PAVOI,18%,1,15.30%,5,vs. open collab 15%
1730729537343623688,14K Gold Plated Stackable Rings Set for Women - 3 C...,PAVOI,Jewelry Accessories & Derivatives,$19.45-$24.45,90,"4,063","20%

Open collab 15% - 18%",7532227386732119863,PAVOI,18%,1,18%,4,vs. open collab 15%-18%
1730755346326721032,14K Gold Plated Initial Letter Pendant Layered Necklac...,PAVOI,Jewelry Accessories & Derivatives,$16.45-$17.95,91,"1,624","20%

Open collab 15% - 18%",7532227386732119863,PAVOI,18%,1,18%,4,vs. open collab 15%-18%
1730896012450828808,14K Gold Plated Interlocked Stackable Statement Rin...,PAVOI,Jewelry Accessories & Derivatives,$18.99-$26.60,92,"26,200","20%

Open collab 15% - 18%",7532227386732119863,PAVOI,18%,1,18%,5,vs. open collab 15%-18%
1730908702761456136,14K Gold Plated Graduated Simulated Diamonds Bezel...,PAVOI,Jewelry Accessories & Derivatives,$21.20,89,"8,215","20%
vs. open collab 15%",7532227386732119863,PAVOI,18%,1,18%,4,vs. open collab 15%
1730928999293096456,14K Gold Plated Round Shell Pearl Jewelry Set for Wo...,PAVOI,Jewelry Accessories & Derivatives,$19.45,97,"1,746","20%
vs. open collab 15%",7532227386732119863,PAVOI,18%,1,18%,4,vs. open collab 15%
1730968809635222024,14K Gold Plated Interlocked Stackable Rings for Wom...,PAVOI,Jewelry Accessories & Derivatives,$18.45-$30.95,90,"5,723","20%
vs. open collab 15%",7532227386732119863,PAVOI,18%,1,18%,4,vs. open collab 15%
1731653142018626056,14K Gold Plated Clover Bracelets for Women - Flower F...,PAVOI,Jewelry Accessories & Derivatives,$23.32-$28.10,95,"10,871","20%

Open collab 15% - 18%",7532227386732119863,PAVOI,18%,1,18%,5,vs. open collab 15%-18%
1731653179862389256,14K Gold Plated Clover Necklaces for Women - Black ...,PAVOI,Jewelry Accessories & Derivatives,$12.71-$21.63,99,"12,459","20%

Open collab 15% - 18%",7532227386732119863,PAVOI,18%,1,18%,5,vs. open collab 15%-18%
1729469685246825108,Lemonade Pack of 4 – Naturally rich in essenti...,True Sea Moss,Health,$40.00-$99.99,993,"22,958","23%
vs. open collab 18%",7535170680670832398,True Sea Moss,21%,1,21%,4,vs. open collab 18%
1731193169056338580,Electrolytes – Melon & Watermelon – Natural f...,True Sea Moss,Health,$29.99,994,"3,978","22%

Open collab 20% - 22%",7535170680670832398,True Sea Moss,21%,1,21%,2,vs. open collab 20%-22%
1731352834691994260,Irish Sea Moss Gel 2-bottle bundle – Rich in Es...,True Sea Moss,Health,$56.99,993,"21,320","30%

Open collab 25% - 27%",7535170680670832398,True Sea Moss,28%,1,28%,4,vs. open collab 25%-27%
1731553086353609364,Gel Sticks | Fruit Mix – Rich in Essential Mineral...,True Sea Moss,Health,$45.00-$187.90,991,"7,057","25%
vs. open collab 20%",7535170680670832398,True Sea Moss,23%,1,23%,3,vs. open collab 20%
1729419162895225796,Snail Rescue Blemish Busting Toner with Hyaluronic Acid for ...,Peach Slices,Beauty & Personal Care,$13.99,200,"6,772","35%
vs. open collab 15%",7535589158338447159,Peach Slices,30%,1,30%,6,vs. open collab 15%
1729419987752162244,Snail Rescue Intensive Wash-Off Jelly Mask Skincare Skin Re...,Peach Slices,Beauty & Personal Care,$16.99,200,"7,629","35%
vs. open collab 15%",7535589158338447159,Peach Slices,30%,1,30%,6,vs. open collab 15%
1729424009067860932,Snail Rescue Trio,Peach Slices,Beauty & Personal Care,$42.99,200,"10,242","35%
vs. open collab 15%",7535589158338447159,Peach Slices,30%,1,30%,7,vs. open collab 15%
1729435352385491908,Redness Relief Azelaic Acid Serum,Peach Slices,Beauty & Personal Care,$19.99,200,824,"35%
vs. open collab 15%",7535589158338447159,Peach Slices,30%,1,30%,5,vs. open collab 15%
1729439687205557188,Acne Spot Dots - Medical-Grade Rapid Action f...,Peach Slices,Beauty & Personal Care,$4.99-$17.99,200,"6,035","35%
vs. open collab 15%",7535589158338447159,Peach Slices,30%,1,30%,6,vs. open collab 15%
1729439687276729284,Nose Pore Patches from - Hydrocolloid Blackhe...,Peach Slices,Beauty & Personal Care,$9.99-$24.99,198,"41,241","35%
vs. open collab 15%",7535589158338447159,Peach Slices,30%,1,30%,7,vs. open collab 15%
1729448909630575556,Acne Spot Treatment Trio,Peach Slices,Beauty & Personal Care,$22.00,198,690,"35%
vs. open collab 15%",7535589158338447159,Peach Slices,30%,1,30%,5,vs. open collab 15%
1729448914349495236,{ Official} Acne Exfoliating Toner with 2% Salicyli...,Peach Slices,Beauty & Personal Care,$10.99,200,700,"35%
vs. open collab 15%",7535589158338447159,Peach Slices,30%,1,30%,5,vs. open collab 15%
1729448926011560900,Redness Relief Color Correcting Moisturizer,Peach Slices,Beauty & Personal Care,$19.99,200,"1,067","35%
vs. open collab 15%",7535589158338447159,Peach Slices,30%,1,30%,6,vs. open collab 15%
1729448926761620420,Redness Relief Calming Cream,Peach Slices,Beauty & Personal Care,$19.99,200,155,"35%
vs. open collab 15%",7535589158338447159,Peach Slices,30%,1,30%,5,vs. open collab 15%
1729448928508482500,Snail Rescue All-in-One Deep Moisture Cream from Peach S...,Peach Slices,Beauty & Personal Care,$16.99,200,633,"35%
vs. open collab 15%",7535589158338447159,Peach Slices,30%,1,30%,5,vs. open collab 15%
1729448928681300932,Snail Rescue Purifying Cleanser,Peach Slices,Beauty & Personal Care,$14.99,200,"3,429","35%
vs. open collab 15%",7535589158338447159,Peach Slices,30%,1,30%,6,vs. open collab 15%
1729448928739955652,Snail Rescue All-in-One Oil Free Moisturizer,Peach Slices,Beauty & Personal Care,$16.99,200,981,"35%
vs. open collab 15%",7535589158338447159,Peach Slices,30%,1,30%,5,vs. open collab 15%
1729448928799527876,Snail Rescue Intensive Serum,Peach Slices,Beauty & Personal Care,$17.99,200,898,"35%
vs. open collab 15%",7535589158338447159,Peach Slices,30%,1,30%,5,vs. open collab 15%
1729448929188287428,Oil Control Balancing Mist,Peach Slices,Beauty & Personal Care,$19.99,200,353,"35%
vs. open collab 15%",7535589158338447159,Peach Slices,30%,1,30%,5,vs. open collab 15%
1729448930117850052,Redness Relief Soothing Serum,Peach Slices,Beauty & Personal Care,$18.99,200,191,"35%
vs. open collab 15%",7535589158338447159,Peach Slices,30%,1,30%,5,vs. open collab 15%
1729448930767770564,Redness Relief Trio - Moisture Cleanser & Seru...,Peach Slices,Beauty & Personal Care,$48.99,200,163,"35%
vs. open collab 15%",7535589158338447159,Peach Slices,30%,1,30%,5,vs. open collab 15%
1729448930843136964,Redness Relief Soothing Cleanser,Peach Slices,Beauty & Personal Care,$16.99,200,150,"35%
vs. open collab 15%",7535589158338447159,Peach Slices,30%,1,30%,5,vs. open collab 15%
1729448933183820740,Oil Control Mattifying Moisturizer,Peach Slices,Beauty & Personal Care,$16.99,199,298,"35%
vs. open collab 15%",7535589158338447159,Peach Slices,30%,1,30%,5,vs. open collab 15%
1729448933937353668,Oil Control Balancing Cleanser,Peach Slices,Beauty & Personal Care,$14.99,200,143,"35%
vs. open collab 15%",7535589158338447159,Peach Slices,30%,1,30%,5,vs. open collab 15%
1729448934374282180,Oil Control Collection,Peach Slices,Beauty & Personal Care,$65.00,199,36,"35%
vs. open collab 15%",7535589158338447159,Peach Slices,30%,1,30%,5,vs. open collab 15%
1729448934863573956,Oil Control Pore Serum,Peach Slices,Beauty & Personal Care,$19.99,200,129,"35%
vs. open collab 15%",7535589158338447159,Peach Slices,30%,1,30%,5,vs. open collab 15%
1729553328338539460,Body Breakout Patches,Peach Slices,Beauty & Personal Care,$9.99,200,827,"35%
vs. open collab 15%",7535589158338447159,Peach Slices,30%,1,30%,5,vs. open collab 15%
1729553330222109636,Body Breakout Bundle - Soothing & Smooth Ac...,Peach Slices,Beauty & Personal Care,$69.99,200,298,"35%
vs. open collab 15%",7535589158338447159,Peach Slices,30%,1,30%,5,vs. open collab 15%
1729553330412229572,Breakout Banisher Body Wash,Peach Slices,Beauty & Personal Care,$17.99-$30.00,200,"4,467","35%
vs. open collab 15%",7535589158338447159,Peach Slices,30%,1,30%,6,vs. open collab 15%
1729553331368858564,Breakout Banisher Body Lotion,Peach Slices,Beauty & Personal Care,$19.99,200,388,"35%
vs. open collab 15%",7535589158338447159,Peach Slices,30%,1,30%,5,vs. open collab 15%
1729553331716199364,Smoothing Solution Ingrown Hair Treatment with...,Peach Slices,Beauty & Personal Care,$17.99-$45.00,197,"325,454","35%
vs. open collab 15%",7535589158338447159,Peach Slices,30%,1,30%,7,vs. open collab 15%
1729553334252114884,"Breakout Banisher Trio - Salicylic Acid Cleanser, Cucumber To...",Peach Slices,Beauty & Personal Care,$56.98,200,101,"35%
vs. open collab 15%",7535589158338447159,Peach Slices,30%,1,30%,5,vs. open collab 15%
1729662079605248964,Pimple & Pore Patch Pack,Peach Slices,Beauty & Personal Care,$23.99,198,642,"35%
vs. open collab 15%",7535589158338447159,Peach Slices,30%,1,30%,5,vs. open collab 15%
1730863342406702020,Redness Relief Duo: Your Glow-Up Essentials,Peach Slices,Beauty & Personal Care,$39.98,200,38,"35%
vs. open collab 15%",7535589158338447159,Peach Slices,30%,1,30%,5,vs. open collab 15%
1729595769839063642,[TIRTIR Official] Mask Fit Red Cushion Foundation Korean Ma...,TIRTIR Inc.,Beauty & Personal Care,$20.00,97,"57,396","20%
vs. open collab 10%",7535900817901520653,TIRTIR,18%,1,5.40%,4,vs. open collab 10%
1730568950391214682,[TIRTIR Official] Mini Size Waterism Tinted Lip Stain - Glossy ...,TIRTIR Inc.,Beauty & Personal Care,$7.11,47,"18,333","20%
vs. open collab 15%",7535900817901520653,TIRTIR,18%,1,5.40%,4,vs. open collab 15%
1730775015896814170,[TIRTIR Official] Mask Fit Makeup Fixer 24H Long Lasting Mak...,TIRTIR Inc.,Beauty & Personal Care,$12.75,95,"37,438","20%
vs. open collab 10%",7535900817901520653,TIRTIR,18%,1,5.40%,4,vs. open collab 10%
1730899430639637082,[TIRTIR Official] Mask Fit Waterproof Setting Spray - Flawless...,TIRTIR Inc.,Beauty & Personal Care,$12.00,46,"67,119","20%
vs. open collab 10%",7535900817901520653,TIRTIR,18%,1,5.40%,4,vs. open collab 10%
1731165367326642778,[TIRTIR Official] Mask Fit AI Filter Cushion Foundation l Full Si...,TIRTIR Inc.,Beauty & Personal Care,$20.00,47,"145,843","20%
vs. open collab 10%",7535900817901520653,TIRTIR,18%,1,5.40%,4,vs. open collab 10%
1731165559314747994,[TIRTIR Official] Glide & Hide Dual Concealer and Foundation...,TIRTIR Inc.,Beauty & Personal Care,$12.80,96,"103,324","20%
vs. open collab 10%",7535900817901520653,TIRTIR,18%,1,5.40%,4,vs. open collab 10%
1731185620340413018,[TIRTIR Official] Mask Fit Red Foundation 30ml | Makeup Cos...,TIRTIR Inc.,Beauty & Personal Care,$21.60-$22.95,98,"26,982","20%
vs. open collab 10%",7535900817901520653,TIRTIR,18%,1,5.40%,4,vs. open collab 10%
1731124539121570014,Cata-Kor NAD+ Core 250mg - NAD+ Supplement for Health...,Cata-Kor USA,Health,$23.99,47,"19,885","30%
vs. open collab 25%",7536009696122652430,Cata-Kor,28%,1,28%,4,vs. open collab 25%
1731196071361351902,2x Cata-Kor NAD+ Core - NAD Supplement - 120 Capsules,Cata-Kor USA,Health,$44.99,0,"2,194","30%
vs. open collab 25%",7536009696122652430,Cata-Kor,28%,1,28%,3,vs. open collab 25%
1731196073235812574,Cata-Kor NAD+ Core - 3x 250mg NAD Supplement - 180 C...,Cata-Kor USA,Health,$64.99,0,"2,310","30%
vs. open collab 25%",7536009696122652430,Cata-Kor,28%,1,28%,3,vs. open collab 25%
1731196073658650846,3x Cata-Kor NAD+ Advanced - NAD Supplement with Resver...,Cata-Kor USA,Health,$99.99,0,"16,392","30%
vs. open collab 25%",7536009696122652430,Cata-Kor,28%,1,28%,4,vs. open collab 25%
1731267137041043678,2x Cata-Kor NAD+ Advanced - NAD+ Supplement for Energy...,Cata-Kor USA,Health,$69.99,0,"20,171","30%
vs. open collab 25%",7536009696122652430,Cata-Kor,28%,1,28%,4,vs. open collab 25%
1731271330635944158,Cata-Kor NAD+ Advanced 500mg - NAD+ Supplement for E...,Cata-Kor USA,Health,$35.98,44,"178,801","30%
vs. open collab 25%",7536009696122652430,Cata-Kor,28%,1,28%,4,vs. open collab 25%
1731463321275568350,3x Cata-Kor NAD+ Advanced 500mg - NAD Supplement wit...,Cata-Kor USA,Health,$99.99,0,"8,869","30%
vs. open collab 25%",7536009696122652430,Cata-Kor,28%,1,28%,3,vs. open collab 25%
1731463325558411486,2x Cata-Kor NAD+ Advanced 500 mg - NAD+ Supplement fo...,Cata-Kor USA,Health,$69.99,0,"7,466","30%
vs. open collab 25%",7536009696122652430,Cata-Kor,28%,1,28%,3,vs. open collab 25%
1731506246274814174,2x Cata-Kor NAD+ Core - NAD Supplement - 120 Capsules,Cata-Kor USA,Health,$44.99,0,589,"30%
vs. open collab 25%",7536009696122652430,Cata-Kor,28%,1,28%,2,vs. open collab 25%
1729422309494329744,MARSMADE Castor Oil Shampoo Bar - Official Product Hydra...,,~~~,$14.99,10,0,"15%
vs. open collab 14%",7539977563684521783,PicketPlay,14%,1,14%,1,vs. open collab 14%
1729423627625140624,MARSMADE Castor Oil Shampoo Bar - Official Product Hydra...,PicketPlay Shop,Beauty & Personal Care,$8.73,10,203,"15%
vs. open collab 10%",7539977563684521783,PicketPlay,13%,1,13%,2,vs. open collab 10%
1729435147992076688,My Normal Keto Allulose - Official Product Zero Calorie Vega...,PicketPlay Shop,Food & Beverages,$12.99,10,1,15%,7539977563684521783,PicketPlay,13%,1,13%,2,
1729436205933891984,UpgradeWith Inflatable Punching Bag Stand - Official Product...,,~~~,$65.99,10,0,"15%
vs. open collab 10%",7539977563684521783,PicketPlay,13%,1,13%,2,vs. open collab 10%
1729451790079988112,MARSMADE Castor Oil Shampoo Bar - Official Product Hydra...,PicketPlay Shop,Beauty & Personal Care,$26.00,10,1,"15%
vs. open collab 10%",7539977563684521783,PicketPlay,13%,1,13%,2,vs. open collab 10%
1729458687689724304,MEDIALL Premium Hair Oil - Official Product Coconut Argan H...,PicketPlay Shop,Beauty & Personal Care,$9.99,10,903,"15%
vs. open collab 10%",7539977563684521783,PicketPlay,13%,1,13%,2,vs. open collab 10%
1729459635916542352,Dr. Pepti Peptide Volume Master Essence - Official Product A...,PicketPlay Shop,Beauty & Personal Care,$28.00,10,498,"15%
vs. open collab 10%",7539977563684521783,PicketPlay,13%,1,13%,2,vs. open collab 10%
1729459636212175248,Dermafirm Soothing Repair Toning Serum R4 - Official Produ...,PicketPlay Shop,Beauty & Personal Care,$10.66,10,88,"15%
vs. open collab 10%",7539977563684521783,PicketPlay,13%,1,13%,2,vs. open collab 10%
1729459737733337488,ACWELL Licorice pH Balancing Advanced Facial Serum Ampo...,PicketPlay Shop,Beauty & Personal Care,$25.00,10,70,"15%
vs. open collab 10%",7539977563684521783,PicketPlay,13%,1,13%,2,vs. open collab 10%
1729464825787945360,My Normal Keto Allulose - Official Product Zero Calorie Liquid...,PicketPlay Shop,Food & Beverages,$11.99,10,298,"15%
vs. open collab 12%",7539977563684521783,PicketPlay,13%,1,13%,2,vs. open collab 12%
1729464959992107408,PEELPUNK Exfoliating Body Scrub - Official Product Ultra Hy...,PicketPlay Shop,Beauty & Personal Care,$8.73,10,109,"15%
vs. open collab 10%",7539977563684521783,PicketPlay,13%,1,13%,2,vs. open collab 10%
1729465120822170000,That's What She Used Hair Thickening Shampoo - Official Pro...,,~~~,$15.51,10,72,"15%
vs. open collab 10%",7539977563684521783,PicketPlay,13%,1,13%,2,vs. open collab 10%
1729466278799511952,Pyunkang Yul Ultimate Calming Solution Cream - Official Prod...,,~~~,$21.00,10,0,"15%
vs. open collab 10%",7539977563684521783,PicketPlay,13%,1,13%,2,vs. open collab 10%
1729466404837560720,DASHU Ultra Holding Power Men Hair Wax Strong Hold - Offi...,PicketPlay Shop,Beauty & Personal Care,$6.78,10,24,"15%
vs. open collab 10%",7539977563684521783,PicketPlay,13%,1,13%,2,vs. open collab 10%
1729466407566086544,DASHU Premium Ultra Bond Gel Down Perm - Official Produc...,PicketPlay Shop,Beauty & Personal Care,$20.99,10,112,"15%
vs. open collab 10%",7539977563684521783,PicketPlay,13%,1,13%,2,vs. open collab 10%
1729466416989442448,DASHU Daily Volume Up Curl Cream - Official Product Hair St...,PicketPlay Shop,Beauty & Personal Care,$6.78,10,103,"15%
vs. open collab 10%",7539977563684521783,PicketPlay,13%,1,13%,2,vs. open collab 10%
1729466428089602448,DASHU Perfect Downtech - Official Product Original 3-Min N...,PicketPlay Shop,Beauty & Personal Care,$34.00,10,146,"15%
vs. open collab 10%",7539977563684521783,PicketPlay,13%,1,13%,2,vs. open collab 10%
1729466474586214800,DASHU Classic Style Grooming Tonic Foam - Official Product ...,PicketPlay Shop,Beauty & Personal Care,$7.75,10,49,"15%
vs. open collab 10%",7539977563684521783,PicketPlay,13%,1,13%,2,vs. open collab 10%
1729466558202548624,HairPlus Velvet Protein Shampoo for Dry Hair - Official Produ...,PicketPlay Shop,Beauty & Personal Care,$11.63,10,77,"15%
vs. open collab 10%",7539977563684521783,PicketPlay,13%,1,13%,2,vs. open collab 10%
1729466564660990352,Hair Plus Velvet Protein Bond Treatment - Official Product De...,PicketPlay Shop,Beauty & Personal Care,$13.52,10,318,"15%
vs. open collab 10%",7539977563684521783,PicketPlay,13%,1,13%,2,vs. open collab 10%
1729466578555015568,Hair Plus Protein Bond Water Hair Essence - Official Product ...,PicketPlay Shop,Beauty & Personal Care,$18.62,10,309,"15%
vs. open collab 10%",7539977563684521783,PicketPlay,13%,1,13%,2,vs. open collab 10%
1729466583358935440,Hair Plus Velvet Protein Bond Nutri Injection Ampoule - Offici...,PicketPlay Shop,Beauty & Personal Care,$11.82,10,244,"15%
vs. open collab 10%",7539977563684521783,PicketPlay,13%,1,13%,2,vs. open collab 10%
1729468457978663312,Smilebloom KKOCH Snail Mucin 85% Face Serum - Official P...,PicketPlay Shop,Beauty & Personal Care,$10.66,10,12,"15%
vs. open collab 10%",7539977563684521783,PicketPlay,13%,1,13%,2,vs. open collab 10%
1729468669955838352,Dr. Pepti Peptide Volume Master Essence - Official Product A...,PicketPlay Shop,Beauty & Personal Care,$49.90,10,4,"15%
vs. open collab 10%",7539977563684521783,PicketPlay,13%,1,13%,2,vs. open collab 10%
1729469932543250832,Smilebloom KKOCH Bio-AHA Clarity Boosting Face Serum - O...,PicketPlay Shop,Beauty & Personal Care,$12.60,10,5,"15%
vs. open collab 10%",7539977563684521783,PicketPlay,13%,1,13%,2,vs. open collab 10%
1729471747830747536,MARSMADE Extra Hold Clay Wax w/ Matte Finish & Frizz Con...,PicketPlay Shop,Beauty & Personal Care,$11.54,10,19,"15%
vs. open collab 10%",7539977563684521783,PicketPlay,13%,1,13%,2,vs. open collab 10%
1729471749669097872,MARSMADE Slick Back Hair Gel - Official Product Hair Styling ...,PicketPlay Shop,Beauty & Personal Care,$10.48,10,15,"15%
vs. open collab 10%",7539977563684521783,PicketPlay,13%,1,13%,2,vs. open collab 10%
1729471749850829200,MARSMADE Hair Pomade- Official Product Edge Control & C...,PicketPlay Shop,Beauty & Personal Care,$10.96,10,31,"15%
vs. open collab 10%",7539977563684521783,PicketPlay,13%,1,13%,2,vs. open collab 10%
1729471803719127440,FATION NOSCA9 Trouble Clear Toner S Hydrating Toner - Off...,,~~~,$24.00,10,0,"15%
vs. open collab 10%",7539977563684521783,PicketPlay,13%,1,13%,2,vs. open collab 10%
1729471804196622736,FATION NOSCA9 Trouble Cream S Hydrating Face Moisturiz...,,~~~,$28.00,10,0,"15%
vs. open collab 10%",7539977563684521783,PicketPlay,13%,1,13%,2,vs. open collab 10%
1729471807380492688,FATION NOSCA9 Spot Patch - Official Product Ultra-Slim Hy...,,~~~,$14.90,10,0,"15%
vs. open collab 10%",7539977563684521783,PicketPlay,13%,1,13%,2,vs. open collab 10%
1729471808515379600,FATION NOSCA9 Trouble Serum S - Official Product Hydrating ...,,~~~,$24.00,10,0,"15%
vs. open collab 10%",7539977563684521783,PicketPlay,13%,1,13%,2,vs. open collab 10%
1729472946337649040,2aN Eyeshadow Palette Daily Blossom - Official Product Hyp...,PicketPlay Shop,Beauty & Personal Care,$13.57,10,27,"15%
vs. open collab 10%",7539977563684521783,PicketPlay,13%,1,13%,2,vs. open collab 10%
1729472974496305552,2aN Eyeshadow Palette Rosely Blossom - Official Product Hy...,PicketPlay Shop,Beauty & Personal Care,$19.99,10,134,"15%
vs. open collab 10%",7539977563684521783,PicketPlay,13%,1,13%,2,vs. open collab 10%
1729472990418866576,2aN Korean Volume Curling Mascara - Official Product Water...,PicketPlay Shop,Beauty & Personal Care,$9.99,10,144,"15%
vs. open collab 10%",7539977563684521783,PicketPlay,13%,1,13%,2,vs. open collab 10%
1729473004888494480,2aN Long and Curling Mascara in Chocobrown - Official Prod...,PicketPlay Shop,Beauty & Personal Care,$9.99,10,126,"15%
vs. open collab 10%",7539977563684521783,PicketPlay,13%,1,13%,2,vs. open collab 10%
1729473025089704336,2aN Long Lash Mascara - Official Product Korean Telescopic ...,PicketPlay Shop,Beauty & Personal Care,$10.99,10,38,"15%
vs. open collab 10%",7539977563684521783,PicketPlay,13%,1,13%,2,vs. open collab 10%
1729473050773590416,"2aN Easy Off Mascara Remover - Official Product, Hypoallerg...",PicketPlay Shop,Beauty & Personal Care,$6.78,10,67,"15%
vs. open collab 10%",7539977563684521783,PicketPlay,13%,1,13%,2,vs. open collab 10%
1729473060825960848,2aN Dual Lash Remover - Official Product 2-in-1 Waterproof ...,PicketPlay Shop,Beauty & Personal Care,$6.78,10,217,"15%
vs. open collab 10%",7539977563684521783,PicketPlay,13%,1,13%,2,vs. open collab 10%
1729473935613333904,[OFFICIAL HAYEJIN PRODUCT] Hayejin RiceFila Oil Toner - Ko...,PicketPlay Shop,Beauty & Personal Care,$15.51,10,"1,019","15%
vs. open collab 20%",7539977563684521783,PicketPlay,13%,1,13%,3,vs. open collab 20%
1729474895072039312,DASHU Premium Mega Hold Super Spray - Official Product E...,PicketPlay Shop,Beauty & Personal Care,$10.99,10,228,"15%
vs. open collab 10%",7539977563684521783,PicketPlay,13%,1,13%,2,vs. open collab 10%
1729480967098831248,IUNIK Tea Tree Relief Serum - Official Product Vegan Non-Sti...,PicketPlay Shop,Beauty & Personal Care,$8.72,10,176,"15%
vs. open collab 10%",7539977563684521783,PicketPlay,13%,1,13%,2,vs. open collab 10%
1729481001271398800,IUNIK Centella Calming Gel Cream - Official Product Vegan N...,PicketPlay Shop,Beauty & Personal Care,$12.00,10,485,"15%
vs. open collab 10%",7539977563684521783,PicketPlay,13%,1,13%,2,vs. open collab 10%
1729481002358641040,IUNIK Centella Green Fresh Cleansing Oil - Official Product P...,PicketPlay Shop,Beauty & Personal Care,$8.72,10,266,"15%
vs. open collab 10%",7539977563684521783,PicketPlay,13%,1,13%,2,vs. open collab 10%
1729481026081427856,IUNIK Beta Glucan Power Moisture Serum - Official Product R...,PicketPlay Shop,Beauty & Personal Care,$19.99,10,502,"15%
vs. open collab 10%",7539977563684521783,PicketPlay,13%,1,13%,2,vs. open collab 10%
1729481032617267600,IUNIK Beta Glucan Daily Moisture Cream - Official Product Re...,PicketPlay Shop,Beauty & Personal Care,$14.99,10,456,"15%
vs. open collab 10%",7539977563684521783,PicketPlay,13%,1,13%,2,vs. open collab 10%
1729481036790600080,IUNIK Calendula Complete Cleansing Oil - Official Product Ko...,PicketPlay Shop,Beauty & Personal Care,$7.75,10,"1,395","15%
vs. open collab 10%",7539977563684521783,PicketPlay,13%,1,13%,3,vs. open collab 10%
1729481042468180368,IUNIK Centella Calming AC Spot Cream - Official Product Kor...,,~~~,$17.10,10,0,"15%
vs. open collab 10%",7539977563684521783,PicketPlay,13%,1,13%,2,vs. open collab 10%
1729481046038057360,IUNIK Black Snail Restore Serum - Official Product Hydrating...,PicketPlay Shop,Beauty & Personal Care,$8.72,10,166,"15%
vs. open collab 10%",7539977563684521783,PicketPlay,13%,1,13%,2,vs. open collab 10%
1729481048702095760,IUNIK Propolis Vitamin Synergy Serum - Official Product Brigh...,PicketPlay Shop,Beauty & Personal Care,$9.69,10,19,"15%
vs. open collab 10%",7539977563684521783,PicketPlay,13%,1,13%,2,vs. open collab 10%
1729481554842653072,ACWELL Licorice pH Balancing Toner - Official Product Alcoh...,PicketPlay Shop,Beauty & Personal Care,$24.00,10,"1,377","15%
vs. open collab 10%",7539977563684521783,PicketPlay,13%,1,13%,3,vs. open collab 10%
1729484362330444176,Dermafirm Glutathione Mist Ampoule - Age-Defying Korean F...,PicketPlay Shop,Beauty & Personal Care,$15.51,10,47,"15%
vs. open collab 10%",7539977563684521783,PicketPlay,13%,1,13%,2,vs. open collab 10%
1729484549780246928,SAM’U PH Sensitive Cream Mist - Official Product Face Mist ...,PicketPlay Shop,Beauty & Personal Care,$33.00,10,3,"15%
vs. open collab 10%",7539977563684521783,PicketPlay,13%,1,13%,2,vs. open collab 10%
1729485406568092048,My Normal Keto Allulose - Official Product Powdered Sweete...,PicketPlay Shop,Food & Beverages,$11.99,10,29,"15%
vs. open collab 20%",7539977563684521783,PicketPlay,13%,1,13%,2,vs. open collab 20%
1729485679144243600,IUNIK Supercharged Hydration Skincare Set - Official Produc...,PicketPlay Shop,Beauty & Personal Care,$34.50,10,76,"15%
vs. open collab 10%",7539977563684521783,PicketPlay,13%,1,13%,2,vs. open collab 10%
1729485807477363088,IUNIK Ultimate Restoring Skincare Set - Official Product Seru...,PicketPlay Shop,Beauty & Personal Care,$14.54,10,50,"15%
vs. open collab 10%",7539977563684521783,PicketPlay,13%,1,13%,2,vs. open collab 10%
1729485826657259920,IUNIK Goodbye Trouble Skincare Set - Official Product Korea...,,~~~,$34.50,10,0,"15%
vs. open collab 10%",7539977563684521783,PicketPlay,13%,1,13%,2,vs. open collab 10%
1729486493995536784,Hayejin Rice Bran Oil for Body - Moisturizing Body Oil for Dry ...,PicketPlay Shop,Beauty & Personal Care,$9.69,10,174,"15%
vs. open collab 10%",7539977563684521783,PicketPlay,13%,1,13%,2,vs. open collab 10%
1729486495596646800,Hayejin Rice Bran Face Oil - Official Product Hydrating Face Oi...,PicketPlay Shop,Beauty & Personal Care,$10.66,10,64,"15%
vs. open collab 10%",7539977563684521783,PicketPlay,13%,1,13%,2,vs. open collab 10%
1729489297841492368,IUNIK Centella Bubble Cleansing Foam - Official Product Soo...,PicketPlay Shop,Beauty & Personal Care,$8.72,10,103,"15%
vs. open collab 10%",7539977563684521783,PicketPlay,13%,1,13%,2,vs. open collab 10%
1729489686830420368,IUNIK Calm & Fresh Daily Set - Official Product Centella Gree...,PicketPlay Shop,Beauty & Personal Care,$55.00,10,31,"15%
vs. open collab 10%",7539977563684521783,PicketPlay,13%,1,13%,2,vs. open collab 10%
1729490981849305488,MAXCLINIC Oil to Foam - Official Product Korean Hydrating ...,PicketPlay Shop,Beauty & Personal Care,$15.51,10,"1,062","15%
vs. open collab 25%",7539977563684521783,PicketPlay,13%,1,13%,3,vs. open collab 25%
1729492854460289424,LAPCOS Collagen Sheet Mask - Official Product Anti-Aging ...,,~~~,$20.00,10,0,"15%
vs. open collab 10%",7539977563684521783,PicketPlay,13%,1,13%,2,vs. open collab 10%
1729494622462448016,efilow Heartleaf Biome Trouble Calming Toner Pad - Official P...,PicketPlay Shop,Beauty & Personal Care,$10.90,10,62,"15%
vs. open collab 10%",7539977563684521783,PicketPlay,13%,1,13%,2,vs. open collab 10%
1729495490842628496,BANOBAGI Milk Thistle Repair Mask Face - Official Product ...,PicketPlay Shop,Beauty & Personal Care,$11.63,10,389,"15%
vs. open collab 10%",7539977563684521783,PicketPlay,13%,1,13%,2,vs. open collab 10%
1729544652466262416,Dermafirm Soothing Repair Moisturizing Hydration Serum R4 ...,PicketPlay Shop,Beauty & Personal Care,$8.72,10,25,"15%
vs. open collab 10%",7539977563684521783,PicketPlay,13%,1,13%,2,vs. open collab 10%
1729544951137603984,BRMUD Celeb's Choice Mask | Relief Mud Mask | Moisturizin...,PicketPlay Shop,Beauty & Personal Care,$13.09,10,"12,277","15%
vs. open collab 10%",7539977563684521783,PicketPlay,13%,1,13%,4,vs. open collab 10%
1729545127658885520,BRMUD Celeb's Choice! Relief Mud Pack to Foam Facial Clea...,PicketPlay Shop,Beauty & Personal Care,$10.67,10,"2,070","15%
vs. open collab 10%",7539977563684521783,PicketPlay,13%,1,13%,3,vs. open collab 10%
1729545167085932944,BRMUD Relief Mud Clay Damaged Care Shampoo - Official Pr...,PicketPlay Shop,Beauty & Personal Care,$31.03,10,3,"15%
vs. open collab 10%",7539977563684521783,PicketPlay,13%,1,13%,2,vs. open collab 10%
1729545183133995408,BRMUD Relief Mud Scrub Daily Wash - Official Product Gentl...,,~~~,$37.00,10,0,"15%
vs. open collab 10%",7539977563684521783,PicketPlay,13%,1,13%,2,vs. open collab 10%
1729545197857902992,BRMUD Relief Mud Mask for Dogs - Official Product Hypoalle...,PicketPlay Shop,Pet Supplies,$44.61,10,1,"15%
vs. open collab 10%",7539977563684521783,PicketPlay,13%,1,13%,2,vs. open collab 10%
1729568089171923344,BANOBAGI Milk Thistle Repair Cream - Official Product Kore...,PicketPlay Shop,Beauty & Personal Care,$25.99,10,20,"15%
vs. open collab 10%",7539977563684521783,PicketPlay,13%,1,13%,2,vs. open collab 10%
1729568156400587152,BANOBAGI Milk Thistle Repair Toner - Official Product Face M...,PicketPlay Shop,Beauty & Personal Care,$14.54,10,17,"15%
vs. open collab 10%",7539977563684521783,PicketPlay,13%,1,13%,2,vs. open collab 10%
1729569048132424080,BRMUD Relief Mud Mask - Official Product Korean Hydrating...,PicketPlay Shop,Beauty & Personal Care,$6.00,10,293,"15%
vs. open collab 10%",7539977563684521783,PicketPlay,13%,1,13%,2,vs. open collab 10%
1729569084170080656,BRMUD Relief Mud Clay Damaged Care Shampoo - Official Pr...,PicketPlay Shop,Beauty & Personal Care,$6.00,10,254,"15%
vs. open collab 10%",7539977563684521783,PicketPlay,13%,1,13%,2,vs. open collab 10%
1729569145302454672,BRMUD Relief Mud Scrub Daily Wash - Gentle Korean Exfoliat...,PicketPlay Shop,Beauty & Personal Care,$6.00,10,262,"15%
vs. open collab 10%",7539977563684521783,PicketPlay,13%,1,13%,2,vs. open collab 10%
1729569195288596880,BRMUD Recovery Mud Clay Face Mask - Official Product Kore...,PicketPlay Shop,Beauty & Personal Care,$2.00,10,417,"15%
vs. open collab 10%",7539977563684521783,PicketPlay,13%,1,13%,2,vs. open collab 10%
1729570517004489104,2aN Eye Makeup Bundle - Official Product Eyeshadow Palette...,,~~~,$29.20,10,1,"15%
vs. open collab 10%",7539977563684521783,PicketPlay,13%,1,13%,2,vs. open collab 10%
1729583519512039824,BRMUD Relief Mud Scrub Daily Wash - Official Product Gentl...,,~~~,$37.00,10,0,"15%
vs. open collab 10%",7539977563684521783,PicketPlay,13%,1,13%,2,vs. open collab 10%
1729689651288904080,Cell Fusion C Laser UV Sunscreen SPF 50+ PA+++ Official Pr...,,~~~,$23.00,10,0,"15%
vs. open collab 10%",7539977563684521783,PicketPlay,13%,1,13%,2,vs. open collab 10%
1729693579449635216,BRMUD Relief Mud Scrub Daily Wash - Official Product Gentl...,,~~~,$6.00,10,0,"15%
vs. open collab 10%",7539977563684521783,PicketPlay,13%,1,13%,2,vs. open collab 10%
1730430195641717136,Code Bro Men's Intimate Wash - Official Product Deep Clean...,PicketPlay Shop,Beauty & Personal Care,$17.45-$17.49,10,"45,943","15%
vs. open collab 10%",7539977563684521783,PicketPlay,13%,1,13%,4,vs. open collab 10%
1730620567947612560,Hayejin RiceFila Rice Moisturizer Face Cream - Official Produc...,PicketPlay Shop,Beauty & Personal Care,$20.99,10,100,"15%
vs. open collab 20%",7539977563684521783,PicketPlay,13%,1,13%,2,vs. open collab 20%
1731073418683650448,AGE20'S UV Defense Hydro Calming Sunscreen SPF 60+ Offi...,,~~~,$23.99,10,10,"15%
vs. open collab 20%",7539977563684521783,PicketPlay,13%,1,13%,2,vs. open collab 20%
1731073513907786128,AGE20's Signature Essence Pact SPF 50+ Official Product Na...,PicketPlay Shop,Beauty & Personal Care,$32.00,10,175,"15%
vs. open collab 25%",7539977563684521783,PicketPlay,13%,1,13%,2,vs. open collab 25%
1731186822147903888,[DERMAFIRM]_urity Glutathione Collagen Face Sheet 10P,,~~~,$28.00,10,0,"15%
vs. open collab 10%",7539977563684521783,PicketPlay,13%,1,13%,2,vs. open collab 10%
1731385112831103376,My Normal Low Calorie Strawberry Jam - Strawberry 50% Fr...,,~~~,$14.10,10,203,"15%
vs. open collab 15%",7539977563684521783,PicketPlay,13%,1,13%,2,vs. open collab 15%
1731385150492217744,My Normal Low Calorie Blueberry Jam – Canadian Blueberry ...,,~~~,$14.10,10,131,"15%
vs. open collab 15%",7539977563684521783,PicketPlay,13%,1,13%,2,vs. open collab 15%
1731385180206174608,My Normal Low Calorie Apple Cinnamon Jam – Apple 50% Fr...,,~~~,$14.10,10,318,"15%
vs. open collab 15%",7539977563684521783,PicketPlay,13%,1,13%,2,vs. open collab 15%
1729395029067534590,SHOWITTY Women's High Waisted 1/3 Pack Biker Shorts with...,Showitty,Womenswear & Underwear,$18.00-$36.00,299,"149,302","15%
vs. open collab 10%",7540003502219708215,Showitty,13%,1,13%,4,vs. open collab 10%
1729403106419642622,SHOWITTY Women's High Waisted Tummy Control 1/3 Pack L...,Showitty,Womenswear & Underwear,$21.00-$37.00,293,"176,698","15%
vs. open collab 10%",7540003502219708215,Showitty,13%,1,13%,4,vs. open collab 10%
1729410017419366654,SHOWITTY Women's High Waisted 1/3 Pack Fleece Lined Leg...,Showitty,Womenswear & Underwear,$17.00-$37.00,98,"110,933","15%
vs. open collab 10%",7540003502219708215,Showitty,13%,1,13%,4,vs. open collab 10%
1729412989094826238,SHOWITTY Women's High Waisted 3 Pack Joggers – Lightwei...,Showitty,Sports & Outdoor,$35.15,299,"37,425","15%
vs. open collab 10%",7540003502219708215,Showitty,13%,1,13%,4,vs. open collab 10%
1729415180550312190,SHOWITTY 1/3 Pack Women's Wide Leg Pants with Pockets ...,Showitty,Sports & Outdoor,$16.00-$38.00,299,"55,205","15%
vs. open collab 10%",7540003502219708215,Showitty,13%,1,13%,4,vs. open collab 10%
1729444595347329278,SHOWITTY High Waisted 3 Pack Biker Shorts for Women wit...,Showitty,Womenswear & Underwear,$33.25,299,"30,815","15%
vs. open collab 10%",7540003502219708215,Showitty,13%,1,13%,4,vs. open collab 10%
1729495766934982910,SHOWITTY 1/3 Pack Women's Plus Size Short/Long Sleeve T...,Showitty,Womenswear & Underwear,$15.00-$34.00,299,"116,329","15%
vs. open collab 10%",7540003502219708215,Showitty,13%,1,13%,4,vs. open collab 10%
1730240218775130366,SHOWITTY Women's High Waisted 1/2 Pack Flare Leggings – ...,Showitty,Womenswear & Underwear,$7.00-$31.00,298,"6,196","15%
vs. open collab 10%",7540003502219708215,Showitty,13%,1,13%,3,vs. open collab 10%
1729388862546612600,Cider Women's Round Neck Sleeveless Wide Leg Jumpsuit wi...,Cider USA,Womenswear & Underwear,$56.99,10,"14,802","20%
vs. open collab 15%",7541262390878652174,Cider,18%,1,18%,4,vs. open collab 15%
1729389229430509944,Cider Fruit A-Line Dress with Adjustable Bust & Detachable P...,Cider USA,Womenswear & Underwear,$59.99,8,791,"20%
vs. open collab 15%",7541262390878652174,Cider,18%,1,18%,2,vs. open collab 15%
1729404743382241367,Sleeveless Wide Leg Overalls,Cider,Sports & Outdoor,$40.89,9,"226,336","20%
vs. open collab 15%",7541262390878652174,Cider,18%,1,18%,4,vs. open collab 15%
1729405467520438359,"2-Piece Set Sweater Dress, Stretchy and Hugs Your Fig...",Cider,Womenswear & Underwear,$58.50,7,"86,069","20%
vs. open collab 15%",7541262390878652174,Cider,18%,1,18%,4,vs. open collab 15%
1729406332693221463,Lace Ruffle Hem Knotted Knit Crop Top,Cider,Womenswear & Underwear,$22.90,8,"9,434","20%
vs. open collab 10%",7541262390878652174,Cider,18%,1,18%,3,vs. open collab 10%
1729406614818558039,Denim Pocket Wide Leg Jumpsuit,Cider,Womenswear & Underwear,$54.89,9,"20,527","20%
vs. open collab 15%",7541262390878652174,Cider,18%,1,18%,4,vs. open collab 15%
1729407644882473047,Cider Bow Ballet Mary Jane Flats – Cushioned Square Toe Flat...,,~~~,$30.89,14,"18,225","15%
vs. open collab 10%",7541262390878652174,Cider,13%,1,4.33%,4,vs. open collab 10%
1729407944607436887,Velvet V-neck Star & Moon Pattern Bell Sleeve Wizard ...,Cider,Womenswear & Underwear,$60.99,9,"3,744","20%
vs. open collab 15%",7541262390878652174,Cider,18%,1,18%,3,vs. open collab 15%
1729414354919133271,"[9 colors, Size 0-10] Lace Tank Top",Cider,Womenswear & Underwear,$19.71,8,"15,500","20%
vs. open collab 15%",7541262390878652174,Cider,18%,1,18%,4,vs. open collab 15%
1729414770868523095,Red Corduroy Jumpsuit,Cider,Womenswear & Underwear,$56.99,4,"11,635","20%
vs. open collab 15%",7541262390878652174,Cider,18%,1,18%,4,vs. open collab 15%
1729416106654928983,Lightweight Corduroy Floral Button Romper,Cider,Womenswear & Underwear,$33.40,7,"41,631","20%
vs. open collab 15%",7541262390878652174,Cider,18%,1,18%,4,vs. open collab 15%
1729428727109554263,"[5 colors, size 2-26] Faux Leather Jacket",Cider,Womenswear & Underwear,$84.24,10,21,"20%
vs. open collab 15%",7541262390878652174,Cider,18%,1,18%,2,vs. open collab 15%
1729431103242408312,"Cider 2-Piece Set Sweater Dress, Stretchy and Hugs Your Fig...",Cider USA,Womenswear & Underwear,$59.99,8,"2,610","20%
vs. open collab 15%",7541262390878652174,Cider,18%,1,18%,3,vs. open collab 15%
1729441756407500887,"[10 colors, size 0-26] V-neck Ruched Solid Wide Leg J...",Cider,Womenswear & Underwear,$39.19-$50.89,9,"14,831","20%
vs. open collab 15%",7541262390878652174,Cider,18%,1,18%,4,vs. open collab 15%
1729475424547082327,"[2 colors, size 2-26] Woven Strawberry Print Wide Leg ...",Cider,Womenswear & Underwear,$35.99-$53.99,10,"1,590","20%
vs. open collab 15%",7541262390878652174,Cider,18%,1,18%,3,vs. open collab 15%
1729476875686613079,"Cider [9 colors, size 0-26] Woven Boat Neck Solid Button Ve...",,~~~,$42.84,10,342,"18%
vs. open collab 10%",7541262390878652174,Cider,16%,1,4.44%,2,vs. open collab 10%
1729492702086665303,Cider Round Neckline Gingham Bowknot Ruched Mini Dress,,~~~,$41.99,9,3,"18%
vs. open collab 10%",7541262390878652174,Cider,16%,1,4.44%,2,vs. open collab 10%
1729499585148720215,"Cider [9 colors, size 0-26] Woven Boat Neck Solid Button Ve...",,~~~,$42.84,10,16,"18%
vs. open collab 10%",7541262390878652174,Cider,16%,1,4.44%,2,vs. open collab 10%
1729532568306618455,Cider Square Neck Solid Ruffle Knotted Short Sleeve Blouse ...,,~~~,$42.99,15,"13,572","15%
vs. open collab 10%",7541262390878652174,Cider,13%,1,4.33%,4,vs. open collab 10%
1729541050170773591,Denim Mid Rise Solid Bowknot Pocket Wide Leg Jeans,Cider,Womenswear & Underwear,$59.99,7,916,"20%
vs. open collab 15%",7541262390878652174,Cider,18%,1,18%,2,vs. open collab 15%
1729544599358312535,Cider Cowl Neck Solid Glitter Ruffle Hem Maxi Dress,,~~~,$42.99-$43.19,10,451,"18%
vs. open collab 10%",7541262390878652174,Cider,16%,1,4.44%,2,vs. open collab 10%
1729566788603121751,Cotton-blend Square Neck Gingham Maxi Dress,Cider,Womenswear & Underwear,$47.99,9,573,"20%
vs. open collab 15%",7541262390878652174,Cider,18%,1,18%,2,vs. open collab 15%
1729576733969190999,[size 0-26] Denim High Rise Solid Tiered Button Pocket...,Cider,Womenswear & Underwear,$66.69,3,416,"20%
vs. open collab 15%",7541262390878652174,Cider,18%,1,18%,2,vs. open collab 15%
1729626872175759447,Oversized Denim Leopard Pocket Buckle Up Wide Leg O...,Cider,Womenswear & Underwear,$62.99,8,"19,891","20%
vs. open collab 15%",7541262390878652174,Cider,18%,1,18%,4,vs. open collab 15%
1729642080576967032,Cider Women's V-neck Ruched Solid Wide Leg Romper with ...,Cider USA,Womenswear & Underwear,$41.39-$50.39,10,"3,159","20%
vs. open collab 15%",7541262390878652174,Cider,18%,1,18%,3,vs. open collab 15%
1729707529821130839,Mid Rise Elastic Waist Leopard Wide Leg Trousers,Cider,Womenswear & Underwear,$32.99-$52.00,6,"6,270","20%
vs. open collab 15%",7541262390878652174,Cider,18%,1,18%,3,vs. open collab 15%
1729717825869942871,Cider Mesh Maxi Dress with Ruffle Hem – Breezy Layered Lon...,,~~~,$49.99-$54.89,14,"1,686","15%
vs. open collab 10%",7541262390878652174,Cider,13%,1,4.33%,3,vs. open collab 10%
1729733195198795863,Fleece Collar Floral Cat Knotted Sweatshirt With Adjust...,Cider,Womenswear & Underwear,$47.99,8,"7,946","20%
vs. open collab 15%",7541262390878652174,Cider,18%,1,18%,3,vs. open collab 15%
1729752560042545528,Cider Denim Buckle Wide Leg Jumpsuit,Cider USA,Womenswear & Underwear,$67.99,10,37,"20%
vs. open collab 15%",7541262390878652174,Cider,18%,1,18%,2,vs. open collab 15%
1729764566351516024,Cider Denim Solid Straight Leg Jeans,Cider USA,Womenswear & Underwear,$55.99,7,8,"20%
vs. open collab 15%",7541262390878652174,Cider,18%,1,18%,2,vs. open collab 15%
1729960593380839511,Knit Boat Neckline Striped Long Sleeve Top,Cider,Womenswear & Underwear,$42.99,9,2,"20%
vs. open collab 10%",7541262390878652174,Cider,18%,1,18%,2,vs. open collab 10%
1730030468671902072,Cider Women's Oversized Denim Leopard Buckle Up Wide Le...,Cider USA,Womenswear & Underwear,$62.99,9,"1,807","20%
vs. open collab 15%",7541262390878652174,Cider,18%,1,18%,3,vs. open collab 15%
1730503794721788280,Cider Round Neckline Rhombus Bowknot Cardigan,Cider USA,Womenswear & Underwear,$48.99,10,2,"20%
vs. open collab 15%",7541262390878652174,Cider,18%,1,18%,2,vs. open collab 15%
1730520728188522872,Cider Knit Round Neckline Pear Graphic Wool-blend Vest Cur...,Cider USA,Womenswear & Underwear,$36.50,10,1,"20%
vs. open collab 15%",7541262390878652174,Cider,18%,1,18%,2,vs. open collab 15%
1730799694540083287,Cider [size 0-10] Satin Cowl Neck 3D Floral Ruched Mermaid ...,,~~~,$47.69,9,151,"18%
vs. open collab 10%",7541262390878652174,Cider,16%,1,4.44%,2,vs. open collab 10%
1730823294615589240,Cider Cotton-blend Off-shoulder Polka Dot Ruched Top & St...,Cider USA,Womenswear & Underwear,$25.19-$35.99,10,"2,395","20%
vs. open collab 15%",7541262390878652174,Cider,18%,1,18%,3,vs. open collab 15%
1730844408579330135,Low-Rise Baggy Denim Jeans,Cider,Womenswear & Underwear,$59.99,10,14,"20%
vs. open collab 15%",7541262390878652174,Cider,18%,1,18%,2,vs. open collab 15%
1730944371394318423,Cider Cowl Neck Backless Chain Detail Cami Top,,~~~,$32.39,10,"1,587","18%
vs. open collab 10%",7541262390878652174,Cider,16%,1,4.44%,3,vs. open collab 10%
1731030185829765207,"Low Rise Split Mini Skort For Daily Casual Wear, Fitted ...",Cider,Womenswear & Underwear,$19.90,15,"13,342","15%
vs. open collab 10%",7541262390878652174,Cider,13%,1,4.33%,4,vs. open collab 10%
1731030187825664087,Cider Lace Floral Ruffle Hem Split Maxi Dress,,~~~,$42.50-$51.29,14,132,"15%
vs. open collab 10%",7541262390878652174,Cider,13%,1,4.33%,2,vs. open collab 10%
1731034036937527383,Cider Backless Bowknot Mini Dress – Floral Jacquard U-Neckli...,,~~~,$49.99-$56.69,15,"2,665","15%
vs. open collab 10%",7541262390878652174,Cider,13%,1,4.33%,3,vs. open collab 10%
1731034533794713687,Chiffon Sweetheart Polka Dot Crop Cami Top With Scar...,Cider,Womenswear & Underwear,$24.99-$38.99,10,65,"20%
vs. open collab 10%",7541262390878652174,Cider,18%,1,18%,2,vs. open collab 10%
1731135922356654456,"Cider Ruffle Hem Knotted Layered Mesh Cami Top, Cute Voca...",Cider USA,Womenswear & Underwear,$45.99-$54.89,8,"3,427","20%
vs. open collab 15%",7541262390878652174,Cider,18%,1,18%,3,vs. open collab 15%
1731203607976120407,Cider Ruffle Knotted Cami Top – Flattering Layered Mesh Tan...,,~~~,$42.99-$54.89,15,"3,966","15%
vs. open collab 10%",7541262390878652174,Cider,13%,1,4.33%,3,vs. open collab 10%
1731268363432006008,"Cider High Waist Pleated Wide Leg Pants with Pocket, Work ...",Cider USA,Womenswear & Underwear,$46.99,10,1,"20%
vs. open collab 15%",7541262390878652174,Cider,18%,1,18%,2,vs. open collab 15%
1731288854283980887,"Lace Mandarin Collar Guipure Split Tank Top, Women's ...",Cider,Womenswear & Underwear,$39.99-$41.39,7,"5,295","20%
vs. open collab 10%",7541262390878652174,Cider,18%,1,18%,3,vs. open collab 10%
1731424727105180024,Cider Cotton-blend Gingham Lace Trim Tiered Shirred Maxi ...,Cider USA,Womenswear & Underwear,$46.79,6,699,"20%
vs. open collab 15%",7541262390878652174,Cider,18%,1,18%,2,vs. open collab 15%
1731503576302653816,Cider Halter Neckline Stripe Bowknot Shirred Wide Leg Jump...,Cider USA,Womenswear & Underwear,$54.99,10,2,"20%
vs. open collab 15%",7541262390878652174,Cider,18%,1,18%,2,vs. open collab 15%
1731503580087816568,Cider Preppy Plaid 2 Piece Skirt Set - Cotton Short Sleeve Blo...,Cider USA,Womenswear & Underwear,$53.99-$62.09,10,"3,436","20%
vs. open collab 15%",7541262390878652174,Cider,18%,1,18%,3,vs. open collab 15%
1731569923994456151,Peter Pan Collar Houndstooth Button Short Sleeve Blo...,Cider,Womenswear & Underwear,$45.89,10,820,"20%
vs. open collab 15%",7541262390878652174,Cider,18%,1,18%,2,vs. open collab 15%
1731569957552558167,Peter Pan Collar Plaid Lace Trim Puff Sleeve Knotted Mi...,Cider,Womenswear & Underwear,$42.99,10,166,"20%
vs. open collab 10%",7541262390878652174,Cider,18%,1,18%,2,vs. open collab 10%
1731608708548300887,Plaid Stand Collar Puff Sleeve Tie Back Button Blouse,Cider,Womenswear & Underwear,$44.99-$47.99,9,597,"20%
vs. open collab 15%",7541262390878652174,Cider,18%,1,18%,2,vs. open collab 15%
1731657134494093688,Cider Casual Lounge Pants Wide Leg Drawstring Sweatpants,Cider USA,Womenswear & Underwear,$52.99,10,0,"20%
vs. open collab 15%",7541262390878652174,Cider,18%,1,18%,2,vs. open collab 15%
1731674407582601592,Cider Chiffon Ruffle Hem See-through Bell Sleeve Blouse,Cider USA,Womenswear & Underwear,$43.99,10,25,"20%
vs. open collab 15%",7541262390878652174,Cider,18%,1,18%,2,vs. open collab 15%
1731675124434702712,Cider Denim Low Rise Pleated Wide Leg Jeans With Belt,Cider USA,Womenswear & Underwear,$65.99,10,11,"20%
vs. open collab 15%",7541262390878652174,Cider,18%,1,18%,2,vs. open collab 15%
1731675143560401272,Cider Halter Neckline Knotted Layered Ruffle Hem Blouse,Cider USA,Womenswear & Underwear,$45.99,10,82,"20%
vs. open collab 15%",7541262390878652174,Cider,18%,1,18%,2,vs. open collab 15%
1731675180707778936,Cider Denim Low Rise Star Pocket Barrel-leg Jeans,Cider USA,Womenswear & Underwear,$76.99,10,0,"20%
vs. open collab 15%",7541262390878652174,Cider,18%,1,18%,2,vs. open collab 15%
1731675181331485048,Cider V-neck Crop Tank Top & Low Rise Elastic Waist Flared ...,Cider USA,Womenswear & Underwear,$44.99,10,0,"20%
vs. open collab 15%",7541262390878652174,Cider,18%,1,18%,2,vs. open collab 15%
1731675184089960824,Cider Polka Dot Mandarin Collar Short Sleeve Knotted Ruche...,Cider USA,Womenswear & Underwear,$28.99,9,14,"20%
vs. open collab 15%",7541262390878652174,Cider,18%,1,18%,2,vs. open collab 15%
1731676025350951288,Cider Denim Low Rise Washed Baggy Jeans,Cider USA,Womenswear & Underwear,$62.99,10,0,"20%
vs. open collab 15%",7541262390878652174,Cider,18%,1,18%,2,vs. open collab 15%
1731676026758271352,Cider Knit Round Neckline Button Cardigan,Cider USA,Womenswear & Underwear,$42.99,10,1,"20%
vs. open collab 15%",7541262390878652174,Cider,18%,1,18%,2,vs. open collab 15%
1731676161752535416,Cider Terry V-neck Two Tone Lace Oversized Sweatshirt,Cider USA,Womenswear & Underwear,$50.99,10,0,"20%
vs. open collab 15%",7541262390878652174,Cider,18%,1,18%,2,vs. open collab 15%
1731676206985220472,Cider High Stretch Denim High Rise Star Flared Jeans,Cider USA,Womenswear & Underwear,$59.99,10,14,"20%
vs. open collab 15%",7541262390878652174,Cider,18%,1,18%,2,vs. open collab 15%
1731676372414206328,Cider High Neck Solid Knitted Long Sleeve Top With Detacha...,Cider USA,Womenswear & Underwear,$65.99,9,0,"20%
vs. open collab 15%",7541262390878652174,Cider,18%,1,18%,2,vs. open collab 15%
1731676406865236344,Cider Denim Mid Rise Barrel-leg Jeans With Belt,Cider USA,Womenswear & Underwear,$64.99,10,1,"20%
vs. open collab 15%",7541262390878652174,Cider,18%,1,18%,2,vs. open collab 15%
1731676723207180375,The Aviator Solid Zipper Jacket with Side Pockets,Cider,Womenswear & Underwear,$70.99,9,38,"20%
vs. open collab 15%",7541262390878652174,Cider,18%,1,18%,2,vs. open collab 15%
1731676731355861079,Mandarin Collar Metal Detail Cut Out Ruched Split Top,Cider,Womenswear & Underwear,$24.29,10,185,"20%
vs. open collab 15%",7541262390878652174,Cider,18%,1,18%,2,vs. open collab 15%
1731676781509644375,Boat Neck Houndstooth Belted Mini Dress,Cider,Womenswear & Underwear,$45.99,6,418,"20%
vs. open collab 15%",7541262390878652174,Cider,18%,1,18%,2,vs. open collab 15%
1731676821876215895,Cider Asymmetrical Neck Drawstring Romper,,~~~,$29.99-$33.29,15,"1,732","15%
vs. open collab 10%",7541262390878652174,Cider,13%,1,4.33%,3,vs. open collab 10%
1731791140687286359,Cider Mini Nightdress – Chiffon Leopard Print Bowknot Squar...,,~~~,$24.90-$32.99,15,"9,181","15%
vs. open collab 10%",7541262390878652174,Cider,13%,1,4.33%,3,vs. open collab 10%
1731840876855529559,Cider Baggy Wide Leg Jeans Women's Retro Y2K Low Rise D...,,~~~,$53.89,15,"8,528","15%
vs. open collab 10%",7541262390878652174,Cider,13%,1,4.33%,3,vs. open collab 10%
1731906120429178967,Cider Boat Neck Striped Wrap Knotted Top & Mid Rise Strai...,,~~~,$43.89,13,"3,407","15%
vs. open collab 10%",7541262390878652174,Cider,13%,1,4.33%,3,vs. open collab 10%
1731958234928025687,Cider Collar Stripe Short Sleeve Shirt,,~~~,$34.19,10,117,"18%
vs. open collab 10%",7541262390878652174,Cider,16%,1,4.44%,2,vs. open collab 10%
1731962901564526679,Cider Cider Denim V-neck Button Pocket Wide Leg Jumpsuit,,~~~,$63.99,12,"2,926","15%
vs. open collab 10%",7541262390878652174,Cider,13%,1,4.33%,3,vs. open collab 10%
1731969456805744727,Cider Jacquard Halter Neckline Floral Lace Up Maxi Dress,,~~~,$64.79-$71.99,15,873,"15%
vs. open collab 10%",7541262390878652174,Cider,13%,1,4.33%,2,vs. open collab 10%
1732042116899049559,Cider Cotton-blend Boat Neck Polka Dot Ruched Tee & Mini ...,,~~~,$37.79-$50.99,13,"5,127","15%
vs. open collab 10%",7541262390878652174,Cider,13%,1,4.33%,3,vs. open collab 10%
1732075174128750679,Cider Round Neckline Tee – Cotton Stretch Ribbed French Chi...,,~~~,$17.90,13,"8,173","15%
vs. open collab 10%",7541262390878652174,Cider,13%,1,4.33%,3,vs. open collab 10%
1732083308068245591,Cider Cotton-blend Boat Neck Knotted Polka Dot Ruched Ta...,,~~~,$24.90-$32.99,5,"2,516","18%
vs. open collab 10%",7541262390878652174,Cider,16%,1,4.44%,3,vs. open collab 10%
1732083343503167575,Cider Women's Low-Waisted Denim Shorts with Classic Desi...,,~~~,$42.99,15,"2,106","15%
vs. open collab 10%",7541262390878652174,Cider,13%,1,4.33%,3,vs. open collab 10%
1732110329052434519,Cider Halter Mini Dress with Ruched Detail – Polka Dot Layer...,,~~~,$48.60-$53.09,13,"1,298","15%
vs. open collab 10%",7541262390878652174,Cider,13%,1,4.33%,3,vs. open collab 10%
1732126058749333591,Cider Satin Maxi Dress – Halter Neckline Backless Glossy Silk...,,~~~,$48.60-$56.99,6,462,"18%
vs. open collab 10%",7541262390878652174,Cider,16%,1,4.44%,2,vs. open collab 10%
1732168400461860951,Cider Cotton Low-Rise Broderie Anglaise Bubble Hem Micro S...,,~~~,$32.99-$35.09,15,833,"15%
vs. open collab 10%",7541262390878652174,Cider,13%,1,4.33%,2,vs. open collab 10%
1732193878909882455,Cider Gingham Tankini Bikini Set – V-Neck Bowknot 2 Piece S...,,~~~,$33.89,15,"2,214","15%
vs. open collab 10%",7541262390878652174,Cider,13%,1,4.33%,3,vs. open collab 10%
1732196031910416471,Cider Texture Halter Neckline Lettuce Trim Knotted Tankini Ti...,,~~~,$35.99-$39.99,15,738,"15%
vs. open collab 10%",7541262390878652174,Cider,13%,1,4.33%,2,vs. open collab 10%
1732261377507037271,Cider Off-shoulder Asymmetrical Bowknot Mermaid Maxi Dre...,,~~~,$50.99-$53.09,15,745,"15%
vs. open collab 10%",7541262390878652174,Cider,13%,1,4.33%,2,vs. open collab 10%
1729400073072709999,Women's Long Sleeve Zip Up Y2K Hoodies Wit...,PrettyGarden,Womenswear & Underwear,$29.99,3,"1,166","15%
vs. open collab 10%",7543376369016096525,Pretty Garden,13%,1,13%,3,vs. open collab 10%
1729403445300859247,Women's 2-Piece Set Off Shoulder Ribbed Trac...,PrettyGarden,Womenswear & Underwear,$35.69,9,"36,550","15%
vs. open collab 10%",7543376369016096525,Pretty Garden,13%,1,13%,4,vs. open collab 10%
1729411670673363311,PRETTYGARDEN Women's Casual 2-Piece Sweatsuit Set - H...,PrettyGarden,Womenswear & Underwear,$37.99-$39.99,8,"43,055","15%
vs. open collab 10%",7543376369016096525,Pretty Garden,13%,1,13%,4,vs. open collab 10%
1729424221898838383,Women's Summer Wrap Maxi Dress Casual Boh...,PrettyGarden,Womenswear & Underwear,$39.98,10,"3,182","15%
vs. open collab 10%",7543376369016096525,Pretty Garden,13%,1,13%,3,vs. open collab 10%
1729439087746257263,Women's 2-Piece Summer Outfit Pants Set Com...,PrettyGarden,Womenswear & Underwear,$19.99,10,"19,632","15%
vs. open collab 10%",7543376369016096525,Pretty Garden,13%,1,13%,4,vs. open collab 10%
1729442148158509423,Women's Summerwear Sleeveless V Neck Butt...,PrettyGarden,Womenswear & Underwear,$32.97-$36.99,10,"18,514","15%
vs. open collab 10%",7543376369016096525,Pretty Garden,13%,1,13%,4,vs. open collab 10%
1729444226407305583,Women's 2-Piece Outfits Short Sleeve Pullover ...,PrettyGarden,Womenswear & Underwear,$26.99-$32.99,6,"54,817","15%
vs. open collab 10%",7543376369016096525,Pretty Garden,13%,1,13%,4,vs. open collab 10%
1729559688843465071,PRETTYGARDEN Women's 2-Piece Lounge Set Soft Chunky ...,PrettyGarden,Womenswear & Underwear,$35.99,16,"34,389","15%
vs. open collab 10%",7543376369016096525,Pretty Garden,13%,1,13%,4,vs. open collab 10%
1729559763813110127,PRETTYGARDEN Women's 2-Piece Lounge Set Asymmetrical...,PrettyGarden,Womenswear & Underwear,$23.98,8,"14,283","15%
vs. open collab 10%",7543376369016096525,Pretty Garden,13%,1,13%,4,vs. open collab 10%
1730228441641554287,PRETTYGARDEN Crewneck Two-Piece Set For Women Summ...,PrettyGarden,Womenswear & Underwear,$29.99-$33.99,10,"214,831","15%
vs. open collab 10%",7543376369016096525,Pretty Garden,13%,1,13%,4,vs. open collab 10%
1730684364777820527,2025 Trendy Short Sleeve Mini Dress | V-Neck ...,PrettyGarden,Womenswear & Underwear,$45.99,10,"4,339","15%
vs. open collab 10%",7543376369016096525,Pretty Garden,13%,1,13%,3,vs. open collab 10%
1730899401400815983,"Boho Chic Floral Maxi Dress - One Shoulder, R...",PrettyGarden,Womenswear & Underwear,$45.99,10,"3,807","15%
vs. open collab 10%",7543376369016096525,Pretty Garden,13%,1,11.27%,3,vs. open collab 10%
1731040008464470383,Women's Winter Button Down Cardigan Sweat...,PrettyGarden,Womenswear & Underwear,$45.99,12,"7,009","15%
vs. open collab 10%",7543376369016096525,Pretty Garden,13%,1,13%,3,vs. open collab 10%
1731127170601750895,PRETTYGARDEN Women's Pink Hooded Sweatshirt Long Slee...,PrettyGarden,Womenswear & Underwear,$24.99,3,"20,226","15%
vs. open collab 10%",7543376369016096525,Pretty Garden,13%,1,13%,4,vs. open collab 10%
1731160797554315631,Women's Tie Front Bow Cardigan Sweaters Chu...,PrettyGarden,Womenswear & Underwear,$39.99,16,653,"15%
vs. open collab 10%",7543376369016096525,Pretty Garden,13%,1,13%,2,vs. open collab 10%
1731230128638038383,Women's Chunky Knit Open Front Sweater Long...,PrettyGarden,Womenswear & Underwear,$39.99,5,305,"15%
vs. open collab 10%",7543376369016096525,Pretty Garden,13%,1,13%,2,vs. open collab 10%
1731264129218023791,Women's Casual Long Sleeve Lapel Zipper Sw...,PrettyGarden,Womenswear & Underwear,$29.98-$36.99,8,"11,259","15%
vs. open collab 10%",7543376369016096525,Pretty Garden,13%,1,13%,4,vs. open collab 10%
1731455456250138991,PRETTYGARDEN Grey Green Waffle Knit Long Sleeve V Neck ...,PrettyGarden,Womenswear & Underwear,$31.99,6,"4,378","15%
vs. open collab 10%",7543376369016096525,Pretty Garden,13%,1,13%,3,vs. open collab 10%
1731472517173842287,Womens Boat Neck Sweater Ribbed Off Shoul...,PrettyGarden,Womenswear & Underwear,$33.99,9,"1,163","15%
vs. open collab 10%",7543376369016096525,Pretty Garden,13%,1,13%,3,vs. open collab 10%
1731515444754092399,PRETTYGARDEN Women's Navy Blue 2-Piece Knitted Sets H...,PrettyGarden,Sports & Outdoor,$34.98,16,"16,616","15%
vs. open collab 10%",7543376369016096525,Pretty Garden,13%,1,13%,4,vs. open collab 10%
1729406192892088964,"Cordless Vacuum Cleaner-H318, 300W 23KPa Light...",Homeika,Household Appliances,$69.99-$89.99,17,"177,008","11%
vs. open collab 5%",7543380837217191735,homeika,9%,1,9%,4,vs. open collab 5%
1729406319708377732,【 2026 newly upgraded】Trucozie T350 cordless vacuum fe...,Homeika,Household Appliances,$79.98-$89.98,16,"358,146","11%
vs. open collab 5%",7543380837217191735,homeika,9%,1,9%,4,vs. open collab 5%
1729449098799190660,28KPA Vacuum Filter Replacement for H320 Cordle...,Homeika,Household Appliances,$10.99-$30.99,20,"14,339","11%
vs. open collab 5%",7543380837217191735,homeika,9%,1,9%,4,vs. open collab 5%
1730349950822421124,"Trucozie Cordless Vacuum Cleaner-T352, 45Kpa 50 Mins Ru...",Homeika,Household Appliances,$109.99-$139.99,13,"14,029","11%
vs. open collab 5%",7543380837217191735,homeika,9%,1,9%,4,vs. open collab 5%
1730356335995490948,"Trucozie T552 Mattress Vacuum Cleaner, Anti-Allergy Dust ...",Homeika,Household Appliances,$49.99-$59.99,17,"3,359","11%
vs. open collab 5%",7543380837217191735,homeika,9%,1,9%,3,vs. open collab 5%
1730969888943214934,"Dog Grooming Vacuum Kit - 3L Vacuum with 7 Tools, Low Noi...",Heapets Store,Pet Supplies,$49.99-$99.99,20,10,"10%
vs. open collab 5%",7543380837217191735,homeika,8%,1,8%,2,vs. open collab 5%
1731460342477853014,【2026 New Arrivals】Heapets P358 Pet Air Purifier for Hom...,Heapets Store,Household Appliances,$89.98-$249.98,18,"16,413","10%
vs. open collab 8%",7543380837217191735,homeika,8%,1,8%,4,vs. open collab 8%
1731578192195392132,【2026 New Arrivals】Trucozie T550 Cordless Vacuum Clean...,Homeika,Household Appliances,$89.98-$99.98,0,"23,574","11%
vs. open collab 5%",7543380837217191735,homeika,9%,1,9%,4,vs. open collab 5%
1729402990598066603,MAGCOMSEN Men's Polo Shirts 3 Button Quick Dry Performan...,Magcomsen,Menswear & Underwear,$21.99,4,"3,283","16%
vs. open collab 10%",7545657247088330509,Magcomsen,13%,1,13%,4,vs. open collab 10%
1729403564325114283,MAGCOMSEN Men's Winter Pants Fleece Lined Ski Snow Pa...,Magcomsen,Menswear & Underwear,$41.99,3,"45,978","16%
vs. open collab 8%",7545657247088330509,Magcomsen,13%,1,13%,5,vs. open collab 8%
1729407688676381099,MAGCOMSEN Men's Winter Coats Water Resistant Ski Snow ...,Magcomsen,Menswear & Underwear,$59.99,0,"55,843","16%
vs. open collab 8%",7545657247088330509,Magcomsen,13%,1,13%,5,vs. open collab 8%
1729410057349075371,MAGCOMSEN Men's Sherpa Lined Winter Trucker Jacket War...,Magcomsen,Menswear & Underwear,$62.99,0,"31,268","16%
vs. open collab 8%",7545657247088330509,Magcomsen,13%,1,13%,5,vs. open collab 8%
1729414790651875755,MAGCOMSEN Men's Winter Pants 5 Zip Pockets Snow Ski Pa...,Magcomsen,Menswear & Underwear,$41.99,1,"8,779","16%
vs. open collab 8%",7545657247088330509,Magcomsen,13%,1,13%,4,vs. open collab 8%
1729460847706018726,ZEAGOO Sweaters for Women Pullover Turtleneck Long Slee...,,~~~,$40.99,30,"12,833","17%
vs. open collab 10%",7550363202767636238,Pinspark,14%,1,14%,5,vs. open collab 10%
1729620710223876528,Hoodie and Shorts 2-Piece Set This product is relatively thin,Pinspark Shop,Womenswear & Underwear,$23.99,29,"8,402","17%
vs. open collab 10%",7550363202767636238,Pinspark,14%,1,14%,4,vs. open collab 10%
1730677564404044208,PINSPARK Golf Skirts for Women High Elastic Waisted Athleti...,Pinspark Shop,Sports & Outdoor,$24.49,20,"24,889","12%
vs. open collab 10%",7550363202767636238,Pinspark,11%,1,11%,3,vs. open collab 10%
1730723173558817200,PINSPARK 2 Piece Sets for Women Soft Short Sleeve Matchi...,Pinspark Shop,Womenswear & Underwear,$35.27,19,"29,124","12%
vs. open collab 10%",7550363202767636238,Pinspark,11%,1,11%,3,vs. open collab 10%
1731722702404490150,Women's Elegant Knit Dress Long Lantern Sleeve Fall Bodyco...,Zeagoo,Womenswear & Underwear,$34.58,30,"16,601","17%
vs. open collab 8%",7550363202767636238,Pinspark,14%,1,14%,5,vs. open collab 8%
1731722709107446694,Women's Casual Velour Tracksuit Set Lightweight Full Zipper ...,,~~~,$39.76,30,"7,197","17%
vs. open collab 8%",7550363202767636238,Pinspark,14%,1,14%,4,vs. open collab 8%
1729485856660230306,Women's Casual Short Jean Jackets Non Stretch Di...,EVALESS,Womenswear & Underwear,$43.64,5,"41,649","15%
vs. open collab 10%",7555979052420220685,EVALESS,13%,1,13%,4,vs. open collab 10%
1729535324380500130,"Puffer Jacket for Women,Lightweight Long Sleeve...",EVALESS,Womenswear & Underwear,$45.98,5,"10,717","13%
vs. open collab 8%",7555979052420220685,EVALESS,11%,1,11%,4,vs. open collab 8%
1729537297294790818,Women's Oversized Henley Waffle Shirts Tops Butt...,EVALESS,Womenswear & Underwear,$29.09-$29.99,2,"22,797","15%
vs. open collab 12%",7555979052420220685,EVALESS,13%,1,13%,4,vs. open collab 12%
1729537880874193058,Women's Casual Oversized Sweatshirts Hoodies Ba...,EVALESS,Womenswear & Underwear,$29.09-$29.96,2,"22,827","15%
vs. open collab 10%",7555979052420220685,EVALESS,13%,1,13%,4,vs. open collab 10%
1729563014150590626,Women's Casual Puffer Vest Oversize Lightweight ...,EVALESS,Womenswear & Underwear,$44.61-$45.99,3,"15,201","15%
vs. open collab 10%",7555979052420220685,EVALESS,13%,1,13%,4,vs. open collab 10%
1731035161124311202,Women’s Fall Pullover Sweater Long Sleeve Crewne...,EVALESS,Womenswear & Underwear,$18.99,5,277,"15%
vs. open collab 10%",7555979052420220685,EVALESS,13%,1,13%,2,vs. open collab 10%
1731327403448897698,Women's Spring Lightweight Puff Long Sleeve Swe...,EVALESS,Womenswear & Underwear,$14.99,4,"3,390","15%
vs. open collab 10%",7555979052420220685,EVALESS,13%,1,13%,3,vs. open collab 10%
1729574697823146872,Men's Allday 365 (Ripstop) Shoe in Black Gum - At...,NOBULL,Sports & Outdoor,$105.00,1,"3,221","15%
vs. open collab 12%",7556302416360605495,NOBULL,14%,1,14%,3,vs. open collab 12%
1729574705297265528,Women's Allday Knit Shoe in White - Everyday Walki...,NOBULL,Sports & Outdoor,$105.00,0,"4,061","15%
vs. open collab 12%",7556302416360605495,NOBULL,14%,1,14%,3,vs. open collab 12%
1729685335495971704,Men's Outwork Shoe in Navy Gum - OG Strength Tr...,NOBULL,Shoes,$150.00,4,"1,093","15%
vs. open collab 12%",7556302416360605495,NOBULL,14%,1,14%,3,vs. open collab 12%
1731260997810295672,Men's Allday 365 (Ripstop) Shoe in Light Grey - Ath...,NOBULL,Sports & Outdoor,$105.00,1,346,"15%
vs. open collab 12%",7556302416360605495,NOBULL,14%,1,14%,2,vs. open collab 12%
1731818268512326520,Women's Allday Knit Shoe in Fuchsia - Everyday Wal...,NOBULL,Sports & Outdoor,$105.00,0,"2,342","15%
vs. open collab 12%",7556302416360605495,NOBULL,14%,1,14%,3,vs. open collab 12%
1729406693411230691,NEW COMPRESSION BAND & ONE SEAM OPTION! THE ORI...,SWEET MAYHEM,Womenswear & Underwear,$17.45-$25.21,114,"629,980","17%
vs. open collab 12%",7556743577418843917,Sweet Mayhem,15%,1,15%,4,vs. open collab 12%
1729411105464882147,VINTAGE INSPIRED OVERSIZED KNIT SWEATER (ONE SIZE),SWEET MAYHEM,Womenswear & Underwear,$45.00,0,"1,956","20%
vs. open collab 15%",7556743577418843917,Sweet Mayhem,18%,1,18%,3,vs. open collab 15%
1729671505065317347,OPEN FOOT STYLE | THE ORIGINAL! MAGIC FUR LINED LEGG...,SWEET MAYHEM,Womenswear & Underwear,$24.99,0,566,"20%
vs. open collab 15%",7556743577418843917,Sweet Mayhem,18%,1,18%,2,vs. open collab 15%
1730932520433651999,"JOOCYEE Velvet Rouge, Matte Lipstick, Blur, Smooth, Non-S...",JOOCYEE US,Beauty & Personal Care,$19.99-$29.99,22,"31,075","20%
vs. open collab 15%",7557007310680819511,JOOCYEE,18%,1,18%,4,vs. open collab 15%
1729455181226151985,ColourPop Chrome Crème Gel Liner - Waterproof 18HR Wea...,ColourPop Cosmetics,Beauty & Personal Care,$7.65,0,"24,762","19%
vs. open collab 10%",7558513652259014413,ColourPop 2026,17%,1,17%,5,vs. open collab 10%
1729455779510915121,"ColourPop® Lippie Pencil Vaults - Creamy, Matte, Non-Drying ...",ColourPop Cosmetics,Beauty & Personal Care,$24.65,46,"49,721","19%
vs. open collab 15%",7558513652259014413,ColourPop 2026,17%,1,17%,5,vs. open collab 15%
1729455785613496369,ColourPop Stone Cold Fox Cool-toned Eyeshadow Palette - 3...,ColourPop Cosmetics,Beauty & Personal Care,$26.77,3,"19,154","19%
vs. open collab 10%",7558513652259014413,ColourPop 2026,17%,1,17%,5,vs. open collab 10%
1729459728919597105,ColourPop So Juicy Plumping Gloss Balm with Peptides,ColourPop Cosmetics,Beauty & Personal Care,$8.50,0,"17,863","19%
vs. open collab 10%",7558513652259014413,ColourPop 2026,17%,1,17%,5,vs. open collab 10%
1729459729561325617,ColourPop So Juicy Plumping Lip Liner with Peptides,ColourPop Cosmetics,Beauty & Personal Care,$6.80,0,"5,342","19%
vs. open collab 10%",7558513652259014413,ColourPop 2026,17%,1,17%,4,vs. open collab 10%
1729535487629103153,ColourPop Precious Metals - Sparkly Neutral Palette Long-las...,ColourPop Cosmetics,Beauty & Personal Care,$29.75,0,"9,869","19%
vs. open collab 10%",7558513652259014413,ColourPop 2026,17%,1,17%,4,vs. open collab 10%
1729535501572608049,ColourPop® So Juicy Lip Oil with Peptides,ColourPop Cosmetics,Beauty & Personal Care,$8.50,0,"6,135","19%
vs. open collab 10%",7558513652259014413,ColourPop 2026,17%,1,17%,4,vs. open collab 10%
1729555874369343537,ColourPop Shadow Stix - Creamy Pigmented Long-Wearing ...,ColourPop Cosmetics,Beauty & Personal Care,$7.65-$10.20,0,"329,738","19%
vs. open collab 10%",7558513652259014413,ColourPop 2026,17%,1,17%,5,vs. open collab 10%
1729555888796962865,ColourPop® Lippie Pencil - Smooth Glide-On Lip Liner Long-...,ColourPop Cosmetics,Beauty & Personal Care,$5.95,0,"67,418","19%
vs. open collab 10%",7558513652259014413,ColourPop 2026,17%,1,17%,5,vs. open collab 10%
1729558721763840049,ColourPop® Lippie Stix- Comfy Creamy Lipstick Moisturizing,ColourPop Cosmetics,Beauty & Personal Care,$6.80,0,"12,280","19%
vs. open collab 10%",7558513652259014413,ColourPop 2026,17%,1,17%,5,vs. open collab 10%
1729562994270965809,"ColourPop® Lippie Stix Vaults - Creamy, Matte, Non-Drying Li...",ColourPop Cosmetics,Beauty & Personal Care,$28.90,45,"34,881","19%
vs. open collab 15%",7558513652259014413,ColourPop 2026,17%,1,17%,5,vs. open collab 15%
1729649278171058225,"ColourPop So Juicy Plumping Gloss Balm Trios - Lipstick, Lipg...",ColourPop Cosmetics,Beauty & Personal Care,$22.10,0,319,"19%
vs. open collab 15%",7558513652259014413,ColourPop 2026,17%,1,17%,3,vs. open collab 15%
1729649321583743025,ColourPop Chrome Créme Gel Liner Trios for Eye Makeup - E...,ColourPop Cosmetics,Beauty & Personal Care,$20.40,3,"2,513","19%
vs. open collab 15%",7558513652259014413,ColourPop 2026,17%,1,17%,4,vs. open collab 15%
1730172332996071473,ColourPop Fresh Kiss Glossy Balm Trio Hyaluronic Hydrating S...,ColourPop Cosmetics,Beauty & Personal Care,$20.00,42,"6,054","19%
vs. open collab 15%",7558513652259014413,ColourPop 2026,17%,1,17%,4,vs. open collab 15%
1730519155759157297,ColourPop Heart Blush Set - Pressed Powder Heart Blush - S...,,~~~,$27.20,2,392,"19%
vs. open collab 15%",7558513652259014413,ColourPop 2026,17%,1,17%,3,vs. open collab 15%
1731232455400198193,ColourPop Shadow Stix Set – Viral Creamy Eyeshadow Sticks ...,ColourPop Cosmetics,Beauty & Personal Care,$18.00-$36.00,36,"49,453","19%
vs. open collab 15%",7558513652259014413,ColourPop 2026,17%,1,17%,5,vs. open collab 15%
1731288516792193073,ColourPop® HydraPop Trios - Lip Stain Set,ColourPop Cosmetics,Beauty & Personal Care,$18.00,45,"1,625","19%
vs. open collab 15%",7558513652259014413,ColourPop 2026,17%,1,17%,4,vs. open collab 15%
1731288525164023857,ColourPop® x HydraPop Glossy Lip Stain,ColourPop Cosmetics,Beauty & Personal Care,$7.65,0,"24,667","19%
vs. open collab 10%",7558513652259014413,ColourPop 2026,17%,1,17%,5,vs. open collab 10%
1731359896389586993,ColourPop Lippie Pencil Trio + Free Sharpener - Exclusive Set,,~~~,$15.30,3,"3,256","19%
vs. open collab 15%",7558513652259014413,ColourPop 2026,17%,1,17%,4,vs. open collab 15%
1731475929641685041,ColourPop 9-Pan Shadow Palette Duos + Free Brush - Exclusi...,ColourPop Cosmetics,Beauty & Personal Care,$22.00,0,880,"19%
vs. open collab 15%",7558513652259014413,ColourPop 2026,17%,1,17%,3,vs. open collab 15%
1731931264165777457,ColourPop X The Grinch Limited Edition Makeup Collection,ColourPop Cosmetics,Beauty & Personal Care,$72.00,39,"1,117","19%
vs. open collab 15%",7558513652259014413,ColourPop 2026,17%,1,17%,4,vs. open collab 15%
1732070554630262833,ColourPop Lippie Vault Duo | 10 Lippie Pencils + 10 Lippie Stix...,,~~~,$49.00,31,"3,179","19%
vs. open collab 15%",7558513652259014413,ColourPop 2026,17%,1,17%,4,vs. open collab 15%
1732070786563870769,ColourPop Super Shock Shadow Trio Set - Limited Edition H...,ColourPop Cosmetics,Beauty & Personal Care,$15.30,68,776,"19%
vs. open collab 15%",7558513652259014413,ColourPop 2026,17%,1,17%,3,vs. open collab 15%
1732187432582025265,ColourPop Cloud Whip Blurring Soft Matte Liquid Lipstick Trio...,,~~~,$20.00,47,"2,298","19%
vs. open collab 15%",7558513652259014413,ColourPop 2026,17%,1,17%,4,vs. open collab 15%
1732207769906286641,ColourPop Brow Boss Duo – Waterproof Brow Pencil + 24HR ...,,~~~,$12.75,3,279,"19%
vs. open collab 15%",7558513652259014413,ColourPop 2026,17%,1,17%,3,vs. open collab 15%
1732226484363104305,ColourPop® For Your Eyes Only Kit,ColourPop Cosmetics,Beauty & Personal Care,$13.60,0,"3,715","19%
vs. open collab 10%",7558513652259014413,ColourPop 2026,17%,1,17%,4,vs. open collab 10%
1732226496282791985,ColourPop® Super Shock Blush,ColourPop Cosmetics,Beauty & Personal Care,$10.20,0,"3,880","19%
vs. open collab 10%",7558513652259014413,ColourPop 2026,17%,1,17%,4,vs. open collab 10%
1732226497223888945,ColourPop Heart to Get Shadow Palette 1075,ColourPop Cosmetics,Beauty & Personal Care,$15.30,0,985,"19%
vs. open collab 10%",7558513652259014413,ColourPop 2026,17%,1,17%,3,vs. open collab 10%
1732227127722217521,ColourPop Super Shock Blush + Ultra Glossy Lip Set - Baby ...,ColourPop Cosmetics,Beauty & Personal Care,$15.30,0,901,"19%
vs. open collab 15%",7558513652259014413,ColourPop 2026,17%,1,17%,3,vs. open collab 15%
1732227130053136433,ColourPop All Eyes On Me Shadow Stix Set - Limited Edition ...,ColourPop Cosmetics,Beauty & Personal Care,$23.80,0,"2,729","19%
vs. open collab 15%",7558513652259014413,ColourPop 2026,17%,1,17%,4,vs. open collab 15%
1732252611089240113,ColourPop x The Twilight Saga Eclipse Palette - Limited Editi...,,~~~,$21.25,0,"1,247","19%
vs. open collab 15%",7558513652259014413,ColourPop 2026,17%,1,17%,4,vs. open collab 15%
1732252798044704817,ColourPop x The Twilight Saga Eclipse Lip Kits - Limited Editi...,,~~~,$13.60,0,428,"19%
vs. open collab 15%",7558513652259014413,ColourPop 2026,17%,1,17%,3,vs. open collab 15%
1732252810935439409,ColourPop x The Twilight Saga Eclipse Jelly Much Shadows - ...,,~~~,$8.50,0,163,"19%
vs. open collab 15%",7558513652259014413,ColourPop 2026,17%,1,17%,3,vs. open collab 15%
1732252845216993329,ColourPop x The Twilight Saga Eclipse Super Shock Highlight...,,~~~,$12.75,0,306,"19%
vs. open collab 15%",7558513652259014413,ColourPop 2026,17%,1,17%,3,vs. open collab 15%
1732252925769781297,ColourPop x The Twilight Saga Eclipse Newborn Powder-to-...,,~~~,$10.20,0,224,"19%
vs. open collab 15%",7558513652259014413,ColourPop 2026,17%,1,17%,3,vs. open collab 15%
1732252939092135985,ColourPop x The Twilight Saga Eclipse Full Collection,,~~~,$79.05,0,533,"19%
vs. open collab 15%",7558513652259014413,ColourPop 2026,17%,1,17%,3,vs. open collab 15%
1732252962495762481,ColourPop x The Twilight Saga Eclipse Immortal Kiss Limited ...,,~~~,$23.80,0,294,"19%
vs. open collab 15%",7558513652259014413,ColourPop 2026,17%,1,17%,3,vs. open collab 15%
1732253016918233137,ColourPop x The Twilight Saga Eclipse Just Bitten Limited Edi...,,~~~,$33.15,0,88,"19%
vs. open collab 15%",7558513652259014413,ColourPop 2026,17%,1,17%,3,vs. open collab 15%
1732253041404055601,ColourPop x The Twilight Saga Eclipse Coven Clash - Limited...,,~~~,$15.30,0,62,"19%
vs. open collab 15%",7558513652259014413,ColourPop 2026,17%,1,17%,3,vs. open collab 15%
1732253051127500849,ColourPop Twilight Eclipse Palette & Jelly Much Set - 15 Vam...,,~~~,$34.00,0,65,"19%
vs. open collab 15%",7558513652259014413,ColourPop 2026,17%,1,17%,3,vs. open collab 15%
1732253171626512433,ColourPop x The Twilight Saga Eclipse Forever Eyeshadow Pa...,,~~~,$55.25,0,628,"19%
vs. open collab 15%",7558513652259014413,ColourPop 2026,17%,1,17%,3,vs. open collab 15%
1732351729235169329,ColourPop Build Your Own Bronzer & Blush Duo + Free Blendi...,,~~~,$20.00,50,82,"19%
vs. open collab 10%",7558513652259014413,ColourPop 2026,17%,1,17%,3,vs. open collab 10%
1729541504714969330,Iris Wallet 2nd Gen RFID (#8036-2) Minimalist Wallets - By Ir...,Rainbow Boutique LLC,Luggage & Bags,$15.91,98,"199,947","19%
vs. open collab 16%",7558566080497321742,Rainbow Boutique,17%,1,17%,4,vs. open collab 16%
1729567607125283058,The Iris Mini Backpack (#9013) Portable Lightweight and Dur...,Rainbow Boutique LLC,Luggage & Bags,$43.69,98,"81,233","19%
vs. open collab 16%",7558566080497321742,Rainbow Boutique,17%,1,17%,4,vs. open collab 16%
1729738524233339122,The Iris Carry All Wallet (#8036-5) Minimalist Crossbody Bag...,Rainbow Boutique LLC,Luggage & Bags,$22.56-$23.51,95,"78,407","19%
vs. open collab 16%",7558566080497321742,Rainbow Boutique,17%,1,17%,4,vs. open collab 16%
1730567614549627122,Iris Trio Wallet (#8036-9) Zipper Wallet with RFID - By Iris & R...,Rainbow Boutique LLC,Luggage & Bags,$25.56,95,"54,542","19%
vs. open collab 16%",7558566080497321742,Rainbow Boutique,17%,1,17%,4,vs. open collab 16%
1730594395981975794,The Iris Best Version Crossbody Bag (#8061) Women's Fashio...,Rainbow Boutique LLC,Luggage & Bags,$28.50,99,"75,115","19%
vs. open collab 16%",7558566080497321742,Rainbow Boutique,17%,1,17%,4,vs. open collab 16%
1729385107287413644,"Healthy Hair Starter Kit with Scalp Stimulator, Hair Elixir, Hydr...",Bask and Lather Co,Beauty & Personal Care,$70.00-$71.00,99,"18,931","20%
vs. open collab 15%",7558567210550888247,Bask and Lather,18%,1,10.80%,4,vs. open collab 15%
1729385107320640396,MOISTURIZE & SEAL BUNDLE- Hair Growth + Moisture + Len...,Bask and Lather Co,Beauty & Personal Care,$39.00,30,"41,732","20%
vs. open collab 15%",7558567210550888247,Bask and Lather,18%,1,9.00%,4,vs. open collab 15%
1729385107321885580,STRONG HOLD- THICK EDGES- EDGE CONTROL BASK AND L...,Bask and Lather Co,Beauty & Personal Care,$7.69-$19.37,100,"627,738","21%
vs. open collab 16%",7558567210550888247,Bask and Lather,19%,1,10.86%,4,vs. open collab 16%
1729385107490771852,LASH SERUM: Volume Eyebrow and Eyelash For Growth & Thi...,Bask and Lather Co,Beauty & Personal Care,$9.51-$30.79,50,"25,783","20%
vs. open collab 15%",7558567210550888247,Bask and Lather,18%,1,9.00%,4,vs. open collab 15%
1729385386698838924,"Stimulating Scalp and Hair Balm, Shea Butter and Mango Bu...",Bask and Lather Co,Beauty & Personal Care,$11.99-$20.00,99,"132,045","25%
vs. open collab 20%",7558567210550888247,Bask and Lather,23%,1,11.04%,4,vs. open collab 20%
1729385609961706380,BASK AND LATHER Scalp Stimulator Hair Growth Oil - Lightw...,Bask and Lather Co,Beauty & Personal Care,$11.96-$39.50,99,"282,275","20%
vs. open collab 15%",7558567210550888247,Bask and Lather,18%,1,10.80%,4,vs. open collab 15%
1729418753186501516,Bask & Lather Ultimate Healthy Hair Care Bundle - Limited Edi...,Bask and Lather Co,Beauty & Personal Care,$85.50,100,"76,687","20%
vs. open collab 15%",7558567210550888247,Bask and Lather,18%,1,10.80%,4,vs. open collab 15%
1729421238780072844,Scalp Stimulator & Hair Elixir Bundle: Growth & Length Retent...,Bask and Lather Co,Beauty & Personal Care,$24.19,30,"35,384","20%
vs. open collab 15%",7558567210550888247,Bask and Lather,18%,1,9.00%,4,vs. open collab 15%
1729488584598393740,Bask and Lather Wash Day Bundle hair loss - Shampoo Cond...,,~~~,$38.50,30,"13,999","20%
vs. open collab 15%",7558567210550888247,Bask and Lather,18%,1,9.00%,4,vs. open collab 15%
1729495223638004620,Men’s Healthy Hair and Beard Starter Kit Nourishing Shampo...,,~~~,$41.50-$63.50,30,"17,728","20%
vs. open collab 15%",7558567210550888247,Bask and Lather,18%,1,9.00%,4,vs. open collab 15%
1731537353647100812,"Gro & Glow Liquid Vitamins for Hair, Nails & Skin- With Biotin,...",,~~~,$20.34-$39.50,30,"38,684","20%
vs. open collab 25%",7558567210550888247,Bask and Lather,18%,1,9.00%,4,vs. open collab 25%
1731884755237245836,Stronghold 24-Hour Brow Gel,,~~~,$9.85-$21.63,50,"3,999","25%
vs. open collab 20%",7558567210550888247,Bask and Lather,23%,1,9.20%,3,vs. open collab 20%
1729549925196665361,"JUDYDOLL Ice Watery Lip Gloss, Blur, Mirror Lip Glaze, Gloss...",Judydoll US,Beauty & Personal Care,$11.18-$27.99,48,"107,421","25%
vs. open collab 15%",7559241408026281783,JudyDoll,22%,1,10.56%,5,vs. open collab 15%
1729549927381307921,"JUDYDOLL 3D Curling Eyelash Iron Mascara, Black & Brown, ...",Judydoll US,Beauty & Personal Care,$11.18-$14.38,49,"80,380","25%
vs. open collab 15%",7559241408026281783,JudyDoll,22%,1,10.56%,5,vs. open collab 15%
1729568093996225041,"JUDYDOLL Cushion Lip Powder Cream, Cushion Matte Lock Li...",Judydoll US,Beauty & Personal Care,$9.58-$15.99,48,"79,815","25%
vs. open collab 15%",7559241408026281783,JudyDoll,22%,1,10.56%,5,vs. open collab 15%
1730234670622282257,"JUDYDOLL Liquid Highlighter & Contour Duo, Liquid Contour ...",Judydoll US,Beauty & Personal Care,$11.19-$16.19,45,"28,799","25%
vs. open collab 15%",7559241408026281783,JudyDoll,22%,1,10.56%,5,vs. open collab 15%
1730235179727360529,"JUDYDOLL Ultra-Fine Liquid Eyeliner, Waterproof Liquid Eye ...",Judydoll US,Beauty & Personal Care,$9.59-$16.99,37,"60,714","25%
vs. open collab 15%",7559241408026281783,JudyDoll,22%,1,10.56%,5,vs. open collab 15%
1730440499523392017,"JUDYDOLL Watery Essence Lip Glaze, Blur, Mirror Lip Stain, G...",Judydoll US,Beauty & Personal Care,$9.99-$17.99,44,"24,254","25%
vs. open collab 15%",7559241408026281783,JudyDoll,22%,1,10.56%,5,vs. open collab 15%
1731159981009310225,"JUDYDOLL 2 In 1 Highlighter Contour Palette, Powder Highli...",Judydoll US,Beauty & Personal Care,$8.79-$13.59,48,"17,585","25%
vs. open collab 15%",7559241408026281783,JudyDoll,22%,1,10.56%,5,vs. open collab 15%
1731689282671514129,"JUDYDOLL Peel Off Stain and Plumping Oil Duo, Blur, Peel-Of...",Judydoll US,Beauty & Personal Care,$12.79-$21.99,117,"21,653","25%
vs. open collab 15%",7559241408026281783,JudyDoll,22%,1,10.56%,5,vs. open collab 15%
1729414447280394408,"FITORY Balance I | Womens Flat Sandals with Cork Footbed, O...",,~~~,$29.69-$33.29,10,"17,646","15%
vs. open collab 8%",7560646603628824334,Fitory,12%,1,12%,5,vs. open collab 8%
1729447022998360232,Balance II | Women's Shoes with Natural Soft Cork Fo...,FITORY,Shoes,$32.99-$36.99,10,"16,692","15%
vs. open collab 8%",7560646603628824334,Fitory,12%,1,12%,5,vs. open collab 8%
1729461165379195048,Braided Leather Outdoor Suede Slippers Women's M...,FITORY,Shoes,$32.99-$36.99,4,"3,694","15%
vs. open collab 8%",7560646603628824334,Fitory,12%,1,12%,4,vs. open collab 8%
1729493077049446568,Balance Casual | House shoes for Women Fuzzy Slipp...,FITORY,Shoes,$26.99,6,"12,027","15%
vs. open collab 8%",7560646603628824334,Fitory,12%,1,12%,5,vs. open collab 8%
1729498200685711528,"Breathe I | Women’s Suede Clogs, Womens Round H...",FITORY,Shoes,$29.69-$35.99,9,"47,194","15%
vs. open collab 8%",7560646603628824334,Fitory,12%,1,12%,5,vs. open collab 8%
1729533010116317352,FITORY Balance VI | EVA Women’s Summer Sandals,,~~~,$26.33-$26.99,10,"1,270","15%
vs. open collab 8%",7560646603628824334,Fitory,12%,1,12%,4,vs. open collab 8%
1729575412634521768,Women’s Platform Slip-no Slippers Suede Platform F...,FITORY,Shoes,$32.99-$36.99,6,"27,476","15%
vs. open collab 8%",7560646603628824334,Fitory,12%,1,12%,5,vs. open collab 8%
1729704719026262184,FITORY Breathe II | Platform Women Clogs,,~~~,$39.99,10,301,"15%
vs. open collab 8%",7560646603628824334,Fitory,12%,1,12%,3,vs. open collab 8%
1730805391573225640,"FITORY Women’s H-Shaped Casual Flat Slippers,Comfortable...",,~~~,$24.99,10,"1,160","15%
vs. open collab 8%",7560646603628824334,Fitory,12%,1,12%,4,vs. open collab 8%
1731639095902965928,"Women’s Suede Slippers with Faux Fur, Winter Warm ...",FITORY,Shoes,$28.99,3,91,"15%
vs. open collab 8%",7560646603628824334,Fitory,12%,1,12%,3,vs. open collab 8%
1731712888128114856,"Men’s Leather House Slippers, Cozy Winter Memory ...",FITORY,Shoes,$28.99,4,76,"15%
vs. open collab 8%",7560646603628824334,Fitory,12%,1,12%,3,vs. open collab 8%
1731713006185910440,"Slippers for Men,Faux Fur Slip-on Cozy Winter House...",FITORY,Shoes,$28.99,2,713,"15%
vs. open collab 8%",7560646603628824334,Fitory,12%,1,12%,3,vs. open collab 8%
1732274410269610152,Fitory Marta | Women's Comfortable Slides,,~~~,$31.99,10,13,"15%
vs. open collab 8%",7560646603628824334,Fitory,12%,1,12%,3,vs. open collab 8%
1732274485069910184,Fitory Camille | Women's Fashion Slides,,~~~,$31.99,10,74,"15%
vs. open collab 8%",7560646603628824334,Fitory,12%,1,12%,3,vs. open collab 8%
1729718141631565851,[Dr.Melaxin Official] Calcium Multi Balm Eye Care Routine Ko...,Dr.Melaxin Global,Beauty & Personal Care,$18.90,17,"738,000","25%
vs. open collab 15%",7561503047819314999,Dr.Melaxin Global,21%,1,21%,7,vs. open collab 15%
1730145765796646939,[Dr.Melaxin Official] Peel Shot Glow Rice Ampoule Duo - Pee...,Dr.Melaxin Global,Beauty & Personal Care,$38.70,27,"664,293","25%
vs. open collab 15%",7561503047819314999,Dr.Melaxin Global,21%,1,21%,7,vs. open collab 15%
1731498484616499227,[Dr.Melaxin Official] Lumi Glow Triple Care Set | Korean Cosm...,Dr.Melaxin Global,Beauty & Personal Care,$71.10,18,"46,192","25%
vs. open collab 15%",7561503047819314999,Dr.Melaxin Global,21%,1,21%,7,vs. open collab 15%
1731572915654201371,[Dr.Melaxin Official] Peel Shot Keratin Care Kojic Acid Turmeri...,Dr.Melaxin Global,Beauty & Personal Care,$25.11,27,"387,878","25%
vs. open collab 15%",7561503047819314999,Dr.Melaxin Global,21%,1,21%,7,vs. open collab 15%
1731859837725347867,[Dr.Melaxin Official] Peel Shot Kojic Acid Turmeric Duo - 99% ...,Dr.Melaxin Global,Beauty & Personal Care,$40.50,9,"19,112","25%
vs. open collab 15%",7561503047819314999,Dr.Melaxin Global,21%,1,21%,7,vs. open collab 15%
1731860042129051675,[Dr.Melaxin Official] Peel Shot Glow Rice Ampoule Duo Kojic ...,Dr.Melaxin Global,Beauty & Personal Care,$55.80,9,"8,506","25%
vs. open collab 15%",7561503047819314999,Dr.Melaxin Global,21%,1,21%,6,vs. open collab 15%
1731997189863477275,[Dr.Melaxin Official] Radiant Blowout Routine Set | Dark Spot ...,Dr.Melaxin Global,Beauty & Personal Care,$80.10,9,"94,516","25%
vs. open collab 15%",7561503047819314999,Dr.Melaxin Global,21%,1,21%,7,vs. open collab 15%
1731997201387786267,[Dr.Melaxin Official] The Ultimate Exfoliating Glow Rice Routin...,Dr.Melaxin Global,Beauty & Personal Care,$62.10,9,"11,892","25%
vs. open collab 15%",7561503047819314999,Dr.Melaxin Global,21%,1,21%,7,vs. open collab 15%
1731997246433955867,[Dr.Melaxin Official] Gifted Collagen Boost Set Pore Spot Ski...,Dr.Melaxin Global,Beauty & Personal Care,$62.10,6,"334,485","25%
vs. open collab 15%",7561503047819314999,Dr.Melaxin Global,21%,1,21%,7,vs. open collab 15%
1731997317576495131,[Dr.Melaxin Official] Complete Pure Glow Firming Set | Exfoli...,Dr.Melaxin Global,Beauty & Personal Care,$80.10,6,"6,423","25%
vs. open collab 15%",7561503047819314999,Dr.Melaxin Global,21%,1,21%,6,vs. open collab 15%
1731998060865818651,[Dr.Melaxin Official] Iconic Glow Perfection Trio | Face & Body ...,Dr.Melaxin Global,Beauty & Personal Care,$42.93,10,"4,765","25%
vs. open collab 15%",7561503047819314999,Dr.Melaxin Global,21%,1,21%,6,vs. open collab 15%
1729408758258766116,【Creator’s Pick】Halara Flex High Waisted Pocket Wide Leg ...,Halara US,Sports & Outdoor,$29.95,9,"662,739","12%
vs. open collab 10%",7571931552955942670,Halara,11%,1,11%,4,vs. open collab 10%
1729412588952391972,Halara Backless Sleeveless Criss Cross Active Spring Dresses...,,~~~,$38.95,10,"122,109","12%
vs. open collab 12%",7571931552955942670,Halara,11%,1,11%,4,vs. open collab 12%
1729412651341746468,"Halara Softlyzero Plush Backless Active Dress-Easy Peezy, Sp...",,~~~,$38.95,10,"223,084","12%
vs. open collab 12%",7571931552955942670,Halara,11%,1,11%,4,vs. open collab 12%
1729418999352693028,【Creator’s Pick】Halara Flex DayStretch High Waisted Pock...,Halara US,Sports & Outdoor,$34.95,7,"107,318","12%
vs. open collab 10%",7571931552955942670,Halara,11%,1,11%,4,vs. open collab 10%
1729465442609172772,【Creator’s Pick】Halara UltraSculpt High Waisted Tummy Co...,,~~~,$24.95,10,"43,454","12%
vs. open collab 12%",7571931552955942670,Halara,11%,1,11%,4,vs. open collab 12%
1729466098418749732,【Creator’s Pick】Halara Flex High Waisted Back Side Pocket ...,Halara US,Womenswear & Underwear,$34.95,7,"12,009","12%
vs. open collab 10%",7571931552955942670,Halara,11%,1,11%,4,vs. open collab 10%
1729490801033385252,【Creator‘s Pick】Halara 2-Piece Low Support U Neck Cut Ou...,,~~~,$49.95,10,31,"12%
vs. open collab 10%",7571931552955942670,Halara,11%,1,11%,2,vs. open collab 10%
1729568240189804836,Halara UltraSculpt High Waisted Scrunch Butt Lifting Tummy...,Halara US,Sports & Outdoor,$29.95,6,"513,551","12%
vs. open collab 10%",7571931552955942670,Halara,11%,1,11%,4,vs. open collab 10%
1730069349916840228,Halara UltraSculpt High Waisted Butt Lifting Tummy Control ...,Halara US,Sports & Outdoor,$29.95,5,"118,542","12%
vs. open collab 10%",7571931552955942670,Halara,11%,1,11%,4,vs. open collab 10%
1730366472712392996,【Creator’s Pick】Halara UltraSculpt High Waisted Scrunch B...,,~~~,$26.95,10,"44,317","12%
vs. open collab 10%",7571931552955942670,Halara,11%,1,11%,4,vs. open collab 10%
1730470200737173796,Halara UltraSculpt High Waisted Tummy Control Pocket Sha...,Halara US,Sports & Outdoor,$32.95,9,"172,674","12%
vs. open collab 10%",7571931552955942670,Halara,11%,1,11%,4,vs. open collab 10%
1730598888052330788,Halara UltraSculpt High Waisted Scrunch Butt Lifting Tummy...,Halara US,Sports & Outdoor,$34.95,8,"147,556","12%
vs. open collab 10%",7571931552955942670,Halara,11%,1,11%,4,vs. open collab 10%
1730762001521283364,Halara 2-Piece Super High Waisted Back Pocket & Side Hidde...,,~~~,$39.95,10,"138,453","12%
vs. open collab 12%",7571931552955942670,Halara,11%,1,11%,4,vs. open collab 12%
1730762320809595172,Halara 2-Piece Super High Waisted Back Pocket & Side Hidde...,,~~~,$39.95,10,"43,517","12%
vs. open collab 12%",7571931552955942670,Halara,11%,1,11%,4,vs. open collab 12%
1730907470460850468,Halara Pocket 2-in-1 Romper-Easy Peezy Edition,,~~~,$34.95,10,"33,768","12%
vs. open collab 10%",7571931552955942670,Halara,11%,1,11%,4,vs. open collab 10%
1731230647792800036,【Creator's Pick】Halara High Waisted Drawstring Pocket W...,,~~~,$34.95,10,"17,691","12%
vs. open collab 10%",7571931552955942670,Halara,11%,1,11%,4,vs. open collab 10%
1731675560559808804,【Creator’s Pick】Halara High Waisted Drawstring Stripe Fla...,,~~~,$26.95,10,"6,666","12%
vs. open collab 10%",7571931552955942670,Halara,11%,1,11%,3,vs. open collab 10%
1732276620694163748,Halara 2-Piece Set Softlyzero Airy Square Neck Backless Cris...,,~~~,$47.95,10,719,"12%
vs. open collab 10%",7571931552955942670,Halara,11%,1,11%,2,vs. open collab 10%
1729386006127546919,EVELLYHOOTD Winter Warm Flat Padded Ankle Snow Boots ...,EVELLYHOOTD US,Shoes,$33.99-$35.99,0,"82,223","15%
vs. open collab 10%",7572694956437079863,EVELLYHOOTD,13%,1,13%,5,vs. open collab 10%
1729435479694873127,EVELLYHOOTD Women Men Genuine Suede Round Toe Cork ...,EVELLYHOOTD US,Shoes,$36.79-$38.99,0,"155,288","15%
vs. open collab 10%",7572694956437079863,EVELLYHOOTD,13%,1,13%,5,vs. open collab 10%
1729551073277678119,EVELLYHOOTD Women's Braided Leather Outdoor Suede Slip...,EVELLYHOOTD US,Shoes,$39.99-$42.99,0,"190,431","15%
vs. open collab 10%",7572694956437079863,EVELLYHOOTD,13%,1,13%,5,vs. open collab 10%
1731565057708626471,EVELLYHOOTD Women's Chestnut Genuine Leather Platform ...,EVELLYHOOTD US,Shoes,$29.99,0,"5,809","15%
vs. open collab 10%",7572694956437079863,EVELLYHOOTD,13%,1,13%,4,vs. open collab 10%
1731840127871586855,EVELLYHOOTD Women's Autumn Winter Warm Plush Sneak...,EVELLYHOOTD US,Shoes,$49.99,0,"4,935","15%
vs. open collab 10%",7572694956437079863,EVELLYHOOTD,13%,1,13%,4,vs. open collab 10%
1729438841571218111,Merach Vibration Plate Exercise Machine with Lymphatic Drain...,Merach fitness,Sports & Outdoor,$82.12-$91.32,0,"256,918","13%
vs. open collab 8%",7574130666121463566,MERACH,11%,1,4.23%,5,vs. open collab 8%
1729483295743119462,"Merach Adjustable Ab Trainer Machine with LCD Monitor, 10...",Merach US,Sports & Outdoor,$57.20-$60.88,13,"252,232","11%
vs. open collab 6%",7574130666121463566,MERACH,"9%
",1,4.09%,5,vs. open collab 6%
1729552973814009958,"Merach Deep Squat Machine, Multi Level Adjustable Structu...",Merach US,Sports & Outdoor,$64.56-$73.60,9,"96,245","13%
vs. open collab 8%",7574130666121463566,MERACH,11%,1,4.23%,5,vs. open collab 8%
1729577747003314278,"Merach Stair Stepper with Handlebar for Full-Body Workout,...",Merach US,Sports & Outdoor,$90.40-$101.20,7,"98,486","11%
vs. open collab 6%",7574130666121463566,MERACH,"9%
",1,4.09%,5,vs. open collab 6%
1729655012373925990,"Merach Adjustable Dumbbell Set, 4 in 1 Free Weights Dumb...",Merach US,Sports & Outdoor,$45.59-$48.50,0,843,"15%
vs. open collab 10%",7574130666121463566,MERACH,13%,1,4.33%,3,vs. open collab 10%
1729919684324856511,"Merach High-Power Vibration Plate Exercise Machine,440lbs ...",Merach fitness,Sports & Outdoor,$137.05-$144.65,1,"60,523","13%
vs. open collab 8%",7574130666121463566,MERACH,11%,1,4.23%,5,vs. open collab 8%
1730676285180252262,"Merach Multi-functional Adjustable Ab Exercise Board, Split ...",Merach US,Sports & Outdoor,$39.80-$48.76,10,"70,860","13%
vs. open collab 8%",7574130666121463566,MERACH,11%,1,4.23%,5,vs. open collab 8%
1730969865402749631,Merach Slim Vibration Plate Exercise Machine with Lymphatic ...,Merach fitness,Sports & Outdoor,$70.30-$76.00,2,"90,688","15%
vs. open collab 8%",7574130666121463566,MERACH,13%,1,4.33%,5,vs. open collab 8%
1729472361177518315,[medicube] 310M Celebrity Glass Skin DuoㅣBooster Pro Kore...,medicube US Store,Beauty & Personal Care,$219.99,0,"24,359","20%
vs. open collab 15%",7584251740517304119,medicube,18%,1,18%,5,vs. open collab 15%
1729472398099321067,[medicube] Korean Home Aesthetic Duo l Experience Glass Gl...,medicube US Store,Beauty & Personal Care,$38.90-$40.90,0,"132,097","20%
vs. open collab 15%",7584251740517304119,medicube,18%,1,18%,5,vs. open collab 15%
1729602359581118699,[medicube] 310M K-beauty PDRN Spot Care SET ㅣBooster ...,medicube US Store,Beauty & Personal Care,$219.99,0,"9,458","20%
vs. open collab 15%",7584251740517304119,medicube,18%,1,18%,4,vs. open collab 15%
1729602580835045611,[medicube] Home Aesthetic Spot & Pore Duo l Experience Gl...,medicube US Store,Beauty & Personal Care,$37.90-$39.90,0,"6,913","20%
vs. open collab 15%",7584251740517304119,medicube,18%,1,18%,4,vs. open collab 15%
1729606769780232427,[medicube] Affordable Glass Glow Skincare Set | Includes 8 p...,medicube US Store,Beauty & Personal Care,$93.00-$94.00,0,"497,332","20%
vs. open collab 15%",7584251740517304119,medicube,18%,1,18%,5,vs. open collab 15%
1729837028530163947,[medicube] Ultimate Dry Skin Saviour RoutineㅣHydrating Kor...,medicube US Store,Beauty & Personal Care,$98.00,0,"2,012","20%
vs. open collab 15%",7584251740517304119,medicube,18%,1,18%,4,vs. open collab 15%
1729844840615022827,[medicube] Pink Glass Glow Routine SETㅣK-beauty Viral Gla...,medicube US Store,Beauty & Personal Care,$299.00,0,"4,946","20%
vs. open collab 15%",7584251740517304119,medicube,18%,1,18%,4,vs. open collab 15%
1729939247737966827,[medicube] PINK Salmon DNA SET | PDRN Pink Toner + PDRN...,medicube US Store,Beauty & Personal Care,$80.99,0,"10,182","20%
vs. open collab 15%",7584251740517304119,medicube,18%,1,18%,5,vs. open collab 15%
1730276862207693035,[medicube] Clear & Glow on a Budget SET | Glutathione Glow ...,medicube US Store,Beauty & Personal Care,$53.00,0,"65,399","20%
vs. open collab 15%",7584251740517304119,medicube,18%,1,18%,5,vs. open collab 15%
1730357708169449707,[medicube] Double Cleansing Duo for Deep Pore Cleansingㅣ...,medicube US Store,Beauty & Personal Care,$29.99,0,"44,016","20%
vs. open collab 15%",7584251740517304119,medicube,18%,1,18%,5,vs. open collab 15%
1730460271165542635,"[medicube] Pore-fect SETㅣDeep Pore Cleansing, Mud Clay M...",medicube US Store,Beauty & Personal Care,$37.00-$57.00,0,"5,856","20%
vs. open collab 15%",7584251740517304119,medicube,18%,1,18%,4,vs. open collab 15%
1730651564489543915,[LIVE Exclusive] [medicube] Pocket-friendly At Home Facial S...,medicube US Store,Beauty & Personal Care,$105.00-$185.00,0,"18,497","20%
vs. open collab 15%",7584251740517304119,medicube,18%,1,18%,5,vs. open collab 15%
1730875175118606571,[medicube] The Power Couple l TXA Niacinamide 15% Glow S...,medicube US Store,Beauty & Personal Care,$39.90,0,"6,656","20%
vs. open collab 15%",7584251740517304119,medicube,18%,1,18%,4,vs. open collab 15%
1731166319792460011,"[medicube] TXA + Niacinamide Glow Duo | Tranexamic Acid, ...",medicube US Store,Beauty & Personal Care,$31.50,0,"11,767","20%
vs. open collab 15%",7584251740517304119,medicube,18%,1,18%,5,vs. open collab 15%
1731174836359172331,[medicube] Salmon DNA Home Aesthetic Duo ㅣ Glass Glow ...,,~~~,$37.90-$39.90,0,"51,118","20%
vs. open collab 15%",7584251740517304119,medicube,18%,1,18%,5,vs. open collab 15%
1731175871658496235,[medicube] 99% Salmon DNA Miracle Duo ㅣ 99% Salmon P...,medicube US Store,Beauty & Personal Care,$34.00,0,"12,191","20%
vs. open collab 15%",7584251740517304119,medicube,18%,1,18%,5,vs. open collab 15%
1731192157304754411,"[medicube] Mix & Match Toner Pad Setㅣ Pore, Use After Spo...",medicube US Store,Beauty & Personal Care,$36.90-$54.00,0,"113,167","20%
vs. open collab 15%",7584251740517304119,medicube,18%,1,18%,5,vs. open collab 15%
1731201696187912427,[medicube] Retinol Solution Youth Boosting Duo ㅣ Intensive ...,medicube US Store,Beauty & Personal Care,$35.90,0,"12,910","20%
vs. open collab 15%",7584251740517304119,medicube,18%,1,18%,5,vs. open collab 15%
1731233952622809323,[medicube] Hypochlorous Power Relief SOS Spray Designed f...,medicube US Store,Beauty & Personal Care,$19.90-$49.99,0,"9,438","20%
vs. open collab 15%",7584251740517304119,medicube,18%,1,18%,4,vs. open collab 15%
1731332437628129515,[medicube] Kojic Acid Golden Glow & Radiance Full SET | Tur...,medicube US Store,Beauty & Personal Care,$99.99,0,"23,889","20%
vs. open collab 15%",7584251740517304119,medicube,18%,1,18%,5,vs. open collab 15%
1731333050791203051,[medicube] Affordable Glow in a WEEK Set | Includes 8 NEW ...,medicube US Store,Beauty & Personal Care,$79.99,0,"180,922","20%
vs. open collab 15%",7584251740517304119,medicube,18%,1,18%,5,vs. open collab 15%
1731390372797780203,[medicube] Wrapped in Glow Trio : Viral Morning Shed Wrapp...,medicube US Store,Beauty & Personal Care,$59.00,0,"10,363","20%
vs. open collab 15%",7584251740517304119,medicube,18%,1,18%,5,vs. open collab 15%
1731512380549009643,[medicube] 99% Salmon DNA Home Aesthetic Duo | Liquid ...,,~~~,$35.99-$37.99,0,"1,803","20%
vs. open collab 15%",7584251740517304119,medicube,18%,1,18%,4,vs. open collab 15%
1731513004788453611,[medicube] Mix & Match Boba Cream Set | Tiktok Viral Caps...,medicube US Store,Beauty & Personal Care,$38.00-$53.99,0,"127,456","20%
vs. open collab 15%",7584251740517304119,medicube,18%,1,18%,5,vs. open collab 15%
1731636104152912107,[medicube] Milky Glow Lock Collagen Duo l Collagen Glazed ...,medicube US Store,Beauty & Personal Care,$35.00,0,"110,494","20%
vs. open collab 15%",7584251740517304119,medicube,18%,1,18%,5,vs. open collab 15%
1731712863879991531,[medicube] Double Cleanse to Glow Duo | Zero Pore Blackhe...,medicube US Store,Beauty & Personal Care,$29.99,0,"17,826","20%
vs. open collab 15%",7584251740517304119,medicube,18%,1,18%,5,vs. open collab 15%
1731738460512030955,[medicube] Hypochlorous Acid Rice Peel Shot Duo For Face ...,medicube US Store,Beauty & Personal Care,$35.00,0,"143,779","20%
vs. open collab 15%",7584251740517304119,medicube,18%,1,18%,5,vs. open collab 15%
1731751233539182827,[medicube] Mix & Match Exosome Spicule Shot 7500 Set | Li...,medicube US Store,Beauty & Personal Care,$39.99-$56.00,0,"3,093","20%
vs. open collab 15%",7584251740517304119,medicube,18%,1,18%,4,vs. open collab 15%
1731761697513836779,Kojic Acid Turmeric Power Duo for Face & body | Ideal for Tro...,,~~~,$36.99,0,"46,100","20%
vs. open collab 15%",7584251740517304119,medicube,18%,1,18%,5,vs. open collab 15%
1731761714593894635,"[medicube] Mix & Match Serum Set | For Uneven Skin Tone, Tr...",medicube US Store,Beauty & Personal Care,$33.00-$57.00,0,"7,911","20%
vs. open collab 15%",7584251740517304119,medicube,18%,1,18%,4,vs. open collab 15%
1731786049143804139,[medicube] Hyaluronic Acid Capsule Cream | Daily Facial Moi...,,~~~,$25.00,0,"9,899","20%
vs. open collab 15%",7584251740517304119,medicube,18%,1,18%,4,vs. open collab 15%
1731786162059317483,[medicube] Hyaluronic Acid Moisturizing Jelly Cream | Daily M...,,~~~,$23.00,0,"5,550","20%
vs. open collab 15%",7584251740517304119,medicube,18%,1,18%,4,vs. open collab 15%
1731893022493348075,[NEW] [medicube] No Cast Just Glow Collagen Sunscreen | SP...,medicube US Store,Beauty & Personal Care,$23.00,0,"84,532","20%
vs. open collab 15%",7584251740517304119,medicube,18%,1,18%,5,vs. open collab 15%
1731893073105162475,[NEW] [medicube] PDRN Pink Collagen Bubble Serum | Dual-...,medicube US Store,Beauty & Personal Care,$23.00,0,"7,261","20%
vs. open collab 15%",7584251740517304119,medicube,18%,1,18%,4,vs. open collab 15%
1731893076820267243,[NEW] [medicube] Pink & Gold PDRN Kojic Acid Jelly Mist Se...,medicube US Store,Beauty & Personal Care,$45.00,0,"9,901","20%
vs. open collab 15%",7584251740517304119,medicube,18%,1,18%,4,vs. open collab 15%
1731893082802589931,[NEW] [medicube] Kojic Acid Turmeric Vita Brightening Body ...,medicube US Store,Beauty & Personal Care,$23.00,0,"51,012","20%
vs. open collab 15%",7584251740517304119,medicube,18%,1,18%,5,vs. open collab 15%
1732052189676081387,[NEW] [medicube] Smooth & Clear Body Care Set | Hypochlo...,medicube US Store,Beauty & Personal Care,$31.00-$85.00,0,"76,458","20%
vs. open collab 15%",7584251740517304119,medicube,18%,1,18%,5,vs. open collab 15%
1732109677179474155,"[medicube] PDRN Collagen Dissolving Strips | Salmon DNA, Ul...",,~~~,$15.00-$51.00,0,"3,803","20%
vs. open collab 15%",7584251740517304119,medicube,18%,1,18%,4,vs. open collab 15%
1732133829067772139,"[NEW] [medicube] Mix & Match Eye Serum Set | Brightening, ...",,~~~,$41.00-$49.00,0,"74,249","20%
vs. open collab 15%",7584251740517304119,medicube,18%,1,18%,5,vs. open collab 15%
1729441955742782311,"Sleep Gummies with 5mg Melatonin, Magnesium, L-...",Lemme,Health,$29.99,50,"14,966","28%
vs. open collab 20%",7584852913333094157,Lemme,25%,1,16.07%,6,vs. open collab 20%
1729441957239427943,Debloat Gummies,Lemme,Health,$30.00,50,"22,364","28%
vs. open collab 20%",7584852913333094157,Lemme,25%,1,16.07%,6,vs. open collab 20%
1729443340259136359,Purr Gummies - Vaginal Probiotic for Women - Balanc...,Lemme,Health,$29.99,50,"69,184","28%
vs. open collab 20%",7584852913333094157,Lemme,25%,1,16.07%,6,vs. open collab 20%
1729505326317541223,Lemme Relax Chews,,~~~,$40.00,50,207,"28%
vs. open collab 25%",7584852913333094157,Lemme,27%,1,17.36%,2,vs. open collab 25%
1730435681434506087,Burn Capsules,Lemme,Health,$39.99,50,"120,003","28%
vs. open collab 20%",7584852913333094157,Lemme,25%,1,16.07%,6,vs. open collab 20%
1730826083983266663,Tone Gummies,Lemme,Health,$29.99,50,"8,873","28%
vs. open collab 20%",7584852913333094157,Lemme,25%,1,16.07%,5,vs. open collab 20%
1731161547079848807,Play Gummies,Lemme,Health,$30.00,50,"23,873","28%
vs. open collab 20%",7584852913333094157,Lemme,25%,1,16.07%,6,vs. open collab 20%
1731195108701082471,The Bedroom Bundle - Purr & Play Bundle - Play and ...,Lemme,Health,$50.00,0,"28,302","28%
vs. open collab 20%",7584852913333094157,Lemme,25%,1,16.07%,6,vs. open collab 20%
1731336554148434791,Daily Sculpt Bundle,Lemme,Health,$60.00,0,"54,311","28%
vs. open collab 20%",7584852913333094157,Lemme,25%,1,16.07%,6,vs. open collab 20%
1731363924417942375,Curb Soft Chews,Lemme,Food & Beverages,$29.99,49,"17,751","28%
vs. open collab 20%",7584852913333094157,Lemme,25%,1,16.07%,6,vs. open collab 20%
1731387911002821479,Summer Essentials Bundle,Lemme,Health,$60.00,0,"13,044","28%
vs. open collab 20%",7584852913333094157,Lemme,25%,1,16.07%,6,vs. open collab 20%
1731535094887322471,Best Sellers Bundle,Lemme,Health,$80.00,0,"7,221","28%
vs. open collab 20%",7584852913333094157,Lemme,25%,1,16.07%,5,vs. open collab 20%
1732088521030341479,Burn Gummies,Lemme,Health,$32.00,50,"3,867","28%
vs. open collab 20%",7584852913333094157,Lemme,25%,1,16.07%,5,vs. open collab 20%
1732129217852183399,Power Pair Duo,,~~~,$60.00,0,"1,312","28%
vs. open collab 20%",7584852913333094157,Lemme,25%,1,16.07%,5,vs. open collab 20%
1732132483625554791,The All In One Bundle,,~~~,$80.00,0,"15,297","28%
vs. open collab 20%",7584852913333094157,Lemme,25%,1,16.07%,6,vs. open collab 20%
1732169656885351271,New Year New You Bundle,,~~~,$100.00,0,"1,470","28%
vs. open collab 20%",7584852913333094157,Lemme,25%,1,16.07%,5,vs. open collab 20%
1732220131122451303,Lemme Creatine Gummies,,~~~,$30.00,29,954,"28%
vs. open collab 20%",7584852913333094157,Lemme,25%,1,16.07%,4,vs. open collab 20%
1732220368202339175,Daily Lift Bundle,,~~~,$50.00,0,181,"28%
vs. open collab 20%",7584852913333094157,Lemme,25%,1,16.07%,4,vs. open collab 20%
1732220369498444647,The Snatched Stack,,~~~,$60.00,0,159,"28%
vs. open collab 20%",7584852913333094157,Lemme,25%,1,16.07%,4,vs. open collab 20%
1732220383690330983,The Booty Burn Bundle,,~~~,$80.00,0,"1,149","28%
vs. open collab 20%",7584852913333094157,Lemme,25%,1,16.07%,5,vs. open collab 20%
1729394328922592188,shape tape™ creamy concealer - eye cream in a bottle,Tarte Cosmetics,Beauty & Personal Care,$32.00,22,"113,520","25%
vs. open collab 20%",7594578162024646413,Tarte 2026,23%,1,11.04%,5,vs. open collab 20%
1729402549792904124,shape tape™ concealer - full-coverage formula with natural ...,Tarte Cosmetics,Beauty & Personal Care,$32.00,23,"181,242","25%
vs. open collab 20%",7594578162024646413,Tarte 2026,23%,1,11.04%,5,vs. open collab 20%
1729483347646191548,tarte shape tape powder foundation & brush duo - medium c...,,~~~,$37.00,10,"8,011","25%
vs. open collab 15%",7594578162024646413,Tarte 2026,23%,1,11.04%,4,vs. open collab 15%
1729496878790252476,tarte creaseless SPF 30 mineral powder sunscreen,,~~~,$37.00,4,"1,112","20%
vs. open collab 15%",7594578162024646413,Tarte 2026,18%,1,10.80%,4,vs. open collab 15%
1729507538881255356,tarte ballin’ base poreless primer – 2 finishes: 24hr pore blur ...,,~~~,$34.00,10,622,"20%
vs. open collab 15%",7594578162024646413,Tarte 2026,18%,1,10.80%,3,vs. open collab 15%
1729570012796261308,tarte glow wardrobe eye & cheek palette - eyeshadow and h...,Tarte Cosmetics,Beauty & Personal Care,$35.00,8,"106,636","25%
vs. open collab 15%",7594578162024646413,Tarte 2026,23%,1,11.04%,5,vs. open collab 15%
1729584174847071164,"tarte BB blur tinted moisturizer SPF 30 - instantly brightens, ...",Tarte Cosmetics,Beauty & Personal Care,$42.00,3,"191,324","25%
vs. open collab 20%",7594578162024646413,Tarte 2026,23%,1,11.04%,5,vs. open collab 20%
1730481758060123068,tarte shape tape radiant medium coverage concealer,Tarte Cosmetics,Beauty & Personal Care,$32.00,23,"30,511","25%
vs. open collab 15%",7594578162024646413,Tarte 2026,23%,1,11.04%,5,vs. open collab 15%
1730956811325510588,tarte Big Stick Energy duo – shape tape concealer stick & brush,Tarte Cosmetics,Beauty & Personal Care,$25.00,20,"380,465","25%
vs. open collab 20%",7594578162024646413,Tarte 2026,23%,1,11.04%,5,vs. open collab 20%
1732276161395397564,tarte @itsmaureenkelly highlight reel cheek wardrobe + brush...,,~~~,$49.00,2,"1,549","20%
vs. open collab 15%",7594578162024646413,Tarte 2026,18%,1,10.80%,4,vs. open collab 15%
1732289079425471420,tarte timeless hydrating foundation & serum foundation brus...,,~~~,$37.00,7,"4,163","20%
vs. open collab 15%",7594578162024646413,Tarte 2026,18%,1,10.80%,4,vs. open collab 15%
1732291774002729916,tarte timeless hydrating foundation - full coverage serum fou...,,~~~,$42.00,10,69,"20%
vs. open collab 15%",7594578162024646413,Tarte 2026,18%,1,10.80%,3,vs. open collab 15%
1732296346994512828,tarte macaron sculpt & bronze duo - 2-in-1 cream + baked p...,,~~~,$38.00,20,122,"20%
vs. open collab 15%",7594578162024646413,Tarte 2026,18%,1,10.80%,3,vs. open collab 15%
1732296399184171964,tarte double-ended cream & powder bronzer brush,,~~~,$36.00,20,53,"20%
vs. open collab 15%",7594578162024646413,Tarte 2026,18%,1,10.80%,3,vs. open collab 15%
1732296758129431484,tarte macaron sculpt & bronze duo + brush - 2-in-1 cream + ...,,~~~,$43.00,20,"2,721","20%
vs. open collab 15%",7594578162024646413,Tarte 2026,18%,1,10.80%,4,vs. open collab 15%
1729415056031126514,"60 Billion Probiotic - Daily Gut Health, Dig...",Physician's Choice,Health,$23.73-$36.61,0,"37,295","25%
vs. open collab 20%",7595330237195421454,Physician's Choice,23%,1,10.12%,4,vs. open collab 20%
1729415062788019186,Digestive Enzymes - Bloating & Mealtime ...,Physician's Choice,Health,$17.57-$45.97,0,"245,732","25%
vs. open collab 20%",7595330237195421454,Physician's Choice,23%,1,10.12%,4,vs. open collab 20%
1729415088806532082,"Physician's Choice Collagen Peptides Powder for Hair, Skin, ...",,~~~,$17.81-$94.02,0,"6,032","25%
vs. open collab 20%",7595330237195421454,Physician's Choice,23%,1,10.12%,3,vs. open collab 20%
1729415406259442674,Physician's Choice 100 Billion Advanced Probiotic with 100B ...,,~~~,$53.97,0,474,"25%
vs. open collab 20%",7595330237195421454,Physician's Choice,23%,1,10.12%,2,vs. open collab 20%
1729415693620450290,"Physician's Choice Kids Probiotic with Zinc, Natural Vitamins, ...",,~~~,$15.29-$77.00,0,"20,870","25%
vs. open collab 20%",7595330237195421454,Physician's Choice,23%,1,10.12%,4,vs. open collab 20%
1729416732556104690,"Women's Probiotic Daily Digestive, Gut H...",Physician's Choice,Health,$21.36-$32.95,0,"24,080","25%
vs. open collab 20%",7595330237195421454,Physician's Choice,23%,1,10.12%,4,vs. open collab 20%
1729417116451640306,"Physician's Choice Inner Harmony Duo: Daily Digestion, Bloat...",,~~~,$39.97,0,"34,796","25%
vs. open collab 20%",7595330237195421454,Physician's Choice,23%,1,10.12%,4,vs. open collab 20%
1729417158856250354,"Hack your Tummy Bundle: Bloating, Diges...",Physician's Choice,Health,$38.47-$64.87,0,"694,992","25%
vs. open collab 20%",7595330237195421454,Physician's Choice,23%,1,10.12%,4,vs. open collab 20%
1729440995221607410,"Vaginal Probiotic - Odor Control, pH Balan...",Physician's Choice,Health,$21.97-$42.87,0,"287,924","25%
vs. open collab 20%",7595330237195421454,Physician's Choice,23%,1,10.12%,4,vs. open collab 20%
1729607968555701234,"Physician's Choice KSM-66 Ashwagandha - 1,000 MG, 5% Wi...",,~~~,$29.97,0,982,"25%
vs. open collab 20%",7595330237195421454,Physician's Choice,23%,1,10.12%,2,vs. open collab 20%
1729625500305298418,"Physician's Choice Men's Probiotic with 70B CFUs, 8 Strains,...",,~~~,$29.97,0,"1,756","25%
vs. open collab 20%",7595330237195421454,Physician's Choice,23%,1,10.12%,3,vs. open collab 20%
1729713189255287794,"Physician's Choice Bloat & Gas Probiotic with Lactase, Enzym...",,~~~,$35.18-$66.97,0,"10,033","25%
vs. open collab 20%",7595330237195421454,Physician's Choice,23%,1,10.12%,4,vs. open collab 20%
1729769461412762610,Physician's Choice Digestive Wellness Bundle: Bloat & Gas Pr...,,~~~,$57.97,0,"2,659","25%
vs. open collab 20%",7595330237195421454,Physician's Choice,23%,1,10.12%,3,vs. open collab 20%
1729838871979070450,"Physician's Choice Power Duo: Daily Digestion, Immune, Urin...",,~~~,$39.57,0,"3,639","25%
vs. open collab 20%",7595330237195421454,Physician's Choice,23%,1,10.12%,3,vs. open collab 20%
1729845426862461938,Gut Guardian Bundle: Advanced Gut Heal...,Physician's Choice,Health,$68.97,0,"146,317","25%
vs. open collab 20%",7595330237195421454,Physician's Choice,23%,1,10.12%,4,vs. open collab 20%
1731167771251807218,Physician’s Choice Mood Support Probiotic - Healthy Stress ...,,~~~,$24.97-$45.97,0,331,"25%
vs. open collab 20%",7595330237195421454,Physician's Choice,23%,1,10.12%,2,vs. open collab 20%
1731241256274990066,"Physician's Choice Wellness Girly Stack: Feminine, Bloating &...",,~~~,$56.97,0,"5,132","25%
vs. open collab 20%",7595330237195421454,Physician's Choice,23%,1,10.12%,3,vs. open collab 20%
1731762766610338802,Physician's Choice Easy Mix Fiber Powder - Natural Soluble P...,,~~~,$20.87,0,"5,085","25%
vs. open collab 20%",7595330237195421454,Physician's Choice,23%,1,10.12%,3,vs. open collab 20%
1731823375418627058,Physician's Choice Daily Gut Essentials Bundle: Digestive Enz...,,~~~,$59.98,0,234,"25%
vs. open collab 20%",7595330237195421454,Physician's Choice,23%,1,10.12%,2,vs. open collab 20%
1731823420225852402,Physician's Choice Complete Gut Support System Bundle: Di...,,~~~,$88.88,0,413,"25%
vs. open collab 20%",7595330237195421454,Physician's Choice,23%,1,10.12%,2,vs. open collab 20%
1731937975808857074,Physician's Choice Ultimate Bloat Bundle: Bloat & Gas Probio...,,~~~,$49.97,0,"1,287","25%
vs. open collab 20%",7595330237195421454,Physician's Choice,23%,1,10.12%,3,vs. open collab 20%
1732009250322289650,Physician’s Choice Fiber Gummies for Digestive Health & Reg...,,~~~,$16.75-$78.60,50,"68,098","25%
vs. open collab 20%",7595330237195421454,Physician's Choice,23%,1,10.12%,4,vs. open collab 20%
1732088599299068914,"Physician's Choice Daily Gut Trio: Digestive Health, Regularit...",,~~~,$60.91,0,464,"25%
vs. open collab 20%",7595330237195421454,Physician's Choice,23%,1,10.12%,2,vs. open collab 20%
1732088608409687026,"Physician's Choice Happy Gut Duo: Daily Regularity, Digesti...",,~~~,$36.97,0,415,"25%
vs. open collab 20%",7595330237195421454,Physician's Choice,23%,1,10.12%,2,vs. open collab 20%
1732092016620639218,Physician’s Choice Fiber Gummies 3-Pack: Digestive Health &...,,~~~,$39.97,0,"19,679","25%
vs. open collab 20%",7595330237195421454,Physician's Choice,23%,1,10.12%,4,vs. open collab 20%
1732099090498491378,Physician's Choice Gut Goddess Bundle: Targeted Gut Health...,,~~~,$64.97,0,"4,211","25%
vs. open collab 20%",7595330237195421454,Physician's Choice,23%,1,10.12%,3,vs. open collab 20%
1732210991025591282,Physician's Choice Core 4 Bundle: Advanced Gut Health Sup...,,~~~,$77.35,0,792,"25%
vs. open collab 20%",7595330237195421454,Physician's Choice,23%,1,10.12%,2,vs. open collab 20%
1729475155172169642,PAVOI ACTIVE Buttery Soft Sports Bra and Leggings Set for ...,,~~~,$65.95,60,0,"21%
vs. open collab 17%",7603504364066129677,PAVOI Active,20%,1,10.48%,1,vs. open collab 17%
1732069877566444458,PAVOI ACTIVE Deep V Neck Sports Bra for Women - Low Su...,,~~~,$28.95,59,425,"21%
vs. open collab 18%",7603504364066129677,PAVOI Active,20%,1,10.48%,1,vs. open collab 18%
1732070014894576554,PAVOI ACTIVE Sports V Neck Tank Top for Women - High Hi...,,~~~,$29.95,58,193,"21%
vs. open collab 18%",7603504364066129677,PAVOI Active,20%,1,10.48%,1,vs. open collab 18%
1732132777641612202,PAVOI ACTIVE Pilates Grip Socks for Women - Non Slip Barre ...,,~~~,$12.95,59,199,"21%
vs. open collab 18%",7603504364066129677,PAVOI Active,20%,1,10.48%,1,vs. open collab 18%
1732153064610632618,"PAVOI ACTIVE Sports Crossover Shorts for Women 4"" - Work...",,~~~,$29.95,60,51,"21%
vs. open collab 18%",7603504364066129677,PAVOI Active,20%,1,10.48%,1,vs. open collab 18%
1732153119347741610,PAVOI ACTIVE Sports Capri Leggings for Women - High Wais...,,~~~,$33.95,60,762,"21%
vs. open collab 18%",7603504364066129677,PAVOI Active,20%,1,10.48%,1,vs. open collab 18%
1732153462824670122,PAVOI ACTIVE Low Square Neck Sports Bra for Women - Cus...,,~~~,$27.95,59,36,"21%
vs. open collab 18%",7603504364066129677,PAVOI Active,20%,1,10.48%,1,vs. open collab 18%
1732186149566911402,PAVOI ACTIVE Buttery Soft Sports Bra and Leggings Set for ...,,~~~,$59.35,56,313,"21%
vs. open collab 18%",7603504364066129677,PAVOI Active,20%,1,10.48%,1,vs. open collab 18%
1732186526564520874,PAVOI ACTIVE Two-Way Twist Sports Bra & Buttery Soft Hig...,,~~~,$53.05,58,81,"21%
vs. open collab 18%",7603504364066129677,PAVOI Active,20%,1,10.48%,1,vs. open collab 18%
1729402229250363694,Honey Halo Ceramide Moisturizer - Hydratin...,Farmacy Beauty,Beauty & Personal Care,$18.00-$43.20,100,"13,145","25%
vs. open collab 18%",7608282472586037006,Farmacy,22%,1,22%,5,vs. open collab 18%
1729403411029725486,Brighten Up 3% TXA Toner - Dark Spot Co...,Farmacy Beauty,Beauty & Personal Care,$15.30-$30.60,100,"25,907","25%
vs. open collab 18%",7608282472586037006,Farmacy,22%,1,22%,5,vs. open collab 18%
1730889384239730990,Farmacy Beauty Green Clean Cleansing Balm - Makeup Remo...,,~~~,$18.00-$39.00,100,63,"25%
vs. open collab 18%",7608282472586037006,Farmacy,22%,1,22%,3,vs. open collab 18%
1729475191239120839,Me by Jennie Garth Yarn Dyed Striped Blouse,,~~~,$69.00,5,8,"20%
vs. open collab 18%",7610535434176169742,QVC,19%,1,10.45%,2,vs. open collab 18%
1729477544408487879,By Terry Brightening & Hydrating CC Serum,,~~~,$58.98,5,3,"20%
vs. open collab 18%",7610535434176169742,QVC,19%,1,10.45%,2,vs. open collab 18%
1729480587248965575,Laura Geller Tips and Tricks for 2026 5-Piece Collection,,~~~,$60.00,5,39,"20%
vs. open collab 18%",7610535434176169742,QVC,19%,1,10.45%,2,vs. open collab 18%
1730457331799462855,"Diamonique 100-Facet Eternity Band Ring, 14K Clad or Sterling",,~~~,$54.98,5,"2,550","20%
vs. open collab 18%",7610535434176169742,QVC,19%,1,10.45%,3,vs. open collab 18%
1730812049555362759,Set of 3 Celebration Hurricanes by Valerie,,~~~,$44.10,4,"2,985","20%
vs. open collab 18%",7610535434176169742,QVC,19%,1,10.45%,3,vs. open collab 18%
1730820185457464263,Clinique High Impact Eye Makeup Set,,~~~,$31.98,5,76,"20%
vs. open collab 18%",7610535434176169742,QVC,19%,1,10.45%,2,vs. open collab 18%
1730890085422306247,Alien Seal Anti-Draft Adhesive Instant Insulati on Seal Tape,,~~~,$24.99,5,"69,994","20%
vs. open collab 18%",7610535434176169742,QVC,19%,1,10.45%,4,vs. open collab 18%
1731011995071452103,Steel by Design Set of 3 Round Magnetic Bead Jewelry Clasps,,~~~,$38.00,5,11,"20%
vs. open collab 18%",7610535434176169742,QVC,19%,1,10.45%,2,vs. open collab 18%
1731012068101624775,Convert-a-Bench Gen II XL Designer Series Bench-to-Table M...,,~~~,$169.00,0,"12,541","20%
vs. open collab 18%",7610535434176169742,QVC,19%,1,10.45%,4,vs. open collab 18%
1731012106829534151,Dr. Scholl's Lace-Up Casual Sneakers - Madison Lace,,~~~,$39.99-$75.00,2,"25,957","20%
vs. open collab 18%",7610535434176169742,QVC,19%,1,10.45%,4,vs. open collab 18%
1731090359307637703,Clarks Collection Leather Wedges - Nerisa Pace,,~~~,$42.99,5,"4,488","20%
vs. open collab 18%",7610535434176169742,QVC,19%,1,10.45%,3,vs. open collab 18%
1731267181478581191,Convert-A-Chair Gen II XL Chair-to-Table,,~~~,$135.00,0,437,"20%
vs. open collab 18%",7610535434176169742,QVC,19%,1,10.45%,2,vs. open collab 18%
1731331928406201287,KitchenAid 7-Speed Digital Hand Mixer with Flex-Edge Beaters,,~~~,$69.98,4,"14,162","20%
vs. open collab 18%",7610535434176169742,QVC,19%,1,10.45%,4,vs. open collab 18%
1731493797584147399,Cuisinart FastFreeze Frozen Treat Maker with Pints,,~~~,$119.00,5,"19,100","20%
vs. open collab 18%",7610535434176169742,QVC,19%,1,10.45%,4,vs. open collab 18%
1731505702399808455,tarte Super- Size Face Tape Foundation 3-Pc Kit with Bag,"QVC, Inc",Beauty & Personal Care,$73.00,4,"11,456","20%
vs. open collab 18%",7610535434176169742,QVC,19%,1,10.45%,4,vs. open collab 18%
1731904662937113543,Reebok Women's Glide Low Sneakers,,~~~,$35.98,4,"4,512","20%
vs. open collab 18%",7610535434176169742,QVC,19%,1,10.45%,3,vs. open collab 18%
1731931466832712647,Reebok Suede Forte Lounger Sneakers,,~~~,$65.00,4,"2,695","20%
vs. open collab 18%",7610535434176169742,QVC,19%,1,10.45%,3,vs. open collab 18%
1731971761960031175,Barefoot Dreams CozyChic Set of 4 Sock Gift Set,,~~~,$88.00,3,"4,748","20%
vs. open collab 18%",7610535434176169742,QVC,19%,1,10.45%,3,vs. open collab 18%
1731993572770878407,David Markstein Bronze Premier Luxe Paper Clip Bracelet,,~~~,$46.00,4,352,"20%
vs. open collab 18%",7610535434176169742,QVC,19%,1,10.45%,2,vs. open collab 18%
1732031648905925575,Hulken Medium Rolling Tote Bag with Zip Top & Button Closu...,,~~~,$110.00,0,"1,443","20%
vs. open collab 18%",7610535434176169742,QVC,19%,1,10.45%,3,vs. open collab 18%
1732039430509597639,tarte maneater poreless stick foundation & brush,"QVC, Inc",Beauty & Personal Care,$36.98,5,492,"20%
vs. open collab 18%",7610535434176169742,QVC,19%,1,10.45%,2,vs. open collab 18%
1732053526171718599,Silver Style Engraved Mini Hoop,,~~~,$10.00,4,529,"20%
vs. open collab 18%",7610535434176169742,QVC,19%,1,10.45%,2,vs. open collab 18%
1732070408427639751,Coop Sleep Goods Original Adjustable Crescent King Pillow,,~~~,$95.98,0,24,"20%
vs. open collab 18%",7610535434176169742,QVC,19%,1,10.45%,2,vs. open collab 18%
1732120971512419271,Dooney & Bourke Nylon Front Zip Tote,,~~~,$88.00,2,"1,377","20%
vs. open collab 18%",7610535434176169742,QVC,19%,1,10.45%,3,vs. open collab 18%
1732121320890012615,America & Beyond Set of 3 Beaded Bag Charms,,~~~,$70.00,5,10,"20%
vs. open collab 18%",7610535434176169742,QVC,19%,1,10.45%,2,vs. open collab 18%
1732177716842566599,"LocknLock 12-pc Nestable Bowl, Square & Zen Storage Set",,~~~,$22.98,3,"10,851","20%
vs. open collab 18%",7610535434176169742,QVC,19%,1,10.45%,4,vs. open collab 18%
1732191200590533575,Bissell Crosswave OmniFind Multi-Surface Cleaner,,~~~,$229.99,5,"2,214","20%
vs. open collab 18%",7610535434176169742,QVC,19%,1,10.45%,3,vs. open collab 18%
1732198038574044103,BISSELL CleanView XR Pet 300W Stick Vacuum with 4 Tools,,~~~,$228.00,5,713,"20%
vs. open collab 18%",7610535434176169742,QVC,19%,1,10.45%,2,vs. open collab 18%
1732198095777797063,Reebok Lace Up Walking Sneakers - Energen Ease,,~~~,$31.99-$37.98,5,"28,100","20%
vs. open collab 18%",7610535434176169742,QVC,19%,1,10.45%,4,vs. open collab 18%
1732222926772278215,MUK LUKS Ribbed Butterknit Short Sleeve Lounge Set,,~~~,$28.99,4,"1,156","20%
vs. open collab 18%",7610535434176169742,QVC,19%,1,10.45%,3,vs. open collab 18%
1732254298170561479,By Terry Brightening Sunny Flash CC Palette with Brush,,~~~,$79.98,5,1,"20%
vs. open collab 18%",7610535434176169742,QVC,19%,1,10.45%,2,vs. open collab 18%
1732256592155939783,Wakse at Home Hard Bean Self-Wax Kit,,~~~,$36.00,4,19,"20%
vs. open collab 18%",7610535434176169742,QVC,19%,1,10.45%,2,vs. open collab 18%
1732263471395673031,Campanelli Set of 2 18oz Point and Spray Stain Removers,,~~~,$32.40,5,134,"20%
vs. open collab 18%",7610535434176169742,QVC,19%,1,10.45%,2,vs. open collab 18%
1732269187057947591,Me by Jennie Garth Regular Repreve Washed Black Straight ...,,~~~,$95.00,5,0,"20%
vs. open collab 18%",7610535434176169742,QVC,19%,1,10.45%,2,vs. open collab 18%
1732269187058013127,Me by Jennie Garth Petite Repreve Washed Black Straight Je...,,~~~,$95.00,5,0,"20%
vs. open collab 18%",7610535434176169742,QVC,19%,1,10.45%,2,vs. open collab 18%
1732269205894173639,Clinique Take The Day Off Skincare Set,,~~~,$72.00,5,1,"20%
vs. open collab 18%",7610535434176169742,QVC,19%,1,10.45%,2,vs. open collab 18%
1732269871845381063,LocknLock E-Z Lock 15 Pc Rectangle Storage Set,,~~~,$29.00,4,54,"20%
vs. open collab 18%",7610535434176169742,QVC,19%,1,10.45%,2,vs. open collab 18%
1732271428874900423,Me by Jennie Garth Petite Repreve Straight Jeans- Natural,,~~~,$95.00,5,0,"20%
vs. open collab 18%",7610535434176169742,QVC,19%,1,10.45%,2,vs. open collab 18%
1732271428875031495,Me by Jennie Garth Petite Repreve Medium Wash Straight Je...,,~~~,$95.00,5,0,"20%
vs. open collab 18%",7610535434176169742,QVC,19%,1,10.45%,2,vs. open collab 18%
1732271430646731719,Me by Jennie Garth Regular Repreve Straight Leg Jeans- Color,,~~~,$95.00,5,1,"20%
vs. open collab 20%",7610535434176169742,QVC,19%,1,10.45%,2,vs. open collab 20%
1732271430809981895,Me by Jennie Garth Regular Repreve Medium Wash Straight ...,,~~~,$95.00,5,0,"20%
vs. open collab 18%",7610535434176169742,QVC,19%,1,10.45%,2,vs. open collab 18%
1732271819750675399,tarte park ave princess waterproof face & body bronzer,,~~~,$45.00,0,"1,783","20%
vs. open collab 18%",7610535434176169742,QVC,19%,1,10.45%,3,vs. open collab 18%
1729415930935742635,[COSRX Official] The Retinol 0.5 Oil (20ml) | UNIQUELY DELI...,COSRX US,Beauty & Personal Care,$13.99,500,"22,346","30%
vs. open collab 17%",7611290223394866958,COSRX,28%,1,14.00%,4,vs. open collab 17%
1729475977099972779,[COSRX Official] The COSRX Complete Korean Skincare Sets...,COSRX US,Beauty & Personal Care,$63.00,500,"5,857","30%
vs. open collab 20%",7611290223394866958,COSRX,29%,1,14.50%,2,vs. open collab 20%
1729481318832247979,[NEW] [COSRX Official] 5 PDRN Collagen Vitalizing Hydrogel E...,,~~~,$18.99,"1,000","12,849","30%
vs. open collab 25%",7611290223394866958,COSRX,28%,1,14.00%,4,vs. open collab 25%
1729595797671088299,[COSRX Official] Baba de Caracol para tus Ojos | Snail Eye Pa...,COSRX US,Beauty & Personal Care,$16.19,"1,000","28,712","30%
vs. open collab 17%",7611290223394866958,COSRX,26%,1,13.00%,6,vs. open collab 17%
1730447489003196587,[COSRX Official] The Peptide Collagen Hydrogel Eye Patch 6...,COSRX US,Beauty & Personal Care,$17.99,"1,000","339,317","30%
vs. open collab 17%",7611290223394866958,COSRX,26%,1,13.00%,6,vs. open collab 17%
1731369897578565803,[COSRX Official] Pretty in Pink - Lift & Bright | The Peptide C...,COSRX US,Beauty & Personal Care,$33.49-$39.99,"1,000","37,626","30%
vs. open collab 19%",7611290223394866958,COSRX,26%,1,13.00%,6,vs. open collab 19%
1732016976106131627,[COSRX Official] Viral Peptide X PDRN X Snail Eye Care | Sa...,COSRX US,Beauty & Personal Care,$39.99-$56.97,997,"6,845","30%
vs. open collab 19%",7611290223394866958,COSRX,27%,1,13.50%,4,vs. open collab 19%
1729439482671567205,FAIABLE FADE CRAFT Unisex Casual Oversized Acid Wash to...,Faiable Fashion,Womenswear & Underwear,$53.99-$99.99,9,"119,665","15%
vs. open collab 5%",7615393063691241246,Faiable,10%,1,10%,7,vs. open collab 5%
1731651043684028773,FAIABLE Unisex Oversized Zip-Up Hoodie in Acid Wash Heav...,,~~~,$56.99-$99.99,10,"3,109","15%
vs. open collab 10%",7615393063691241246,Faiable,13%,1,13%,3,vs. open collab 10%
1731657241623302501,FAIABLE Oversized Hoodie for Women Vintage Acid Washed...,,~~~,$56.99,8,"10,767","15%
vs. open collab 10%",7615393063691241246,Faiable,13%,1,13%,4,vs. open collab 10%
1732020914348724581,FAIABLE Oversized Acid washed Unisex Sweatshirt Loose Fit ...,,~~~,$35.99,10,"1,155","15%
vs. open collab 10%",7615393063691241246,Faiable,13%,1,13%,3,vs. open collab 10%
1732187779687616869,FAIABLE Unisex CrewNeck Sweatshirt for Women and Men O...,,~~~,$39.99,10,237,"15%
vs. open collab 10%",7615393063691241246,Faiable,13%,1,13%,2,vs. open collab 10%
1729492175645677548,Von Dutch Mini County Bag - Full Collection,,~~~,$99.00,50,89,"20%
vs. open collab 10%",7615829867703273246,Von Dutch,15%,1,15%,5,vs. open collab 10%
1729496214562641900,Von Dutch Barrel Bag - All Styles,,~~~,$99.00,50,509,"20%
vs. open collab 10%",7615829867703273246,Von Dutch,15%,1,15%,5,vs. open collab 10%
1730863302323835884,Von Dutch Trucker Hats - All Styles,,~~~,$43.20-$52.20,47,"16,385","20%
vs. open collab 10%",7615829867703273246,Von Dutch,15%,1,15%,7,vs. open collab 10%
1731135539485971436,Von Dutch Bowling Bags - All Styles,,~~~,$99.00,50,"15,756","20%
vs. open collab 10%",7615829867703273246,Von Dutch,15%,1,15%,7,vs. open collab 10%
1731394303958750188,Von Dutch Rhinestone Crop Tees - All Styles,,~~~,$45.00,43,387,"20%
vs. open collab 10%",7615829867703273246,Von Dutch,15%,1,15%,5,vs. open collab 10%
1731511871989388268,Von Dutch Shoulder Bags - All Styles,,~~~,$99.00,47,"7,689","20%
vs. open collab 10%",7615829867703273246,Von Dutch,15%,1,15%,6,vs. open collab 10%
1731571659646407660,Von Dutch Backpacks - Multiple Styles/Sizes,,~~~,$60.00-$85.00,50,"3,103","20%
vs. open collab 10%",7615829867703273246,Von Dutch,15%,1,15%,6,vs. open collab 10%
1731737962493285356,Von Dutch Chopper Trucker Hats – All Styles,,~~~,$58.00,49,865,"20%
vs. open collab 10%",7615829867703273246,Von Dutch,15%,1,15%,5,vs. open collab 10%
1731937996887462892,Von Dutch Ribbed Crop Tanks - All Styles,,~~~,$27.00,50,"2,711","20%
vs. open collab 10%",7615829867703273246,Von Dutch,15%,1,15%,6,vs. open collab 10%
1732062349120476140,Von Dutch Cheetah Beanies - All Styles,,~~~,$38.00,50,140,"20%
vs. open collab 10%",7615829867703273246,Von Dutch,15%,1,15%,5,vs. open collab 10%
1732085400778806252,Von Dutch Lane Shoulder Bags - All Styles,,~~~,$129.00,50,312,"20%
vs. open collab 10%",7615829867703273246,Von Dutch,15%,1,15%,5,vs. open collab 10%
1732088685803377644,Von Dutch Zip-up Wallets - All Styles,,~~~,$27.00,50,"1,011","20%
vs. open collab 10%",7615829867703273246,Von Dutch,15%,1,15%,6,vs. open collab 10%
1732088699138905068,Von Dutch Bi-Fold Wallets - Full Collection,,~~~,$27.00,50,482,"20%
vs. open collab 10%",7615829867703273246,Von Dutch,15%,1,15%,5,vs. open collab 10%
1732091944267322348,Von Dutch Embroidered Chopper Duffle Bags - All Styles,,~~~,$220.00,50,547,"20%
vs. open collab 10%",7615829867703273246,Von Dutch,15%,1,15%,5,vs. open collab 10%
1732121396774278124,Von Dutch Rhinestone Tank Tops - All Styles,,~~~,$29.99,50,605,"20%
vs. open collab 10%",7615829867703273246,Von Dutch,15%,1,15%,5,vs. open collab 10%
1732121397021479916,Von Dutch Beanies - Full Collection,,~~~,$38.00,50,558,"20%
vs. open collab 10%",7615829867703273246,Von Dutch,15%,1,15%,5,vs. open collab 10%
1732126921639826412,Von Dutch Classic Mechanic Shirts - All Styles,,~~~,$79.00,50,298,"20%
vs. open collab 10%",7615829867703273246,Von Dutch,15%,1,15%,5,vs. open collab 10%
1732127039584375788,Von Dutch Hanna Bags - FULL COLLECTION,,~~~,$69.00,45,922,"20%
vs. open collab 10%",7615829867703273246,Von Dutch,15%,1,15%,5,vs. open collab 10%
1732136034807747564,I.AM.GIA X VON DUTCH KEYCHAINS,,~~~,$25.00,49,110,20%,7615829867703273246,Von Dutch,15%,1,15%,5,
1732139075223589868,Von Dutch Rhinestone Velour Bottoms - All Styles,,~~~,$75.00,50,139,"20%
vs. open collab 10%",7615829867703273246,Von Dutch,18%,1,18%,2,vs. open collab 10%
1732139075288470508,Von Dutch Velour Zip Up - All Styles,,~~~,$65.00,50,178,"20%
vs. open collab 10%",7615829867703273246,Von Dutch,18%,1,18%,2,vs. open collab 10%
1732184026462000108,Von Dutch x True Religion Bowling Bag - Full Collection,,~~~,$99.00,50,267,"20%
vs. open collab 10%",7615829867703273246,Von Dutch,18%,1,18%,2,vs. open collab 10%
1732184026462721004,Von Dutch x True Religion Duffle Bag,,~~~,$200.00,50,172,"20%
vs. open collab 10%",7615829867703273246,Von Dutch,18%,1,18%,2,vs. open collab 10%
1732184035191329772,Von Dutch x True Religion Shoulder Bag,,~~~,$99.00,50,147,"20%
vs. open collab 10%",7615829867703273246,Von Dutch,18%,1,18%,2,vs. open collab 10%
1732191592543261676,Von Dutch Mini Bowling Bags - Full Collection,,~~~,$69.00,50,"1,009","20%
vs. open collab 10%",7615829867703273246,Von Dutch,18%,1,18%,3,vs. open collab 10%
1729410735959020157,Arrae Bloat | Fast-Acting Bloating Relief Digestive Enzymes ...,Arrae.co,Health,$26.99-$40.49,50,"42,632","26%
vs. open collab 20%",7620585725516187406,Arrae,24%,1,7.38%,4,vs. open collab 20%
1729560041868333693,"Arrae MB-1 | Natural Energy, Cholesterol, & Overall Health Su...",Arrae.co,Health,$34.99-$195.00,50,"70,561","26%
vs. open collab 20%",7620585725516187406,Arrae,24%,1,7.38%,4,vs. open collab 20%
1730448032996102781,Arrae Mixed Berry Tone | Women’s Creatine Monohydrate Gu...,Arrae.co,Health,$26.99-$118.13,50,"7,105","26%
vs. open collab 20%",7620585725516187406,Arrae,24%,1,7.38%,3,vs. open collab 20%
1731210869241123453,"Arrae Clear Protein+ | 15g Grass Fed Whey, Collagen, & Elect...",Arrae.co,Health,$29.99-$138.93,50,"38,720","26%
vs. open collab 20%",7620585725516187406,Arrae,24%,1,7.38%,4,vs. open collab 20%
1731316422157439613,Arrae String Bikini Bundle | Fast-Acting Bloating Relief Digesti...,,~~~,$49.00,50,"9,613","26%
vs. open collab 20%",7620585725516187406,Arrae,24%,1,7.38%,3,vs. open collab 20%
1730141237060342193,Glow Oil SPF 50 Body Oil,,~~~,$36.80,100,"1,784","25%
vs. open collab 10%",7626517312015943437,Supergoop!,20%,1,12.00%,7,vs. open collab 10%
1730141242080727473,(Re)setting Mineral Powder SPF 35,,~~~,$31.50,100,"13,661","25%
vs. open collab 10%",7626517312015943437,Supergoop!,20%,1,12.00%,8,vs. open collab 10%
1730621188780102065,Unseen Sunscreen SPF 50,Supergoop,Beauty & Personal Care,$34.20-$43.20,100,"1,636","25%
vs. open collab 10%",7626517312015943437,Supergoop!,20%,1,12.00%,7,vs. open collab 10%
1731292371262411185,Glow Gloss SPF 40 Lip Balm,,~~~,$20.24,100,"3,454","25%
vs. open collab 10%",7626517312015943437,Supergoop!,20%,1,12.00%,7,vs. open collab 10%
1732304099703362492,tarte x FINNSUL lip & sip set + tubing mascara - FREE lip glos...,,~~~,$28.00,15,"2,869","25%
vs. open collab 20%",7621025156525573902,Finnsul,23%,1,11.04%,3,vs. open collab 20%
1732304102086054844,tarte x FINNSUL flutter & focus set + CC undereye - FREE tart...,,~~~,$32.00,13,736,"25%
vs. open collab 20%",7621025156525573902,Finnsul,23%,1,11.04%,2,vs. open collab 20%
1732304110560121788,tarte x FINNSUL flutter & focus set + CC undereye - FREE tart...,,~~~,$32.00,17,"3,015","25%
vs. open collab 20%",7621025156525573902,Finnsul,23%,1,11.04%,3,vs. open collab 20%
1730083594176205231,Big SexyHair Root Pump Plus Spray Mousse 10 oz | 72H Hum...,,~~~,$10.00-$22.95,0,"1,844","15%
vs. open collab 10%",7626526299104429837,Sexy Hair,13%,1,4.33%,3,vs. open collab 10%
1731078521702551983,SexyHair Texture Surfer Girl Dry Texturizing Spray | Buildable T...,,~~~,$19.50-$39.00,25,"14,318","15%
vs. open collab 10%",7626526299104429837,Sexy Hair,13%,1,4.33%,4,vs. open collab 10%
1732311716925116847,SexyHair Texture Surfer Girl Dry Texturizing Spray & Big Sexy...,,~~~,$25.21-$35.11,25,75,"15%
vs. open collab 10%",7626526299104429837,Sexy Hair,13%,1,4.33%,2,vs. open collab 10%
1729436753029862238,Joytutus Car Cup Holder with 360° Rotation & Adjustable Ar...,JOYTUTUS,Automotive & Motorcycle,$19.39-$27.91,0,"37,870","15%
vs. open collab 10%",7575280316614543118,joytutus,13%,1,13%,4,vs. open collab 10%
1729436761515397982,Joytutus Multifunctional PU Leather Car Armrest Cushion with...,JOYTUTUS,Automotive & Motorcycle,$21.99,0,"2,024","15%
vs. open collab 10%",7575280316614543118,joytutus,13%,1,13%,3,vs. open collab 10%
1729436770346832734,Joytutus Compact Coin Holder for Car Change Organizer Pre...,JOYTUTUS,Automotive & Motorcycle,$7.69-$10.99,0,"12,336","15%
vs. open collab 10%",7575280316614543118,joytutus,13%,1,13%,4,vs. open collab 10%
1729436786397778782,Joytutus Universal Coin Holder for Car High Capacity ABS Pla...,JOYTUTUS,Automotive & Motorcycle,$10.22-$11.75,0,"21,494","15%
vs. open collab 10%",7575280316614543118,joytutus,13%,1,13%,4,vs. open collab 10%
1729439055643579230,Joytutus Summervibes Universal Anti-Glare Polarized Car Su...,JOYTUTUS,Automotive & Motorcycle,$13.44-$27.99,0,"64,190","15%
vs. open collab 10%",7575280316614543118,joytutus,13%,1,13%,4,vs. open collab 10%
1729449398014350174,JOYTUTUS Summervibes-Car Sun Visor Vanity Mirror with 3 L...,,~~~,$17.99-$19.59,0,"56,396","15%
vs. open collab 10%",7575280316614543118,joytutus,13%,1,13%,4,vs. open collab 10%
1729463909471982430,Vacuum Magnetic Phone Holder Retractable Stro...,JOYTUTUS,Phones & Electronics,$10.12-$13.80,0,"60,275","15%
vs. open collab 10%",7575280316614543118,joytutus,13%,1,13%,4,vs. open collab 10%
1729463928739566430,Summervibes-Retractable Sunshade Car Laser Un...,JOYTUTUS,Automotive & Motorcycle,$10.77,0,"3,819","15%
vs. open collab 10%",7575280316614543118,joytutus,13%,1,13%,3,vs. open collab 10%
1729485230716654430,Joytutus Summervibes-Universal 11.81 Inch Panoramic Conve...,JOYTUTUS,Automotive & Motorcycle,$12.48-$17.99,0,"110,746","15%
vs. open collab 10%",7575280316614543118,joytutus,13%,1,13%,4,vs. open collab 10%
1729616212365316958,Joytutus 360° Rotating Suction Cup Phone Mount for Car Uni...,,~~~,$25.99,0,"3,329","15%
vs. open collab 10%",7575280316614543118,joytutus,13%,1,13%,3,vs. open collab 10%
1730848184358835038,Joytutus Summervibes-Steering Wheel Lock with 3 Keys Uni...,,~~~,$19.20,0,"15,489","15%
vs. open collab 10%",7575280316614543118,joytutus,13%,1,13%,4,vs. open collab 10%
1730865992978305886,Joytutus Car Truck Inverter 12V-24V to 220V with Smart Chi...,,~~~,$13.71-$20.46,0,"14,130","15%
vs. open collab 10%",7575280316614543118,joytutus,13%,1,13%,4,vs. open collab 10%
1730891751646597982,Joytutus Magnetic Bluetooth Speaker Portable Wireless Out...,JOYTUTUS,Automotive & Motorcycle,$11.99,0,"1,884","15%
vs. open collab 10%",7575280316614543118,joytutus,13%,1,13%,3,vs. open collab 10%
1731082506941535070,Joytutus 120W Retractable 4-in-1 Car Charging Cable & 4-Po...,,~~~,$12.60,0,"5,741","15%
vs. open collab 10%",7575280316614543118,joytutus,13%,1,13%,3,vs. open collab 10%
1731136839060525918,Joytutus USB-powered Decorative Light RGB Voice-controlle...,,~~~,$9.79-$21.55,0,"1,978","15%
vs. open collab 10%",7575280316614543118,joytutus,13%,1,13%,3,vs. open collab 10%
1731461739755770718,Joytutus Car Seat Fan USB Plug-in Dual Turbo High Wind Po...,,~~~,$10.66-$25.99,0,467,"15%
vs. open collab 10%",7575280316614543118,joytutus,13%,1,13%,2,vs. open collab 10%
1731569187046200158,Joytutus 240W USB-C Fast Charging Lanyard 7mm Nylon Cr...,,~~~,$11.63-$13.57,0,449,"15%
vs. open collab 10%",7575280316614543118,joytutus,13%,1,13%,2,vs. open collab 10%
1731635972063400798,"Joytutus SummerVibes - Wireless Car Charger Pad, Fast-Char...",,~~~,$15.51,0,"8,587","15%
vs. open collab 10%",7575280316614543118,joytutus,13%,1,13%,3,vs. open collab 10%
1731635994222367582,Joytutus Cordless Portable Rechargeable Car Polisher/Waxin...,,~~~,$23.51,0,300,"15%
vs. open collab 10%",7575280316614543118,joytutus,13%,1,13%,2,vs. open collab 10%
1731636049242526558,Joytutus US Plug Power Strip with 3 USB Ports & 1 Type-C C...,,~~~,$10.77,0,49,"15%
vs. open collab 10%",7575280316614543118,joytutus,13%,1,13%,2,vs. open collab 10%
1731639913009681246,Halloween Pumpkin String Lights Orange 10 Lights with 2 Sp...,,~~~,$11.99-$33.99,0,"1,165","15%
vs. open collab 10%",7575280316614543118,joytutus,13%,1,13%,3,vs. open collab 10%
1731640661747340126,JOYTUTUS Wireless CarPlay Android Auto Adapter 2 in 1 Mini...,,~~~,$11.75,0,145,"15%
vs. open collab 10%",7575280316614543118,joytutus,13%,1,13%,2,vs. open collab 10%
1731671670165181278,Joytutus Flexible Car Back Seat Tablet Holder Stand for Tesla ...,,~~~,$21.99,0,43,"15%
vs. open collab 10%",7575280316614543118,joytutus,13%,1,13%,2,vs. open collab 10%
1731689378388415326,Joytutus Mini Desktop Vacuum Cleaner Handheld USB Wirele...,,~~~,$13.99,0,82,"15%
vs. open collab 10%",7575280316614543118,joytutus,13%,1,13%,2,vs. open collab 10%
1731724016261305182,Joytutus Multifunctional Glass Wiper with Watering Can & St...,,~~~,$8.81,0,125,"15%
vs. open collab 10%",7575280316614543118,joytutus,13%,1,13%,2,vs. open collab 10%
1731724623144063838,Solar-Powered Goose-Shaped Stone Lamp Outdoor Waterpr...,,~~~,$15.51,0,140,"15%
vs. open collab 10%",7575280316614543118,joytutus,13%,1,13%,2,vs. open collab 10%
1731736860904690526,Joytutus High-Pressure Car Washer & Garden Hose Nozzle S...,,~~~,$68.59,0,11,"15%
vs. open collab 10%",7575280316614543118,joytutus,13%,1,13%,2,vs. open collab 10%
1731736994185057118,Joytutus LED Christmas Projection Lamp 5V/1A with 16 Patter...,,~~~,$13.71,0,"86,136","15%
vs. open collab 10%",7575280316614543118,joytutus,13%,1,13%,4,vs. open collab 10%
1731747230562095966,【Requires a separately purchased data‑only SIM card】 Joy...,,~~~,$23.27-$31.03,0,"12,766","15%
vs. open collab 10%",7575280316614543118,joytutus,13%,1,13%,4,vs. open collab 10%
1731761618854974302,Joytutus Summervibes-Magnetic Car Sun Visor Photo Clips C...,,~~~,$7.43-$9.59,0,"19,693","15%
vs. open collab 10%",7575280316614543118,joytutus,13%,1,13%,4,vs. open collab 10%
1731762102895743838,Joytutus Heavy-Duty Auto-Retracting Ratchet Straps 227 kg ...,,~~~,$30.37,0,12,"15%
vs. open collab 10%",7575280316614543118,joytutus,13%,1,13%,2,vs. open collab 10%
1731762191850640222,Joytutus Portable 600W Electric Heater Room Mini Radiator ...,,~~~,$19.39,0,"1,390","15%
vs. open collab 10%",7575280316614543118,joytutus,13%,1,13%,3,vs. open collab 10%
1731779896588669790,Joytutus USB Night Light Touch Dimming LED Incandescent Fi...,,~~~,$7.83,0,196,"15%
vs. open collab 10%",7575280316614543118,joytutus,13%,1,13%,2,vs. open collab 10%
1731780029628388190,Joytutus Summervibes-Solar Powered LED Heart Shape C-Pi...,,~~~,$11.75-$17.63,0,"18,674","15%
vs. open collab 10%",7575280316614543118,joytutus,13%,1,13%,4,vs. open collab 10%
1731780297331807070,Joytutus Physiotherapy Heating Pad 9-Speed Temperature ...,,~~~,$19.39,0,102,"15%
vs. open collab 10%",7575280316614543118,joytutus,13%,1,13%,2,vs. open collab 10%
1731791896410493790,JOYTUTUS 5-in-1 Cell Phone Holder Stand with 360° Rotatio...,,~~~,$11.63,0,33,"15%
vs. open collab 10%",7575280316614543118,joytutus,13%,1,13%,2,vs. open collab 10%
1731794910249390942,Joytutus Mini Heater Portable Winter Heater Fan for Car & D...,,~~~,$17.45,0,"2,990","15%
vs. open collab 10%",7575280316614543118,joytutus,13%,1,13%,3,vs. open collab 10%
1731794989538186078,Joytutus Ergonomic Car Cleaning Tool Blue 3 In 1 Windshield...,,~~~,$15.67,0,34,"15%
vs. open collab 10%",7575280316614543118,joytutus,13%,1,13%,2,vs. open collab 10%
1731795764142707550,Joytutus Magnetic Suction Kitchen Timer for Cooking Visual ...,,~~~,$13.57,0,92,"15%
vs. open collab 10%",7575280316614543118,joytutus,13%,1,13%,2,vs. open collab 10%
1731795828594807646,Joytutus Rechargeable Portable Electric Hand Warmer with ...,,~~~,$19.59,0,19,"15%
vs. open collab 10%",7575280316614543118,joytutus,13%,1,13%,2,vs. open collab 10%
1731795854625641310,Joytutus Solar-Powered Car Air Purifier with USB Charging & ...,,~~~,$18.60,0,101,"15%
vs. open collab 10%",7575280316614543118,joytutus,13%,1,13%,2,vs. open collab 10%
1731795883037070174,Joytutus 2 Pcs Car Seat Headrest Hooks Black Multi-Function...,,~~~,$9.79,0,594,"15%
vs. open collab 10%",7575280316614543118,joytutus,13%,1,13%,2,vs. open collab 10%
1731797227355476830,Joytutus Summervibes-2 Pack Heart-Shaped Blind Spot Mirr...,,~~~,$8.81,0,"4,164","15%
vs. open collab 12%",7575280316614543118,joytutus,13%,1,13%,3,vs. open collab 12%
1731797237891371870,Joytutus 2 Counts Car Blind Spot Mirror Rearview Mirror with...,,~~~,$8.81-$11.75,0,"1,226","15%
vs. open collab 12%",7575280316614543118,joytutus,13%,1,13%,3,vs. open collab 12%
1730473278396011190,HAIRtamin Advanced Formula – Physician-Formulated Dietary ...,,~~~,$31.28-$199.00,0,"5,453","20%
vs. open collab 12%",7616092718477133599,HAIRtamin,16%,1,8.00%,5,vs. open collab 12%
1730473299057808054,HAIRtamin Gorgeous Growth Scalp Serum - Physician-Formu...,,~~~,$40.00-$120.00,0,80,"20%
vs. open collab 12%",7616092718477133599,HAIRtamin,16%,1,8.00%,4,vs. open collab 12%
1730473300534923958,HAIRtamin Biotin & Botanicals Deep Condition & Repair Mas...,,~~~,$34.00-$204.00,0,609,"20%
vs. open collab 12%",7616092718477133599,HAIRtamin,16%,1,8.00%,4,vs. open collab 12%
1730473302859813558,HAIRtamin Gummy Stars - Physician-Formulated Dietary Sup...,,~~~,$32.20-$205.00,0,878,"20%
vs. open collab 12%",7616092718477133599,HAIRtamin,16%,1,8.00%,4,vs. open collab 12%
1730657676262085302,HAIRtamin Peptide Dry Shampoo – Lightweight Haircare Cle...,,~~~,$33.12-$103.00,0,"3,020","20%
vs. open collab 12%",7616092718477133599,HAIRtamin,16%,1,8.00%,5,vs. open collab 12%
1729384266159788902,KimChi Chic Puff Puff Pass Set & Bake Powder with Rice Pow...,KimChi Chic Beauty,Beauty & Personal Care,$19.49,9,"706,882","20%
vs. open collab 15%",TABOOST009,Beauty Q4,18%,1,18%,4,vs. open collab 15%
1729389369557226174,Premium Yoni Bar – Natural Feminine Care Soap for pH Balanc...,GOTS,Beauty & Personal Care,$12.36-$23.09,9,"351,814","17%
vs. open collab 10%",TABOOST009,Beauty Q4,15%,1,15%,4,vs. open collab 10%
1729402860650599342,"Non-Aerosol Dry Shampoo Powder - Natural & Organic, US M...",Hair Dance,Beauty & Personal Care,$15.52-$38.00,9,"50,857","23%
vs. open collab 18%",TABOOST009,Beauty Q4,21%,1,9.13%,4,vs. open collab 18%
1729413056994775505,[MISSHA Official] M Perfect Cover BB Cream SPF 42 PA+++(...,missha.official,Beauty & Personal Care,$13.30,9,"606,946","15%
vs. open collab 10%",TABOOST009,Beauty Q4,13%,1,13%,4,vs. open collab 10%
1729430134494565203,"rom&nd Juicy Lasting Tint 5.5g Juicy & Glossy Finish, Long-la...",Rom&nd US,Beauty & Personal Care,$11.17,9,"44,909","20%
vs. open collab 15%",TABOOST009,Beauty Q4,18%,1,13.50%,4,vs. open collab 15%
1729439692854104633,Nail Honey Organic Nail Growth Oil for Strength &...,Twinkled T,Beauty & Personal Care,$7.36-$52.00,9,"293,823","20%
vs. open collab 15%",TABOOST009,Beauty Q4,18%,1,18%,4,vs. open collab 15%
1729440860171702516,"Nooni Korean Apple Lip Oil + Lip Stain | Glossy Lip Stain, Tint...",Nooni US,Beauty & Personal Care,$11.24,9,"226,514","20%
vs. open collab 15%",TABOOST009,Beauty Q4,18%,1,18%,4,vs. open collab 15%
1729443447434154465,[Anua] Ultimate Skincare Routine Set｜Cleansing oil + Cleans...,Anua Store US,Beauty & Personal Care,$76.63,9,"74,546","25%
vs. open collab 15%",TABOOST009,Beauty Q4,23%,1,23%,4,vs. open collab 15%
1729466645063832442,KISS Colors & Care Lace Bond Adhesive Spray Ultimate Hold...,KISS Nails,Beauty & Personal Care,$11.99,9,"41,759","25%
vs. open collab 20%",TABOOST009,Beauty Q4,23%,1,23%,4,vs. open collab 20%
1729472647677055844,Lion Pair Acne Cream Acne Treatment Pimples Removal Crea...,Osaka Ebisu,Beauty & Personal Care,$8.24-$14.54,9,"250,623","15%
vs. open collab 15%",TABOOST009,Beauty Q4,13%,1,13%,4,vs. open collab 15%
1729475980739121415,GuruNanda Refill Size CocoMint Oil Pulling Mouthwash with 7 ...,GuruNanda LLC,Beauty & Personal Care,$18.41,9,"49,497","20%
vs. open collab 15%",TABOOST009,Beauty Q4,18%,1,9.00%,4,vs. open collab 15%
1729483870866543473,"& Scalp Dynamic Duo Set, Korean Color Safe fo...",Dr. Groot Hair,Beauty & Personal Care,$59.40,9,"70,459","25%
vs. open collab 20%",TABOOST009,Beauty Q4,23%,1,23%,4,vs. open collab 20%
1729561257813709063,"GuruNanda Hydroxyapatite Neem Whitening Toothpaste, SLS...",GuruNanda LLC,Beauty & Personal Care,$11.38-$37.98,9,"137,630","20%
vs. open collab 15%",TABOOST009,Beauty Q4,18%,1,9.00%,4,vs. open collab 15%
1729567588962308359,GuruNanda Teeth Whitening Strips - 16 Day Treatment (16 Pa...,GuruNanda LLC,Beauty & Personal Care,$20.85,9,"116,422","20%
vs. open collab 15%",TABOOST009,Beauty Q4,18%,1,9.00%,4,vs. open collab 15%
1729585521977103260,Authentic African Exfoliating Net Bath Sponge,Practical Perfections,Beauty & Personal Care,$6.99-$11.95,9,"209,708","25%
vs. open collab 17%",TABOOST009,Beauty Q4,23%,1,23%,4,vs. open collab 17%
1729597548586176631,"Jiyu Korean Skincare Anti-Aging, Dark Spot & Wrinkle Minimi...",JiYuSkin,Beauty & Personal Care,$39.24,9,"242,899","30.01%
vs. open collab 25.01%",TABOOST009,Beauty Q4,28.,1,28.01%,4,vs. open collab 25.01%
1729598563606303271,Collagen Sakura Moisturizing Revitalizing Six Piece Set - Hyd...,,~~~,$22.21,9,"34,404","20%
vs. open collab 15%",TABOOST009,Beauty Q4,18%,1,18%,4,vs. open collab 15%
1729619454557917428,Nooni Korean Apple Lip Tint Stain Duo/Trio Bundle | Glossy L...,Nooni US,Beauty & Personal Care,$18.19-$65.70,9,"99,310","20%
vs. open collab 15%",TABOOST009,Beauty Q4,18%,1,18%,4,vs. open collab 15%
1729641778352853649,Beetles Tipex Instant Apex Nail Tips Thick Acrylic Nail Set for ...,BeetlesGelPolish,Beauty & Personal Care,$9.69-$38.79,9,"85,168","15%
vs. open collab 8%",TABOOST009,Beauty Q4,13%,1,13%,4,vs. open collab 8%
1729680238395036113,[MISSHA Official] M Perfect Cover Serum BB Cream (35ml) - ...,missha.official,Beauty & Personal Care,$18.90,9,"278,541","20%
vs. open collab 15%",TABOOST009,Beauty Q4,18%,1,18%,4,vs. open collab 15%
1729712022060830782,Fully automatic curling stick lazy curling tool electric rotary c...,PretiHom Curling iron,Beauty & Personal Care,$21.90,9,"231,007","20%
vs. open collab 10%",TABOOST009,Beauty Q4,18%,1,18%,4,vs. open collab 10%
1729717561093951515,"[Dr.Melaxin Official] TX Cream 50ml, Tranexamic Acid & Niac...",Dr.Melaxin Global,Beauty & Personal Care,$23.40,9,"123,177","25%
vs. open collab 15%",TABOOST009,Beauty Q4,23%,1,23%,4,vs. open collab 15%
1729746772055003319,Body Coverage Perfector 3.5oz + X-Large ...,Westmore Beauty,Beauty & Personal Care,$59.99,9,"121,255","20%
vs. open collab 15%",TABOOST009,Beauty Q4,18%,1,13.50%,4,vs. open collab 15%
1729790930336912241,Dr. Groot Scalp Revitalizing Solution Hair Thickening Roll On ...,Dr. Groot Hair,Beauty & Personal Care,$26.00,9,"36,959","25%
vs. open collab 20%",TABOOST009,Beauty Q4,23%,1,23%,4,vs. open collab 20%
1729870563928609649,Dr. Groot Scalp Revitalizing Solution Thickening Essentials D...,Dr. Groot Hair,Beauty & Personal Care,$59.40,9,"25,530","25%
vs. open collab 20%",TABOOST009,Beauty Q4,23%,1,23%,4,vs. open collab 20%
1729870719721902961,"Dr. Groot Complete Set to Reduce Hair Loss, Color Safe for P...",Dr. Groot Hair,Beauty & Personal Care,$125.00,9,"45,525","25%
vs. open collab 20%",TABOOST009,Beauty Q4,23%,1,23%,4,vs. open collab 20%
1729871288645423262,KEYYOU Fairy Chispa Lash Clusters Invisible Band DIY Lashes...,KEYYOU SHOP,Beauty & Personal Care,$9.99-$20.99,9,"86,453","15%
vs. open collab 10%",TABOOST009,Beauty Q4,13%,1,13%,4,vs. open collab 10%
1730013755722797989,Top Sellers Duo: A313 Vitamin A Pommade + Ialuset Hyaluro...,FrenchPharmacy,Beauty & Personal Care,$84.20,9,"38,837","30%
vs. open collab 15%",TABOOST009,Beauty Q4,28%,1,14.00%,4,vs. open collab 15%
1730021592598680553,"Kaleidos Epiphany Glow Melt-On Eyeliner | Multichrome, Wat...",Kaleidos Makeup,Beauty & Personal Care,$15.19-$71.99,9,"57,541","15%
vs. open collab 10%",TABOOST009,Beauty Q4,13%,1,13%,4,vs. open collab 10%
1730069094047060172,SACE LADY 3D Eyebrow Gel 6ml Lasting 24H Waterproof S...,SACE LADY Global,Beauty & Personal Care,$9.99,9,"122,728","17%
vs. open collab 11%",TABOOST009,Beauty Q4,15%,1,15.00%,4,vs. open collab 11%
1730080489125417058,"[2.0]CARSLAN Black Magnet Soft Focus Powder, 24H Longla...",Carslan.us,Beauty & Personal Care,$18.41,9,"57,628","20%
vs. open collab 10%",TABOOST009,Beauty Q4,18%,1,18%,4,vs. open collab 10%
1730124530272276826,"6pcs Nude Lip Liner Set creamy pencils - Waterproof, Matte Fi...",BeautyGlazedUSShop,Beauty & Personal Care,$5.99,9,"58,614","15%
vs. open collab 10%",TABOOST009,Beauty Q4,13%,1,13%,4,vs. open collab 10%
1730214384016003435,UNbrush Detangling Hair Brush by FHI Heat - Disney Tim Burt...,BeautyChoiceUSA,Beauty & Personal Care,$17.45,9,"16,764","15%
vs. open collab 10%",TABOOST009,Beauty Q4,13%,1,13%,4,vs. open collab 10%
1730216070939841300,Cellulite Massage Oil 8oz - Smooth the Appeara...,M3 Naturals,Beauty & Personal Care,$24.81,9,"344,209","20%
vs. open collab 15%",TABOOST009,Beauty Q4,18%,1,18%,4,vs. open collab 15%
1730217091492647379,Flora Kit l B&Q Ultra-Thin Invisible Band Natural Look Cluster...,BQLASH-USA,Beauty & Personal Care,$9.99-$16.99,9,"47,247","15%
vs. open collab 10%",TABOOST009,Beauty Q4,13%,1,13%,4,vs. open collab 10%
1730408419511472967,Stila Liqua-Play™ Eye Shadow - With Eye-Flattering Formula,Stila Cosmetics,Beauty & Personal Care,$15.00-$25.00,9,"28,705","20%
vs. open collab 18%",TABOOST009,Beauty Q4,18%,1,18%,4,vs. open collab 18%
1730523417993253793,[mothersdaygift] Tgideas Rosemary Shampoo - BoostHair G...,,~~~,$17.87-$33.86,9,"68,068","20%
vs. open collab 15%",TABOOST009,Beauty Q4,18%,1,18%,4,vs. open collab 15%
1730560011632939486,Scar Solutions Silicone Scar Stick For Face & Body,Prequelskin,Beauty & Personal Care,$18.00-$49.00,9,"70,982","15%
vs. open collab 15%",TABOOST009,Beauty Q4,13%,1,13%,4,vs. open collab 15%
1730611299830567212,SHEGLAM HAIR Automatic Curling Iron 1/1.25 Inch with 3 Tem...,SHEGLAM HAIR US,Beauty & Personal Care,$35.99-$53.99,9,"97,139","14%
vs. open collab 9%",TABOOST009,Beauty Q4,12%,1,12%,4,vs. open collab 9%
1730778421952156573,[] Madeca Cream Time Reverse | Anti-Aging Mois...,Centellian24,Beauty & Personal Care,$22.40-$49.39,9,"56,491","22%
vs. open collab 17%",TABOOST009,Beauty Q4,20%,1,20%,4,vs. open collab 17%
1730802566393270693,"【Mother's Day gift】Avocado Moisturizing Eye bagMask,60...",,~~~,$9.79,9,"153,501","15%
vs. open collab 10%",TABOOST009,Beauty Q4,13%,1,13%,4,vs. open collab 10%
1730826881477939335,Arabiyat Prestige Nyla Eau de Parfum 2.7 fl oz Fruity Floral Co...,American Seair Imports,Beauty & Personal Care,$28.99,9,"46,607","17%
vs. open collab 12%",TABOOST009,Beauty Q4,15%,1,7.06%,4,vs. open collab 12%
1730840966227791961,[mothersdaygift] Tgideas 80ml Conditioning Oil 100ml Spray ...,,~~~,$12.22-$24.45,9,"28,567","20%
vs. open collab 15%",TABOOST009,Beauty Q4,18%,1,5.40%,4,vs. open collab 15%
1730973352148243047,Qure Micro-Infusion System: Facial Serum for All Skin Types -...,Qure Skincare,Beauty & Personal Care,$149.00,9,"28,666","20%
vs. open collab 14%",TABOOST009,Beauty Q4,18%,1,7.20%,4,vs. open collab 14%
1731082527235019340,YCZ Neck-Eye Care Tightening & Revitalizing Set – Smooth Fi...,YCZ Beauty Care Depot,Beauty & Personal Care,$21.98,9,"153,527","20%
vs. open collab 15%",TABOOST009,Beauty Q4,18%,1,18%,4,vs. open collab 15%
1731105418037138110,"Shea Butter Body Oil – Deeply Nourishing, Lightweight Hydr...",GOTS,Beauty & Personal Care,$26.09,9,"31,976","17%
vs. open collab 10%",TABOOST009,Beauty Q4,15%,1,15%,4,vs. open collab 10%
1731139670235255047,GuruNanda Ready-to-Go Pre-Pasted Butter on Gums Mini Tr...,GuruNanda LLC,Beauty & Personal Care,$23.99,9,"43,933","20%
vs. open collab 15%",TABOOST009,Beauty Q4,18%,1,9.00%,4,vs. open collab 15%
1731190899772395639,"Jiyu Korean Skincare (2-PACK) - Anti-Aging, Dark Spot & Wri...",JiYuSkin,Beauty & Personal Care,$65.47,9,"48,561","30.01%
vs. open collab 25.01%",TABOOST009,Beauty Q4,28.,1,28.01%,4,vs. open collab 25.01%
1731193614315458616,"Disposable Hair dye comb - Covers Gray Hair,Easy to Color, P...",,~~~,$9.88-$13.89,9,"115,067","20%
vs. open collab 5%",TABOOST009,Beauty Q4,18%,1,18%,4,vs. open collab 5%
1731249909755711515,[Dr.Melaxin Official] Lumi firm & lift Duo | plumping skin & stre...,Dr.Melaxin Global,Beauty & Personal Care,$37.80,9,"42,543","20%
vs. open collab 15%",TABOOST009,Beauty Q4,18%,1,18%,4,vs. open collab 15%
1731327869502133075,"rom&nd LIP VOLUME HACK TRIO (3 Shades, Lip Mate Pencil ...",Rom&nd US,Beauty & Personal Care,$29.00-$87.00,9,"163,112","20%
vs. open collab 15%",TABOOST009,Beauty Q4,18%,1,13.50%,4,vs. open collab 15%
1731349103836107478,URO - pH Balanced Probiotic Wash,O Positiv,Beauty & Personal Care,$15.97,9,"101,702","30%
vs. open collab 25%",TABOOST009,Beauty Q4,28%,1,28%,4,vs. open collab 25%
1731608766941270043,[Dr.Melaxin Official] Calcium Volume Multi Balm+Eye Patch 6...,Dr.Melaxin Global,Beauty & Personal Care,$31.50,9,"226,946","20%
vs. open collab 15%",TABOOST009,Beauty Q4,18%,1,18%,4,vs. open collab 15%
1731611701872530010,[TIRTIR Official] Travel Size Mask Fit AI Filter Cushion Foundat...,TIRTIR Inc.,Beauty & Personal Care,$12.75,9,"51,675","20%
vs. open collab 10%",TABOOST009,Beauty Q4,18%,1,18%,4,vs. open collab 10%
1731764397780144184,Multi Color Tearable Lipstick - Durable Waterproof Natural C...,Vetor Beauty,Beauty & Personal Care,$7.99-$15.99,9,"11,764","23%
vs. open collab 5%",TABOOST009,Beauty Q4,21%,1,21%,4,vs. open collab 5%
1729406019308261847,Long Sleeve Basic Tee Women's Crew Neck Slim Fit ...,PUMIEY,Womenswear & Underwear,$17.99,9,"101,720","15%
vs. open collab 10%",TABOOST010,Fashion Q4,13%,1,13%,4,vs. open collab 10%
1729406598114546233,low neckline Jumpsuits for Women Square Neck Wid...,QINSEN,Womenswear & Underwear,$34.81,9,"42,092","15%
vs. open collab 10%",TABOOST010,Fashion Q4,13%,1,13%,4,vs. open collab 10%
1729435831209595351,"Snatched Fitted T-Shirt, Double Layer Crew Neck Te...",PUMIEY,Womenswear & Underwear,$15.99-$16.99,9,"93,398","15%
vs. open collab 10%",TABOOST010,Fashion Q4,13%,1,13%,4,vs. open collab 10%
1729437736182911989,Women's Casual Loose Overalls Jumpsuits One Pie...,Dokotoo,Womenswear & Underwear,$22.99-$36.88,9,"48,935","17%
vs. open collab 12%",TABOOST010,Fashion Q4,15%,1,6.18%,4,vs. open collab 12%
1729440015233422325,Women's Casual Summer Short Sleeve V Neck Top...,Dokotoo,Womenswear & Underwear,$12.99-$19.99,9,"67,997","17%
vs. open collab 12%",TABOOST010,Fashion Q4,15%,1,6.18%,4,vs. open collab 12%
1729440021047317493,Women's Black Summer Tunic Dress Casual Loose F...,Dokotoo,Womenswear & Underwear,$18.99-$32.98,9,"38,047","17%
vs. open collab 12%",TABOOST010,Fashion Q4,15%,1,6.18%,4,vs. open collab 12%
1729442100529173286,FallSweet Padded Push Up Lace Bras for Women Underwire ...,Fallsweetus,Womenswear & Underwear,$22.98-$24.98,9,"122,384","15%
vs. open collab 10%",TABOOST010,Fashion Q4,13%,1,8.67%,4,vs. open collab 10%
1729442758414537510,FallSweet Add Two Cups Bras Brassiere for Women Wireless ...,Fallsweetus,Womenswear & Underwear,$22.98-$24.98,9,"126,222","15%
vs. open collab 10%",TABOOST010,Fashion Q4,13%,1,8.67%,4,vs. open collab 10%
1729445592259793909,Women's V-Neck 3/4 Sleeve Oversized Tunic Tops ...,Dokotoo,Womenswear & Underwear,$17.99-$28.98,9,"46,269","17%
vs. open collab 12%",TABOOST010,Fashion Q4,15%,1,6.18%,4,vs. open collab 12%
1729448042746384953,"【Two Options, Not a set】 Women Half Zip Sports T...",QINSEN,Womenswear & Underwear,$38.38,9,"55,377","15%
vs. open collab 10%",TABOOST010,Fashion Q4,13%,1,13%,4,vs. open collab 10%
1729448056956555735,"Women's Square Neck Tank Top, Wide Strap Buttery ...",PUMIEY,Womenswear & Underwear,$15.22-$16.22,9,"63,699","15%
vs. open collab 10%",TABOOST010,Fashion Q4,13%,1,13%,4,vs. open collab 10%
1729448847738049318,FallSweet Padded T Shirt Bras for Women Push Up Comfort ...,,~~~,$22.98-$24.98,9,"24,850","13%
vs. open collab 8%",TABOOST010,Fashion Q4,11%,1,8.46%,4,vs. open collab 8%
1729450858505540082,Women's A-Line Sleeveless Mini Dress V Neck Summ...,Yeokou,Womenswear & Underwear,$21.57-$26.01,9,"23,889","15%
vs. open collab 10%",TABOOST010,Fashion Q4,13%,1,13%,4,vs. open collab 10%
1729451034361697195,BOOMBA Invisible Lift - Patented Sticky Fashion Bra Inserts ...,BOOMBA US,Womenswear & Underwear,$38.00,9,"171,462","20%
vs. open collab 15%",TABOOST010,Fashion Q4,18%,1,18%,4,vs. open collab 15%
1729459877607019435,BOOMBA Magic Padded Sticky Bra - Patented Sticky Fashion ...,,~~~,$29.99,9,"36,500","20%
vs. open collab 15%",TABOOST010,Fashion Q4,18%,1,18%,4,vs. open collab 15%
1729470775753281880,COOSHAPE Women Waist Vest Shaperwear For Women Tum...,M MYODRESS,Womenswear & Underwear,$48.49-$49.98,9,"57,272","18%
vs. open collab 12%",TABOOST010,Fashion Q4,16%,1,6.22%,4,vs. open collab 12%
1729472053932167298,Women's Seamless Wireless Bra Full Coverage ...,Soft Intention,Womenswear & Underwear,$19.21-$56.21,9,"219,726","15%
vs. open collab 10%",TABOOST010,Fashion Q4,13%,1,8.67%,4,vs. open collab 10%
1729490416696660981,DOKOTOO Women's Boho Floral Smocked Empire Waist Squa...,Dokotoo,Womenswear & Underwear,$22.49-$38.68,9,"20,935","15%
vs. open collab 10%",TABOOST010,Fashion Q4,13%,1,6.07%,4,vs. open collab 10%
1729495593593246167,"Spaghetti Strap Tank Top, Double Layer Not See-Thr...",PUMIEY,Womenswear & Underwear,$15.99,9,"126,361","15%
vs. open collab 10%",TABOOST010,Fashion Q4,13%,1,13%,4,vs. open collab 10%
1729510386217750837,UANEO Women's Baggy Wideleg Pants Casual Elastic Waiste...,Uaneo,Womenswear & Underwear,$22.94-$26.99,9,"41,817","15%
vs. open collab 10%",TABOOST010,Fashion Q4,13%,1,13%,4,vs. open collab 10%
1729533872925283317,Womens Waffle Knit Tops Fashion Long Lantern Sle...,Dokotoo,Womenswear & Underwear,$20.88-$28.88,9,"24,768","17%
vs. open collab 12%",TABOOST010,Fashion Q4,15%,1,6.18%,4,vs. open collab 12%
1729536675865924523,BOOMBA Ultra Boost Inserts | Patented Sticky Fashion Bra Ins...,BOOMBA US,Womenswear & Underwear,$38.00,9,"62,801","20%
vs. open collab 15%",TABOOST010,Fashion Q4,18%,1,18%,4,vs. open collab 15%
1729537374346711927,"Bondie Body Adhesive - Sweat & Water Resistant, Stain-Free...",BONDIE,Womenswear & Underwear,$27.64-$64.50,9,"46,506","15%
vs. open collab 13%",TABOOST010,Fashion Q4,13%,1,13%,4,vs. open collab 13%
1729548534558593594,Lounge Sets for Women Two Piece Outfits Knit Cap ...,Ommig,Womenswear & Underwear,$34.99-$37.99,9,"13,186","15%
vs. open collab 10%",TABOOST010,Fashion Q4,13%,1,13%,4,vs. open collab 10%
1729552253813624994,Overall Denim Mini Dress,Edikted,Womenswear & Underwear,$47.00,9,"14,125","15%
vs. open collab 10%",TABOOST010,Fashion Q4,13%,1,13%,4,vs. open collab 10%
1729554888976863475,Women's Winter Notch Lapel Double Breasted Woo...,SCUSTY,Womenswear & Underwear,$48.99-$53.99,9,"4,926","15%
vs. open collab 10%",TABOOST010,Fashion Q4,13%,1,13%,3,vs. open collab 10%
1729562421065322658,Washed Faux Leather Micro Cargo Shorts,Edikted,Womenswear & Underwear,$23.40,9,"17,795","15%
vs. open collab 10%",TABOOST010,Fashion Q4,13%,1,13%,4,vs. open collab 10%
1729578844174520890,Women's Faux Wool Peacoat Single Breasted Notche...,Ommig,Womenswear & Underwear,$41.21,9,"1,715","15%
vs. open collab 10%",TABOOST010,Fashion Q4,13%,1,13%,3,vs. open collab 10%
1729586299669877749,Women's Flannel Hooded Plaid 2026 Shacket Thick...,Dokotoo,Womenswear & Underwear,$49.99,9,"18,448","15%
vs. open collab 10%",TABOOST010,Fashion Q4,13%,1,6.07%,4,vs. open collab 10%
1729586695259001845,Long Sleeve Fall Tops Oversized 2026 Trendy Roun...,Dokotoo,Womenswear & Underwear,$17.99-$26.99,9,"20,528","17%
vs. open collab 12%",TABOOST010,Fashion Q4,15%,1,6.18%,4,vs. open collab 12%
1729588820731924873,Women's Loose Fit Batwing Sleeve Waffle Knit ...,CHOUYATOU,Womenswear & Underwear,$35.12,9,"25,450","15%
vs. open collab 10%",TABOOST010,Fashion Q4,13%,1,13%,4,vs. open collab 10%
1729593102239436962,Stripey Oversized Collared Shirt,Edikted,Womenswear & Underwear,$36.00,9,"2,707","15%
vs. open collab 10%",TABOOST010,Fashion Q4,13%,1,13%,3,vs. open collab 10%
1729594786315080693,Women's Casual Button V Neck Long Sleeve Shirts ...,Dokotoo,Womenswear & Underwear,$25.88-$36.88,9,"38,475","17%
vs. open collab 12%",TABOOST010,Fashion Q4,15%,1,6.18%,4,vs. open collab 12%
1729613866289238325,UANEO Women Winter Wool Blend Camel Mid-Long Coat No...,Uaneo,Womenswear & Underwear,$56.75-$60.05,9,"14,649","15%
vs. open collab 10%",TABOOST010,Fashion Q4,13%,1,13%,4,vs. open collab 10%
1729633079159067095,Womens Scoop Neck Long Sleeve Top Double Layer ...,PUMIEY,Womenswear & Underwear,$17.98,9,"84,701","15%
vs. open collab 10%",TABOOST010,Fashion Q4,13%,1,13%,4,vs. open collab 10%
1729636088257941548,LUCKMEEY Women's Rip-resistant Strong Tights High Waist ...,LUCKMEEY.US,Womenswear & Underwear,$18.42-$32.96,9,"20,449","15%
vs. open collab 10%",TABOOST010,Fashion Q4,13%,1,4.33%,4,vs. open collab 10%
1729668352848270325,Womens Casual Dress A-Line Ruffle Sleeve V Neck ...,Dokotoo,Womenswear & Underwear,$18.99-$29.99,9,"16,852","17%
vs. open collab 12%",TABOOST010,Fashion Q4,15%,1,6.18%,4,vs. open collab 12%
1729747968240095614,Women's 3-Piece Printed Bodysuit Set Ribbed ...,OQQfitness,Womenswear & Underwear,$25.99,9,"34,583","13%
vs. open collab 8%",TABOOST010,Fashion Q4,11%,1,11%,4,vs. open collab 8%
1729753364700500479,Women's Kawaii Embroidered Cotton Ankle Socks (10 Pairs) - ...,YULONG SHOP,Womenswear & Underwear,$12.59-$18.99,9,"26,212","20%
vs. open collab 8%",TABOOST010,Fashion Q4,18%,1,18%,4,vs. open collab 8%
1729758112198529816,Women’s YIANNA Fajas Colombianas shapewear Tummy Cont...,YIANNA INC,Womenswear & Underwear,$38.99-$68.99,9,"375,202","15%
vs. open collab 15%",TABOOST010,Fashion Q4,13%,1,13%,4,vs. open collab 15%
1729772279791587458,Holiday Special - Women's Seamless Red Bra ...,Soft Intention,Womenswear & Underwear,$19.21-$56.21,9,"67,963","15%
vs. open collab 10%",TABOOST010,Fashion Q4,13%,1,8.67%,4,vs. open collab 10%
1729772700639400821,Womens Leopard Print Mock Neck Mesh To...,ChicovarFashion,Womenswear & Underwear,$13.55,9,"17,714","15%
vs. open collab 10%",TABOOST010,Fashion Q4,13%,1,13%,4,vs. open collab 10%
1729783517312291386,Women's Corduroy Overall Dress Round Neck A Line ...,Ommig,Womenswear & Underwear,$29.69,9,"3,015","15%
vs. open collab 10%",TABOOST010,Fashion Q4,13%,1,13%,3,vs. open collab 10%
1729871960123084991,Womens Open Front Cardigan Batwing Long Sleeve Shawl C...,Imily Bela Shop,Womenswear & Underwear,$29.98,9,"3,262","15%
vs. open collab 10%",TABOOST010,Fashion Q4,13%,1,13%,3,vs. open collab 10%
1730165730664354290,Corduroy Overalls for Women Barrel Wide Leg Bib C...,Yeokou,Womenswear & Underwear,$39.99-$43.98,9,"15,400","15%
vs. open collab 10%",TABOOST010,Fashion Q4,13%,1,13%,4,vs. open collab 10%
1730231934372516752,Women's Corduroy Overalls Barrel Wide Leg Bib Pan...,Molitree,Womenswear & Underwear,$41.99-$44.99,9,"8,060","15%
vs. open collab 10%",TABOOST010,Fashion Q4,13%,1,13%,3,vs. open collab 10%
1730275756243587557,Women's Lace Skirt Summer Floral Pleated Slip Skir...,Chicovar,Womenswear & Underwear,$17.99-$36.99,9,"16,176","15%

Open collab 10% - 15%",TABOOST010,Fashion Q4,13%,1,4.33%,4,vs. open collab 10%-15%
1730652584168165420,LUCKMEEY Tummy Control Shapewear Shorts for Women Se...,,~~~,$18.98-$32.97,9,"50,072","15%
vs. open collab 10%",TABOOST010,Fashion Q4,13%,1,4.33%,4,vs. open collab 10%
1730668759880077356,"LUCKMEEY Camel Toe Cover Thongs for Women - G-String, ...",LUCKMEEY.US,Womenswear & Underwear,$12.60-$27.15,9,"71,217","15%
vs. open collab 10%",TABOOST010,Fashion Q4,13%,1,4.33%,4,vs. open collab 10%
1730792896743183076,EMMIOL Low Rise Baggy Jeans for Women 90s Y2K Vintage ...,,~~~,$32.99-$37.99,9,"22,838","20%
vs. open collab 12%",TABOOST010,Fashion Q4,18%,1,18%,4,vs. open collab 12%
1730799464072516324,EMMIOL Low Waist Denim Skirt Skorts Mini Denim Shorts Bod...,,~~~,$29.99,9,"21,798","20%
vs. open collab 10%",TABOOST010,Fashion Q4,18%,1,18%,4,vs. open collab 10%
1730836288440275554,Aelfric Eden High Waist Baggy Wide Leg Sweatpants with Po...,Aelfric Eden Shop,Womenswear & Underwear,$69.79-$73.66,9,"14,274","15%
vs. open collab 10%",TABOOST010,Fashion Q4,13%,1,13%,4,vs. open collab 10%
1730931436715545109,7/12/13PCS Cotton Panties for Women Seamless Un...,Hotcom,Womenswear & Underwear,$9.34-$16.99,9,"8,638","15%
vs. open collab 10%",TABOOST010,Fashion Q4,13%,1,4.33%,3,vs. open collab 10%
1731154094011879586,Camelia Denim Mini Skort,Edikted,Womenswear & Underwear,$38.00,9,"6,394","15%
vs. open collab 10%",TABOOST010,Fashion Q4,13%,1,13%,3,vs. open collab 10%
1731160472675586511,ARSSM 3 Pack Acid Wash Unisex Oversized Cotton T-Shirt C...,Arssm,Womenswear & Underwear,$32.97-$34.99,9,"29,980","15%
vs. open collab 10%",TABOOST010,Fashion Q4,13%,1,13%,4,vs. open collab 10%
1731165010175168997,Summer Lace Mini Slip Skirt! Must-Have for Trends...,Chicovar,Womenswear & Underwear,$19.99,9,"12,502","15%

Open collab 10% - 15%",TABOOST010,Fashion Q4,13%,1,4.33%,4,vs. open collab 10%-15%
1731233204970623995,3 Pack Women's Oversized T Shirts Acid Wash Cotto...,Yimoon,Womenswear & Underwear,$36.49,9,"30,106","15%
vs. open collab 10%",TABOOST010,Fashion Q4,13%,1,13%,4,vs. open collab 10%
1731301062995973008,Women's Winter Wool Blend Camel Mid-Long Coat ...,Molitree,Womenswear & Underwear,$56.99-$59.99,9,"16,736","15%
vs. open collab 10%",TABOOST010,Fashion Q4,13%,1,13%,4,vs. open collab 10%
1731327557245047797,Womens Soft Long Sleeve Crewneck Shirts Fall Cas...,Dokotoo,Womenswear & Underwear,$16.88-$21.88,9,"11,966","17%
vs. open collab 12%",TABOOST010,Fashion Q4,15%,1,6.18%,4,vs. open collab 12%
1731351808917082381,Women's Summer Shorts Outfit Loose Fit Stylish Solid U Neck...,WWZRWYRT,Womenswear & Underwear,$22.38-$23.14,9,"10,633","20%
vs. open collab 15%",TABOOST010,Fashion Q4,18%,1,18%,4,vs. open collab 15%
1731362430681059755,MAGCOMSEN Women's Waterproof Ski Jacket Hooded Fleec...,Magcomsen,Womenswear & Underwear,$59.99-$62.99,9,"12,110","13%
vs. open collab 8%",TABOOST010,Fashion Q4,11%,1,11%,4,vs. open collab 8%
1731402076225507795,UOOZEE Women's Plain 100% Cotton Minimalist Casual Elas...,UOOZEE USA,Womenswear & Underwear,$39.98-$39.99,9,"8,972","14%
vs. open collab 10%",TABOOST010,Fashion Q4,12%,1,12%,3,vs. open collab 10%
1731465583417136117,Womens Sweaters Long Sleeve V neck Warm Pullo...,Dokotoo,Womenswear & Underwear,$24.88-$35.88,9,"5,055","17%
vs. open collab 12%",TABOOST010,Fashion Q4,15%,1,6.18%,3,vs. open collab 12%
1731574649291772147,Women Winter Fleece Jacket Plaid Fleece Warm Co...,SCUSTY,Womenswear & Underwear,$41.99-$45.99,9,"6,641","15%
vs. open collab 10%",TABOOST010,Fashion Q4,13%,1,13%,3,vs. open collab 10%
1729389201393685313,X9 Pro Portable Tire Inflator 150PSI High-Pressure Co...,Fanttik,Tools & Hardware,$43.17,9,"176,709","13%
vs. open collab 7%",TABOOST011,Fanttik,11%,1,4.23%,4,vs. open collab 7%
1729390861839536961,【MothersDayGift】 Slim V8 Mate/V8 Apex Cordless C...,Fanttik,Household Appliances,$49.99-$59.99,9,"237,578","13%
vs. open collab 7%",TABOOST011,Fanttik,11%,1,4.23%,4,vs. open collab 7%
1729660694635778881,【MothersDayGift】 C8 Nano 3.7V Cordless Electric S...,Fanttik,Tools & Hardware,$36.99-$39.99,9,"81,843","13%
vs. open collab 7%",TABOOST011,Fanttik,11%,1,4.23%,4,vs. open collab 7%
1730416146756768577,"F2 Master Mini Cordless Rotary Tool Kit 4V, Brushless ...",Fanttik,Tools & Hardware,$53.99,9,"38,202","13%
vs. open collab 7%",TABOOST011,Fanttik,11%,1,4.23%,4,vs. open collab 7%
1730651939386331969,F2 PRO/ F2 Master Cordless Rotary Tool Kit 4V Strong...,Fanttik,Tools & Hardware,$53.99-$59.99,9,"20,613","13%
vs. open collab 7%",TABOOST011,Fanttik,11%,1,4.23%,4,vs. open collab 7%
1729385395533484984,"Summervibes,Meoky 32oz/40oz Double Mouth Car Mug with...",meoky shop,Kitchenware,$15.51-$18.42,9,"11,224","15%
vs. open collab 10%",TABOOST012,Home Q4,13%,1,13%,4,vs. open collab 10%
1729385401152279480,"Summervibes,Meoky 14oz Insulated Coffee Mug:Stainless st...",meoky shop,Kitchenware,$14.54-$16.48,9,"10,597","15%
vs. open collab 10%",TABOOST012,Home Q4,13%,1,13%,4,vs. open collab 10%
1729389709988303082,1 oz Scented Fragrance Oil For Diffuser - Refill Dropper Bottle,,~~~,$6.79,9,"25,554","20%
vs. open collab 15%",TABOOST012,Home Q4,18%,1,18%,4,vs. open collab 15%
1729398431965811321,"LUX Décor Non-Slip Bathtub Mat – Extra Large 40x16 Inches,...",,~~~,$11.99-$21.99,9,"26,006","20%

Open collab 10% - 15%",TABOOST012,Home Q4,18%,1,18%,4,vs. open collab 10%-15%
1729398962080093028,Laundry Sauce Premium Laundry Detergent Pods: Ultimate D...,,~~~,$31.28-$53.96,9,"20,948","20%
vs. open collab 15%",TABOOST012,Home Q4,18%,1,18%,4,vs. open collab 15%
1729399053441994966,"26 Pack Erasable Gel Pens, Retractable Fine Point Clicker Pen...",Shuttle Art,Computers & Office Equipment,$18.89,9,"90,704","10%

Open collab 5% - 10%",TABOOST012,Home Q4,8%,1,8%,4,vs. open collab 5%-10%
1729400449770492118,"Automatic Ink Control Acrylic Paint Markers, 24/3...",Shuttle Art,Computers & Office Equipment,$20.69-$53.99,9,"32,452","15%
vs. open collab 8%",TABOOST012,Home Q4,13%,1,13%,4,vs. open collab 8%
1729402021472080086,"Shuttle Art 240 Pack Glitter Gel Pens, 120 Colors Glitter Gel P...",,~~~,$30.99,9,"12,684","10%
vs. open collab 5%",TABOOST012,Home Q4,8%,1,8%,4,vs. open collab 5%
1729405875146363513,LUX DECOR 6-Pc Paisley & Solid Embroidered Bed Set- King ...,Lux Decor Collection,Textiles & Soft Furnishings,$12.99-$25.99,9,"191,354","15%
vs. open collab 10%",TABOOST012,Home Q4,13%,1,13%,4,vs. open collab 10%
1729408268190847371,ESN00 AI Smart Food Scale | 19 Nutrient Facts Auto ...,Etekcity,Kitchenware,$35.69-$63.02,9,"262,921","15%
vs. open collab 7%",TABOOST012,Home Q4,13%,1,13%,4,vs. open collab 7%
1729409619710284728,【Halloween Carnival】MEOKY 40oz Reusable Stainless Stee...,meoky shop,Kitchenware,$15.99-$26.99,9,"20,534","15%
vs. open collab 10%",TABOOST012,Home Q4,13%,1,13%,4,vs. open collab 10%
1729479616954077418,Premium Scented Fragrance Oil - Long-Lasting Scent for Diffu...,,~~~,$3.88,9,"69,080","20%
vs. open collab 15%",TABOOST012,Home Q4,18%,1,18%,4,vs. open collab 15%
1729485729254641860,"Nightstand with Charging Station and LED Lights, Nig...",Sikaic,Furniture,$89.99-$178.99,9,"23,003","15%

Open collab 8% - 10%",TABOOST012,Home Q4,13%,1,4.33%,4,vs. open collab 8%-10%
1729488469979140817,KOE Odor Eliminator 1 Gallon Concentrate – K.O.E. Odor Rem...,,~~~,$89.95,9,"4,848","18%
vs. open collab 13%",TABOOST012,Home Q4,16%,1,16%,3,vs. open collab 13%
1729499676318798468,"MIIFUNY Display Cabinet with Glass Doors, Storage Cabinet ...",,~~~,$190.11,9,"3,541","17%
vs. open collab 10%",TABOOST012,Home Q4,15%,1,15%,3,vs. open collab 10%
1729540993042453420,"Mother's Day Gifts, Washable Rugs for Living ...",BESTSWEETIE,Textiles & Soft Furnishings,$44.98-$289.99,9,"29,612","15%
vs. open collab 8%",TABOOST012,Home Q4,13%,1,13%,4,vs. open collab 8%
1729543892845826692,"MIIFUNY Display Cabinet with Glass Doors, Storage Cabinet ...",,~~~,$193.99,9,"2,352","17%
vs. open collab 10%",TABOOST012,Home Q4,15%,1,15%,3,vs. open collab 10%
1729544951238136127,【Mother's Day Gifts】Ergonomic Office Chair 400LBS Big ...,,~~~,$229.98-$249.98,9,"3,003","15%
vs. open collab 10%",TABOOST012,Home Q4,13%,1,6.93%,3,vs. open collab 10%
1729545681217491085,【Mother's Day Gifts】Whale Flotilla Reversible Patchwork Q...,,~~~,$25.52-$45.89,9,"33,386","15%
vs. open collab 7%",TABOOST012,Home Q4,13%,1,13%,4,vs. open collab 7%
1729578469707912165,Vamos Tile 100Pcs Water Proof Glossy White Peel and Stick B...,,~~~,$41.88-$46.53,9,"8,820","15%
vs. open collab 10%",TABOOST012,Home Q4,13%,1,4.33%,3,vs. open collab 10%
1729590912873370233,"Lux Decor 4 Piece Microfiber Bed Sheet Set, Ultra Soft Cooli...",Lux Decor Collection,Textiles & Soft Furnishings,$9.99-$23.99,9,"132,245","15%
vs. open collab 20%",TABOOST012,Home Q4,13%,1,13%,4,vs. open collab 20%
1729590946068730489,Lux Decor Paisley Bed Sheet Set – 4/6 Piece 100% Polyester ...,,~~~,$14.99-$29.99,9,"15,243","15%

Open collab 15% - 20%",TABOOST012,Home Q4,13%,1,13%,4,vs. open collab 15%-20%
1729602415282262110,Dryer Vent Cleaner Kit 2 Pieces Compatible with Most Vacuu...,,~~~,$13.16-$15.04,9,"58,847","20%

Open collab 16% - 19%",TABOOST012,Home Q4,18%,1,5.40%,4,vs. open collab 16%-19%
1729608370737681336,"Summervibes,【Meoky】24oz Tumbler with Handle & Straw ...",,~~~,$12.60-$17.45,9,"4,307","15%
vs. open collab 10%",TABOOST012,Home Q4,13%,1,13%,3,vs. open collab 10%
1729612445052015245,SAMPLE Mop Soap 4 Pack - 1 of Each Scent,,~~~,$12.99,9,"35,606","15%
vs. open collab 10%",TABOOST012,Home Q4,13%,1,13%,4,vs. open collab 10%
1729688110294799323,"【HOT】Small Space Vanity Desk, 100% Solid Wood Makeup...",Kaslandi,Furniture,$193.99-$322.51,9,"3,398","15%

Open collab 10% - 12%",TABOOST012,Home Q4,13%,1,13%,3,vs. open collab 10%-12%
1729707309447090914,Sweetcrispy Official - Mattress Topper Memory Foam Mattres...,,~~~,$19.98-$78.98,9,"28,535","10%
vs. open collab 5%",TABOOST012,Home Q4,8%,1,8%,4,vs. open collab 5%
1729708381675229922,"Bed Frame, Heavy Duty Metal Platform Bed Frames with Stor...",Sweetcrispy Official,Furniture,$44.98-$100.98,9,"26,738","10%
vs. open collab 5%",TABOOST012,Home Q4,8%,1,8%,4,vs. open collab 5%
1729708918033453794,【New Color】Dresser for Bedroom Drawer Dresser Organize...,Sweetcrispy Official,Furniture,$37.98-$49.98,9,"55,556","10%
vs. open collab 5%",TABOOST012,Home Q4,8%,1,8%,4,vs. open collab 5%
1729720926339895978,Sweetcrispy Collapsible Folding Wagon - Oxford Cloth Quick ...,,~~~,$34.98-$45.98,9,"22,595","10%
vs. open collab 5%",TABOOST012,Home Q4,8%,1,8%,4,vs. open collab 5%
1729751715804254493,Msrlassn Oversized Wearable Blanket Hoodie as Gifts for Mo...,,~~~,$20.99-$30.99,9,"49,978","16%
vs. open collab 8%",TABOOST012,Home Q4,14%,1,14%,4,vs. open collab 8%
1729994312049987716,Mop Head & Scrub Brush Refill For O-Cedar EasyWring 1 Tan...,TIDY MONSTER,Home Supplies,$6.99-$24.99,9,"110,316","15%
vs. open collab 10%",TABOOST012,Home Q4,13%,1,4.33%,4,vs. open collab 10%
1730188735800971892,"Portable Wireless Bluetooth Thermal Printer, Inkless Travel Pr...",,~~~,$69.99-$119.99,9,"12,539","15%

Open collab 10% - 15%",TABOOST012,Home Q4,13%,1,4.33%,4,vs. open collab 10%-15%
1730231626107752700,Liquid Activated LED Flash Crystal Cups Multicolor Water Acti...,,~~~,$13.50-$24.50,9,"19,404","22%

Open collab 12% - 14%",TABOOST012,Home Q4,20%,1,20%,4,vs. open collab 12%-14%
1730231861716881781,"JADENS Shipping Label Printer, Bluetooth Wireless Thermal L...",JADENS US,Computers & Office Equipment,$51.40-$92.13,9,"38,689","13%
vs. open collab 10%",TABOOST012,Home Q4,11%,1,11%,4,vs. open collab 10%
1730242071622226475,13oz Glass Cups with Plastic Lids & Glass...,DWTS DANWEITESI,Kitchenware,$18.99-$33.99,9,"24,727","18%
vs. open collab 13%",TABOOST012,Home Q4,16%,1,16%,4,vs. open collab 13%
1730436702488465415,"BOMASS 12"" 14"" Twin Full Queen King Size Mattress Gel Mem...",,~~~,$98.99-$290.00,9,"2,899","11%
vs. open collab 6%",TABOOST012,Home Q4,9%,1,9%,3,vs. open collab 6%
1730620061056339981,LED Bathroom Vanity Mirror for Wall with Double Front and Ba...,,~~~,$53.98-$102.98,9,"9,580","10%
vs. open collab 5%",TABOOST012,Home Q4,8%,1,8%,3,vs. open collab 5%
1730707139750498339,Magnifier Pro Disposable Clear field of view Private and easy ...,,~~~,$19.02,9,"29,651","21%
vs. open collab 16%",TABOOST012,Home Q4,19%,1,19%,4,vs. open collab 16%
1730742333622620523,Multi Plug Outlet Surge Protector - POWSAF 5 Outlet Extend...,,~~~,$15.81-$51.15,9,"88,833","15%
vs. open collab 10%",TABOOST012,Home Q4,13%,1,13%,4,vs. open collab 10%
1730751063974187021,"Dresser for Bedroom, Storage Drawers, Skinny Fabric Storag...",Sweetcrispy S,Furniture,$31.98-$46.98,9,"7,220","10%
vs. open collab 5%",TABOOST012,Home Q4,8%,1,8%,3,vs. open collab 5%
1730844570753273869,"【NEW COLOR】Folding Storage Ottoman Bench, Foot Rest ...",Sweetcrispy S,Furniture,$23.98-$45.98,9,"37,929","10%
vs. open collab 5%",TABOOST012,Home Q4,8%,1,8%,4,vs. open collab 5%
1730847249652158873,Electronic password Security Box，college dorm saferroomh...,,~~~,$26.82-$67.71,9,"23,023","15%
vs. open collab 8%",TABOOST012,Home Q4,13%,1,13%,4,vs. open collab 8%
1730860185720427178,Sweetcrispy Fabric Storage Tower Dresser - 5-Drawer Indoo...,Sweetcrispy Plus,Furniture,$38.98-$47.98,9,"57,766","10%
vs. open collab 5%",TABOOST012,Home Q4,8%,1,8%,4,vs. open collab 5%
1730945233440838169,"Sweetcrispy L-Shaped Overbed Bedside Table with Wheels, A...",,~~~,$53.98-$63.98,9,"29,257","10%
vs. open collab 5%",TABOOST012,Home Q4,8%,1,8%,4,vs. open collab 5%
1730959023881818740,"Inkless Portable Printer, Wireless Bluetooth Thermal Printer fo...",,~~~,$69.99-$119.99,9,"36,812","15%

Open collab 10% - 15%",TABOOST012,Home Q4,13%,1,4.33%,4,vs. open collab 10%-15%
1731000306466788161,"Magnifier Pro: Private, Simple, Reusable Base with Disposabl...",,~~~,$19.98,9,"19,537","21%
vs. open collab 16%",TABOOST012,Home Q4,19%,1,19%,4,vs. open collab 16%
1731074988885709538,"Nightstand with 2 Fabric Drawers, Dresser, End Table, Bedsid...",,~~~,$20.98-$36.98,9,"22,837","12%
vs. open collab 5%",TABOOST012,Home Q4,10%,1,10%,4,vs. open collab 5%
1731101723747259113,"Upgraded 5-spray 13'' Shower Head for Easy Reach, ...",Hibbent,Home Improvement,$94.07-$124.45,9,"6,627","17%
vs. open collab 10%",TABOOST012,Home Q4,15%,1,15%,3,vs. open collab 10%
1731103975257247876,Chenille Duster Replacement Heads for O-Cedar 2025 Uniqu...,TIDY MONSTER,Home Supplies,$9.99-$18.99,9,"61,715","15%
vs. open collab 10%",TABOOST012,Home Q4,13%,1,4.33%,4,vs. open collab 10%
1731137508895264852,"For O-Cedar Mop Head Refill, Mop Head & Scrub Brush Rep...",,~~~,$10.99-$28.47,9,"29,130","10%
vs. open collab 5%",TABOOST012,Home Q4,8%,1,8%,4,vs. open collab 5%
1731145661588869354,Scented Mop Soap - Floor Cleaner for Home - Hotel Luxury S...,,~~~,$11.50-$13.00,9,"18,082","20%
vs. open collab 15%",TABOOST012,Home Q4,18%,1,18%,4,vs. open collab 15%
1731197890417693354,"Recliner Chair for Living Room, Massage Recliner Chair Theat...",,~~~,$165.98,9,"2,102","6%
vs. open collab 5%",TABOOST012,Home Q4,4%,1,4%,3,vs. open collab 5%
1731222043674906939,Winners Find A Way. Losers Find An Excuse. Banner – 48 x 2...,,~~~,$19.95,9,"12,466","25%
vs. open collab 15%",TABOOST012,Home Q4,23%,1,23%,4,vs. open collab 15%
1731292282005852278,【ADHD Cleaning Planner】Household Daily Cleaning Sched...,,~~~,$9.60,9,"45,081","15%
vs. open collab 10%",TABOOST012,Home Q4,13%,1,13%,4,vs. open collab 10%
1731330675053532088,【POWCAN-Clearance Sale 】40ozWith Handle 2-In-1 Stra...,,~~~,$11.99-$41.50,9,"7,267","15%
vs. open collab 10%",TABOOST012,Home Q4,13%,1,13%,3,vs. open collab 10%
1731386718976053251,Queen Size Mattress Full Size Medium Firm Hybrid for Coupl...,,~~~,$119.00-$299.00,9,"2,148","11%
vs. open collab 5%",TABOOST012,Home Q4,"9%
",1,2.45%,3,vs. open collab 5%
1731394075321668399,Truly Free Wrinkle & Static Release Kit | INCLUDES 1 EMPTY B...,,~~~,$19.35,9,"9,771","38%
vs. open collab 15%",TABOOST012,Home Q4,36%,1,18.95%,3,vs. open collab 15%
1731439874601030370,【New Color】Folding Storage Ottoman Bench Modern Linen...,,~~~,$23.98-$84.98,9,"30,681","10%
vs. open collab 5%",TABOOST012,Home Q4,8%,1,8%,4,vs. open collab 5%
1731473837202117538,Disney Princess Leakproof Cruiser,,~~~,$40.00-$45.00,9,"5,849","21%
vs. open collab 15%",TABOOST012,Home Q4,19%,1,19%,3,vs. open collab 15%
1731473843342513058,Disney Princess Go Cup XL 30oz Leakproof Silicone Water Bo...,,~~~,$40.50,9,"5,859","21%
vs. open collab 15%",TABOOST012,Home Q4,19%,1,19%,3,vs. open collab 15%
1731567992767550255,Sleek Socket Original & Patented Ultra-Thin Outlet Concealer ...,,~~~,$23.22-$32.53,9,"45,322","25%
vs. open collab 20%",TABOOST012,Home Q4,23%,1,23%,4,vs. open collab 20%
1731583042243170986,"【Value Pack】Leather-Padded Folding Chair, Sturdy Metal Fr...",,~~~,$40.98-$249.98,9,"5,726","10%
vs. open collab 5%",TABOOST012,Home Q4,8%,1,8%,3,vs. open collab 5%
1731583186078437389,"Floor Mirror Stand Mirror Full Length , With LED Lights and No...",Sweetcrispy S,Home Supplies,$43.98-$92.98,9,"22,764","10%
vs. open collab 5%",TABOOST012,Home Q4,8%,1,8%,4,vs. open collab 5%
1731605566620864946,SUPER Bright Zoomable LED Headlamp 200m Long Range U...,,~~~,$8.50-$11.28,9,"8,042","15%
vs. open collab 10%",TABOOST012,Home Q4,13%,1,13%,3,vs. open collab 10%
1731633881696866841,"Sweetcrispy LED Lighted Vanity Mirror - Adjustable Lighted, 3 ...",Sweetcrispy Shop,Home Supplies,$25.98-$53.98,9,"49,744","10%
vs. open collab 5%",TABOOST012,Home Q4,8%,1,8%,4,vs. open collab 5%
1731638069457884110,"One Fire Aurora Ambient Lighting for Bedroom, Birthday Gift...",,~~~,$23.67-$48.99,9,"23,892","10%
vs. open collab 10%",TABOOST012,Home Q4,8%,1,8%,4,vs. open collab 10%
1731653641079591614,【Mother's Day Gift】(2-Pack) Wrapping Paper Cutter & Tap...,,~~~,$23.99,9,"8,594","10%
vs. open collab 5%",TABOOST012,Home Q4,8%,1,8%,3,vs. open collab 5%
1731670767297926119,Onefire Night Light For Kids Birthday Gifts 15 Films & 15 Whit...,,~~~,$27.00-$54.00,9,"9,737","10%
vs. open collab 10%",TABOOST012,Home Q4,8%,1,8%,3,vs. open collab 10%
1731677982551413184,CoffeeCup 380ml Electric Coffee Mug with Lazy Rotating M...,,~~~,$9.88-$10.88,9,"40,313","17%
vs. open collab 10%",TABOOST012,Home Q4,15%,1,15%,4,vs. open collab 10%
1731718516759498832,Cosyaby Waterproof Mattress topper cover 3pcs (Twin size:2...,,~~~,$16.99,9,"5,924","10%
vs. open collab 5%",TABOOST012,Home Q4,8%,1,8%,3,vs. open collab 5%
1731753064244286392,"Summervibes,MEOKY 40oz Tumbler,Stainless Steel Insulate...",,~~~,$21.99,9,"5,981","15%
vs. open collab 10%",TABOOST012,Home Q4,13%,1,13%,3,vs. open collab 10%
1731825708910613432,"Summervibes,[Meoky Skull Pattern Series] 24oz Water Bottle ...",,~~~,$13.57-$13.77,9,"3,287","15%
vs. open collab 10%",TABOOST012,Home Q4,13%,1,13%,3,vs. open collab 10%
1731826804297143175,"Multifunctional Garlic Grinder, Compact Design, Professional ...",,~~~,$7.99,9,"8,530","15%
vs. open collab 10%",TABOOST012,Home Q4,13%,1,13%,3,vs. open collab 10%
1731827528988922759,(13.39in) 2XL Waterproof Rain Boot Shoe Cover Non-Slip W...,,~~~,$14.54,9,"2,715","15%
vs. open collab 10%",TABOOST012,Home Q4,13%,1,13%,3,vs. open collab 10%
1731832872560399295,"Drill-free Telescopic Tension Rod for hanging Clothes, Adjust...",,~~~,$20.90-$32.90,9,"10,164","15%
vs. open collab 10%",TABOOST012,Home Q4,13%,1,13%,4,vs. open collab 10%
1731862298914493375,Drill-Free Telescopic Tension Rod for Hanging Clothes，adjus...,,~~~,$20.90-$32.90,9,"13,427","15%
vs. open collab 10%",TABOOST012,Home Q4,13%,1,13%,4,vs. open collab 10%
1729413001696809465,Gatorade Insulated Squeeze Bottles,,~~~,$14.99,0,"1,572","13%
vs. open collab 10%",TABOOST018,Misc Products,12%,1,12%,2,vs. open collab 10%
1729429780269863764,Fuel Multi Collagen Peptides Hydrolized ALL IN ONE Beauty P...,,~~~,$36.00-$42.00,0,"8,514","23%
vs. open collab 20%",TABOOST018,Misc Products,22%,1,11.48%,2,vs. open collab 20%
1729440695404958621,3-Piece Cutting Board Set - Bamboo Wood Chopping Board...,,~~~,$17.94,0,"1,587","13%
vs. open collab 10%",TABOOST018,Misc Products,12%,1,12%,2,vs. open collab 10%
1729457221611458715,Grüns Superfood Greens Gummies (Low-Sugar): Comprehe...,,~~~,$18.42-$63.04,0,"33,608","18%
vs. open collab 15%",TABOOST018,Misc Products,17%,1,4.72%,3,vs. open collab 15%
1729530534517248155,Grüns Superfood Greens Gummies (Sugar-Free): 21+ Vitami...,,~~~,$26.18-$61.97,0,"8,444","18%
vs. open collab 15%",TABOOST018,Misc Products,17%,1,4.72%,2,vs. open collab 15%
1729550655709549029,"Ergonomic Office Chair, High Back Computer Mesh Swivel R...",,~~~,$56.99-$90.98,0,"12,730","8%
vs. open collab 5%",TABOOST018,Misc Products,7%,1,7%,3,vs. open collab 5%
1729550660567470565,"Nightstand with 2 Fabric Drawers, Small Dresser, Side Table, ...",,~~~,$18.99-$32.99,0,"5,026","8%
vs. open collab 5%",TABOOST018,Misc Products,7%,1,7%,2,vs. open collab 5%
1729586201367908857,Gatorade | Overtime Stainless Steel Bottle | Screw Cap 22oz,,~~~,$29.99,0,"1,703","8%
vs. open collab 5%",TABOOST018,Misc Products,7%,1,7%,2,vs. open collab 5%
1729588374250099173,Adjustable Overbed Table with Wheels for Hospital and Hom...,,~~~,$44.99,0,"18,821","8%
vs. open collab 5%",TABOOST018,Misc Products,7%,1,7%,3,vs. open collab 5%
1729596772709470693,16-Gallon Kitchen Trash Can Dual Compartment Stainless Ste...,,~~~,$100.98,0,"5,227","8%
vs. open collab 5%",TABOOST018,Misc Products,7%,1,7%,2,vs. open collab 5%
1729634468431302884,"16oz Collagen Peptides Powder - Unflavored, 20g Grass-Fed ...",,~~~,$24.85-$49.71,0,"1,269","28%
vs. open collab 20%",TABOOST018,Misc Products,27%,1,14.46%,2,vs. open collab 20%
1729707368469860837,"[Deal] 4 Storage Drawer Dresser for Bedroom, Fabric Storage ...",,~~~,$28.98-$30.98,0,"1,424","8%
vs. open collab 5%",TABOOST018,Misc Products,7%,1,7%,2,vs. open collab 5%
1729707915544334821,"[Deal] Small Nightstand with 2 Storage Drawers, 20"" Height ...",,~~~,$18.99-$32.99,0,"6,009","8%
vs. open collab 5%",TABOOST018,Misc Products,7%,1,7%,2,vs. open collab 5%
1729736128050205172,Honey Glow Serum - Propolis Energy Ampoule with Hyaluroni...,,~~~,$9.99-$16.90,0,"1,196","18%
vs. open collab 15%",TABOOST018,Misc Products,17%,1,17%,2,vs. open collab 15%
1729737762218676724,"Honey Lip Butter, Propolis Lipcerin, Hydrating, Gentle Exfolia...",,~~~,$11.99,0,"13,817","18%
vs. open collab 15%",TABOOST018,Misc Products,17%,1,17%,3,vs. open collab 15%
1729852390256841204,Sensitive Skin Soothing Duo (Propolis Rescue Ampule + Tone...,,~~~,$31.98,0,"1,121","18%
vs. open collab 15%",TABOOST018,Misc Products,17%,1,17%,2,vs. open collab 15%
1730195184299380913,VAHDAM KSM-66 Ashwagandha Coffee | Instant Coffee with ...,,~~~,$24.24-$49.99,0,"11,602","30%
vs. open collab 20%",TABOOST018,Misc Products,29%,1,9.67%,3,vs. open collab 20%
1730316681298547145,Zhou Black Seed Oil Liquid for Adults – Cold-Pressed Black ...,,~~~,$18.99-$29.25,0,"9,045","23%
vs. open collab 20%",TABOOST018,Misc Products,22%,1,22%,2,vs. open collab 20%
1730318034359259512,Valerian Root Extract 50mg,,~~~,$18.99-$20.78,0,"1,935","23%
vs. open collab 20%",TABOOST018,Misc Products,22%,1,22%,2,vs. open collab 20%
1730446786587366056,Pink Stork 40:1 Myo-Inositol + D-Chiro Inositol | 1 Month Sup...,,~~~,$20.24,0,"1,075","18%
vs. open collab 20%",TABOOST018,Misc Products,17%,1,12.28%,2,vs. open collab 20%
1730458325189693457,Allclair Herbal Inhaler (2-Pack) - All-Natural Therapeutic Reme...,,~~~,$11.34-$16.28,0,"7,678","23%
vs. open collab 20%",TABOOST018,Misc Products,22%,1,22%,2,vs. open collab 20%
1730511307584147741,"Biotin Complex 5000mcg | Hair, Skin & Nail Vitamins with Coll...",,~~~,$12.76,0,"1,055","33%
vs. open collab 30%",TABOOST018,Misc Products,32%,1,32%,2,vs. open collab 30%
1730560664017801592,Solaray Magnesium Glycinate 350 mg Capsules for Adults – ...,,~~~,$17.99-$43.45,0,"3,178","23%
vs. open collab 20%",TABOOST018,Misc Products,22%,1,22%,2,vs. open collab 20%
1730770745216045341,"Brain Booster Plus | Memory, Focus & Clarity | Lion’s Mane Mu...",,~~~,$29.45,0,"1,453","33%
vs. open collab 30%",TABOOST018,Misc Products,32%,1,32%,2,vs. open collab 30%
1730895820964729512,"Pink Stork Total Prenatal Vitamins with DHA, Iron, Methylated...",,~~~,$25.79,0,"4,850","23%
vs. open collab 20%",TABOOST018,Misc Products,22%,1,12.43%,2,vs. open collab 20%
1731108047132004852,"Propolis Jelly Lipcerin, Tinted Lip Balm, Hydrating, Glowy, De...",,~~~,$11.20,0,"8,570","18%
vs. open collab 15%",TABOOST018,Misc Products,17%,1,17%,2,vs. open collab 15%
1731257514211840680,Pink Stork Cortisol Supplements for Women | Stress + Adren...,,~~~,$23.40,0,"1,392","23%
vs. open collab 20%",TABOOST018,Misc Products,22%,1,12.43%,2,vs. open collab 20%
1731284145436464039,Microplane Premium Classic Series Zester - Ultra-Sharp Stain...,,~~~,$13.82-$15.83,0,"1,829","18%
vs. open collab 15%",TABOOST018,Misc Products,17%,1,17%,2,vs. open collab 15%
1731404358038557048,Solaray Zinc Copper VegCaps for Adults – 50 mg Zinc Supple...,,~~~,$18.99-$22.38,0,"8,818","23%
vs. open collab 20%",TABOOST018,Misc Products,22%,1,22%,2,vs. open collab 20%
1731404383804559736,Solaray Papaya Enzyme Chewables – Digestive Enzyme Supp...,,~~~,$18.99-$23.98,0,"7,610","23%
vs. open collab 20%",TABOOST018,Misc Products,22%,1,22%,2,vs. open collab 20%
1731737952838127992,"Solaray Testosterone Support Capsules for Men – Tesnor, Ton...",,~~~,$27.99-$55.99,0,"1,209","23%
vs. open collab 20%",TABOOST018,Misc Products,22%,1,22%,2,vs. open collab 20%
1731788064368857464,Solaray Ultimate Wellness Bundle 3-Pack - Magnesium Glycin...,,~~~,$41.98-$43.39,0,"3,624","23%
vs. open collab 20%",TABOOST018,Misc Products,22%,1,22%,2,vs. open collab 20%
1731848824093708465,VAHDAM Turmeric Curcumin 2000mg | 95% Curcuminoids wi...,,~~~,$24.99-$49.99,0,"11,195","30%
vs. open collab 25%",TABOOST018,Misc Products,29%,1,9.67%,3,vs. open collab 25%
1731884966763991656,Earth Breeze Laundry Detergent Sheets 4-Pack Bundle: Pow...,,~~~,$43.20,0,"1,549","23%
vs. open collab 20%",TABOOST018,Misc Products,22%,1,22%,2,vs. open collab 20%
1731996819249271400,"Earth Breeze Laundry Detergent Sheets: Powerful Clean, Saf...",,~~~,$12.31,0,"23,046","23%
vs. open collab 20%",TABOOST018,Misc Products,22%,1,22%,3,vs. open collab 20%
1731997084569211360,Hardcore Grief Recovery Workbook by Steve Case - 144 Pag...,,~~~,$7.94,0,"2,551","18%
vs. open collab 15%",TABOOST018,Misc Products,17%,1,17%,2,vs. open collab 15%
1732081297743712325,Roomba® Plus 405 Combo Robot Vacuum & Mop + AutoWas...,,~~~,$499.99,0,"1,056","13%
vs. open collab 10%",TABOOST018,Misc Products,12%,1,7.38%,2,vs. open collab 10%
1732084817215787077,"Roomba® 105 Combo Robot Vacuum & Mop – 70X Suction, 2...",,~~~,$169.99,0,"1,182","13%
vs. open collab 10%",TABOOST018,Misc Products,12%,1,7.38%,2,vs. open collab 10%
1732115320752410690,Ultra Focus Pouches - Nootropics with 6 Clean Ingredients fo...,,~~~,$38.00-$99.00,0,"7,713","23%
vs. open collab 20%",TABOOST018,Misc Products,22%,1,14.35%,2,vs. open collab 20%
1729406688861786723,"Comfort Powder Spray - Original Scent, Body Powder Body ...",,~~~,$18.00,200,"3,936","18%
vs. open collab 15%",TABOOST019,High Opportunity,17%,1,17%,2,vs. open collab 15%
1729406692968469091,Body and Nut Wash - 14 oz Shower Gel Moisturizing Body ...,,~~~,$20.00,200,"2,830","18%
vs. open collab 15%",TABOOST019,High Opportunity,17%,1,17%,2,vs. open collab 15%
1729457814848049889,"Tongue Brush & Tongue Scraper, Reduce Bad Breath & Impro...",,~~~,$9.99-$19.99,200,"4,453","18%
vs. open collab 15%",TABOOST019,High Opportunity,17%,1,17%,2,vs. open collab 15%
1729498484593693155,Duke Cannon Supply Co. THICK High-Viscosity Body Wash -...,,~~~,$21.76,200,"9,901","20%
vs. open collab 17%",TABOOST019,High Opportunity,19%,1,19%,2,vs. open collab 17%
1729532679317196840,Murad Deep Relief Acne Treatment with 2% Salicylic Acid & P...,Murad Skincare,Beauty & Personal Care,$45.00-$72.00,200,"40,315","18%
vs. open collab 15%",TABOOST019,High Opportunity,17%,1,17%,3,vs. open collab 15%
1729532681148796968,Murad 30-Day InvisiScar Kit | Acne Control Clarifying Cleans...,Murad Skincare,Beauty & Personal Care,$40.00,200,"3,928","18%
vs. open collab 15%",TABOOST019,High Opportunity,17%,1,17%,2,vs. open collab 15%
1729532742794186792,Murad InvisiScar Resurfacing Treatment,,~~~,$39.00,200,"4,713","18%
vs. open collab 15%",TABOOST019,High Opportunity,17%,1,17%,2,vs. open collab 15%
1729535409023521357,"NEOSTRATA Triple Firming Neck Cream to Smooth, Tighten a...",,~~~,$95.00-$97.00,200,"6,568","23%
vs. open collab 20%",TABOOST019,High Opportunity,22%,1,22%,2,vs. open collab 20%
1729548182407123955,Brownmed - IMAK Weighted Eye Pillow - Cooling Sleep Eye ...,,~~~,$12.74,200,"2,150","15%
vs. open collab 12%",TABOOST019,High Opportunity,14%,1,14%,2,vs. open collab 12%
1729589500867547692,Bare Bones Instant Bone Broth | 10g Protein & 5g Collagen | ...,,~~~,$25.20-$89.10,200,"9,414","18%
vs. open collab 15%",TABOOST019,High Opportunity,17%,1,9.44%,2,vs. open collab 15%
1729619842897449697,Mouthology 10% Nano-Hydroxyapatite Toothpaste | Fluoride...,,~~~,$14.39-$67.49,200,"13,183","25%
vs. open collab 22%",TABOOST019,High Opportunity,24%,1,24%,3,vs. open collab 22%
1729648322798784552,Murad Acne Body Duo Savings Bundle,Murad Skincare,Beauty & Personal Care,$65.45,200,"3,723","18%
vs. open collab 15%",TABOOST019,High Opportunity,17%,1,17%,2,vs. open collab 15%
1729669452750360616,Murad Nutrient-Charged Water Gel,,~~~,$52.00,200,"5,895","18%
vs. open collab 15%",TABOOST019,High Opportunity,17%,1,17%,2,vs. open collab 15%
1729710160293171309,Sleep Blackberry Zen - Melatonin Gummy Supplement for Be...,OLLY Wellness,Health,$11.69,200,"6,385","23%
vs. open collab 20%",TABOOST019,High Opportunity,22%,1,22%,2,vs. open collab 20%
1729710165342982253,"OLLY Women's Multivitamin Gummy - Vitamins A, D, C, E, Bio...",OLLY Wellness,Health,$11.69,200,"2,796","23%
vs. open collab 20%",TABOOST019,High Opportunity,22%,1,22%,2,vs. open collab 20%
1729890161423586073,Olay Balancing Cream Cleanser with Collagen Peptide - Hydra...,,~~~,$7.99,200,"5,176","33%
vs. open collab 10%",TABOOST019,High Opportunity,32%,1,32%,2,vs. open collab 10%
1729922922268693056,TruHeight® Growth Protein Shake,,~~~,$36.34-$201.88,200,"2,165","20%
vs. open collab 15%",TABOOST019,High Opportunity,19%,1,6.65%,2,vs. open collab 15%
1730316702213247433,Zhou Creatine Chews for Active Adults – 5 g Creatine Monohy...,,~~~,$22.04-$44.09,200,"2,406","23%
vs. open collab 20%",TABOOST019,High Opportunity,22%,1,9.57%,2,vs. open collab 20%
1730397799133188997,Suavecita Pomade - Water Soluble Hair Pomade for Women -...,,~~~,$9.41,200,"24,236","25%
vs. open collab 20%",TABOOST019,High Opportunity,24%,1,14.40%,3,vs. open collab 20%
1730519181834818329,"Olay Super Cream with Sunscreen SPF 30, Ultra Lightweight ...",Olay Skin Care,Beauty & Personal Care,$36.20,200,"2,215","23%
vs. open collab 10%",TABOOST019,High Opportunity,22%,1,22%,2,vs. open collab 10%
1730592848930246805,Nécessaire The Deodorant Olibanum | Natural Aluminum Free...,,~~~,$24.00,200,"2,334","18%
vs. open collab 15%",TABOOST019,High Opportunity,17%,1,17%,2,vs. open collab 15%
1730665004601872493,"OLLY Metabolism Gummy Rings, Apple Cider Vinegar, Vitami...",,~~~,$16.70-$20.88,200,"8,370","23%
vs. open collab 20%",TABOOST019,High Opportunity,22%,1,22%,2,vs. open collab 20%
1730713310014443765,AUXITO 10x White LED T10 194 168 W5W Interior Map Dome ...,,~~~,$14.99-$19.99,200,"3,656","11%
vs. open collab 8%",TABOOST019,High Opportunity,10%,1,4.55%,2,vs. open collab 8%
1730889722361516745,Rocco & Roxie Extreme Stain & Odor Eliminator | Clean Carpe...,,~~~,$19.10,200,"9,563","23%
vs. open collab 20%",TABOOST019,High Opportunity,22%,1,22%,2,vs. open collab 20%
1730927750073390061,New Chapter Magnesium + Ashwagandha Supplement | 325 ...,,~~~,$13.60-$28.80,200,"11,078","23%
vs. open collab 20%",TABOOST019,High Opportunity,22%,1,22%,3,vs. open collab 20%
1731002439264997621,AUXITO White LED H8/H9/H11 Headlight E2 Series Bulbs Lo...,,~~~,$24.99-$44.99,200,"4,074","11%
vs. open collab 8%",TABOOST019,High Opportunity,10%,1,4.55%,2,vs. open collab 8%
1731083160840934277,"Suavecito Pomade - Available in Medium or Strong Hold, No ...",SuavecitoPomade,Beauty & Personal Care,$11.52-$12.29,200,"3,748","23%
vs. open collab 20%",TABOOST019,High Opportunity,22%,1,14.35%,2,vs. open collab 20%
1731087495253103435,Wild & Organic's Saffron Drops - 88.5 mg Saffron Supplemen...,,~~~,$14.54-$20.20,200,"4,476","28%
vs. open collab 25%",TABOOST019,High Opportunity,27%,1,27%,2,vs. open collab 25%
1731315460756181484,"Vital Proteins Collagen Peptides Advanced - Unflavored, 9.3...",Vital Proteins Shop,Health,$25.63,200,"3,068","16%
vs. open collab 13%",TABOOST019,High Opportunity,15%,1,12.19%,2,vs. open collab 13%
1731315505132573164,"Vital Proteins Collagen Peptides Powder, Promotes Hair, Nail,...",,~~~,$23.73,200,"15,358","16%
vs. open collab 13%",TABOOST019,High Opportunity,15%,1,12.19%,3,vs. open collab 13%
1731315578956386796,Vital Proteins Chocolate Collagen - Peptides Powder Supple...,Vital Proteins Shop,Health,$23.73,200,"7,035","16%
vs. open collab 13%",TABOOST019,High Opportunity,15%,1,12.19%,2,vs. open collab 13%
1731364125255504234,"Youtheory Ashwagandha Liquid - 12 Single Servings, Blueberr...",youtheory,Health,$20.99,200,"4,036","28%
vs. open collab 25%",TABOOST019,High Opportunity,27%,1,27%,2,vs. open collab 25%
1731544559900922108,LUMIFY Redness Reliever Eye Drops (2.5mL),,~~~,$11.95,200,"22,316","23%
vs. open collab 20%",TABOOST019,High Opportunity,22%,1,22%,3,vs. open collab 20%
1731986187239002792,"Pink Stork Beef Organ Supplement for Women | Liver, Heart, ...",,~~~,$17.64,200,"2,101","26%
vs. open collab 21%",TABOOST019,High Opportunity,25%,1,12.50%,2,vs. open collab 21%
1732051464785728256,"Aussie Ultra Wonder Gel Crème Moisturizing Hold Styler, with ...",,~~~,$12.99,200,"5,406","33%
vs. open collab 20%",TABOOST019,High Opportunity,32%,1,32%,2,vs. open collab 20%
1732061857916490588,Pantene Pro-V Abundant & Strong Daily Scalp & Root Serum...,,~~~,$25.00,200,"5,685","28%
vs. open collab 25%",TABOOST019,High Opportunity,27%,1,27%,2,vs. open collab 25%
1732077196616897305,Regenerist Face & Neck Lifting Treatment,,~~~,$31.49,200,"3,314","38%
vs. open collab 10%",TABOOST019,High Opportunity,37%,1,37%,2,vs. open collab 10%
1729385701444260182,Glass Skin Veil Mist,,~~~,$16.00-$31.00,"1,000",868,"15%
vs. open collab 15%",TABOOST020,Beauty 2026,15%,1,15%,0,vs. open collab 15%
1729410098378478545,"Milk Makeup Hydro Grip Primer, Hydrates & Grips Makeup for 12 Hours, Prevents Caking & Creasing, Fragrance-Free, Vegan & Cruelty Free",,~~~,$20.00-$70.00,"1,000","2,062","18%
vs. open collab 18%",TABOOST020,Beauty 2026,18%,1,18%,1,vs. open collab 18%
1729410100298355665,"Milk Makeup Matte Bronzer Stick - Buildable Cream Bronzer for Natural Matte Finish & Sunkissed Warmth, 1,000+ Swipes Per Stick, 0.19 oz Brush Cosmetic",,~~~,$24.00,"1,000",374,"18%
vs. open collab 18%",TABOOST020,Beauty 2026,18%,1,18%,0,vs. open collab 18%
1729410100670665681,"Milk Makeup KUSH Brow Lamination Gel, Lifts and Sets Brows for 8 Hours, Laminated Look with Hemp Seed Oil, Clear Flexible Hold, 0.17oz",,~~~,$24.00,"1,000",34,"18%
vs. open collab 18%",TABOOST020,Beauty 2026,18%,1,18%,0,vs. open collab 18%
1729410100947882961,"Milk Makeup Pore Eclipse Mattifying Primer, Blurs Pores & Controls Shine, Smooth Soft-Matte Finish, Non-Comedogenic, Vegan",,~~~,$20.00-$38.00,"1,000",435,"18%
vs. open collab 18%",TABOOST020,Beauty 2026,18%,1,18%,0,vs. open collab 18%
1729410102014350289,"Milk Makeup Sculpt Stick, Cool-Toned Cream Contour, Buildable & Blendable Finish, 1,000+ Swipes Per Stick, Non-Comedogenic, Vegan & Cruelty Free, 0.19 oz",,~~~,$24.00,"1,000","4,387","18%
vs. open collab 18%",TABOOST020,Beauty 2026,18%,1,18%,1,vs. open collab 18%
1729439512325493713,"Milk Makeup Cooling Water Jelly Tint, Hydrating Blush & Lip Stain, Bouncy pH-Powered Formula, Long-Lasting Color, Vegan & Cruelty Free, 0.17 oz",,~~~,$26.00,"1,000","13,527","18%
vs. open collab 18%",TABOOST020,Beauty 2026,18%,1,18%,2,vs. open collab 18%
1729446006746289105,"Milk Makeup The Icons Set, Hydro Grip Primer Mini, Matte Bronzer Baked Full Size, Natural Sunkissed Glow & Long-Lasting Hold, Makeup Skin Care Bundle",,~~~,$30.00,"1,000",173,"18%
vs. open collab 18%",TABOOST020,Beauty 2026,18%,1,18%,0,vs. open collab 18%
1729446416341308369,"[TTS Special] Hydro Grip MVPs Bundle Gift Set, Hydrating Face Primer and Setting Spray Foundation Hydrating",Milk Makeup,Beauty & Personal Care,$45.00,"1,000","4,558","18%
vs. open collab 18%",TABOOST020,Beauty 2026,18%,1,18%,1,vs. open collab 18%
1729453492752978613,Make It Last Sunscreen - Sunscreen Setting Spray SPF 30,,~~~,$18.49,"1,000",71,"15%
vs. open collab 15%",TABOOST020,Beauty 2026,15%,1,15%,0,vs. open collab 15%
1729453494396687029,Milani Cosmetics Highly Rated Lash Extensions Mascara,,~~~,$14.99,"1,000","1,950","15%
vs. open collab 15%",TABOOST020,Beauty 2026,15%,1,15%,1,vs. open collab 15%
1729453496796811957,Milani Fruit Fetish Lip Oils - Hydrating Gloss Lipgloss Moisture,,~~~,$12.99,"1,000",630,"15%
vs. open collab 15%",TABOOST020,Beauty 2026,15%,1,15%,0,vs. open collab 15%
1729453498450678453,Highly Rated Anti-Gravity Mascara,,~~~,$12.99,"1,000",50,"15%
vs. open collab 15%",TABOOST020,Beauty 2026,15%,1,15%,0,vs. open collab 15%
1729453506895844021,"Milani No Pore Zone Mattifying Primer - Lightweight, Cruelty-Free",,~~~,$14.99,"1,000",49,"15%
vs. open collab 15%",TABOOST020,Beauty 2026,15%,1,15%,0,vs. open collab 15%
1729453507000046261,Make It Last Matte - Matte Finish Charcoal Setting Spray,,~~~,$13.99,"1,000",72,"15%
vs. open collab 15%",TABOOST020,Beauty 2026,15%,1,15%,0,vs. open collab 15%
1729453512365806261,Make It Last Dewy - Dewy Finish Setting Spray,,~~~,$13.99,"1,000",107,"15%
vs. open collab 15%",TABOOST020,Beauty 2026,15%,1,15%,0,vs. open collab 15%
1729453515575562933,Conceal + Perfect Smooth Finish Cream To Powder,,~~~,$12.99,"1,000",155,"15%
vs. open collab 15%",TABOOST020,Beauty 2026,15%,1,15%,0,vs. open collab 15%
1729454633131348661,Milani Cheek Kiss Cream Bronzer,,~~~,$13.99,"1,000",563,"15%
vs. open collab 15%",TABOOST020,Beauty 2026,15%,1,15%,0,vs. open collab 15%
1729454633583612597,Stay Put Liquid Lip Longwear Lipstick,,~~~,$13.49,"1,000",98,"15%
vs. open collab 15%",TABOOST020,Beauty 2026,15%,1,15%,0,vs. open collab 15%
1729454633760297653,Color Fetish Matte Lipstick,,~~~,$7.99-$11.99,"1,000",462,"15%
vs. open collab 15%",TABOOST020,Beauty 2026,15%,1,15%,0,vs. open collab 15%
1729454633768161973,Conceal + Perfect 2-In-1 Foundation and Concealer Medium to Full Coverage,,~~~,$12.99,"1,000","1,426","15%
vs. open collab 15%",TABOOST020,Beauty 2026,15%,1,15%,1,vs. open collab 15%
1729454634006057653,Conceal + Perfect Undereye Brightener,,~~~,$5.49,"1,000",276,"15%
vs. open collab 15%",TABOOST020,Beauty 2026,15%,1,15%,0,vs. open collab 15%
1729454634324562613,Milani Color Fetish Hydrating Lip Stain Hyaluronic Acid Longlasting,,~~~,$14.99,"1,000",303,"15%
vs. open collab 15%",TABOOST020,Beauty 2026,15%,1,15%,0,vs. open collab 15%
1729454635282633397,Conceal + Perfect Longwear Concealer,,~~~,$11.99,"1,000",560,"15%
vs. open collab 15%",TABOOST020,Beauty 2026,15%,1,15%,0,vs. open collab 15%
1729460338105094714,Eight Hour® HydraPlay™ Skin Perfecting Daily Moisturizer,,~~~,$39.20,"1,000",102,"15%
vs. open collab 15%",TABOOST020,Beauty 2026,15%,1,15%,0,vs. open collab 15%
1729460338163290682,Eight Hour® Miracle Hydrating Mist,,~~~,$28.80,"1,000",17,"15%
vs. open collab 15%",TABOOST020,Beauty 2026,15%,1,15%,0,vs. open collab 15%
1729460338969514554,"Elizabeth Arden Eight Hour Cream Nourishing Lip Balm SPF 20 | Daily Treatment with UVA/UVB Protection, Shines Softens & Moisturizes All Day",,~~~,$30.40,"1,000",58,"15%
vs. open collab 15%",TABOOST020,Beauty 2026,15%,1,15%,0,vs. open collab 15%
1729480528695171025,Milk Makeup Hydro Grip Gel Concealer Stick,,~~~,$29.00,"1,000",488,"18%
vs. open collab 18%",TABOOST020,Beauty 2026,18%,1,18%,0,vs. open collab 18%
1729491491320205882,"Elizabeth Arden Ceramide Lift and Firm Cream Makeup | Lightweight Foundation with Ceramide Triple Complex for Smooth Skin, 30ML 1oz",,~~~,$42.40,"1,000",16,"15%
vs. open collab 15%",TABOOST020,Beauty 2026,15%,1,15%,0,vs. open collab 15%
1729496062826157749,"Milani Baked Glow Trio – Blush, Bronzer & Highlighter Trio",,~~~,$38.97,"1,000",19,"15%
vs. open collab 15%",TABOOST020,Beauty 2026,15%,1,15%,0,vs. open collab 15%
1729496084655019384,The Doting Beauty Lash Applicator,,~~~,$6.99,"1,000",87,"14.5%
vs. open collab 14.5%",TABOOST020,Beauty 2026,14.,1,14.5%,0,vs. open collab 14.5%
1729558396876591674,Elizabeth Arden Retinol + HPR Ceramide Capsules Rapid Skin Renewing Serum,,~~~,$44.79-$100.00,"1,000",60,"15%
vs. open collab 15%",TABOOST020,Beauty 2026,15%,1,15%,0,vs. open collab 15%
1729560348032406481,"Milk Makeup Ready in a Rush Vol. 1 Bundle - Lip + Cheek Rally, KUSH Lip Oil Pink Magic, Cloud Glow Primer, Quick Everyday Makeup Skin Care Set",,~~~,$68.00,"1,000",10,"18%
vs. open collab 18%",TABOOST020,Beauty 2026,18%,1,18%,0,vs. open collab 18%
1729566307760116282,Elizabeth Arden Lip Color Lipstick with Advanced Ceramide Complex Vitamin E & Maracuja Oil Satin & Matte Shades Non-Bleeding,,~~~,$25.60,"1,000",35,"15%
vs. open collab 15%",TABOOST020,Beauty 2026,15%,1,15%,0,vs. open collab 15%
1729632818456073169,"Milk Makeup Hydro Grip + Glow Primer, Long-Lasting Hydration, Illuminating Radiant Finish, Grips Makeup for 12 Hours, 1 fl oz",,~~~,$30.00,"1,000",698,"18%
vs. open collab 18%",TABOOST020,Beauty 2026,18%,1,18%,0,vs. open collab 18%
1729662290730979670,Copper Peptide Pro Firming Serum,,~~~,$49.00,"1,000",126,"15%
vs. open collab 15%",TABOOST020,Beauty 2026,15%,1,15%,0,vs. open collab 15%
1729666550617510458,"Elizabeth Arden Eight Hour Starter Kit 3 Piece Gift Set | Hydrated Smoother Skin with Skin Protectant, HydraPlay Daily Moisturizer, & Nourishing Lip Balm with SPF 20",,~~~,$49.00,"1,000","1,788","15%
vs. open collab 15%",TABOOST020,Beauty 2026,15%,1,15%,1,vs. open collab 15%
1729700433500475734,Glass Skin Face Polisher,,~~~,$48.00,"1,000",86,"15%
vs. open collab 15%",TABOOST020,Beauty 2026,15%,1,15%,0,vs. open collab 15%
1729930517584712250,Eight Hour® Daily Hydrating Body Lotion,,~~~,$45.00,"1,000",162,"15%
vs. open collab 15%",TABOOST020,Beauty 2026,15%,1,15%,0,vs. open collab 15%
1730051770642108654,"Burt's Bees Lip Shimmer - Cocoa, 100% Natural Origin, 0.09 oz",,~~~,$4.99,"1,000","39,956","15%
vs. open collab 15%",TABOOST020,Beauty 2026,15%,1,15%,2,vs. open collab 15%
1730248137790165230,"Burt's Bees Cocoa Lovers Bundle - Exclusive Six Pack of Cocoa Lip Shimmer, Natural Origin, Leaping Bunny Certified, Moisturizing Lip Color",,~~~,$29.94,"1,000",305,"16.5%
vs. open collab 16.5%",TABOOST020,Beauty 2026,16.,1,16.5%,0,vs. open collab 16.5%
1730603577822909393,Milk Makeup Cooling Water Jelly Ice Soothing Serum,,~~~,$29.00,"1,000",275,"18%
vs. open collab 18%",TABOOST020,Beauty 2026,18%,1,18%,0,vs. open collab 18%
1730603579855901649,Milk Makeup Watermelon Jelly Glow Hydrating Serum,,~~~,$29.00,"1,000",120,"18%
vs. open collab 18%",TABOOST020,Beauty 2026,18%,1,18%,0,vs. open collab 18%
1730672516522021841,"Jelly Bundle with Cooling Water Jelly Ice Soothing Serum and Watermelon Jelly Glow Hydrating Serum, Skincare Bundle",Milk Makeup,Beauty & Personal Care,$49.00,"1,000",503,"18%
vs. open collab 18%",TABOOST020,Beauty 2026,18%,1,18%,0,vs. open collab 18%
1730711303289017013,"Milani High Shine Moisturizing Fruit Fetish Lip Oil Bundle - ""Nude""",,~~~,$45.00,"1,000",15,"15%
vs. open collab 15%",TABOOST020,Beauty 2026,15%,1,15%,0,vs. open collab 15%
1730722826696758225,"Hydro Grip Gel Skin Tint, 12-Hour Hydrating Wear, Buildable Light Coverage with Dewy Finish, Vegan, Non-Comedogenic & Fragrance-Free",Milk Makeup,Beauty & Personal Care,$38.00,"1,000","6,168","18%
vs. open collab 18%",TABOOST020,Beauty 2026,18%,1,18%,1,vs. open collab 18%
1730751180812947846,Water Lip Stain,Clarins USA,Beauty & Personal Care,$32.00,"1,000",815,"15%
vs. open collab 15%",TABOOST020,Beauty 2026,15%,1,15%,0,vs. open collab 15%
1730756084214239574,Glass Skin Ginseng Collagen Mask Set,,~~~,$47.00,"1,000",125,"15%
vs. open collab 15%",TABOOST020,Beauty 2026,15%,1,15%,0,vs. open collab 15%
1730843652266496968,Vibriance Retinol Serum - Original Formula for Boosting Collagen with Brightening Benefits,,~~~,$26.77,"1,000",233,"27%
vs. open collab 30%",TABOOST020,Beauty 2026,27%,1,27%,0,vs. open collab 30%
1730843657976714184,"VIBRIANCE Age Defying Body Serum - Original Formula for Hydrating & Moisturizing Crepey Skin - Firms Crepey Skin on Neck, Chest, Arms & Hands - Fast-Absorbing, Fragrance-Light",,~~~,$31.23,"1,000",20,"30%
vs. open collab 30%",TABOOST020,Beauty 2026,30%,1,30%,0,vs. open collab 30%
1730935506078438069,Milani Conceal + Perfect Blur Out Smoothing Primer for Makeup Application,,~~~,$16.99,"1,000",302,"15%
vs. open collab 15%",TABOOST020,Beauty 2026,15%,1,15%,0,vs. open collab 15%
1731037360409449018,Elizabeth Arden Retinol + HPR Ceramide Rapid Skin-Renewing Water Cream,,~~~,$103.00,"1,000",2,"15%
vs. open collab 15%",TABOOST020,Beauty 2026,15%,1,15%,0,vs. open collab 15%
1731196063854793397,SPF BFF SPF 30 Primer,,~~~,$16.99,"1,000",4,"15%
vs. open collab 15%",TABOOST020,Beauty 2026,15%,1,15%,0,vs. open collab 15%
1731205089803735278,Burt's Bees Lip Shimmer with Peppermint Oil,,~~~,$4.99,"1,000","8,988","15%
vs. open collab 15%",TABOOST020,Beauty 2026,15%,1,15%,1,vs. open collab 15%
1731206542063013889,Brightening Facial Scrub - ACURE - Sea Kelp + French Green Clay Exfoliator | Vegan Skincare,,~~~,$6.11,"1,000","2,116","12%
vs. open collab 12%",TABOOST020,Beauty 2026,12%,1,12%,1,vs. open collab 12%
1731232400549777646,Burt's Bees Tinted Balm - Hint of color. 8-hour moisturization.,,~~~,$4.99,"1,000","1,855","15%
vs. open collab 15%",TABOOST020,Beauty 2026,15%,1,15%,1,vs. open collab 15%
1731320778622276561,"Balmade Lip Balm, Electrolyte Tinted Hydration, Juicy Shine with Sheer Color, Smooth Non-Sticky Feel, Vegan & Cruelty Free, 0.40 oz",Milk Makeup,Beauty & Personal Care,$18.00,"1,000",149,"18%
vs. open collab 18%",TABOOST020,Beauty 2026,18%,1,18%,0,vs. open collab 18%
1731354173862744406,Glass Skin Trio – Hydrating Korean Skincare Glow Routine,,~~~,$65.00,"1,000","1,296","15%
vs. open collab 15%",TABOOST020,Beauty 2026,15%,1,15%,1,vs. open collab 15%
1731462996757680433,L’Eau d’Issey by Issey Miyake Eau de Toilette for Men – Fresh Woody Cologne,,~~~,$18.89-$66.49,"1,000","3,704","15%
vs. open collab 12%",TABOOST020,Beauty 2026,14%,1,14%,2,vs. open collab 12%
1731473723742589166,Burt's Bees Garden Party Lip Balm 4-Pack,,~~~,$10.24,"1,000",145,"18%
vs. open collab 18%",TABOOST020,Beauty 2026,18%,1,18%,0,vs. open collab 18%
1731500136316834362,Elizabeth Arden Hyaluronic Acid + Peptides Ceramide Capsules Hydra-Plumping Serum,,~~~,$44.79-$99.99,"1,000",18,"15%
vs. open collab 15%",TABOOST020,Beauty 2026,15%,1,15%,0,vs. open collab 15%
1731511871245947118,Burt's Bees Boosted Body Moisturizing Melt,,~~~,$11.10,"1,000",27,"15%
vs. open collab 15%",TABOOST020,Beauty 2026,15%,1,15%,0,vs. open collab 15%
1731555309603230271,Revlon ColorStay Multi-Liner Pencil,,~~~,$11.99,"1,000",981,"10%
vs. open collab 10%",TABOOST020,Beauty 2026,10%,1,10%,0,vs. open collab 10%
1731555421426717247,"Revlon ColorStay Matte Eyeliner - Waterproof, Long-Wear, Smudge-Proof, 24-Hour Wear, with Built-In Sharpener",,~~~,$10.99-$16.99,"1,000",334,"10%
vs. open collab 10%",TABOOST020,Beauty 2026,10%,1,10%,0,vs. open collab 10%
1731555538680189503,Revlon ColorStay LongWear Lip Liner,,~~~,$10.99,"1,000",361,"10%
vs. open collab 10%",TABOOST020,Beauty 2026,10%,1,10%,0,vs. open collab 10%
1731555697998533183,Revlon Super Lustrous Lipstick,,~~~,$10.99,"1,000","9,113","10%
vs. open collab 10%",TABOOST020,Beauty 2026,10%,1,10%,1,vs. open collab 10%
1731606830536430143,"Revlon TikTok Shop Exclusive Lip Bundle - Super Lustrous Glass Shine Balm, Colorstay Multi-Liner, Glimmer Gloss, Radiant Makeup hydrating Lip Set",,~~~,$29.99,"1,000","6,171","10%
vs. open collab 10%",TABOOST020,Beauty 2026,10%,1,10%,1,vs. open collab 10%
1731678235380322646,MiniProtein Exosome Bioactive Ampoule,,~~~,$53.00,"1,000",341,"15%
vs. open collab 15%",TABOOST020,Beauty 2026,15%,1,15%,0,vs. open collab 15%
1731743707903267391,Revlon TikTok Shop Exclusive Viral Lip Kit- ColorStay LongWear Lip Liner & Super Lustrous Lipstick,,~~~,$21.98,"1,000","3,488","10%
vs. open collab 10%",TABOOST020,Beauty 2026,10%,1,10%,1,vs. open collab 10%
1731755563147694318,"Burt's Bees Buzz On-The-Go Bundle - Mike's Hot Honey Lip Balm, Beeswax Lip Balm & Keychain - Moisturizing, 12-Hour",,~~~,$9.10,"1,000",328,"19.5%
vs. open collab 19.5%",TABOOST020,Beauty 2026,19.,1,19.5%,0,vs. open collab 19.5%
1731852026939741137,Milk Makeup The Jelly Skin Starter Pack,,~~~,$49.00,"1,000",201,"18%
vs. open collab 18%",TABOOST020,Beauty 2026,18%,1,18%,0,vs. open collab 18%
1731852033080923089,"Milk Makeup The Balmade Variety Pack, 3 Hydrating Lip Balm, Keychain Included",,~~~,$17.00,"1,000",369,"18%
vs. open collab 18%",TABOOST020,Beauty 2026,18%,1,18%,0,vs. open collab 18%
1731932302587236683,Sally Hansen Essential Nail Rehab Trio Bundle: Two Nail Strengtheners and Cuticle Oil Balm,,~~~,$18.38,"1,000",49,"12%
vs. open collab 12%",TABOOST020,Beauty 2026,12%,1,12%,0,vs. open collab 12%
1731937848176513717,Understatement Lipliner,,~~~,$9.99,"1,000",57,"15%
vs. open collab 15%",TABOOST020,Beauty 2026,15%,1,15%,0,vs. open collab 15%
1731937895350506165,Color Fetish Matte Lip Kit,,~~~,$17.00,"1,000",48,"15%
vs. open collab 15%",TABOOST020,Beauty 2026,15%,1,15%,0,vs. open collab 15%
1731944279954265032,Vibriance Sheer Zinc Sunscreen - SPF 50 Broad Spectrum Hydrating Brightening Sunscreen,,~~~,$30.78-$73.87,"1,000",62,"30%
vs. open collab 30%",TABOOST020,Beauty 2026,30%,1,30%,0,vs. open collab 30%
1732062380751229259,"Sally Hansen Miracle Gel Trio Bundle: Color Grip Primer, Gel-Like Nail Polish, & Shiny Top Coat",,~~~,$31.18,"1,000",50,"12%
vs. open collab 12%",TABOOST020,Beauty 2026,12%,1,12%,0,vs. open collab 12%
1732129980511654219,"Sally Hansen Salon Effects Perfect Press-On Short'Ease Nails, Short Length, With Vitamin E & B5, Non-Damaging",,~~~,$9.99,"1,000",112,"12%
vs. open collab 12%",TABOOST020,Beauty 2026,12%,1,12%,0,vs. open collab 12%
1732153686044545262,Burt's Bees Lip Butter,,~~~,$9.99,"1,000","1,655","15%
vs. open collab 15%",TABOOST020,Beauty 2026,15%,1,15%,1,vs. open collab 15%
1732159502787121845,Milani Cosmetics Baked Bronzer,,~~~,$12.99,"1,000",273,"15%
vs. open collab 15%",TABOOST020,Beauty 2026,15%,1,15%,0,vs. open collab 15%
1732222708827525496,The Bombshell,,~~~,$10.99,"1,000",99,"12%
vs. open collab 12%",TABOOST020,Beauty 2026,12%,1,12%,0,vs. open collab 12%
1732222718801449336,The Lovelace,,~~~,$10.99,"1,000",78,"12%
vs. open collab 12%",TABOOST020,Beauty 2026,12%,1,12%,0,vs. open collab 12%
1732225936553120120,The Starlet,,~~~,$10.99,"1,000",113,"12%
vs. open collab 12%",TABOOST020,Beauty 2026,12%,1,12%,0,vs. open collab 12%
1732246567285789242,Eight Hour® Cream Ultimate Repair Moisturizer,,~~~,$45.00,"1,000",157,"15%
vs. open collab 15%",TABOOST020,Beauty 2026,15%,1,15%,0,vs. open collab 15%
1732267394931069296,Biossance Squalane + Growth Factor Firming Face Moisturizer-For Improving Firmness+Fine Lines,,~~~,$51.20,"1,000",15,"18%
vs. open collab 20%",TABOOST020,Beauty 2026,18%,1,18%,0,vs. open collab 20%
1732269213648720240,"Biossance Rapid Radiance Set, Clean Skincare Gift for Glowing Skin, Beauty Gift for Holidays",,~~~,$39.00,"1,000",25,"18%
vs. open collab 20%",TABOOST020,Beauty 2026,18%,1,18%,0,vs. open collab 20%
1732271195613335790,Burt's Bees Petal Kisses Lip Shimmer 3 Pack,,~~~,$11.10,"1,000",119,"15%
vs. open collab 15%",TABOOST020,Beauty 2026,15%,1,15%,0,vs. open collab 15%
1732271782051549877,Tapered Blush Brush,,~~~,$14.99,"1,000",129,"15%
vs. open collab 15%",TABOOST020,Beauty 2026,15%,1,15%,0,vs. open collab 15%
1732272060645216494,Burt's Bees Rescue Lip Butter – Cherry Vanilla,,~~~,$8.53,"1,000",69,"15%
vs. open collab 15%",TABOOST020,Beauty 2026,15%,1,15%,0,vs. open collab 15%
1732289485384356564,ULTA Beauty Collection Wake-Up Call Under Eye Patches,,~~~,$19.00,"1,000",10,"16%
vs. open collab 13%",TABOOST020,Beauty 2026,15%,1,15%,1,vs. open collab 13%
1732290587994591956,ANUA Kpop Demon Hunters Invisible Glow Finish Sunscreen Stick,,~~~,$18.00,"1,000",201,"16%
vs. open collab 13%",TABOOST020,Beauty 2026,15%,1,15%,1,vs. open collab 13%
1732290589450146516,ULTA Beauty Collection Rose & Strawberries Sheet Mask,,~~~,$4.00,"1,000",6,"16%
vs. open collab 13%",TABOOST020,Beauty 2026,15%,1,15%,1,vs. open collab 13%
1732290590866051796,ANUA Kpop Demon Hunters Ceramide Barrier Collagen Mask,,~~~,$4.00-$15.00,"1,000",16,"16%
vs. open collab 13%",TABOOST020,Beauty 2026,15%,1,15%,1,vs. open collab 13%
1732290594857587412,ANUA 5-Step Glass Skin Routine Set,,~~~,$28.00,"1,000",252,"16%
vs. open collab 13%",TABOOST020,Beauty 2026,15%,1,15%,1,vs. open collab 13%
1732290594857915092,ANUA Rice 70 Glow Collagen Mask,,~~~,$6.00,"1,000",15,"16%
vs. open collab 13%",TABOOST020,Beauty 2026,15%,1,15%,1,vs. open collab 13%
1732290595108786900,ANUA Pdrn Deep Hydration Trio,,~~~,$25.00,"1,000",15,"16%
vs. open collab 13%",TABOOST020,Beauty 2026,15%,1,15%,1,vs. open collab 13%
1732290597046883028,ULTA Beauty Collection Blend & Sculpt Blender Trio,,~~~,$12.00,"1,000",10,"16%
vs. open collab 13%",TABOOST020,Beauty 2026,15%,1,15%,1,vs. open collab 13%
1732299679332405972,ANUA Heartleaf 70 Daily Lotion,,~~~,$25.00,"1,000",8,"16%
vs. open collab 13%",TABOOST020,Beauty 2026,15%,1,15%,1,vs. open collab 13%
1732307669142770357,Milani Cosmetics EXCLUSIVE Highly Rated Lash Extensions XL Volumizing Tubing Mascara,,~~~,$14.99,"1,000","3,242","15%
vs. open collab 15%",TABOOST020,Beauty 2026,15%,1,15%,1,vs. open collab 15%
1732312542246834518,Peptide Pro Travel Duo,,~~~,$39.00,"1,000",4,"15%
vs. open collab 15%",TABOOST020,Beauty 2026,15%,1,15%,0,vs. open collab 15%
1729441177707843746,Clark Oversized Sweatpants,,~~~,$15.60,"1,000",482,"10%
vs. open collab 10%",TABOOST021,Fashion 2026,10%,1,10%,0,vs. open collab 10%
1729481803734880522,"Bamboo Stretch Knit Pant - Lightweight Fitted Trouser for Women, Plain Pattern, All Seasons",,~~~,$74.00,"1,000",2,"15%
vs. open collab 15%",TABOOST021,Fashion 2026,15%,1,15%,0,vs. open collab 15%
1729481803813589258,Bamboo Stretch Knit Tapered Pants - Lightweight Fitted Pant for Women,,~~~,$74.00,"1,000",1,"15%
vs. open collab 15%",TABOOST021,Fashion 2026,15%,1,15%,0,vs. open collab 15%
1729481803833315594,Bamboo Duvet Cover,,~~~,$258.00-$328.00,"1,000",21,"15%
vs. open collab 15%",TABOOST021,Fashion 2026,15%,1,15%,0,vs. open collab 15%
1729481803835937034,Elevated Plain Luxe Bath Bundle with Plush Bamboo Viscose & Cotton Towels,,~~~,$328.00-$348.00,"1,000",1,"15%
vs. open collab 15%",TABOOST021,Fashion 2026,15%,1,15%,0,vs. open collab 15%
1729481803917791498,Bamboo Travel Pillowcase,,~~~,$38.00,"1,000",0,"15%
vs. open collab 15%",TABOOST021,Fashion 2026,15%,1,15%,0,vs. open collab 15%
1729481804292985098,High-Quality Bamboo Coverlet for All Seasons,,~~~,$110.00-$203.00,"1,000",0,"15%
vs. open collab 15%",TABOOST021,Fashion 2026,15%,1,15%,0,vs. open collab 15%
1729481804341219594,Women's Bamboo Stretch-Knit Long Sleeve Pajama Top,,~~~,$78.00-$88.00,"1,000",43,"15%
vs. open collab 15%",TABOOST021,Fashion 2026,15%,1,15%,0,vs. open collab 15%
1729481804370710794,Women's Bamboo Stretch-Knit Short Sleeve Pajama Set,,~~~,$83.81-$114.44,"1,000",147,"15%
vs. open collab 15%",TABOOST021,Fashion 2026,15%,1,15%,0,vs. open collab 15%
1729481804813209866,"Cozy Earth Bamboo Sheet Set - Soft, Breathable, Oversize Bedding for Versatile Use",,~~~,$162.63-$348.00,"1,000",64,"15%
vs. open collab 15%",TABOOST021,Fashion 2026,15%,1,15%,0,vs. open collab 15%
1729481804828676362,Silk Pillowcase,,~~~,$78.00-$88.00,"1,000",7,"15%
vs. open collab 15%",TABOOST021,Fashion 2026,15%,1,15%,0,vs. open collab 15%
1729481804836409610,Bamboo Blanket with Breathable Fabric and Moisture-Wicking Abilities,,~~~,$101.00-$339.00,"1,000",2,"15%
vs. open collab 15%",TABOOST021,Fashion 2026,15%,1,15%,0,vs. open collab 15%
1729481804874289418,Plush Lounge Calf Sock 3-Pack,,~~~,$28.80,"1,000",41,"50%
vs. open collab 50%",TABOOST021,Fashion 2026,50%,1,50%,0,vs. open collab 50%
1729481961089372426,Women's Stretch-Knit Short Sleeve & Pant Bamboo Pajama Set Loungewear Nightwear,,~~~,$190.00,"1,000",5,"15%
vs. open collab 15%",TABOOST021,Fashion 2026,15%,1,15%,0,vs. open collab 15%
1729481962175238410,Cozy Earth Women's Stretch-Knit Bamboo Kimono Robe,,~~~,$98.00,"1,000",6,"15%
vs. open collab 15%",TABOOST021,Fashion 2026,15%,1,15%,0,vs. open collab 15%
1729481962815721738,Women's Bamboo Stretch-Knit Long Sleeve Pajama Set TALL,,~~~,$148.00,"1,000",7,"15%
vs. open collab 15%",TABOOST021,Fashion 2026,15%,1,15%,0,vs. open collab 15%
1729481988941058314,Women's Bamboo Stretch-Knit Short Sleeve Pajama Top,,~~~,$68.00-$78.00,"1,000",16,"15%
vs. open collab 15%",TABOOST021,Fashion 2026,15%,1,15%,0,vs. open collab 15%
1729481991783354634,"Women's Bamboo Stretch-Knit Tank Top - Sleeveless, Fitted, Medium Length, Crew Neck",,~~~,$80.00,"1,000",0,"15%
vs. open collab 15%",TABOOST021,Fashion 2026,15%,1,15%,0,vs. open collab 15%
1729481993728725258,Women's Bamboo Stretch-Knit Pajama Short,,~~~,$68.00-$78.00,"1,000",10,"15%
vs. open collab 15%",TABOOST021,Fashion 2026,15%,1,15%,0,vs. open collab 15%
1729482003156603146,Cozy Earth Comforters,,~~~,$328.00-$790.00,"1,000",4,"15%
vs. open collab 15%",TABOOST021,Fashion 2026,15%,1,15%,0,vs. open collab 15%
1729482017512132874,Women's Bamboo Stretch Knit Mini Shorts with Pockets,,~~~,$64.00,"1,000",0,"15%
vs. open collab 15%",TABOOST021,Fashion 2026,15%,1,15%,0,vs. open collab 15%
1729482021839343882,Women's Brushed Bamboo Joggers,,~~~,$88.00,"1,000",1,"15%
vs. open collab 15%",TABOOST021,Fashion 2026,15%,1,15%,0,vs. open collab 15%
1729482028586602762,Bamboo Stretch Knit Sleep Dress,,~~~,$155.25-$172.50,"1,000",0,"15%
vs. open collab 15%",TABOOST021,Fashion 2026,15%,1,15%,0,vs. open collab 15%
1729482034787094794,Women's Bamboo Stretch-Knit Long Sleeve Pajama Set,,~~~,$96.90-$139.32,"1,000",237,"15%
vs. open collab 15%",TABOOST021,Fashion 2026,15%,1,15%,0,vs. open collab 15%
1729482039524430090,Women's Stretch-Knit Bamboo Pajama Pant by Cozy Earth Long Sleeve Loungewear,,~~~,$78.00-$115.00,"1,000",16,"15%
vs. open collab 15%",TABOOST021,Fashion 2026,15%,1,15%,0,vs. open collab 15%
1729482054919098634,Women's Bamboo Stretch-Knit Pajama Pant TALL,,~~~,$78.00,"1,000",5,"15%
vs. open collab 15%",TABOOST021,Fashion 2026,15%,1,15%,0,vs. open collab 15%
1729482056994427146,Women's Bamboo Rib-Knit Classic Long Sleeve Pajama Top,,~~~,$68.00-$78.00,"1,000",7,"15%
vs. open collab 15%",TABOOST021,Fashion 2026,15%,1,15%,0,vs. open collab 15%
1729482057087881482,Wool Dryer Balls,,~~~,$30.00-$38.00,"1,000",6,"10%
vs. open collab 10%",TABOOST021,Fashion 2026,10%,1,10%,0,vs. open collab 10%
1729482057194574090,Silk Sleep Mask,,~~~,$48.00,"1,000",6,"10%
vs. open collab 10%",TABOOST021,Fashion 2026,10%,1,10%,0,vs. open collab 10%
1729482058605826314,Womenswear Basic Waffle Long Sleeve Bath Robe Adjustable Gowns,,~~~,$170.00,"1,000",0,"15%
vs. open collab 15%",TABOOST021,Fashion 2026,15%,1,15%,0,vs. open collab 15%
1729482059003957514,Women’s Ultra-Soft Bamboo Shorts - Viscose from Bamboo,,~~~,$38.40,"1,000",1,"15%
vs. open collab 15%",TABOOST021,Fashion 2026,15%,1,15%,0,vs. open collab 15%
1729482060458529034,Cozy Earth Waffle Hand Towels - Soft and Absorbent - Ribbed,,~~~,$58.00,"1,000",1,"10%
vs. open collab 10%",TABOOST021,Fashion 2026,10%,1,10%,0,vs. open collab 10%
1729482060474257674,Waffle Bath Sheets,,~~~,$118.00,"1,000",1,"15%
vs. open collab 15%",TABOOST021,Fashion 2026,15%,1,15%,0,vs. open collab 15%
1729482060753178890,Bubble Cuddle Blanket - Soft and Snuggly Blanket,,~~~,$255.00-$306.00,"1,000",3,"15%
vs. open collab 15%",TABOOST021,Fashion 2026,15%,1,15%,0,vs. open collab 15%
1729482549102090066,"Tommy John Women’s Woven Boxer Shorts, 100% Cotton, Breathable Comfort, Plush Waistband, Tulip Hem",,~~~,$12.93-$58.05,"1,000",347,"10%
vs. open collab 10%",TABOOST021,Fashion 2026,10%,1,10%,0,vs. open collab 10%
1729487798985529304,"goodr Governed by My Mood Ring Medium Size (Pop G) Translucent Dark Teal Frame with Dark Green Lens, UV400, No Slip No Bounce No Tangle",,~~~,$30.00,"1,000",34,"10%
vs. open collab 10%",TABOOST021,Fashion 2026,10%,1,10%,0,vs. open collab 10%
1729489166963806620,Honeylove CrossOver Wireless Bra - Seamless Coverage + All Day Comfort,,~~~,$69.00,"1,000",679,"15%
vs. open collab 15%",TABOOST021,Fashion 2026,15%,1,5.00%,0,vs. open collab 15%
1729492343621064346,Roxy Women's Ray of Sunshine Triangle Bikini Top,,~~~,$33.60,"1,000",1,"10%
vs. open collab 10%",TABOOST021,Fashion 2026,10%,1,10%,0,vs. open collab 10%
1729493352419135754,Casual Minimalist Long Sleeve Crewneck Women's Bamboo Jogger Set Soft Womenswear Clothing Essential,,~~~,$164.00,"1,000",2,"15%
vs. open collab 15%",TABOOST021,Fashion 2026,15%,1,15%,0,vs. open collab 15%
1729496406142260890,Dr Martens Women's Women's Buzz 5-Eye Dalmatian Hair On Leather Sneakers - Multicolor,,~~~,$150.00,"1,000",1,"10%
vs. open collab 10%",TABOOST021,Fashion 2026,10%,1,10%,0,vs. open collab 10%
1729496657925936741,Samsonite Paralux Hardside Medium Spinner - Luggage,,~~~,$369.99,"1,000",0,"14.5%
vs. open collab 14.5%",TABOOST021,Fashion 2026,14.,1,14.5%,0,vs. open collab 14.5%
1729499915272754548,Fear of God Essentials Hoodie Dark Oatmeal OVER SIZE KIDS Hoodie,,~~~,$65.34,"1,000",8,"10%
vs. open collab 10%",TABOOST021,Fashion 2026,10%,1,10%,0,vs. open collab 10%
1729499919531480436,KIDS Fear of God Essentials Fleece Black Hoodie,,~~~,$65.34,"1,000",10,"10%
vs. open collab 10%",TABOOST021,Fashion 2026,10%,1,10%,0,vs. open collab 10%
1729503539999052840,Express Slim Straight Black Hyper Stretch Jeans,,~~~,$66.00,"1,000",0,"10%
vs. open collab 10%",TABOOST021,Fashion 2026,10%,1,10%,0,vs. open collab 10%
1729503550806660136,Express Body Contour High Compression Notch Cap Sleeve Bodysuit,,~~~,$40.50,"1,000",0,"10%
vs. open collab 10%",TABOOST021,Fashion 2026,10%,1,10%,0,vs. open collab 10%
1729503556643427368,Express Original Best Loved Bra Cami,,~~~,$18.00,"1,000",6,"10%
vs. open collab 10%",TABOOST021,Fashion 2026,10%,1,10%,0,vs. open collab 10%
1729503562098381864,Express Floral Chiffon V-Neck Flutter Sleeve Maxi Dress,,~~~,$73.50,"1,000",0,"10%
vs. open collab 10%",TABOOST021,Fashion 2026,10%,1,10%,0,vs. open collab 10%
1729503597259297832,Express Editor Signature Stretch High Waisted Flare Trouser,,~~~,$69.00,"1,000",1,"10%
vs. open collab 10%",TABOOST021,Fashion 2026,10%,1,10%,0,vs. open collab 10%
1729548154990662616,"goodr A Unicorn's Calamity Medium Size (OG) Solid Black Frame with Black Lens, UV400, No Slip No Bounce No Tangle",,~~~,$30.00,"1,000",660,"10%
vs. open collab 10%",TABOOST021,Fashion 2026,10%,1,10%,0,vs. open collab 10%
1729548269792432794,Birkenstock Women's Women's Arizona Slide Sandal Mocha - Multicolor,,~~~,$117.95,"1,000",132,"10%
vs. open collab 10%",TABOOST021,Fashion 2026,10%,1,10%,0,vs. open collab 10%
1729555763297358090,Bamboo Down Alternative Pillow,,~~~,$88.00-$144.00,"1,000",1,"10%
vs. open collab 10%",TABOOST021,Fashion 2026,10%,1,10%,0,vs. open collab 10%
1730748430170493049,BASE Wear Now Ribbed Long Sleeve Top Black,,~~~,$29.00,"1,000",0,"10%
vs. open collab 10%",TABOOST021,Fashion 2026,10%,1,10%,0,vs. open collab 10%
1731106223994605689,BASE Between Seasons Ribbed Long Sleeve Top White Womenswear,,~~~,$29.00,"1,000",0,"10%
vs. open collab 10%",TABOOST021,Fashion 2026,10%,1,10%,0,vs. open collab 10%
1731229155649491610,Birkenstock Women's Arizona Slide Sandal Black,,~~~,$117.95,"1,000",117,"10%
vs. open collab 10%",TABOOST021,Fashion 2026,10%,1,10%,0,vs. open collab 10%
1731261601400656856,"goodr Do It For the Victory Dance Medium Size (Bolt G) Solid Black Frame with Burnt Orange Lens, UV400, No Slip No Bounce No Tangle",,~~~,$45.00,"1,000",226,"10%
vs. open collab 10%",TABOOST021,Fashion 2026,10%,1,10%,0,vs. open collab 10%
1731510021843095962,Playtex Full-coverage Strapless Bra With Convertible Straps Moisture-wicking Women's Comfortable Fit Everyday Support Breathable US4801 Fabric Lightweight,,~~~,$38.99,"1,000","3,564","10%
vs. open collab 10%",TABOOST021,Fashion 2026,10%,1,10%,1,vs. open collab 10%
1731540106364818074,Birkenstock Women's Women's Arizona Big Buckle EVA Sandals Eggshell - Multicolor,,~~~,$59.95,"1,000",37,"10%
vs. open collab 10%",TABOOST021,Fashion 2026,10%,1,10%,0,vs. open collab 10%
1731684175241711988,(100% AUTHENTIC) (0VER SIZE) (FW25) Fear of God Essentials Classic Short Sleeve Bright White Tee,,~~~,$69.30,"1,000",119,"10%
vs. open collab 10%",TABOOST021,Fashion 2026,10%,1,10%,0,vs. open collab 10%
1731689461632897461,The Carry-On Flex,,~~~,$325.00-$345.00,"1,000",25,"17.5%
vs. open collab 14.5%",TABOOST021,Fashion 2026,16.,1,16.5%,1,vs. open collab 14.5%
1731689461635649973,The Large Flex,,~~~,$425.00-$445.00,"1,000",16,"17.5%
vs. open collab 14.5%",TABOOST021,Fashion 2026,16.,1,16.5%,1,vs. open collab 14.5%
1731750328087515508,Fear of God Essentials Hoodie Dark Oatmeal OVER SIZE Casual Style Comfortable & Stylish for Everyday Wear,,~~~,$79.20,"1,000","2,106","10%
vs. open collab 10%",TABOOST021,Fashion 2026,10%,1,10%,1,vs. open collab 10%
1731823652513026661,Samsonite Outline PRO Hardside Spinner Carry-On - Luggage,,~~~,$146.99-$153.99,"1,000",15,"14.5%
vs. open collab 14.5%",TABOOST021,Fashion 2026,14.,1,14.5%,0,vs. open collab 14.5%
1731823653777871461,Samsonite Elevation Plus Hardside Large Spinner - Luggage,,~~~,$209.99,"1,000",7,"14.5%
vs. open collab 14.5%",TABOOST021,Fashion 2026,14.,1,14.5%,0,vs. open collab 14.5%
1731834290439164276,(Tee and Shorts) Fear of God Essentials T-shirt & Shorts Set Stretch Limo/Black OVER SIZE Casual Wear Comfortable Fit Simple Design Versatile Everyday Wear Menswear Tops Crewneck ShortSleeve Light Oatmeal Color,,~~~,$99.00,"1,000",499,"10%
vs. open collab 10%",TABOOST021,Fashion 2026,10%,1,10%,0,vs. open collab 10%
1732028437076480984,"goodr It's Octupuses, Not Octopi Large Size (Mach G) Translucent Dark Purple Frame with Light Green Lens, UV400, No Slip No Bounce No Tangle",,~~~,$40.00,"1,000",590,"10%
vs. open collab 10%",TABOOST021,Fashion 2026,10%,1,10%,0,vs. open collab 10%
1732071783437275802,Merrell Women's x Lonely Ghost Beige Moab Speed 2K Sneakers - Multicolor,,~~~,$105.00,"1,000",16,"10%
vs. open collab 10%",TABOOST021,Fashion 2026,10%,1,10%,0,vs. open collab 10%
1732150391594914204,Honeylove SuperPower Thong - Level 4 Strong Support Shapewear for Women,,~~~,$79.00,"1,000",569,"15%
vs. open collab 15%",TABOOST021,Fashion 2026,15%,1,5.00%,0,vs. open collab 15%
1732150394623005084,Honeylove SuperPower Brief - High Compression Shapewear for Tummy Control,,~~~,$84.00,"1,000",55,"15%
vs. open collab 15%",TABOOST021,Fashion 2026,15%,1,5.00%,0,vs. open collab 15%
1732150410088911260,Honeylove SuperPower Short - Level 5 Maximum Compression Shapewear for Women,,~~~,$73.38,"1,000",366,"15%
vs. open collab 15%",TABOOST021,Fashion 2026,15%,1,5.00%,0,vs. open collab 15%
1732154008461415384,"goodr In My Periwinkle Prime Medium Size (Bug G) Solid Light Purple Frame with Teal Lens, UV400, No Slip No Bounce No Tangle",,~~~,$35.00,"1,000",33,"10%
vs. open collab 10%",TABOOST021,Fashion 2026,10%,1,10%,0,vs. open collab 10%
1732201096364659100,Honeylove Cami Bodysuit - The new standard in shaping bodysuits for women,,~~~,$76.63-$84.51,"1,000",10,"15%
vs. open collab 15%",TABOOST021,Fashion 2026,15%,1,5.00%,0,vs. open collab 15%
1732251952857977682,"Tommy John Women’s Downtime Long Sleeve Pajama Set, Luxury Soft Lightweight Fabric, Breathable Comfort Sleepwear",,~~~,$80.71-$98.00,"1,000",54,"10%
vs. open collab 10%",TABOOST021,Fashion 2026,10%,1,10%,0,vs. open collab 10%
1732252432677966674,"Tommy John Women’s Second Skin High Rise Brief, Luxury Soft Modal Fabric, No Ride-Up Fit, Breathable Comfort",,~~~,$16.58-$38.69,"1,000",265,"10%
vs. open collab 10%",TABOOST021,Fashion 2026,10%,1,10%,0,vs. open collab 10%
1732253909975405394,"Tommy John Women’s Downtime Pajama Top & Short Set, Luxury Soft Lightweight Fabric, Breathable Lounge Sleepwear",,~~~,$69.66-$81.27,"1,000",12,"10%
vs. open collab 10%",TABOOST021,Fashion 2026,10%,1,10%,0,vs. open collab 10%
1732261940197692005,Samsonite Outline Pro Hardside Global Carry-On Spinner - Luggage,,~~~,$209.99,"1,000",1,"14.5%
vs. open collab 14.5%",TABOOST021,Fashion 2026,14.,1,14.5%,0,vs. open collab 14.5%
1732261940567970405,Samsonite Theorym Softside Carry-On Spinner - Luggage,,~~~,$349.99,"1,000",0,"14.5%
vs. open collab 14.5%",TABOOST021,Fashion 2026,14.,1,14.5%,0,vs. open collab 14.5%
1732274831088062874,Playtex 18 Hour Ultimate Lift & Support Wireless Bra Women's Comfortable Fit Everyday Breathable Us4745,,~~~,$29.99,"1,000",1,"10%
vs. open collab 10%",TABOOST021,Fashion 2026,10%,1,10%,0,vs. open collab 10%
1732277830263345564,Honeylove CrossOver Wireless Bra - Bundle 2 and Save,,~~~,$62.10-$106.20,"1,000",132,"15%
vs. open collab 15%",TABOOST021,Fashion 2026,15%,1,5.00%,0,vs. open collab 15%
1732277914270470810,Birkenstock Women's Women's Arizona Big Buckle EVA Sandals Gray Taupe - Multicolor,,~~~,$59.95,"1,000",113,"10%
vs. open collab 10%",TABOOST021,Fashion 2026,10%,1,10%,0,vs. open collab 10%
1732287621050110103,Playboy x Color Bars Spiral Women's Cropped T-Shirt,,~~~,$36.40,"1,000",1,"10%
vs. open collab 10%",TABOOST021,Fashion 2026,10%,1,10%,0,vs. open collab 10%
1732291497967063706,Reebok Women's Women's Cow Print Classic AZ Sneakers - Multicolor,,~~~,$85.00,"1,000",3,"10%
vs. open collab 10%",TABOOST021,Fashion 2026,10%,1,10%,0,vs. open collab 10%
1732304342636662824,Express High Waisted Medium Wash Relaxed Flare Jeans,,~~~,$66.00,"1,000",0,"10%
vs. open collab 10%",TABOOST021,Fashion 2026,10%,1,10%,0,vs. open collab 10%
1732304343985000488,Express High Waisted Light Wash Relaxed Flare Jeans,,~~~,$66.00,"1,000",0,"10%
vs. open collab 10%",TABOOST021,Fashion 2026,10%,1,10%,0,vs. open collab 10%
1732304385517916200,Express Stretch Cotton Poplin Portofino Shirt,,~~~,$39.00,"1,000",0,"10%
vs. open collab 10%",TABOOST021,Fashion 2026,10%,1,10%,0,vs. open collab 10%
1732307778749371034,Dr Martens Women's Women's 8065 Smooth Leather Mary Jane Sneakers - Multicolor,,~~~,$150.00,"1,000",0,"10%
vs. open collab 10%",TABOOST021,Fashion 2026,10%,1,10%,0,vs. open collab 10%
1732312255305978522,Birkenstock Women's Women's Mayari Sandal Mocha - Multicolor,,~~~,$112.95,"1,000",2,"10%
vs. open collab 10%",TABOOST021,Fashion 2026,10%,1,10%,0,vs. open collab 10%
1732313589216022568,Express Silky Portofino Shirt,,~~~,$39.00,"1,000",0,"10%
vs. open collab 10%",TABOOST021,Fashion 2026,10%,1,10%,0,vs. open collab 10%
1732313750918042062,"Gimme Beauty Everyday Hair Bundle - Hair Bands, Lay Flat Claw Clip, Double Teeth Claw Clip",,~~~,$24.25,"1,000",15,"15%
vs. open collab 15%",TABOOST021,Fashion 2026,15%,1,15%,0,vs. open collab 15%
1732317013431980404,lululemon Everywhere Belt Bag 1L Black,,~~~,$39.69,"1,000",21,"10%
vs. open collab 10%",TABOOST021,Fashion 2026,10%,1,10%,0,vs. open collab 10%
1732317018232951156,lululemon Everywhere Belt Bag 1L White,,~~~,$39.69,"1,000",4,"10%
vs. open collab 10%",TABOOST021,Fashion 2026,10%,1,10%,0,vs. open collab 10%
1732317023127638388,lululemon Everywhere Belt Bag 1L Pink Pearl,,~~~,$39.69,"1,000",11,"10%
vs. open collab 10%",TABOOST021,Fashion 2026,10%,1,10%,0,vs. open collab 10%
1732317233260958546,"Tommy John Women’s Cotton Pointelle Thong | Ultra-Soft Breathable Underwear | Lightweight Stretch Fit, Minimal Coverage, Feminine Texture",,~~~,$13.81-$42.00,"1,000",1,"10%
vs. open collab 10%",TABOOST021,Fashion 2026,10%,1,10%,0,vs. open collab 10%
1732317402182292306,"Tommy John Women’s Cotton Pointelle Cami & Short Set | Ultra-Soft Breathable Pajama Set | Lightweight Sleep & Lounge Set, Stretch Fit",,~~~,$38.69-$78.32,"1,000",19,"10%
vs. open collab 10%",TABOOST021,Fashion 2026,10%,1,10%,0,vs. open collab 10%
1732317403944620882,"Tommy John Women’s Cotton Pointelle Tee & Pant Set | Ultra-Soft Breathable Pajama Set | Lightweight Lounge & Sleepwear, Stretch Fit",,~~~,$44.22-$93.06,"1,000",50,"10%
vs. open collab 10%",TABOOST021,Fashion 2026,10%,1,10%,0,vs. open collab 10%
1729384289153946567,"Moon Juice - SuperYou - Reduce Cortisol - Bottle (60 Capsules) - Energy, Mood & Focus - Organic Ashwagandha Supplements - Cortisol Reducer - Reusable Glass Bottle - 3rd Party Tested - 100% Traceable - Vegan & Non GMO",,~~~,$49.00,"1,000",49,"15%
vs. open collab 15%",TABOOST022,Health 2026,15%,1,15%,0,vs. open collab 15%
1729384333633754055,"Moon Juice - Magnesi-Om, Berry Jar (30 Servings) - Supports Brain Health & Rest - Magnesium Powder - L-Theanine - Regularity - Glass Bottle - 100% Traceable - Vegan & Non GMO - 4.2oz",,~~~,$38.00-$74.00,"1,000","13,311","15%
vs. open collab 15%",TABOOST022,Health 2026,15%,1,15%,2,vs. open collab 15%
1729419588759425563,Trace Mineral Drops - 1-3 Month Supply - Hydrating & Energy Supplement - Edible Liquid - Healthcare & Dietary Use,,~~~,$14.24-$33.66,"1,000",400,"18%
vs. open collab 15%",TABOOST022,Health 2026,17%,1,9.44%,1,vs. open collab 15%
1729433858320011662,"NOW Foods Real Food, Beef Gelatin Powder, 4 lbs (1,814 g)",,~~~,$61.07,"1,000",96,"15%
vs. open collab 15%",TABOOST022,Health 2026,15%,1,15%,0,vs. open collab 15%
1729434565793452430,"Frontier Co-op Frankincense Tears, 16 oz (453 g)",,~~~,$27.60,"1,000","3,896","15%
vs. open collab 15%",TABOOST022,Health 2026,15%,1,15%,1,vs. open collab 15%
1729436078088819086,"Life Extension NAD+ Cell Regenerator™ and Resveratrol Elite™, 30 Vegetarian Capsules",iHerb,Health,$50.40,"1,000","24,310","15%
vs. open collab 15%",TABOOST022,Health 2026,15%,1,15%,2,vs. open collab 15%
1729438915188068750,"NOW Foods Whole Psyllium Husks, 16 oz (454 g)",,~~~,$17.57,"1,000",840,"15%
vs. open collab 15%",TABOOST022,Health 2026,15%,1,15%,0,vs. open collab 15%
1729441988984738483,Bone Broth Protein | Powder Chocolate (20 Servings),,~~~,$52.95-$270.05,"1,000",20,"15%

Open collab 15% - 20%",TABOOST022,Health 2026,15%,1,15%,0,vs. open collab 15%-20%
1729469059651703182,"Dove Antibacterial Body Wash, 30.6 fl oz",,~~~,$22.05,"1,000",471,"15%
vs. open collab 15%",TABOOST022,Health 2026,15%,1,15%,0,vs. open collab 15%
1729480318992028339,Organic SuperGreens | Powder Berry Flavor (12 Servings),,~~~,$24.95-$67.37,"1,000",6,"15%

Open collab 15% - 20%",TABOOST022,Health 2026,15%,1,15%,0,vs. open collab 15%-20%
1729482588512163670,"Florastor Prebiotic and Probiotic Gummies Supplement, Digestive and Metabolic Support Probiotic Blend for Multi-Action Digestive Healthcare, with Vitamin B12",,~~~,$20.36-$36.36,"1,000",104,"17%
vs. open collab 17%",TABOOST022,Health 2026,17%,1,17%,0,vs. open collab 17%
1729484575245506541,"Magnesium + L-Theanine Powder for Mental Clarity, Calm & Muscle Recovery Supplement",,~~~,$32.40,"1,000",72,"23%
vs. open collab 20%",TABOOST022,Health 2026,22%,1,22%,1,vs. open collab 20%
1729492108049290968,"Live Conscious Beyond Collagen Multi Collagen Powder 2 Pack - Types I, II, III, V & X Hydrolyzed Collagen Peptides Powder Blend w/ Biotin & Vitamin C",,~~~,$73.56,"1,000",59,"22%
vs. open collab 22%",TABOOST022,Health 2026,22%,1,22%,0,vs. open collab 22%
1729496518550459096,"Beyond Brew - 6-in-1 Functional Mushroom Blend, Powder Drink Mix - Low Caffeine Alternative - Pre & Probiotic Gut Support",Live Conscious,Health,$28.29-$28.67,"1,000","3,520","19%
vs. open collab 19%",TABOOST022,Health 2026,19%,1,19%,1,vs. open collab 19%
1729498548621054680,"Live Conscious Beyond Collagen Multi Collagen Powder - Types I, II, III, V & X Hydrolyzed Collagen Peptides Powder Blend w/ Biotin & Vitamin C",,~~~,$34.06,"1,000","1,792","22%
vs. open collab 22%",TABOOST022,Health 2026,22%,1,22%,1,vs. open collab 22%
1729505428260754635,"Balance of Nature Freeze-Dried Fruit – 100% Real Freeze-Dried Fruit, Healthy Snack, Mouthwatering Nutrition, Gluten-Free, Vegan, No Sugar Added, 1.6oz Bags",,~~~,$8.28-$26.20,"1,000",84,"23%
vs. open collab 20%",TABOOST022,Health 2026,22%,1,22%,1,vs. open collab 20%
1729507372636083891,Multi Collagen Protein Powder Unflavored (40 Servings),,~~~,$26.99,"1,000",620,"25%
vs. open collab 30%",TABOOST022,Health 2026,25%,1,25%,0,vs. open collab 30%
1729561293978374872,"Live Conscious Beyond Collagen Multi Collagen Capsules - Types I, II, III, V & X - Hydrolyzed Blend with Biotin & Vitamin C for Hair, Skin & Nails Supplement",,~~~,$23.75,"1,000",151,"15%
vs. open collab 15%",TABOOST022,Health 2026,15%,1,15%,0,vs. open collab 15%
1729601296286127040,"MegaFood Magnesium 300 mg - Highly Absorbable Formula for Heart Health, Nervous System & Muscle Relaxation - 60 Capsule Servings Brain Boost Supplement Daily",,~~~,$26.99,"1,000",97,"20%
vs. open collab 20%",TABOOST022,Health 2026,20%,1,20%,0,vs. open collab 20%
1729603375926711092,Hyland's Zen Sleep + Immunity Gummies - 3mg Melatonin - 42ct,,~~~,$15.99,"1,000",175,"15%
vs. open collab 15%",TABOOST022,Health 2026,15%,1,15%,0,vs. open collab 15%
1729614798021628864,MegaFood Blood Builder Iron Supplement-Clinically Shown to Increase Iron Levels while Gentle on the Stomach. 60 Servings,,~~~,$21.60-$41.52,"1,000","12,870","35%
vs. open collab 30%",TABOOST022,Health 2026,33%,1,33%,4,vs. open collab 30%
1729625656446456409,Organic Protein™ Plant Based Protein Powder - Creamy Chocolate Fudge,,~~~,$21.77-$30.16,"1,000",260,"20%
vs. open collab 17%",TABOOST022,Health 2026,19%,1,19%,1,vs. open collab 17%
1729625809429434508,"Himalaya PartySmart, 12 Capsule Tube - Alcohol Breakdown Liver Support for a Better Morning After Drinking - Plant Based, Vegan, Non-GMO, Gluten Free, Clinically Studied",,~~~,$25.49,"1,000",267,"17%
vs. open collab 17%",TABOOST022,Health 2026,17%,1,17%,0,vs. open collab 17%
1729654833449898382,"I'm From Rice Whip Facial Cleanser , 5.07 fl oz (150 ml)",,~~~,$22.42,"1,000",108,"15%
vs. open collab 15%",TABOOST022,Health 2026,15%,1,15%,0,vs. open collab 15%
1729662429874000012,"Himalaya Botanique Whitening + Hydroxyapatite Toothpaste, Peppermint - Nano Hydroxyapatite to Support Remineralization and Restore Enamel, Appropriate for Sensitive Teeth - Gluten Free, 4 oz",,~~~,$11.49,"1,000",224,"17%
vs. open collab 17%",TABOOST022,Health 2026,17%,1,17%,0,vs. open collab 17%
1729666869889241649,"Isopure Clear Whey Isolate Protein Powder, Lactose Free, Gluten Free, Naturally Flavored, 20g Protein Per Serving, 14.1 Oz, 16 Servings (Packaging May Vary)",,~~~,$34.99,"1,000","1,045","20%
vs. open collab 17%",TABOOST022,Health 2026,19%,1,19%,2,vs. open collab 17%
1729674937774870668,"Himalaya Organic Ashwagandha Root - Adrenal Support, Stress Relief, Vegan, Non-GMO - 670 mg, 30 Caplets",,~~~,$17.99-$37.99,"1,000",442,"17%
vs. open collab 17%",TABOOST022,Health 2026,17%,1,17%,0,vs. open collab 17%
1729675010143719564,"Himalaya Botanique Whitening Complete Care Toothpaste, Peppermint Flavor - Whitening Toothpaste Without Fluoride for Brighter Teeth & Fresh Breath - Vegan, Gluten Free, 5.29 oz",,~~~,$7.49,"1,000","3,592","17%
vs. open collab 17%",TABOOST022,Health 2026,17%,1,17%,1,vs. open collab 17%
1729675011117322380,"Himalaya Botanique Xylitol Toothpaste, Mint Flavor - Fluoride Free Toothpaste to Whiten Teeth, Fight Plaque and for Fresh Breath - Vegan, Gluten Free, No Artificial Flavors or Colors, 4 oz",,~~~,$6.74,"1,000","4,655","17%
vs. open collab 17%",TABOOST022,Health 2026,17%,1,17%,1,vs. open collab 17%
1729675514778718606,"Vanicream Gentle Facial Cleanser, For Sensitive Skin, Fragrance Free, 8 fl oz (237 ml)",,~~~,$17.32,"1,000",573,"15%
vs. open collab 15%",TABOOST022,Health 2026,15%,1,15%,0,vs. open collab 15%
1729677534848258649,Orgain Organic Vegan Protein Powder - Vanilla Bean Flavor,,~~~,$21.77-$30.16,"1,000",753,"20%
vs. open collab 17%",TABOOST022,Health 2026,19%,1,19%,1,vs. open collab 17%
1729682857474429326,"MaryRuth's Organic Hair, Skin & Nails Gummies, Strawberry, 60 Gummies",,~~~,$31.45,"1,000",149,"15%
vs. open collab 15%",TABOOST022,Health 2026,15%,1,15%,0,vs. open collab 15%
1729722406931764020,"Hyland's PRID® Drawing Salve - Topical Pain Relief Treatment for Minor Cuts, Boils, and Redness - Therapeutic Solution for Healthcare Irritation Removing Comfortable Use Therapy Homeopathic",,~~~,$12.73,"1,000","154,362","15%
vs. open collab 15%",TABOOST022,Health 2026,15%,1,15%,2,vs. open collab 15%
1729789319435358606,"Bob's Red Mill Baking Soda, 1 lb (454 g)",,~~~,$9.69,"1,000","8,935","15%
vs. open collab 15%",TABOOST022,Health 2026,15%,1,15%,1,vs. open collab 15%
1729933778911990361,"Orgain Organic Protein Plant Based Protein Powder - Birthday Cake Flavor, 21g Plant Protein, <1g Sugar, USDA Certified Organic, Edible Supplement for Fitness Endurance",,~~~,$22.61,"1,000",480,"17%
vs. open collab 17%",TABOOST022,Health 2026,17%,1,17%,0,vs. open collab 17%
1730026231472754700,BioGaia Prodentis | Oral Probiotics | Promotes Healthy Gums & Teeth | Defends Against Bad Breath & Dental Problems | Improves Oral Health | Mint Flavored | 30 Dental Probiotic Lozenges,,~~~,$19.99,"1,000",695,"15%
vs. open collab 15%",TABOOST022,Health 2026,15%,1,5.00%,0,vs. open collab 15%
1730041084582531470,"Pond's Clarant B3 Dark Spot Correcting Cream, 7 oz (200 g)",,~~~,$16.98,"1,000",816,"15%
vs. open collab 15%",TABOOST022,Health 2026,15%,1,15%,0,vs. open collab 15%
1730041093362651534,"Anua Heartleaf Quercetinol™ Pore Deep Cleansing Foam, 5.07 fl oz (150 ml)",,~~~,$16.17,"1,000",636,"15%
vs. open collab 15%",TABOOST022,Health 2026,15%,1,15%,0,vs. open collab 15%
1730150624920507188,Hyland's Organic Sleep Calm + Immunity Liquid - melatonin free - 4oz,,~~~,$10.18,"1,000","1,324","15%
vs. open collab 15%",TABOOST022,Health 2026,15%,1,15%,1,vs. open collab 15%
1730249280773395102,NBPure MagO7 - Original Oxygenated Magnesium Colon Cleanse & Digestive Detox Support,nbpure,Health,$19.95-$41.95,"1,000","37,915","25%
vs. open collab 15%",TABOOST022,Health 2026,20%,1,20%,7,vs. open collab 15%
1730575127481323918,"Bob's Red Mill Small Pearl Tapioca, 24 oz (680 g)",,~~~,$13.03,"1,000","1,714","15%
vs. open collab 15%",TABOOST022,Health 2026,15%,1,15%,1,vs. open collab 15%
1730597563447218574,"Cremo Body Wash, White Jasmine Amber, 16 fl oz (473 ml)",,~~~,$16.65,"1,000","3,234","15%
vs. open collab 15%",TABOOST022,Health 2026,15%,1,15%,1,vs. open collab 15%
1730603575939535246,"Mustela Baby Oil with Avocado Oil, 3.38 fl oz (100 ml)",,~~~,$25.00,"1,000",81,"15%
vs. open collab 15%",TABOOST022,Health 2026,15%,1,15%,0,vs. open collab 15%
1730603580174471566,"Mustela Baby-Child, No Rinse Cleansing Water, 10.14 fl oz (300 ml)",,~~~,$27.00,"1,000",447,"15%
vs. open collab 15%",TABOOST022,Health 2026,15%,1,15%,0,vs. open collab 15%
1730603600359625102,"Mustela Cicastela® Moisture Recovery Cream, 1.35 fl oz (40 ml)",,~~~,$25.50,"1,000",208,"15%
vs. open collab 15%",TABOOST022,Health 2026,15%,1,15%,0,vs. open collab 15%
1730603610467307918,"Mustela Baby, Hydra Bebe Body Lotion, with Avocado, 10.14 fl oz (300 ml)",,~~~,$24.30,"1,000",189,"15%
vs. open collab 15%",TABOOST022,Health 2026,15%,1,15%,0,vs. open collab 15%
1730657875957354686,"Vimergy Brain Body Recharge™ - Liquid Coq10 with Vitamin D3 & K2 (Coenzyme Q10 45mg, D3 1000IU, K2 180mcg) Co q 10 Supplement for Women, Men & Kids - Fights Fatigue, Boost",,~~~,$52.00,"1,000",47,"15%
vs. open collab 15%",TABOOST022,Health 2026,15%,1,15%,0,vs. open collab 15%
1730777488160625368,"Live Conscious Beyond Brew 2 Pack - 6-in-1 Functional Mushroom Blend, Powder Drink Mix - Low Caffeine Coffee Alternative - Pre & Probiotic Gut Support - 60 Servings",,~~~,$61.98,"1,000",132,"22%
vs. open collab 22%",TABOOST022,Health 2026,22%,1,22%,0,vs. open collab 22%
1730804632504341440,MegaFood Magnesium Soft Chews – Strawberry Flavor. Helps relax the body & promote a sense of calm. 30 Individually Wrapped Chews,,~~~,$13.58,"1,000","5,239","35%
vs. open collab 30%",TABOOST022,Health 2026,33%,1,33%,3,vs. open collab 30%
1730826676990677952,MegaFood Women's Wellness Bundle I Blood Builder Iron Supplement and Women's One Daily Multivitamin,,~~~,$55.68,"1,000",491,"23%
vs. open collab 20%",TABOOST022,Health 2026,22%,1,22%,1,vs. open collab 20%
1730927411392975853,"NEW CHAPTER Every Woman's One Daily Organic Multivitamin Supplement for 55+, Women's Tablet with Fermented Nutrients for Energy, Healthy Aging, Immune Support, Heart Health - 30ct",,~~~,$30.00,"1,000",46,"18%
vs. open collab 15%",TABOOST022,Health 2026,17%,1,17%,1,vs. open collab 15%
1730927465132037101,"Liquid Multivitamin for Whole Family - Women, Men, Kids - Digestive Support & Nutritional Support - Organic & Dietary Supplement",,~~~,$23.76-$34.56,"1,000","7,190","30%
vs. open collab 20%",TABOOST022,Health 2026,25%,1,25%,6,vs. open collab 20%
1730927618911015917,"New Chapter Omega-3 Complex | Fish Oil Supplement Wild Alaskan Salmon for Heart, Brain, Eye, Joint & Skin Health Support - 30ct",,~~~,$18.00,"1,000",380,"23%
vs. open collab 20%",TABOOST022,Health 2026,22%,1,22%,1,vs. open collab 20%
1730927637124715501,"New Chapter Every Woman's One Daily 40+ Multivitamin | Women's Vitamin 40 plus for Energy, Healthy Aging + Immune Support with Fermented Nutrients - 30ct",,~~~,$19.20-$28.80,"1,000",596,"23%
vs. open collab 20%",TABOOST022,Health 2026,22%,1,22%,1,vs. open collab 20%
1731078574468862350,"NOW Foods Pantothenic Acid, 500 mg, 100 Veg Capsules",,~~~,$14.09,"1,000","3,040","15%
vs. open collab 15%",TABOOST022,Health 2026,15%,1,15%,1,vs. open collab 15%
1731108163771077568,"MegaFood Sea Moss Complex Capsules, Gut & Immune Health + Antioxidant Skin Support, 20:1 Herbal Extract Blend, 2 Capsules Daily Healthcare Edible",,~~~,$21.25,"1,000",74,"20%
vs. open collab 20%",TABOOST022,Health 2026,20%,1,20%,0,vs. open collab 20%
1731123400384156046,"NOW Foods Real Food, Beef Gelatin Powder, 1 lb (454 g)",,~~~,$21.82,"1,000","2,031","15%
vs. open collab 15%",TABOOST022,Health 2026,15%,1,15%,1,vs. open collab 15%
1731293092556870030,"Nature's Way Organic Flax Oil, Super Lignan, 24 fl oz (720 ml)",,~~~,$26.07,"1,000",91,"15%
vs. open collab 15%",TABOOST022,Health 2026,15%,1,15%,0,vs. open collab 15%
1731320916988039841,"Tru Niagen 300mg - 30 ct | Capsules, Dietary Supplement | Clinically Proven NAD+ Booster",TruNiagen,Health,$44.10,"1,000","1,210","19.5%
vs. open collab 19.5%",TABOOST022,Health 2026,19.,1,19.5%,1,vs. open collab 19.5%
1731393196447994054,Magnesium Glycinate Supplement,,~~~,$13.45-$32.27,"1,000",330,"25%
vs. open collab 20%",TABOOST022,Health 2026,23%,1,7.36%,2,vs. open collab 20%
1731398649626136774,Double Wood Supplements Nattokinase 4000FU 200mg per Serving Max Activity FU Enzyme 120 Capsules for Cardiovascular Health & Healthy Blood Flow,,~~~,$17.95-$43.08,"1,000",64,"20%
vs. open collab 20%",TABOOST022,Health 2026,20%,1,20%,0,vs. open collab 20%
1731544553530757238,"HealthA2Z 9 in 1 Joint Health for Women - 90 Tablets, 30-Day Supply (Pack of 1) - Glucosamine, Chondroitin, MSM, Soy Isoflavones & Turmeric for Female Joint Comfort, Flexibility, Mobility, Bone Health, Mood, Sleep & Hormonal Balance",,~~~,$23.79,"1,000","1,280","31%
vs. open collab 20%",TABOOST022,Health 2026,26%,1,26%,6,vs. open collab 20%
1731581889199575052,BioGaia Prodentis | Oral Probiotics | Promotes Healthy Gums & Teeth | Defends Against Bad Breath & Dental Problems | Improves Oral Health | Apple Flavored | 30 Dental Probiotic Lozenges,,~~~,$19.99,"1,000",52,"15%
vs. open collab 15%",TABOOST022,Health 2026,15%,1,15%,0,vs. open collab 15%
1731642572592484750,"Ardell LashTite®, Clear Adhesive , 0.125 oz (3.5 g)",,~~~,$9.45,"1,000",178,"15%
vs. open collab 15%",TABOOST022,Health 2026,15%,1,15%,0,vs. open collab 15%
1731673887371793346,"Two 14 Serving Coffee+ Mild Roast Beverage | Coffee Blend with Lion's Mane, Chaga, L-Theanine, and Collagen Protein | 2 14 Serving bags",,~~~,$26.41,"1,000","1,184","20%
vs. open collab 20%",TABOOST022,Health 2026,20%,1,20%,1,vs. open collab 20%
1731690064228356417,Huel Complete Nutrition Bar | 13g Protein | Snack Bar | Low Sugar | 12 Bars,,~~~,$42.00-$55.90,"1,000",9,"15%
vs. open collab 15%",TABOOST022,Health 2026,15%,1,15%,0,vs. open collab 15%
1731737897789002479,Life Extension Neuro-Mag® Magnesium L-Threonate 90 Vegetarian Capsules,,~~~,$31.50,"1,000",499,"15%
vs. open collab 15%",TABOOST022,Health 2026,15%,1,15%,0,vs. open collab 15%
1731737908845253359,Life Extension NAD+ Cell Regenerator™ and Resveratrol Elite™ 30 Vegetarian Capsules,,~~~,$44.25,"1,000",272,"15%
vs. open collab 15%",TABOOST022,Health 2026,15%,1,15%,0,vs. open collab 15%
1731737913814979311,Life Extension Estrogen For Women 30 Vegetarian Tablets,,~~~,$18.00,"1,000",177,"20%
vs. open collab 15%",TABOOST022,Health 2026,18%,1,18%,2,vs. open collab 15%
1731824439744106614,"HealthA2Z PerkUp Energy Booster - Melt-in-mouth Cubes with 50 mg Natural Caffeine & B Vitamins for Energy, Focus & Productivity | A Clean & Healthy Alternative to Coffee & Energy Drinks, No Jitters or Crash",,~~~,$8.77,"1,000","7,668","31%
vs. open collab 20%",TABOOST022,Health 2026,26%,1,26%,6,vs. open collab 20%
1731834312523944790,Florastor Advanced Gas & Bloat Probiotic Supplement for Adults - Vegetarian Capsules with Enzymes & Botanicals for Digestive & Immune Healthcare Support,,~~~,$24.25-$45.10,"1,000","1,029","17%
vs. open collab 17%",TABOOST022,Health 2026,17%,1,17%,1,vs. open collab 17%
1731895791412351374,"Dove Body Scrub, Brown Sugar & Coconut Butter, 15 oz (425 g)",,~~~,$16.57,"1,000",99,"14.9%
vs. open collab 14.9%",TABOOST022,Health 2026,14.,1,14.9%,0,vs. open collab 14.9%
1731932324128527009,Tru Niagen 300mg 60 ct - (2 Packs of 30),,~~~,$74.97,"1,000",162,"19.5%
vs. open collab 19.5%",TABOOST022,Health 2026,19.,1,19.5%,0,vs. open collab 19.5%
1731932335596016289,Tru Niagen 300mg 90 count - (3 Packs of 30),,~~~,$124.95,"1,000",155,"19.5%
vs. open collab 19.5%",TABOOST022,Health 2026,19.,1,19.5%,0,vs. open collab 19.5%
1731966547308680130,"Everyday Dose Coffee+ Mild and Everyday Dose Coffee+ Medium Roast Beverage | Coffee Blend with Lion's Mane, Chaga, L-Theanine, and Collagen Protein | 14 Serving",,~~~,$24.82,"1,000","5,059","15%
vs. open collab 20%",TABOOST022,Health 2026,15%,1,15%,1,vs. open collab 20%
1731966567734744002,"Everyday Dose Coffee+ Mild Roast | Beverage A2 Probiotic Creamer+ | Coffee Blend with Lion's Mane, Chaga, L-Theanine, and Collagen Protein | 14 Serving",,~~~,$26.26,"1,000",798,"20%
vs. open collab 20%",TABOOST022,Health 2026,20%,1,20%,0,vs. open collab 20%
1732001193205076696,"Live Conscious Collagen Peptides Powder 2 Pack - Naturally-Sourced Type I & III Hydrolyzed Bovine Collagen - For Hair, Skin, Nail & Joint Support Supplement",,~~~,$49.53,"1,000",883,"22%
vs. open collab 22%",TABOOST022,Health 2026,22%,1,22%,0,vs. open collab 22%
1732028186786238582,"[Coconut oil] HealthA2Z Vitamin D3 + K2 Made with Virgin Coconut Oil (Natural MCTs) - 90 Softgels (Pack of 1) - Bone, Teeth, Mood, Immune Health Support - Helps Calcium Absorption - Supports Cardiovascular Health",,~~~,$12.14-$12.30,"1,000",578,"31%
vs. open collab 20%",TABOOST022,Health 2026,26%,1,26%,5,vs. open collab 20%
1732043256459793060,"Integrative Therapeutics Cortisol Manager - Adrenal Health Support Supplement for Healthy Stress Response* - Vegan, Dairy-Free & Gluten-Free",,~~~,$20.86-$55.49,"1,000",412,"23%
vs. open collab 20%",TABOOST022,Health 2026,22%,1,22%,1,vs. open collab 20%
1732046849015255641,Organic Protein™ Plant Based Protein Powder - Chocolate Peanut Butter,,~~~,$23.94-$33.16,"1,000",193,"20%
vs. open collab 17%",TABOOST022,Health 2026,19%,1,19%,1,vs. open collab 17%
1732073719180071262,Floradix Iron & Herbs - Liquid Herbal Supplement for Energy Support - Iron Supplement with Vitamin C & Vitamin B Complex - for Men & Women,,~~~,$23.45-$49.23,"1,000","2,067","22.5%
vs. open collab 19.5%",TABOOST022,Health 2026,21.,1,21.5%,2,vs. open collab 19.5%
1732073827221410142,"Floradix Floravital Liquid Iron & Vitamin Formula - Liquid Iron Supplement with C & B Vitamins & Herbs for Energy Support - Vegan, Gluten-Free, Yeast-Free & Non-GMO",,~~~,$26.06-$54.70,"1,000",246,"22.5%
vs. open collab 19.5%",TABOOST022,Health 2026,21.,1,21.5%,1,vs. open collab 19.5%
1732088176081932961,Tru Niagen Beauty,,~~~,$44.10,"1,000",109,"19.5%
vs. open collab 19.5%",TABOOST022,Health 2026,19.,1,19.5%,0,vs. open collab 19.5%
1732091925980418302,"Seeking Health DAO Enzyme - Formerly Histamine Digest, DAO Enzyme Supplement for Histamine Food Intolerance, Supports Digestive Health, Upset Stomach",,~~~,$32.30-$72.25,"1,000",268,"22.5%
vs. open collab 19.5%",TABOOST022,Health 2026,21.,1,21.5%,1,vs. open collab 19.5%
1732132579428307460,Paleovalley 100% Grass Fed Bone Broth Protein Powder - 15g Protein per Serving - Rich in Collagen Peptides for Hair Skin Gut Health Bone and Joint Support - Gluten Free GMO Free - 30 Servings,,~~~,$13.25-$51.40,"1,000",844,"20%
vs. open collab 20%",TABOOST022,Health 2026,20%,1,20%,0,vs. open collab 20%
1732150507179840497,"Bragg ACV Supplement - 750 mg Acetic Acid, Vitamin D & Zinc for Immunity, Metabolism & Wellness - 90 Capsules",,~~~,$19.99-$49.99,"1,000",143,"19.5%
vs. open collab 19.5%",TABOOST022,Health 2026,19.,1,19.5%,0,vs. open collab 19.5%
1732157036502684187,ZeroLyte Stick Packs Sodium Trace Minerals,,~~~,$35.91,"1,000",335,"15%
vs. open collab 15%",TABOOST022,Health 2026,15%,1,15%,0,vs. open collab 15%
1732222879416095682,EVERYDAY DOSE 14 Serving Mild Roast Coffee+ with Caramel Creamer+ with Collagen & Probiotics & FREE Tumbler,,~~~,$29.67,"1,000","1,610","20%
vs. open collab 20%",TABOOST022,Health 2026,20%,1,20%,1,vs. open collab 20%
1732234891848881090,Caramel Creamer+,,~~~,$21.10,"1,000",664,"15%
vs. open collab 15%",TABOOST022,Health 2026,15%,1,15%,0,vs. open collab 15%
1732239428547482291,Multi Collagen Protein Powder Vanilla (20 Servings),,~~~,$19.99,"1,000",240,"15%

Open collab 15% - 20%",TABOOST022,Health 2026,15%,1,15%,0,vs. open collab 15%-20%
1732256447033479489,"Huel Black Edition Powder | 10-Serve High-Protein Meal Powder with 26 Vitamins & Minerals | Plant-Based, Low Sugar, Vegan Protein Blend",,~~~,$39.99,"1,000",29,"20%
vs. open collab 20%",TABOOST022,Health 2026,20%,1,20%,0,vs. open collab 20%
1732269855795745089,Huel Black Edition Powder | 40g Plant-Based Protein | 27 Vitamins & Minerals | Nutritionally Complete Meal | Gluten-free | 17 Servings,,~~~,$39.41,"1,000",52,"20%
vs. open collab 20%",TABOOST022,Health 2026,20%,1,20%,0,vs. open collab 20%
1732271147004629466,Clear Protein Isolate,,~~~,$55.20,"1,000","2,756","20%
vs. open collab 20%",TABOOST022,Health 2026,20%,1,20%,1,vs. open collab 20%
1732283774811148686,"Alani Nu Pre-Workout, Cosmic Stardust™, 10.5 oz (300 g)",,~~~,$46.28,"1,000",1,"15%
vs. open collab 15%",TABOOST022,Health 2026,15%,1,15%,0,vs. open collab 15%
1732283774985671054,"Alani Nu Protein Bar, Caramel Crunch, 12 Bars, 1.69 oz (48 g) Each",,~~~,$43.97,"1,000",1,"15%
vs. open collab 15%",TABOOST022,Health 2026,15%,1,15%,0,vs. open collab 15%
1732292947082514630,Daily Reset Bundle,,~~~,$25.97,"1,000",19,"20%
vs. open collab 20%",TABOOST022,Health 2026,20%,1,20%,0,vs. open collab 20%
1729472114751607416,"Violet Ends - 10ml Fragrance - Rhubarb, Violet + Smoked Papyrus",,~~~,$27.60,28,173,"15%
vs. open collab 15%",TABOOST023,Fragrance 2026,15%,1,15%,0,vs. open collab 15%
1729472117053428344,"Violet Ends - 50ml Fragrance - Rhubarb, Violet + Smoked Papyrus",,~~~,$71.76,72,52,"15%
vs. open collab 15%",TABOOST023,Fragrance 2026,15%,1,15%,0,vs. open collab 15%
1729477613903058189,Zakat | World Cup | Eau De Parfum | Unisex Fragrance | 80 ML | Mango - Ginger & Lemon,,~~~,$69.90,70,627,"20%
vs. open collab 15%",TABOOST023,Fragrance 2026,18%,1,18%,2,vs. open collab 15%
1729477633813943565,"Zakat Perfumes World Cup VIP Unisex Eau De Parfum, 80 ML Alcohol-Based Single Item Unisex Wear Fragrance with Citron, Calabrian Bergamot and Sicilian Orange",,~~~,$99.90,100,"1,317","20%
vs. open collab 15%",TABOOST023,Fragrance 2026,18%,1,18%,3,vs. open collab 15%
1729490195167613851,"That Girl | Viral Vanilla – Sweet Gourmand Extrait de Parfum | Caramel, Coconut Milk & Marshmallow | Cruelty-Free Unisex Fragrance",Oakcha,Beauty & Personal Care,$44.76,45,"34,027","17%
vs. open collab 12%",TABOOST023,Fragrance 2026,15%,1,7.06%,4,vs. open collab 12%
1729493322939339384,"Citrush Travel Spray - 10ml Fragrance - Pomelo, Black Pepper + Musks",,~~~,$27.60,28,449,"15%
vs. open collab 15%",TABOOST023,Fragrance 2026,15%,1,15%,0,vs. open collab 15%
1729498567047615222,NOYZ Sh**ty Day Eau De Parfum - Fig + Amber - Unisex Fragrance Perfume,,~~~,$30.00-$68.00,,180,"25%
vs. open collab 25%",TABOOST023,Fragrance 2026,25%,1,25%,0,vs. open collab 25%
1729498567211717366,"NOYZ LOST+FOUND Unisex Fragrance Perfume - Fresh and Clean Scent - Italian Lemon, Jasmine, and Cedarwood",,~~~,$30.00-$68.00,,87,"25%
vs. open collab 25%",TABOOST023,Fragrance 2026,25%,1,25%,0,vs. open collab 25%
1729498567639339766,"NOYZ Fragrance Discovery Kit - Iconic Eau de Parfum Spray Samples: Unmute, Love Club, Lost + Found, and Sh**ty Day",,~~~,$18.00,18,528,"15%
vs. open collab 15%",TABOOST023,Fragrance 2026,15%,1,15%,0,vs. open collab 15%
1729672566049968166,Fragrance One BLACK TIE for Men - Extrait de Parfum by Jeremy Fragrance (3.4oz / 100ml) - Bold Spicy & Citrusy Cologne for Men | Long-Lasting & Sexy Fragrance,,~~~,$80.99,81,80,"22%
vs. open collab 19%",TABOOST023,Fragrance 2026,21%,1,12.41%,1,vs. open collab 19%
1729672573809102886,Fragrance One DATE For Men - Extrait de Parfum by Jeremy Fragrance - Long Lasting Cologne For Men - Powerful Energetic Blend of Fruits & Oriental Masculinity with Flirtatious Fruity Opening & Seductive OUD Finish,,~~~,$53.99-$89.99,,173,"19%
vs. open collab 19%",TABOOST023,Fragrance 2026,19%,1,19%,0,vs. open collab 19%
1729672590050889766,Fragrance One Power Bundle: DATE & OFFICE & BLACK TIE - Fragrance Bundle for Men by Jeremy Fragrance (3 x 3.4oz / 100ml),,~~~,$233.99,234,390,"22%
vs. open collab 19%",TABOOST023,Fragrance 2026,21%,1,12.41%,1,vs. open collab 19%
1729743896360686326,NOYZ 12:00 Warm Sweet and Irresistible Eau de Parfum - Spun Sugar and Raspberry Scent Perfume Fragrance,,~~~,$30.00-$68.00,,242,"17%
vs. open collab 15%",TABOOST023,Fragrance 2026,16%,1,16%,1,vs. open collab 15%
1730058495092626379,Versace Pour Femme Dylan Purple Eua De Perfume for Women Edp Fragrance Floral Fragrances,,~~~,$82.99,83,62,"8%
vs. open collab 8%",TABOOST023,Fragrance 2026,8%,1,8%,0,vs. open collab 8%
1730147705030546379,Yves Saint Laurent Libre Eau De Toilette for Women,,~~~,$198.97,199,483,"12%
vs. open collab 12%",TABOOST023,Fragrance 2026,12%,1,12%,0,vs. open collab 12%
1730159131196167115,Yves Saint Laurent Y Eau De Parfum Spray for Men Fragrances,,~~~,$238.02,238,224,"10%
vs. open collab 10%",TABOOST023,Fragrance 2026,10%,1,10%,0,vs. open collab 10%
1730163664584086475,Yves Saint Laurent Black Opium Eau De Parfum for Women Edp Fragrance Edp Spray,,~~~,$240.25,240,214,"8%
vs. open collab 8%",TABOOST023,Fragrance 2026,8%,1,8%,0,vs. open collab 8%
1730194799456850891,Dolce & Gabbana Pour Homme Eau De Toilette Spray for Men,,~~~,$59.26-$125.21,,60,"8%
vs. open collab 8%",TABOOST023,Fragrance 2026,8%,1,8%,0,vs. open collab 8%
1730501252592668941,"Lattafa | Yara Perfume + Yara Air Freshener + Yara Body Spray, Yara 10ml Oil | Eau De Parfum | 200ML | Womens Fragrance | Orchid + Gourmand Accord +Vanilla Fragrance Notes",,~~~,$19.88,20,"109,565","20%
vs. open collab 15%",TABOOST023,Fragrance 2026,18%,1,18%,4,vs. open collab 15%
1730591097423827702,"NOYZ Unmute Bundle, Vanilla Perfume, Vanilla, Plum, Pistachio Fragrance Bundle, Full Size Fragrance + 15mL Travel Size",,~~~,$98.00,98,40,"15%
vs. open collab 15%",TABOOST023,Fragrance 2026,15%,1,15%,0,vs. open collab 15%
1730596068180726518,"NOYZ The Solid Fragrance, Fragrance Perfume, Refillable Solid Perfume, 5 Scents, Vanilla Perfumes",,~~~,$42.00,42,568,"17%
vs. open collab 15%",TABOOST023,Fragrance 2026,16%,1,16%,1,vs. open collab 15%
1730818138184192758,"NOYZ Unmute On-the-Go Duo Bundle, Fragrance Bundle, Perfume Set, Vanilla Perfume",,~~~,$64.00,64,95,"15%
vs. open collab 15%",TABOOST023,Fragrance 2026,15%,1,15%,0,vs. open collab 15%
1730850579488150427,"Desiree – Floral Citrus Vanilla Extrait de Parfum | Lavender, Orange Blossom & Madagascar Vanilla | Feminine Fragrance",,~~~,$30.36,30,"8,303","17%
vs. open collab 12%",TABOOST023,Fragrance 2026,15%,1,7.06%,3,vs. open collab 12%
1730871061111541773,"Evereden – Hair & Body Fragrance Mist Trio | Kids & Teens Light Scent Sprays | Main Character, Darling, Supernova",,~~~,$23.00-$69.00,,"3,719","10%
vs. open collab 10%",TABOOST023,Fragrance 2026,10%,1,10%,1,vs. open collab 10%
1730947489735545572,MCoBeauty Fragrance Mist for Hair & Body,,~~~,$6.00-$11.99,,"2,364","15%
vs. open collab 15%",TABOOST023,Fragrance 2026,15%,1,15%,1,vs. open collab 15%
1730961655931769590,"NOYZ Detour Eau de Parfum Fragrance, Gardenia, Jasmine and Tiare Scent, Bold Floral Perfume",,~~~,$38.00-$85.00,,171,"17%
vs. open collab 15%",TABOOST023,Fragrance 2026,16%,1,16%,1,vs. open collab 15%
1730997470295725003,Giorgio Armani Emporio Stronger With You Eau De Toilette Spray For Men,,~~~,$107.31-$147.52,,167,"8%
vs. open collab 8%",TABOOST023,Fragrance 2026,8%,1,8%,0,vs. open collab 8%
1730997911768306635,Marc Jacobs Mini Variety Fragrance Gift Set for Women,,~~~,$117.77,118,377,"10%
vs. open collab 10%",TABOOST023,Fragrance 2026,10%,1,10%,0,vs. open collab 10%
1730998557369537483,Marc Jacobs Perfect Gift Eau De Parfum Unisex,,~~~,$94.05,94,617,"8%
vs. open collab 8%",TABOOST023,Fragrance 2026,8%,1,8%,0,vs. open collab 8%
1731129824757977846,NOYZ Juicy Chaos Hair + Body Fragrance Mist,,~~~,$15.00,15,73,"15%
vs. open collab 15%",TABOOST023,Fragrance 2026,15%,1,15%,0,vs. open collab 15%
1731129824787862262,NOYZ Salty Hair & Body Fragrance Mist 240mL - Tropical Vacay Scent with Pink Sea Salt & Coconut Water Top Notes,,~~~,$15.00,15,91,"15%
vs. open collab 15%",TABOOST023,Fragrance 2026,15%,1,15%,0,vs. open collab 15%
1731139434613871563,Burberry Hero Eau De Parfum Unisex,,~~~,$131.40,131,42,"8%
vs. open collab 8%",TABOOST023,Fragrance 2026,8%,1,8%,0,vs. open collab 8%
1731297191916901110,"HAIR + BODY FRAGRANCE MIST - LISTEN, HONEY",,~~~,$15.00,15,75,"15%
vs. open collab 15%",TABOOST023,Fragrance 2026,15%,1,15%,0,vs. open collab 15%
1731331593699693467,"Cotton Clouds – Floral Fruity Gourmand Extrait de Parfum | Strawberry, Marshmallow & Vanilla Cream | Unisex Fragrance",Oakcha,Beauty & Personal Care,$35.96,36,"15,307","20%
vs. open collab 12%",TABOOST023,Fragrance 2026,17%,1,17%,5,vs. open collab 12%
1731586433116902008,"Citrush - 8oz Body Mist - Pomelo, Frozen Mint + Ripe Musk",,~~~,$38.00,38,219,"15%
vs. open collab 15%",TABOOST023,Fragrance 2026,15%,1,15%,0,vs. open collab 15%
1731642024333054584,"Doll Mist - 3oz + 8oz Hair + Body Mist Set- Strawberry, Vanilla Orchid + Plastic Doll Accord",,~~~,$57.96,58,249,"15%
vs. open collab 15%",TABOOST023,Fragrance 2026,15%,1,15%,0,vs. open collab 15%
1731655248552760267,Montblanc Legend Red Eau De Parfum for Men – 100ml,,~~~,$56.99,57,13,"12%
vs. open collab 12%",TABOOST023,Fragrance 2026,12%,1,12%,0,vs. open collab 12%
1731656521900725195,Coach New York Eau De Toilette For Men,,~~~,$72.11-$126.65,,63,"12%
vs. open collab 12%",TABOOST023,Fragrance 2026,12%,1,12%,0,vs. open collab 12%
1731685248648450265,"Primally Pure Rose + Mint Tinted Lip Balm - Pure Hydration, No Synthetic Fragrances, Preservatives or Petroleum-Based Fillers - Clean Lip Care",,~~~,$14.00,14,383,"11%
vs. open collab 11%",TABOOST023,Fragrance 2026,11%,1,11%,0,vs. open collab 11%
1731757385252508406,"NOYZ Only Human Eau De Parfum - Vanilla Bean, Skin-Hugging Gourmand Fragrance with Warm Vanilla Bean & Ambroxan Notes",,~~~,$38.00-$85.00,,"1,610","17%
vs. open collab 15%",TABOOST023,Fragrance 2026,16%,1,16%,2,vs. open collab 15%
1731926594282623734,NOYZ UNMUTE TRAVEL SET - Limited Edition Vanilla Fragrance with Solid 7g & EDP 15ml - Long-Wearing Scent for Holiday Season,,~~~,$64.00,64,21,"15%
vs. open collab 15%",TABOOST023,Fragrance 2026,15%,1,15%,0,vs. open collab 15%
1731962327854649748,"Blake Brown Beauty All-In-Wonder Leave-In Conditioner -Smooth, Detangle & Hydrate Hair - Bergamot Woods",,~~~,$16.72,17,"2,312","15%
vs. open collab 15%",TABOOST023,Fragrance 2026,15%,1,15%,1,vs. open collab 15%
1731962392487825812,Blake Brown Beauty Wild Nectar Santal Hair & Body Mist - Fresh & Warm - Luxurious Fragrance,,~~~,$19.00,19,195,"15%
vs. open collab 15%",TABOOST023,Fragrance 2026,15%,1,15%,0,vs. open collab 15%
1731962407508808084,Blake Brown Beauty Bergamot Woods Hair & Body Mist - Fresh Citrus & Woody - Luxurious Fragrance,,~~~,$19.00,19,230,"15%
vs. open collab 15%",TABOOST023,Fragrance 2026,15%,1,15%,0,vs. open collab 15%
1731992277724074478,Azzaro Fragrance The Most Wanted Parfum 100ML Woody Spicy Scent for Men - Bold Confidence Fragrance,,~~~,$135.00,135,179,"10%
vs. open collab 10%",TABOOST023,Fragrance 2026,10%,1,10%,0,vs. open collab 10%
1731992295364334062,Azzaro Fragrance Forever Wanted Elixir 100ML Extrait de Parfum for Men Bold Spicy Sophistication Leather Warmth Regular Edition,,~~~,$150.00,150,116,"10%
vs. open collab 10%",TABOOST023,Fragrance 2026,10%,1,10%,0,vs. open collab 10%
1732036402474356774,Fragrance One OFFICE For Men - Eau de Parfum by Jeremy Fragrance (3.4oz / 100ml),,~~~,$107.99,108,431,"22%
vs. open collab 19%",TABOOST023,Fragrance 2026,21%,1,12.41%,1,vs. open collab 19%
1732047062350205307,"r.e.m. beauty x Wicked: For Good you've been glinda-fied! fragrance & makeup set - floral gourmand, blush, lip oil and fragrance, fruity",,~~~,$79.00,79,443,"12%
vs. open collab 12%",TABOOST023,Fragrance 2026,12%,1,12%,0,vs. open collab 12%
1732052171545940006,Fragrance One CLUB for Men - Extrait de Parfum by Jeremy Fragrance (3.4oz / 100ml),,~~~,$99.99,100,149,"19%
vs. open collab 19%",TABOOST023,Fragrance 2026,19%,1,19%,0,vs. open collab 19%
1732070638239584405,Nécessaire Body Wash Discovery Set – Travel-Size Body Wash in 4 Fine Fragrances | For Women + Men | Dermatologist-Tested. Hypoallergenic. Vegan.,,~~~,$48.00,48,50,"13%
vs. open collab 10%",TABOOST023,Fragrance 2026,12%,1,12%,1,vs. open collab 10%
1729385924325380593,FeelinGirl Shapewear for Women Butt Lifter Bodysuit Tummy Control Shapewear Seamless Womenswear Comfort Spaghetti Strap Hip Underwear Basic Minimalist Mother’s Day #Summervibes,,~~~,$21.99,22,"437,723","15%
vs. open collab 10%",TABOOST024,Fashion 2 2026,13%,1,6.07%,4,vs. open collab 10%
1729386654154068465,FeelinGirl Seamless Spaghetti Strap V-neck Maxi Built-in Shaper Dress Basic Casual Fabric Womenswear Mother’s Day #Summervibes,FeelinGirl LLC,Womenswear & Underwear,$24.99,25,"42,854","15%
vs. open collab 10%",TABOOST024,Fashion 2 2026,13%,1,13%,4,vs. open collab 10%
1729408475980141141,Pirouette Skort - Smoky Grey,,~~~,$60.00,60,"1,094","10%
vs. open collab 10%",TABOOST024,Fashion 2 2026,10%,1,10%,1,vs. open collab 10%
1729411248918401989,Wingslove Deep V Push Up Padded T-shirt Bra Everyday Bras For Womenswear Outfit Enhancer Outdoorfun Low Plunge Breathable Mesh Classic Style,,~~~,$25.89-$26.08,,"8,698","15%
vs. open collab 12%",TABOOST024,Fashion 2 2026,13%,1,4.33%,3,vs. open collab 12%
1729437733398680565,Women's Casual Loose Overalls Jumpsuits One Piece Sleeveless Printed Wide Leg Long Pant Rompers With Pockets Bohemian Womenswear,Dokotoo,Womenswear & Underwear,$18.99-$34.88,,"87,615","17%
vs. open collab 12%",TABOOST024,Fashion 2 2026,15%,1,15%,4,vs. open collab 12%
1729438307158626802,Yeokou Womens Athletic Sleeveless Mini Dress with Built-in Shorts V Neck Spaghetti Strap Sundress,,~~~,$21.98-$24.99,,"46,667","10%
vs. open collab 10%",TABOOST024,Fashion 2 2026,10%,1,10%,2,vs. open collab 10%
1729439433632682771,"Vintage USA, Retro Flag, America, 4th of July Sweatshirt, Women's Crew Neck, Crewneck",,~~~,$27.88,28,"7,265","20%
vs. open collab 15%",TABOOST024,Fashion 2 2026,18%,1,5.40%,3,vs. open collab 15%
1729442599185585141,Women's 2026 Spring Summer Crochet Hollow Out 3/4 Sleeve Pullover Sweater Off Shoulder T-Shirts,Dokotoo,Womenswear & Underwear,$20.99-$29.99,,"18,352","17%
vs. open collab 12%",TABOOST024,Fashion 2 2026,15%,1,15%,4,vs. open collab 12%
1729443883935109513,Chouyatou Women's Retro Plaid Smocked Dress Spaghetti Strap Flounce Long Casual Sleeveless Flowy Evening Fashion Basic with Pockets Womenswear Cute Elegant Sky,CHOUYATOU,Womenswear & Underwear,$30.50,31,"29,908","15%
vs. open collab 10%",TABOOST024,Fashion 2 2026,13%,1,13%,4,vs. open collab 10%
1729462440090047429,Wingslove High Impact Sports Bras for Women Plus Size Non Padded Wirefree Workout Bra Bounce Control Mesh Mesh,,~~~,$24.99-$25.21,,"4,589","17%
vs. open collab 12%",TABOOST024,Fashion 2 2026,15%,1,4.41%,3,vs. open collab 12%
1729481348861760057,QINSEN Women's Sexy Open Back Sleeveless Crop Tank High Neck Slim Fit Cropped Tee Shirt Y2k Tops Comfort Fabric,,~~~,$21.41,21,"49,143","15%
vs. open collab 10%",TABOOST024,Fashion 2 2026,13%,1,13%,4,vs. open collab 10%
1729487535634747889,FeelinGirl Strapless Shapewear Tummy Control Bodysuit Seamless Shaping Shortie with Removable Womenswear Fabric Comfortable Christmas Style Mother’s Day #Summervibes,,~~~,$23.99,24,"33,814","15%
vs. open collab 10%",TABOOST024,Fashion 2 2026,13%,1,13%,4,vs. open collab 10%
1729532660705300517,klassy Cotton Tee Brami - Women's Basic T-shirt Top,,~~~,$30.78,31,"6,050","15%
vs. open collab 8%",TABOOST024,Fashion 2 2026,12%,1,12%,4,vs. open collab 8%
1729546634940027832,Sculpt Touch Hourglass Girdle - 3-Layer Adjustable Plus Size Waist Trainer Belts for Women High Coverage Nylon Shapewear Corset Tummy Control Compression Faja Comfortable Womenswear for All Body Types Sportswear Activewear Basic Minimalist Design SpringSt,SculptTouch,Womenswear & Underwear,$39.89,40,"57,077","13%
vs. open collab 8%",TABOOST024,Fashion 2 2026,11%,1,3.38%,4,vs. open collab 8%
1729550675120657198,Imily Bela Womens Striped Summer Dresses Short Sleeve V Neck Knit Collared Sexy Slit Loose Maxi Sweater Dress,,~~~,$25.76-$27.99,,"11,802","12%
vs. open collab 10%",TABOOST024,Fashion 2 2026,11%,1,11%,3,vs. open collab 10%
1729558949832987549,"Shewin Women's 2026 SummerVibes Waffle Knit V-Neck Short Sleeve Tunic Top Soft Basic Knitwear Fabric Plus Size Essential for Daily Wear & Beach Layering Easy Matching - T Shirt Intimates, Shirt, Casual",,~~~,$18.42-$20.36,,"30,331","15%
vs. open collab 10%",TABOOST024,Fashion 2 2026,13%,1,13%,4,vs. open collab 10%
1729575252730679793,FeelinGirl Womenswear Seamless Long Sleeve Thong Bodysuit for Tummy Control V Neck Going Out Fabric Comfortable Casual Breathable Mother’s Day #Summervibes,,~~~,$24.99,25,"34,340","15%
vs. open collab 10%",TABOOST024,Fashion 2 2026,13%,1,6.07%,4,vs. open collab 10%
1729577498489033629,Shewin 2026 Spring Women's Cozy Oversized Waffle Knit Half-Zip Pullover Long Sleeve Sweatshirt - Cotton Polyester Comfy Casual Knitwear for Daily & Spring Outfits,,~~~,$31.03,31,"6,787","15%
vs. open collab 10%",TABOOST024,Fashion 2 2026,13%,1,13%,3,vs. open collab 10%
1729596430125601781,Womens 2026 Boho Dress Tassel V Neck Long Sleeve A Line Casual Hollow Out Lace Ruffle Party Dresses,Dokotoo,Womenswear & Underwear,$26.99-$33.99,,"13,169","17%
vs. open collab 12%",TABOOST024,Fashion 2 2026,15%,1,15%,4,vs. open collab 12%
1729606202892063601,"Women's Contrast Lace Backless Wireless Bra & Panty Underwear Set, Sexy Comfy Breathable Pink Lingerie Set for Daily Wear, Underwear Set for Women",,~~~,$16.27,16,"28,562","13%
vs. open collab 8%",TABOOST024,Fashion 2 2026,11%,1,11%,4,vs. open collab 8%
1729625035222913214,Backless Shapewear Strapless Deep U Plunge Bodysuit for Women Tummy Control Built In Bra Low Back Women's Shaping Bodysuit Mid-Thigh Seamless V-Neck Thigh Slimmer Girdles Womenswear Compression,,~~~,$44.21,44,"17,694","20%
vs. open collab 12%",TABOOST024,Fashion 2 2026,17%,1,17%,5,vs. open collab 12%
1729773126172578149,FAIABLE Men´s Hoodies Unisex Oversized Zip-Up Hoodie for Women Plain Acid Wash Long Sleeve Pullover Basic Minimalist Tops Heavyweight Fleeced Cotton Zipper Hoodie Vintage Casual Menswear Sweatshirts,Faiable Fashion,Womenswear & Underwear,$53.99-$99.99,,"81,144","15%
vs. open collab 10%",TABOOST024,Fashion 2 2026,13%,1,13%,4,vs. open collab 10%
1729960465892742133,Women's Tops Casual Scoop Neck Short Sleeve Waffle Knit Hollow Out Shirts Loose Tunic Tops Blouses,Dokotoo,Womenswear & Underwear,$12.99-$19.99,,"14,738","17%
vs. open collab 12%",TABOOST024,Fashion 2 2026,15%,1,15%,4,vs. open collab 12%
1729966448554710005,Women's Summer Tops 2026 Striped Color Block Short Sleeve T-Shirts Crewneck Casual Loose Basic Tee Blouses 95% Cotton 5% Elastane Breathable Lightweight Soft Durable,Dokotoo,Womenswear & Underwear,$13.88-$21.99,,"12,257","17%
vs. open collab 12%",TABOOST024,Fashion 2 2026,15%,1,15%,4,vs. open collab 12%
1730050279177098006,Thea Flying Monkey Jeans - Medium Wash,,~~~,$79.92,80,"5,553","10%
vs. open collab 10%",TABOOST024,Fashion 2 2026,10%,1,10%,1,vs. open collab 10%
1730066662594351468,SHAPERX Full Body Shapewear Tummy Control High Waisted Leggings Stretchy Bodysuit Black Sculpting,,~~~,$30.99-$54.99,,"42,092","20%
vs. open collab 15%",TABOOST024,Fashion 2 2026,18%,1,18%,4,vs. open collab 15%
1730145882292261011,Tanming Women's Short Sleeve Cardigan Sweaters Crew Neck Soft Ribbed Knitting Button Down Tops Lightweight Breathable Summer Layering Cover Up Knitwear Top Flattering Fit for Casual Office Work Travel Springfresh Womenswear #SpringStatements,TanmingFashion,Womenswear & Underwear,$25.64-$27.99,,"24,086","15%
vs. open collab 10%",TABOOST024,Fashion 2 2026,13%,1,6.93%,4,vs. open collab 10%
1730220602666357009,FallSweet No Show Underwear for Women High Waist Seamleass Briefs Panties #SummerVibes,,~~~,$19.99-$24.99,,"19,381","20%
vs. open collab 12%",TABOOST024,Fashion 2 2026,17%,1,6.80%,5,vs. open collab 12%
1730302997436928467,"UOOZEE Women's Loose Oversized Collared Lapel Blouse - Polyester Fabric, Basic Style, Comfortable Longsleeve Lady Top for Commuting, Office, Fall Occasions",,~~~,$29.99-$45.99,,"29,760","10%
vs. open collab 10%",TABOOST024,Fashion 2 2026,10%,1,10%,2,vs. open collab 10%
1730353153115788277,Womens Summer Tops Fashion 2026 Half Sleeve Waffle Knit Shirts Casual V Neck Colorblock Patchwork Blouses,Dokotoo,Womenswear & Underwear,$12.99-$21.88,,"20,735","17%
vs. open collab 12%",TABOOST024,Fashion 2 2026,15%,1,15%,4,vs. open collab 12%
1730403322589778845,"Shewin 2026 SummerVibes Women's Oversized Knit Sweater Pullover - Cute Chic Cozy Striped Crewneck, Batwing/Shortsleeve Options, Stretchy Acrylic Fabric Top, Versatile for Formal Outfits, Pairable with Skirts, Jeans, Pants",,~~~,$24.24-$26.18,,"7,557","15%
vs. open collab 10%",TABOOST024,Fashion 2 2026,13%,1,13%,3,vs. open collab 10%
1730451802257723622,OEAK Women's Jelly Seamless Bras Deep V Wireless Plus Size Full Coverage Comfort Bras No Underwire Bra Soft Breathable Sleep Bralettes,,~~~,$15.51,16,"21,980","10%
vs. open collab 6%",TABOOST024,Fashion 2 2026,8%,1,8%,4,vs. open collab 6%
1730617641274675408,Chulianyouhuo 2026 Women's Plus Size Jumpsuit Overalls Wide Leg Casual Rompers Adjustable Loose Fit Jumpsuits With Pockets 2026 TikTokShopHolidayHaul Breathable Lightweight,,~~~,$29.98,30,"12,748","15%
vs. open collab 10%",TABOOST024,Fashion 2 2026,13%,1,13%,4,vs. open collab 10%
1730674849392267621,FAIABLE Unisex Oversized Acid Wash Sweatshirt with Double Zipper – Soft Fabric Washed Long Sleeve Pullover for Ultimate Comfort and Vintage Style – Minimalist Tops Perfect Basic Hoodie for Every Casual Occasion,,~~~,$56.99,57,"15,105","15%
vs. open collab 10%",TABOOST024,Fashion 2 2026,13%,1,13%,4,vs. open collab 10%
1730723061843530230,ChicMe Women's Halter Hollow-out A Line Sleeveless Front Slit Ruched Maxi Wedding Guest Dress Vacation Dress,chicme,Womenswear & Underwear,$19.99-$27.99,,"23,439","15%
vs. open collab 8%",TABOOST024,Fashion 2 2026,12%,1,12%,5,vs. open collab 8%
1730776777710997864,Arach&Cloz Womens Wool Blend Polo Shirts Summer Sweater Tops Short Sleeve Soft Business Casual SummerVibes 2026,,~~~,$29.99-$99.99,,"18,845","10%
vs. open collab 10%",TABOOST024,Fashion 2 2026,10%,1,10%,2,vs. open collab 10%
1730860904568623587,"Women's Puff Short Sleeve 2025 Spring Summer Sweater - Lightweight Knit Top - Business Casual Blouse, Soft & Breathable for Layering",OFEEFAN,Womenswear & Underwear,$19.00-$21.85,,"46,078","10%
vs. open collab 10%",TABOOST024,Fashion 2 2026,10%,1,10%,2,vs. open collab 10%
1730945628187366397,BTFBM Women Strapless Tube Top Dress Summer 2026 Sleeveless Ruched Flowy Cocktail Wedding Guest Maxi Dresses with Pocket,,~~~,$43.99,44,"10,245","10%
vs. open collab 10%",TABOOST024,Fashion 2 2026,10%,1,10%,2,vs. open collab 10%
1730964626574381211,"CHRLEISURE 1/3/6-PACK High Waist Yoga Pants With Pockets, Exercise Running Yoga Leggings, Tummy Control Workout Running Yoga Leggings for Women Activewear Bottoms",,~~~,$26.88-$45.99,,"13,168","13%
vs. open collab 10%",TABOOST024,Fashion 2 2026,12%,1,12%,3,vs. open collab 10%
1731017593908728796,"KatchMe Women's Soft Lace Series Spaghetti Strap Lace Trim Wirefree Quick-Drying Bralette & Panties Set, Casual Lightweight Flattering Underwear Set, Breathable Daily Wear",,~~~,$31.99-$33.99,,"30,812","12%
vs. open collab 12%",TABOOST024,Fashion 2 2026,11%,1,11%,3,vs. open collab 12%
1731087096744940068,CurvySweet Summer Bodycon Midi Dress for Women Ruched Slim Fit Spaghetti Strapocktail beach vacation outfit Date Night & Cocktail Womenswear Sleeveless,,~~~,$32.39-$39.99,,"1,400","10%
vs. open collab 10%",TABOOST024,Fashion 2 2026,10%,1,10%,1,vs. open collab 10%
1731099152451211983,"COZYFIT Scrubs for Women DawnDusk Set Medical Uniform - V-Neck Top & Straight Leg Pants with 9 Pockets,Easy Care",,~~~,$34.91,35,"11,484","10%
vs. open collab 10%",TABOOST024,Fashion 2 2026,10%,1,10%,2,vs. open collab 10%
1731106516181291556,CurvySweet Summer Women's Off The Shoulder Midi Dress Built-in Bra Ruched Corset Bodycon beach vacation outfit Cocktail Party Dresses,CurvySweet-US,Womenswear & Underwear,$44.61,45,"20,949","10%
vs. open collab 10%",TABOOST024,Fashion 2 2026,10%,1,10%,2,vs. open collab 10%
1731261024414896599,"Women's 2026 Summer 2-Piece Minimalist Basic Round Neck Oversized Shirt & Biker Shorts Matching Set, Split Hem Women's Clothes for Airport Travel, Lounge Set, 2 Piece Sets",AUTOMET,Womenswear & Underwear,$27.99-$32.99,,"4,970","15%
vs. open collab 10%",TABOOST024,Fashion 2 2026,13%,1,13%,3,vs. open collab 10%
1731360435404378421,UANEO Womens Off Shoulder Sweater Y2K Short Sleeve Ribbed Knit Pullover Date Night Top Blouse,,~~~,$20.99-$25.98,,"9,094","10%
vs. open collab 10%",TABOOST024,Fashion 2 2026,10%,1,10%,1,vs. open collab 10%
1731425970253960067,Comfrt | Waffle Lounge Short | Textured Waffle Knit Lounge Shorts With Drawstring,,~~~,$35.00,35,"19,705","10%
vs. open collab 10%",TABOOST024,Fashion 2 2026,10%,1,10%,2,vs. open collab 10%
1731429168462664693,Denim Dress for Women Fashion Fall Casual Babydoll 2026 V Neck 3/4 Puff Sleeve Jean Dresses,Dokotoo,Womenswear & Underwear,$29.88-$43.98,,"18,878","17%
vs. open collab 10%",TABOOST024,Fashion 2 2026,14%,1,14%,5,vs. open collab 10%
1731501059629748722,Yeokou Women’s 2-Piece Smocked Top & Wide-Leg Pants Sets–High-Waisted Lounge Outfit with Pockets Casual Boho Matching Set,,~~~,$39.99-$44.98,,"13,977","15%
vs. open collab 10%",TABOOST024,Fashion 2 2026,13%,1,13%,4,vs. open collab 10%
1731569134796050490,OQQ Women's Casual Pants High-waisted Loose Fitting Casual Pants Comfortable and Elastic Loose Pants with Stretchy Material Side hidden pocket Straight Leg Hem,,~~~,$27.97-$54.99,,"5,155","13%
vs. open collab 8%",TABOOST024,Fashion 2 2026,11%,1,11%,3,vs. open collab 8%
1731569247293706875,"Florboom Women's Boho Square Neck Lantern Sleeve Dress, Smocked Waist 16-Panel Petal Hem Twirl Midi , Romantic Festival & Holiday Outfit",,~~~,$29.99,30,"6,428","15%
vs. open collab 8%",TABOOST024,Fashion 2 2026,12%,1,12%,4,vs. open collab 8%
1731608462961447908,Originals Women's 2-Piece Lounge Set RIBBED SuperSoft Cropped Baby Doll Tee & Sleep Shorts Loungewear Comfort Pajama Womenswear,Hanes,Womenswear & Underwear,$24.99,25,"48,880","10%
vs. open collab 10%",TABOOST024,Fashion 2 2026,10%,1,10%,2,vs. open collab 10%
1731622604082024678,OEAK Women Non-Slip Bandeau Bras With Comfortable Strapless Bra Seamless Wireless Tube Top Soft Wireless Bra,,~~~,$22.30,22,"12,033","10%
vs. open collab 10%",TABOOST024,Fashion 2 2026,10%,1,10%,2,vs. open collab 10%
1731640825019273587,Dlooda Womens Bootcut Dress Pants Business Casual Work Pants with Pockets High Waist Stretchy Trousers Pull On Office Slacks,,~~~,$18.99,19,"21,082","13%

Open collab 10% - 12%",TABOOST024,Fashion 2 2026,11%,1,11%,4,vs. open collab 10%-12%
1731643102010446195,Dlooda Womens Dress Pants Stretchy Work Pants Business Casual Office Trousers Pull On Flare Slacks with 4 Pockets,,~~~,$21.95,22,"8,048","13%

Open collab 10% - 12%",TABOOST024,Fashion 2 2026,11%,1,11%,3,vs. open collab 10%-12%
1731651508133728800,MOMANDA Natrelax Maternity Nursing Tank Tops with Built in Bra Sleeveless Casual Pregnancy Tee V Neck Workout Shirt Postpartum Outfit,,~~~,$33.16,33,"5,879","15%
vs. open collab 10%",TABOOST024,Fashion 2 2026,13%,1,13%,3,vs. open collab 10%
1731811203111555159,Cider Polka Dot Mini Dress – Flattering Ruched Bodycon Dress with Bell Sleeves， Hides Tummy & Arms， Soft Stretch Cotton for Date Night,,~~~,$35.99,36,"6,132","15%
vs. open collab 10%",TABOOST024,Fashion 2 2026,13%,1,13%,3,vs. open collab 10%
1731882983466242441,Chouyatou women's mid-rise floral print cropped jeans bohemian loose wide-leg jeans,,~~~,$32.89-$35.99,,"6,573","15%
vs. open collab 10%",TABOOST024,Fashion 2 2026,13%,1,5.20%,3,vs. open collab 10%
1731887708490535305,Chouyatou Women's Simple Floral Jeans Y2K Loose Wide-Leg Jeans Boyfriend Style Printed Stitching Jeans,,~~~,$35.20-$37.99,,"7,814","15%
vs. open collab 10%",TABOOST024,Fashion 2 2026,13%,1,8.67%,3,vs. open collab 10%
1731902422767866213,FAIABLE Hoodies Vintage Acid Washed Heavyweight Fleece Half Zip Unisex Hoodie for Women with Kangaroo Pocket & Earbud Sleeve Pocket Casual Aesthetic Streetwear Style Essential Comfort Hoodies,,~~~,$51.29,51,"3,637","15%
vs. open collab 10%",TABOOST024,Fashion 2 2026,13%,1,13%,3,vs. open collab 10%
1731929689784357183,DOBREVA Women's Lace Strapless Bra,,~~~,$23.94,24,"6,270","10%
vs. open collab 10%",TABOOST024,Fashion 2 2026,10%,1,10%,1,vs. open collab 10%
1732017386487976772,Popilush Cowl Neck Spaghetti Strap Midi Swing Dress - Casual Breathable Elastic Fabric for Everyday Womenswear Feminine Adjustable Mesh,,~~~,$39.98-$39.99,,"7,744","11%
vs. open collab 8%",TABOOST024,Fashion 2 2026,10%,1,4.55%,2,vs. open collab 8%
1732067339613409435,【Local shipping 】CHRLEISURE 6-PACK High Waist Pants With Pockets Running Yoga Leggings for Women Leggings with Pockets,,~~~,$35.98-$45.90,,"7,643","13%
vs. open collab 5%",TABOOST024,Fashion 2 2026,12%,1,12%,2,vs. open collab 5%
1732097871352139799,"MFVIM Women's Sporty Tracksuit Set - Casual Two-Piece Athletic Wear, 78% Nylon 22% Spandex, Ideal for Gym & Daily Activities, H-Shaped Back Design, Bell-Bottom Pants",,~~~,$29.99,30,"17,511","10%
vs. open collab 9%",TABOOST024,Fashion 2 2026,10%,1,10%,2,vs. open collab 9%
1732128366415024754,【Limited time deal】【Fast Shipping】Women's Undershirt Long Sleeve SlimRound Neck Slim Fit Streetwear Basic Minimalist Womenswear Top,,~~~,$9.69-$29.09,,"11,357","12%
vs. open collab 12%",TABOOST024,Fashion 2 2026,12%,1,12%,2,vs. open collab 12%
1732145373930361474,5PCS Women Summer Shorts Fashion Versatile Bottoms Outdoor Casual Sports Shorts,,~~~,$25.99-$33.99,,"3,563","10%
vs. open collab 10%",TABOOST024,Fashion 2 2026,10%,1,10%,1,vs. open collab 10%
1732147112643695094,ChicMe Women's Allover Rhinestone Decor High Waist Zipper Fly Jeans Casual Wide Leg Loose Fit Denim Pants with Rhinestone Decor Belt Blue Bottom,,~~~,$45.99-$48.99,,"13,888","10%
vs. open collab 8%",TABOOST024,Fashion 2 2026,9%,1,9%,3,vs. open collab 8%
1732189362609557800,"Women's Solid Color Cami Lounge Dress, Elegant Sleeveless Long Dress for Summer, Ladies Sleepwear for Indoor Wear",,~~~,$15.99-$43.64,,"130,506","14%
vs. open collab 11%",TABOOST024,Fashion 2 2026,13%,1,4.64%,3,vs. open collab 11%
1732205823378887581,Shewin 2026 SummerVibes Women's Shortleeve Round Neck Striped Pullover Soft Breathable Polyester Sweatshirt for Daily Wear - Chic Casual Fit,,~~~,$24.24-$24.99,,"9,699","15%
vs. open collab 10%",TABOOST024,Fashion 2 2026,13%,1,13%,3,vs. open collab 10%
1732221410820395163,【Summer Must-have】CHRLEISURE 4/6PCS Biker Shorts Women with Pockets High Waisted Workout Gym Running Yoga Shorts,,~~~,$23.98-$36.99,,"5,916","13%
vs. open collab 8%",TABOOST024,Fashion 2 2026,11%,1,11%,3,vs. open collab 8%
1729474587396772075,[medicube] Deep Vita C Capsule Cream | Golden Boba Cream | Vitamin Capsule | Uneven Skin Tone | Glowy Skin | Customizable Skincare,medicube US Store,Beauty & Personal Care,$21.00-$53.99,,"88,166","20%
vs. open collab 15%",TABOOST025,medicube 2026,18%,1,18%,4,vs. open collab 15%
1729482857854375147,"[NEW] [medicube] Hypochlorous Acid Peel Masks | Peel-Off Sheet Mask for Excess Sebum & Pore Care | Panthenol, Hyaluronic acid for Hydrating & Pore-Refining Care | Korean Skincare, (13ml / 0.43 fl. oz. X 3ea)",,~~~,$23.00-$40.00,,"15,716","20%
vs. open collab 15%",TABOOST025,medicube 2026,18%,1,18%,4,vs. open collab 15%
1729492356412052715,"[NEW] [medicube] Rosemary PDRN Spicule Scalp Serum (20ml) | Dry & Oily, Flaky-looking Scalp | Korea Hair Care, Free from Parabens, Silicones, Sulfates",,~~~,$19.90-$45.00,,"9,942","20%
vs. open collab 15%",TABOOST025,medicube 2026,18%,1,18%,3,vs. open collab 15%
1729508370969629931,"[NEW] [medicube] PDRN Pink Collagen Volume Multi Balm | All In One Volufiline, PDRN, NAD Stick for Youthful-Looking, Helping Look of Fine Lines, Firming Care, Anti-Aging Care | For Under-Eyes, Neck, Forehead, Smile Lines, Lip Care | Korean Skincare",,~~~,$21.00-$35.00,,"344,825","20%
vs. open collab 15%",TABOOST025,medicube 2026,18%,1,18%,4,vs. open collab 15%
1729701828174975211,[medicube] AGE-R Booster Pro - PINK (New) / Black ㅣKbeauty Viral Glass Glow Device for Glowy Glass Skin Facial Comfort,medicube US Store,Beauty & Personal Care,$205.00,205,"10,577","20%
vs. open collab 15%",TABOOST025,medicube 2026,18%,1,18%,4,vs. open collab 15%
1729837318236246251,"[LIVE Exclusive] [medicube] Booster Pro Black Bear Edition w/ SkincareㅣDeep Vita C Capsule Cream, Collagen Jelly Cream, Kbeauty Viral Glass Glow Device for Glowy Glass Skin Medicube",,~~~,$365.00-$394.00,,"2,895","15%
vs. open collab 15%",TABOOST025,medicube 2026,13%,1,13.00%,3,vs. open collab 15%
1730687891013275883,"[medicube] PDRN Exosome Shot Serum | Liquid Skin Booster | Exosome, Salmon DNA PDRN, Spicules | Uneven Skin Tone, Pore Care, Dead Skin Cells, Skin Texture",medicube US Store,Beauty & Personal Care,$23.00-$25.00,,"22,717","20%
vs. open collab 15%",TABOOST025,medicube 2026,18%,1,18%,4,vs. open collab 15%
1730743239066095851,"[medicube] Kojic Acid Turmeric Night Wrapping Mask | Overnight Wrapping Mask, Morning Shed, Turmeric, Niacinamide, Vitamin C",medicube US Store,Beauty & Personal Care,$23.00-$99.00,,"80,107","20%
vs. open collab 15%",TABOOST025,medicube 2026,18%,1,18%,4,vs. open collab 15%
1731065319564087531,"[medicube] Retinol 1.9% Boosting Serum for Intensive Firming, Hydration, and Plumping Care | Smooth, Radiant, and Youthful-Looking Skin with 99.8% Pure Potent Formula | 30ml (1.01 fl.oz)",medicube US Store,Beauty & Personal Care,$23.00,23,"17,304","15%
vs. open collab 15%",TABOOST025,medicube 2026,13%,1,13%,4,vs. open collab 15%
1731065450454946027,"[medicube] Zero Pore Clear Blue Capsule Facial Cleanser for Skin Texture, Blackhead & Pore Care | AHA, BHA & PHA for Double Cleansing, Daily Gentle Face Wash, Korean Skincare | 120g / 4.23 oz",medicube US Store,Beauty & Personal Care,$23.00,23,"22,319","20%
vs. open collab 15%",TABOOST025,medicube 2026,18%,1,18%,4,vs. open collab 15%
1731416469815529707,"[medicube] Kojic Acid Turmeric Serum for Face & Body | For Uneven Skin Tone & Texture | Niacinamide, Glycolic Acid for Clear Glass Skin | Korean Skin Care | 250ml",,~~~,$23.00,23,"7,405","15%
vs. open collab 15%",TABOOST025,medicube 2026,13%,1,13%,3,vs. open collab 15%
1732167645204418795,"[NEW] [medicube] PDRN Pink Collagen Glow Jelly Serum | Lightweight Water-Jelly For Plump & Supple Skin | Radiance & Elasticity Care with PDRN, Collagen, Niacinamide | Korean Skin Care 1.01 fl.oz",,~~~,$23.00-$39.00,,"8,935","20%
vs. open collab 15%",TABOOST025,medicube 2026,18%,1,18%,3,vs. open collab 15%
1732168152522133739,"[medicube] All Day Relief Set | Hypochlorous Acid Rice Peel Shot For Face & Body, 3H Relief Cream | Gentle Exfoliating Serum, Daily Soothing Moisturizer for Stressed Skin | Korean Skincare, K-Beauty",,~~~,$35.00-$59.00,,"4,722","20%
vs. open collab 15%",TABOOST025,medicube 2026,18%,1,18%,3,vs. open collab 15%
1732224555871080683,"[NEW] [medicube] Rosemary PDRN Scalp-to-Hair Strengthening Set | Includes Shampoo, Conditioner, Scalp Serum | Hair Thinning Care Set for Dry & Oily, Damaged, Frizzy Hair, Oily Flaky-looking Scalp | Korea Hair Care",,~~~,$35.00-$79.00,,"30,400","20%
vs. open collab 15%",TABOOST025,medicube 2026,18%,1,18%,4,vs. open collab 15%
1732269364261720299,"[NEW] [medicube] Cora's Confident Pits Kit | Includes Kojic Acid Turmeric Peel Shot, Kojic Brightening Body Wash, Kojic Gold Vita Jelly Mist Serum",,~~~,$44.00,44,"5,302","20%
vs. open collab 15%",TABOOST025,medicube 2026,18%,1,18%,3,vs. open collab 15%
1732269507528855787,"[NEW] [medicube] PDRN Pink Caffeine Collagen Eye Patch for Night CareㅣFuller-Looking Eye Area, Under-Eye Puffiness, Dark Circles Care for Smooth, Radiant & Youthful-Looking | Korean Skincare, K-Beauty",,~~~,$21.90-$35.00,,"56,701","20%
vs. open collab 15%",TABOOST025,medicube 2026,18%,1,18%,4,vs. open collab 15%
1732271980883185899,"[NEW] [medicube] 3-Step At-Home Spa Set - Pink / Beige ㅣMini Booster Pro Plus + Booster Facial Cleansing Device Head + Booster Face Roller HeadㅣK-beauty Facial Device for deep gentle cleansing, plump-looking appearance, puffiness, skin relaxion",,~~~,$338.00,338,"3,641","20%
vs. open collab 15%",TABOOST025,medicube 2026,18%,1,18%,3,vs. open collab 15%
1732271981859672299,"[NEW] [medicube] Booster Facial Cleansing Device - Pink / Beige ㅣMini Booster Pro Plus + Booster Facial Cleansing Device HeadㅣK-beauty Facial Device for deep gentle cleansing, visible skin definition care & enhanced skincare absorption",,~~~,$239.00,239,912,"20%
vs. open collab 15%",TABOOST025,medicube 2026,18%,1,18%,2,vs. open collab 15%
1732271985544564971,"[NEW] [medicube] Booster Facial V-Roller Device - Pink / Beige ㅣMini Booster Pro Plus + Booster Face Roller Head + FREE PDRN Booster GelㅣK-beauty Facial Device for skin definition, plump-looking appearance, puffiness, and skin relaxion",,~~~,$249.00,249,831,"20%
vs. open collab 15%",TABOOST025,medicube 2026,18%,1,18%,2,vs. open collab 15%
1732272019400265963,"[medicube] Takara’s Makeup-Ready Glow Set | Includes Hypochlorous Power Relief Spray, PDRN Milky Toner, PDRN Jelly Serum, No Cast Just Glow Collagen Sunscreen",,~~~,$53.99,54,740,"20%
vs. open collab 15%",TABOOST025,medicube 2026,18%,1,18%,2,vs. open collab 15%
1732272025987551467,"[NEW] [medicube] Licensed Esthetician Nikki's New Year New You Set | Includes PDRN Collagen Glow Jelly Mist Serum, PDRN Peptide Serum, Deep Vita C Capsule Cream, Deep Reviving Peptide Eye Cream",,~~~,$59.99,60,"5,742","20%
vs. open collab 15%",TABOOST025,medicube 2026,18%,1,18%,3,vs. open collab 15%
1732292630979711211,"[NEW] [medicube] 3H Overnight Drying Lotion | Targeted Spot Care for Troubled & Oily-Prone Skin | Calming & Soothing Care with Calamine, Centella & Tea Tree | Korean Skincare 20ml, 0.67 fl. oz.",,~~~,$18.00-$27.00,,"7,790","20%
vs. open collab 15%",TABOOST025,medicube 2026,18%,1,18%,3,vs. open collab 15%
1732293553906094315,"[NEW] [medicube] NAD+ EGF Firming Serum | NAD+, EGF, Collagen Extract, Anti-aging, Plumping, Radiance Boosting Serum | Cares for Look of Fine Lines, Skin Elasticity & Firmness For Youthful-looking Skin (30ml / 1.01 fl. oz.) | Korean Skincare, K-Beauty",,~~~,$23.00,23,"50,604","20%
vs. open collab 15%",TABOOST025,medicube 2026,18%,1,18%,4,vs. open collab 15%
1732293620479201515,"[NEW] [medicube] Deodorant Vanilla & Pistachio Fresh That Lasts | 24 Hour Odor Control, No Aluminum, Baking Soda, Parabens, Phthalates, Ethanol | Brightening & Smoothing for Dark Underarms with Kojic Acid & Turmeric | Korean Skincare, K-Beauty",,~~~,$23.00-$44.00,,"13,770","20%
vs. open collab 15%",TABOOST025,medicube 2026,18%,1,18%,4,vs. open collab 15%
1732293647345619179,"[NEW] [medicube] Ghost My Stressed Skin Set for Acne Prone, Troubled, Breakout-Prone Skin, | Exfoliating, Calming, Soothing, Comforting, Barrier Support, Tone & Texture Care | Korean Skincare, K-Beauty",,~~~,$45.00-$85.00,,998,"20%
vs. open collab 15%",TABOOST025,medicube 2026,18%,1,18%,2,vs. open collab 15%
1732293689002201323,"[NEW] [medicube] S.O.S Invisible Patch | Ultra-Thin Hydrocolloid Patch | Spot Care with Salicylic Acid, Tea Tree Oil | Invisible Cover, Absorbs Gunk, Non-Comedogenic Tested | Korean Skincare, 36 Count",,~~~,$11.70-$24.30,,"1,784","20%
vs. open collab 15%",TABOOST025,medicube 2026,18%,1,18%,3,vs. open collab 15%
1732311456669012203,"[NEW] [medicube] Ultra Light PDRN Pink Peptide Serum | Lightweight Hydrating Serum with Salmon PDRN & Hyaluronic Acid | Fast-Absorbing Glow Care for Skin Clarity | K-Beauty, Korean Skincare (30ml / 1.01 fl. oz.)",,~~~,$16.20,16,"5,156","20%
vs. open collab 15%",TABOOST025,medicube 2026,18%,1,18%,3,vs. open collab 15%
1732317808182595819,"[NEW] [medicube] Summer Essentials Duo for Summer Sun Care | Brightening, Smoothing, Hydrating Face & Body Care | Deodorant Vanilla & Pistachio, No Cast Just Glow Collagen Sunscreen, Kojic Acid Jelly Mist Serum, Kojic Acid Body Wash | Korean Skincare",,~~~,$44.00,44,659,"20%
vs. open collab 15%",TABOOST025,medicube 2026,18%,1,18%,2,vs. open collab 15%
1732363645554692331,"[NEW] [medicube] Gatekeeping My Real Age Set | 5-step Longevity, Anti- Aging Routine l PDRN & Volufiline & Collagen & NAD+ EGF Complex l Cares for Look of Fine Lines, Firming Care, Radiant & Youthful Looking, Plumping | Korean Skincare, K-Beauty",,~~~,$79.00,79,"1,938","20%
vs. open collab 15%",TABOOST025,medicube 2026,18%,1,18%,3,vs. open collab 15%
1732403113516372924,tarte CC color-correcting tinted serum,,~~~,$36.00,18,"37,478","25%
vs. open collab 20%",7652041186354644749,Tarte New,23%,1,11.04%,5,vs. open collab 20%
1732404473502667708,tarte shape tape dab & go hair concealer,,~~~,$24.00,18,"15,767","20%
vs. open collab 15%",7652041186354644749,Tarte New,18%,1,10.80%,5,vs. open collab 15%
1732415845896459196,tartelette™ tubing liquid eyeliner,,~~~,$24.00,18,70,"20%
vs. open collab 15%",7652041186354644749,Tarte New,18%,1,10.80%,3,vs. open collab 15%
1732415855142343612,tarte #1 XL tubing mascara & waterproof liquid eyeliner duo,,~~~,$36.00,19,138,"20%
vs. open collab 15%",7652041186354644749,Tarte New,18%,1,10.80%,3,vs. open collab 15%
1732418823153030076,tarte freckle stick - natural-looking 5 prong freckle stamp + hi...,,~~~,$24.00,19,49,"20%
vs. open collab 15%",7652041186354644749,Tarte New,18%,1,10.80%,3,vs. open collab 15%
1732418830638027708,tarte maracuja juicy multi-stick + brush - double-ended crea...,,~~~,$36.00-$38.00,16,"8,721","20%
vs. open collab 15%",7652041186354644749,Tarte New,18%,1,10.80%,4,vs. open collab 15%
1732418841858773948,tarte maracuja juicy multi-stick - double-ended cream blush ...,,~~~,$36.00,18,48,"20%
vs. open collab 15%",7652041186354644749,Tarte New,18%,1,10.80%,3,vs. open collab 15%
1732422500087993276,tarte summer skin essentials - CC color-correcting tinted ser...,,~~~,$47.00,18,"16,200","25%
vs. open collab 20%",7652041186354644749,Tarte New,23%,1,11.04%,5,vs. open collab 20%
1732424106707162044,"tarte lazy girl eye kit - tubing mascara, freckle stick stamp & ...",,~~~,$39.00,19,67,"20%
vs. open collab 15%",7652041186354644749,Tarte New,18%,1,10.80%,3,vs. open collab 15%
1729385691456115674,"BAGSMART Classic Backpacks for College/School, Laptop Ba...",,~~~,$39.99-$43.99,20,"6,232","15%
vs. open collab 10%",7646862903217260302,BAGSMART,14%,1,11.20%,2,vs. open collab 10%
1729413351513101274,BAGSMART Crush 4-in-1 Puffy Multi-Functional Travel Toiletr...,BAGSMART US,Luggage & Bags,$25.21-$33.94,19,"124,992","15%
vs. open collab 10%",7646862903217260302,BAGSMART,14%,1,11.20%,3,vs. open collab 10%
1729462010438980570,【Limited-Time Sale】BAGSMART Puffy Bubble 3 Sizes Tote ...,,~~~,$22.49-$42.29,19,"115,430","15%
vs. open collab 10%",7646862903217260302,BAGSMART,14%,1,11.20%,3,vs. open collab 10%
1729463865724474330,"BAGSMART Laptop Backpack for for Women, Lightweight Ca...",,~~~,$32.99-$35.99,20,"13,505","15%
vs. open collab 10%",7646862903217260302,BAGSMART,14%,1,11.20%,3,vs. open collab 10%
1731065106081027034,"BAGSMART Crush Bow Tote Bag for Women, Large Work Tot...",,~~~,$34.91-$42.67,19,"41,568","15%
vs. open collab 10%",7646862903217260302,BAGSMART,14%,1,11.20%,3,vs. open collab 10%
1731617937876423642,"BAGSMART 15.8L Casual College Backpack, Laptop Backpa...",,~~~,$33.94-$34.91,19,"7,994","15%
vs. open collab 12%",7646862903217260302,BAGSMART,14%,1,11.20%,2,vs. open collab 12%
1731804493301912538,BAGSMART Crush Bow 2 Size Tote Bag for Women-Friendly L...,,~~~,$32.00-$34.91,20,"23,615","15%
vs. open collab 10%",7646862903217260302,BAGSMART,14%,1,11.20%,3,vs. open collab 10%
1729586610428613319,"BAGSMART Blast Carry-On Travel Backpack 15.6"" Laptop Wat...",,~~~,$60.13-$81.47,20,"16,499","15%
vs. open collab 10%",7646862904689411853,BAGSMART Travel,14%,1,11.20%,3,vs. open collab 10%
1730726643016569543,"BAGSMART Reiki Mini Gym Compact Duffle Bag (9.84"" x 5.9...",,~~~,$33.94-$42.67,30,"63,144","15%
vs. open collab 10%",7646862904689411853,BAGSMART Travel,14%,1,11.20%,3,vs. open collab 10%
1732075152030405319,BAGSMART Blast 43L Roller Backpack Waterproof 3-Mode B...,,~~~,$122.21,20,933,"15%
vs. open collab 10%",7646862904689411853,BAGSMART Travel,14%,1,11.20%,1,vs. open collab 10%
1732268567078277831,【New In】BAGSMART FARO Ultra-Light 20L Backpack with ...,,~~~,$62.99,20,407,"15%
vs. open collab 10%",7646862904689411853,BAGSMART Travel,14%,1,11.20%,1,vs. open collab 10%
1731533817647829416,MASKERT Women's Two Piece Set Sports Tank Top & High ...,,~~~,$29.99-$30.99,0,"1,583","13%
vs. open collab 10%",7646862884939908878,MASKERT GIRL,12%,1,3.69%,2,vs. open collab 10%
1731534352989000104,MASKERT Women's High Elasticity Dress Sporty Gym Active...,,~~~,$36.99,0,318,"13%
vs. open collab 10%",7646862884939908878,MASKERT GIRL,12%,1,3.69%,1,vs. open collab 10%
1731534753129664936,MASKERT Women's Sports Jumpsuit Tummy Control Butt Lifti...,,~~~,$33.94,0,"16,448","12%
vs. open collab 10%",7646862884939908878,MASKERT GIRL,11%,1,3.67%,3,vs. open collab 10%
1731534871111766440,MASKERT Women's High Elasticity Dress Tummy Control But...,,~~~,$27.15-$32.00,0,"1,751","13%
vs. open collab 10%",7646862884939908878,MASKERT GIRL,12%,1,3.69%,2,vs. open collab 10%
1731535252813943208,MASKERT Women's Two Piece Set Sports Tank Top & High S...,,~~~,$34.91-$35.88,0,"17,525","12%
vs. open collab 10%",7646862884939908878,MASKERT GIRL,11%,1,3.67%,3,vs. open collab 10%
1731540419262386600,MASKERT Women's Sports Tank Top Built-in Bra Stretchy But...,,~~~,$14.11-$47.51,0,"3,618","13%
vs. open collab 10%",7646862884939908878,MASKERT GIRL,12%,1,3.69%,2,vs. open collab 10%
1731540547784315304,MASKERT Women's Sports Tank Top Built-in Bra Stretchy But...,,~~~,$15.66-$45.14,0,"4,429","13%
vs. open collab 10%",7646862884939908878,MASKERT GIRL,12%,1,3.69%,2,vs. open collab 10%
1732256033755140520,MASKERT Women's High Waisted Leggings Tummy Control B...,,~~~,$17.77-$36.85,0,"1,273","13%
vs. open collab 10%",7646862884939908878,MASKERT GIRL,12%,1,3.69%,2,vs. open collab 10%
1732312763531760040,MASKERT Women's Sports Jumpsuit Tummy Control Stretchy...,,~~~,$25.21,0,520,"13%
vs. open collab 10%",7646862884939908878,MASKERT GIRL,12%,1,3.69%,1,vs. open collab 10%
1732028703117971948,Texture Cream _ Light Weight Pre-Styling Texturizing Cream ...,,~~~,$32.00,5,25,"30%
vs. open collab 30%",7642476506280969998,TRND,30%,1,15.00%,0,vs. open collab 30%
1732319394559594988,“Gold” Black Coconut Wax Candle – 10oz,,~~~,$34.00,5,4,"30%
vs. open collab 15%",7642476506280969998,TRND,30%,1,15.00%,0,vs. open collab 15%
1731271343917732371,"Antarctic Star 1.3 cu ft Beverage Refrigerator and Cooler, Min...",,~~~,$114.99,0,"1,103","15%
vs. open collab 9%",7641358366681433870,Rowan Appliance,13%,1,4.33%,3,vs. open collab 9%
1731271386657165843,Cowsar Single Serve Coffee Maker 2-in-1 with Touch Screen ...,,~~~,$39.58,0,671,"15%
vs. open collab 9%",7641358366681433870,Rowan Appliance,13%,1,4.33%,2,vs. open collab 9%
1731271473892463123,"Antarctic Star 3.2 cu ft Beverage Refrigerator and Cooler, Min...",,~~~,$199.99,0,653,"15%
vs. open collab 5%",7641358366681433870,Rowan Appliance,13%,1,4.33%,2,vs. open collab 5%
1731787942919836179,3 in 1 Professional Espresso Maker with Dual Heating System ...,,~~~,$124.99,0,581,"15%

Open collab 5% - 10%",7641358366681433870,Rowan Appliance,13%,1,4.33%,2,vs. open collab 5%-10%
1731788008222855699,"Kismile Nugget Ice Maker Countertop, Pebble Ice Machine wi...",,~~~,$189.99,0,501,"15%

Open collab 5% - 10%",7641358366681433870,Rowan Appliance,13%,1,4.33%,2,vs. open collab 5%-10%
1731788010686222867,"5-Cup Programmable Drip Coffee Maker with Auto Brew, Aut...",,~~~,$19.98,0,"1,673","15%
vs. open collab 5%",7641358366681433870,Rowan Appliance,13%,1,4.33%,3,vs. open collab 5%
1732077242492686867,"Antarctic Star Countertop Ice Maker Machine, 8 Ice Cubes in ...",,~~~,$89.99-$99.99,0,"1,559","15%
vs. open collab 8%",7641358366681433870,Rowan Appliance,13%,1,4.33%,3,vs. open collab 8%
1732252029146403347,"Kismile Retro Mini Fridge with Cooling & Warming Modes, 4L ...",,~~~,$37.99,0,409,"15%
vs. open collab 9%",7641358366681433870,Rowan Appliance,13%,1,4.33%,2,vs. open collab 9%
1732274886738612755,"Upgrade! Kismile 5-in-1 Portable Glass Air Fryer, 2.6QT & 4.7...",,~~~,$84.99-$99.99,0,151,"15%
vs. open collab 9%",7641358366681433870,Rowan Appliance,13%,1,4.33%,2,vs. open collab 9%
1729436418152436262,"DRMTLGY TINGL Exfoliating Pads (60 ct) with Salicylic, Glyco...",,~~~,$38.00,47,"3,545","20%
vs. open collab 15%",7635029820041316110,DRMTLGY,19%,1,14.25%,2,vs. open collab 15%
1729437041144861222,DRMTLGY Luminous Eye Corrector SPF 41 - 0.25 fl oz,DRMTLGY Shop,Beauty & Personal Care,$44.00,45,"67,827","20%
vs. open collab 15%",7635029820041316110,DRMTLGY,19%,1,14.25%,3,vs. open collab 15%
1729437041682780710,DRMTLGY Concentrated Foot Cream 5oz with Lactic Acid,,~~~,$29.00,46,"1,740","20%
vs. open collab 15%",7635029820041316110,DRMTLGY,19%,1,14.25%,2,vs. open collab 15%
1732091821360845350,DRMTLGY Body Duo,,~~~,$62.00,43,"7,258","20%
vs. open collab 15%",7635029820041316110,DRMTLGY,19%,1,14.25%,2,vs. open collab 15%
1729388797228978605,Air Compression Leg Massager with 3 Massage Lev...,Nekteck,Health,$54.31-$96.99,"1,000","79,717","15%
vs. open collab 12%",TABOOST026,Beauty / Personal Care,13%,1,13%,4,vs. open collab 12%
1729390702844351165,Foot Massager with Heat - 3D Full Wrap Massage ...,Medcursor,Beauty & Personal Care,$35.88-$65.95,"1,000","69,649","13%
vs. open collab 10%",TABOOST026,Beauty / Personal Care,11%,1,11%,4,vs. open collab 10%
1729394470682137528,Biomimic Foundation 4 in 1 - Medium Spectrum by Forever Bl...,Forever Bloom skincare,Beauty & Personal Care,$42.48,"1,000","273,745","18%
vs. open collab 15%",TABOOST026,Beauty / Personal Care,16%,1,16%,4,vs. open collab 15%
1729394470786929592,"Biomimic Foundation 4 in 1 - Light Spectrum, Liquid Foundati...",Forever Bloom skincare,Beauty & Personal Care,$42.48,"1,000","185,760","18%
vs. open collab 15%",TABOOST026,Beauty / Personal Care,16%,1,16%,4,vs. open collab 15%
1729397131706733323,"NUDE Mints Sugar-Free 0-Calorie Peppermint Flavor Pack, 3X...",,~~~,$25.99-$38.99,"1,000","11,737","20%
vs. open collab 15%",TABOOST026,Beauty / Personal Care,18%,1,6.30%,4,vs. open collab 15%
1729398940121338285,"Shiatsu Neck and Back Massager with Soothing Heat, Ergon...",Nekteck,Beauty & Personal Care,$25.99-$109.99,"1,000","211,789","13%
vs. open collab 10%",TABOOST026,Beauty / Personal Care,11%,1,5.08%,4,vs. open collab 10%
1729398961287238061,"Shiatsu Foot Massager Machine with Soothing Heat, ...",Nekteck,Beauty & Personal Care,$52.99-$69.99,"1,000","80,167","13%
vs. open collab 12%",TABOOST026,Beauty / Personal Care,12%,1,5.54%,3,vs. open collab 12%
1729399991307768674,[PLANTIFIQUE Official Shop] Foot Peel Mask for Dead Skin & ...,Plantifique,Beauty & Personal Care,$15.99-$31.99,"1,000","63,749","18%
vs. open collab 15%",TABOOST026,Beauty / Personal Care,16%,1,11.56%,4,vs. open collab 15%
1729415432353452203,[COSRX Official] The Vitamin C 23 Serum (20ml) - Highly-Co...,COSRX US,Beauty & Personal Care,$21.50,"1,000","21,246","20%
vs. open collab 17%",TABOOST026,Beauty / Personal Care,18%,1,18%,4,vs. open collab 17%
1729435722633351939,Routine Wellness Anti-Thinning Volumizing Shampoo for Thin...,,~~~,$23.99,"1,000",486,"18%
vs. open collab 15%",TABOOST026,Beauty / Personal Care,16%,1,8.89%,2,vs. open collab 15%
1729441093138878876,Supreme Trimmer Solo Hair Stubble Finishing STF101 Mini Tra...,,~~~,$34.99-$39.99,"1,000","16,694","18%
vs. open collab 15%",TABOOST026,Beauty / Personal Care,16%,1,5.33%,4,vs. open collab 15%
1729456784892072009,Roycederm Antifungal Antibacterial Tea Tree Soap for Face &...,,~~~,$18.95-$50.85,"1,000","41,348","18%
vs. open collab 15%",TABOOST026,Beauty / Personal Care,16%,1,16%,4,vs. open collab 15%
1729478100393758840,Steel Nails Nail Hardener 12ml with Hyaluronic Acid Calcium ...,,~~~,$13.98,"1,000","75,732","15%

Open collab 12% - 15%",TABOOST026,Beauty / Personal Care,13%,1,6.93%,4,vs. open collab 12%-15%
1729482490192630949,【New Arrivals】DREAME AirStyle Pro 7-in-1 Hair Styler with ...,,~~~,$179.99-$279.99,"1,000","3,529","11%
vs. open collab 8%",TABOOST026,Beauty / Personal Care,"9%
",1,6.55%,3,vs. open collab 8%
1729497932400727338,WEGAWA Handheld Vibratory Deep Tissue Body Device - 42 ...,,~~~,$27.90,"1,000",632,"13%
vs. open collab 10%",TABOOST026,Beauty / Personal Care,11%,1,11%,2,vs. open collab 10%
1729500047090291152,Dentite Tooth Armor Daily Oral Care for Sensitive Teeth & An...,,~~~,$59.46,"1,000","24,872","18%

Open collab 15% - 17%",TABOOST026,Beauty / Personal Care,16%,1,8.89%,4,vs. open collab 15%-17%
1729506839292449881,"MivaSun Midnight Ocean Men's Citrus Aromatic Woody EDP, L...",,~~~,$18.99,"1,000","5,027","18%
vs. open collab 12%",TABOOST026,Beauty / Personal Care,16%,1,7.11%,3,vs. open collab 12%
1729533028479963513,Soft Focus Hydrate & Setting Makeup Powder & Brush,,~~~,$50.15,"1,000",188,"23%
vs. open collab 20%",TABOOST026,Beauty / Personal Care,21%,1,6.39%,2,vs. open collab 20%
1729637959967805562,"Hair Straightener, Pumped-Up Volume, Adjustable Temp, 36...",,~~~,$26.99-$29.99,"1,000","5,155","8%

Open collab 5% - 10%",TABOOST026,Beauty / Personal Care,"6%
",1,2.25%,3,vs. open collab 5%-10%
1729753289909310141,Cordless Hand Massager with Heat & Air Compres...,Medcursor,Beauty & Personal Care,$42.99,"1,000","30,858","13%

Open collab 10% - 12%",TABOOST026,Beauty / Personal Care,11%,1,11%,4,vs. open collab 10%-12%
1729831041499501339,Flare| Kisslily Clean Girl Lash Clusters Kim & Kylie D curl C Cu...,,~~~,$18.90-$25.98,"1,000","17,306","13%
vs. open collab 10%",TABOOST026,Beauty / Personal Care,11%,1,3.38%,4,vs. open collab 10%
1729850739526242733,Cordless Leg Massager Recovery System (Single Le...,Nekteck,Beauty & Personal Care,$69.99-$159.99,"1,000","10,021","13%
vs. open collab 10%",TABOOST026,Beauty / Personal Care,11%,1,5.08%,4,vs. open collab 10%
1730447214506643627,[COSRX Official] The Alpha Arbutin Discoloration Care 2 Seru...,COSRX US,Beauty & Personal Care,$22.50,"1,000","6,228","20%
vs. open collab 17%",TABOOST026,Beauty / Personal Care,18%,1,18%,3,vs. open collab 17%
1730664890269930095,Carroten Gold Shimmer Tanning Gel | Browning Tan Accelera...,,~~~,$29.99,"1,000","28,691","13%
vs. open collab 10%",TABOOST026,Beauty / Personal Care,11%,1,4.23%,4,vs. open collab 10%
1730986220018765913,Be Bodywise Advanced Hair Density Roll-On Serum 25 ml | 5...,RootLabs,Beauty & Personal Care,$26.99-$123.88,"1,000","489,079","23%
vs. open collab 20%",TABOOST026,Beauty / Personal Care,21%,1,21%,4,vs. open collab 20%
1731107110079140300,"Cream Eyeshadow Stick Gift Set, 8 PCS Soft Smooth Matte E...",,~~~,$13.46,"1,000","19,730","15%
vs. open collab 12%",TABOOST026,Beauty / Personal Care,13%,1,13%,4,vs. open collab 12%
1731114039936193022,NEW Pick a Scent: Ultra-Concentrated Perfume Mist,Scentual Fragrances,Beauty & Personal Care,$17.41-$24.95,"1,000","69,611","18%

Open collab 15% - 20%",TABOOST026,Beauty / Personal Care,16%,1,16%,4,vs. open collab 15%-20%
1731124750552503067,Plume | Kisslily Brown Lash Clusters Invisible Band Natural Las...,,~~~,$18.90-$23.99,"1,000","39,009","13%
vs. open collab 10%",TABOOST026,Beauty / Personal Care,11%,1,11%,4,vs. open collab 10%
1731173719797633195,[BOGO] [COSRX Official] Vitamin E SPF 50+ | OTC Approved |...,COSRX US,Beauty & Personal Care,$26.77,"1,000","16,093","22%
vs. open collab 19%",TABOOST026,Beauty / Personal Care,20%,1,20%,4,vs. open collab 19%
1731263806493921677,INTEO Wearable Near-Infrared Red Light Therapy Device for ...,,~~~,$69.99,"1,000","8,301","11%
vs. open collab 15%",TABOOST026,Beauty / Personal Care,9%,1,9%,3,vs. open collab 15%
1731292043696378329,Professional Body Sculpting & Lymphatic Drainage Massage ...,,~~~,$35.88,"1,000","71,427","18%

Open collab 15% - 18%",TABOOST026,Beauty / Personal Care,16%,1,16%,4,vs. open collab 15%-18%
1731324687837663692,"Sculpting Matte Velvet Lip Liner 12Pcs Set,Smooth Creamy Te...",,~~~,$14.24,"1,000","5,493","13%
vs. open collab 10%",TABOOST026,Beauty / Personal Care,11%,1,11%,3,vs. open collab 10%
1731511874825654380,FORGE SKIN Wrinkle Defense & Natural Anti-Aging Beef Tallo...,,~~~,$28.99-$149.70,"1,000","40,572","30%
vs. open collab 20%",TABOOST026,Beauty / Personal Care,28%,1,10.27%,4,vs. open collab 20%
1731578598862787317,"Seal It Makeup Setting Spray – Waterproof, Transfer Proof, S...",,~~~,$19.99-$73.98,"1,000","8,657","23%
vs. open collab 20%",TABOOST026,Beauty / Personal Care,21%,1,21%,3,vs. open collab 20%
1731659726753075951,1/2PCS Fake Teeth Beauty Products – Temporary Cosmetic Te...,,~~~,$8.99-$11.99,"1,000","53,531","18%
vs. open collab 15%",TABOOST026,Beauty / Personal Care,16%,1,4.44%,4,vs. open collab 15%
1731693583788380469,BUY 1 GET 3 FREE Neuropathy Cream .Soothing Cream for F...,,~~~,$28.99,"1,000","3,017","13%
vs. open collab 10%",TABOOST026,Beauty / Personal Care,11%,1,11%,3,vs. open collab 10%
1731704399665271011,【Clinical Grade】Dr.DreamWhite Mesoporous 99%Hydroxya...,,~~~,$17.99-$36.99,"1,000","22,659","11%
vs. open collab 8%",TABOOST026,Beauty / Personal Care,"9%
",1,2.45%,4,vs. open collab 8%
1731757173019480536,[CELDYQUE] Volufiline 100% Pure Concentrate Serum Set of ...,,~~~,$34.99,"1,000","4,881","19%
vs. open collab 16%",TABOOST026,Beauty / Personal Care,17%,1,17%,3,vs. open collab 16%
1731784796255720135,OBOSkincove 4-in-1 Color-Changing Tinted Sunscreen Foun...,,~~~,$26.99,"1,000","12,293","18%
vs. open collab 15%",TABOOST026,Beauty / Personal Care,16%,1,16%,4,vs. open collab 15%
1731790934673691021,"PEDETE Red Light Therapy Panel, featuring >220 mW/cm² irr...",,~~~,$139.99-$175.49,"1,000","1,768","11%
vs. open collab 11%",TABOOST026,Beauty / Personal Care,9%,1,9%,3,vs. open collab 11%
1731840768149065866,"NAPRE Electric Scalp Massager, ASMR & Scalp Stress Relax, C...",,~~~,$69.99,"1,000",779,"13%
vs. open collab 10%",TABOOST026,Beauty / Personal Care,11%,1,3.38%,2,vs. open collab 10%
1731915041179079581,[TikTok Exclusive] [Centellian24] Yumi's Ultimate Haul | 10x ...,,~~~,$199.99,"1,000",706,"20%
vs. open collab 17%",TABOOST026,Beauty / Personal Care,18%,1,5.40%,2,vs. open collab 17%
1731919394974110467,Routine Wellness Anti-Thinning Volumizing Shampoo and Co...,,~~~,$64.99,"1,000",195,"18%
vs. open collab 15%",TABOOST026,Beauty / Personal Care,16%,1,8.89%,2,vs. open collab 15%
1731932049738731945,Revaree - Vaginal Moisturizer & Dryness Relief - Hyaluronic A...,,~~~,$29.99,"1,000","3,600","23%
vs. open collab 20%",TABOOST026,Beauty / Personal Care,21%,1,21%,3,vs. open collab 20%
1731986856372703757,"WakeSecret Natural Foot Patch – Promote Relaxation, De-Str...",,~~~,$16.48-$39.76,"1,000","6,974","18%
vs. open collab 15%",TABOOST026,Beauty / Personal Care,16%,1,4.44%,3,vs. open collab 15%
1731996879269172069,The Big Reveal Touch Up Tools for Lashes and Brows Set of T...,,~~~,$19.80,"1,000","17,154","18%
vs. open collab 15%",TABOOST026,Beauty / Personal Care,16%,1,16%,4,vs. open collab 15%
1732005907162239607,"Herbal Heat Patches with Herb Extracts & Natural Botanicals, ...",,~~~,$6.99-$15.99,"1,000","7,810","15%
vs. open collab 12%",TABOOST026,Beauty / Personal Care,13%,1,4.33%,3,vs. open collab 12%
1732031929420386716,Supreme Trimmer VADER Lite T-Liner Hair Trimmer with 6 Gu...,,~~~,$49.50-$55.00,"1,000","8,927","15%
vs. open collab 12%",TABOOST026,Beauty / Personal Care,13%,1,13%,3,vs. open collab 12%
1732038877313929687,"10p Liquid Matte Lipstick Set, Cosmetic Matte Liquid Color, L...",,~~~,$11.63,"1,000","9,561","13%
vs. open collab 10%",TABOOST026,Beauty / Personal Care,11%,1,5.08%,3,vs. open collab 10%
1732052317619261911,"10 Pcs Matte Liquid Lipstick Set, Long-Lasting Waterproof Li...",,~~~,$11.99,"1,000","4,735","13%
vs. open collab 10%",TABOOST026,Beauty / Personal Care,11%,1,5.08%,3,vs. open collab 10%
1732062586292768939,[NEW] [COSRX Official] PDRN EXOSOME Skinplaning Glaze ...,,~~~,$14.44,"1,000","21,135","21%
vs. open collab 18%",TABOOST026,Beauty / Personal Care,19%,1,19%,4,vs. open collab 18%
1732122455335670215,Clear Brow Gel – Strong Hold Waterproof Eyebrow Styling Gel...,,~~~,$9.99-$16.99,"1,000","5,790","18%

Open collab 15% - 18%",TABOOST026,Beauty / Personal Care,16%,1,7.11%,3,vs. open collab 15%-18%
1732182463395238813,[Centellian24] K-Beauty Pharmaceutical: PDRN + TECA | Ma...,,~~~,$49.00,"1,000","3,977","20%
vs. open collab 17%",TABOOST026,Beauty / Personal Care,18%,1,18%,3,vs. open collab 17%
1732186947884323525,"Oluck Perfume M7 (Gulf Night) Cologne for Women & Men, L...",,~~~,$19.99-$49.99,"1,000","12,671","15%
vs. open collab 12%",TABOOST026,Beauty / Personal Care,13%,1,13%,4,vs. open collab 12%
1732197253880582775,"Special analgesic spray for toothache, used to reduce swellin...",,~~~,$8.89-$19.99,"1,000","9,729","15%
vs. open collab 12%",TABOOST026,Beauty / Personal Care,13%,1,4.33%,3,vs. open collab 12%
1732265825150013772,"Easy Coloring Lip Liner Pencil Set, 12pcs/box Matte Lip Liners...",,~~~,$10.99,"1,000","14,394","13%
vs. open collab 10%",TABOOST026,Beauty / Personal Care,11%,1,6.77%,4,vs. open collab 10%
1732271302482563299,Easydew DW-EGF Melatoning Ampoule - Official Product 99...,,~~~,$8.24-$14.83,"1,000","10,734","25%
vs. open collab 20%",TABOOST026,Beauty / Personal Care,23%,1,7.36%,4,vs. open collab 20%
1732271303550275811,Easydew Mela B Toning Ampoule Cushion - Official Product 2...,,~~~,$28.80,"1,000","3,195","25%
vs. open collab 20%",TABOOST026,Beauty / Personal Care,23%,1,9.20%,3,vs. open collab 20%
1732272723854725665,"High-Coverage Waterproof Snail BB Cream - Matte Finish, Lo...",,~~~,$7.99-$11.99,"1,000","1,944","15%
vs. open collab 12%",TABOOST026,Beauty / Personal Care,13%,1,5.20%,3,vs. open collab 12%
1732283704969498772,Clear Self Tanning Gel,,~~~,$28.80,"1,000","13,322","20%
vs. open collab 20%",TABOOST026,Beauty / Personal Care,18%,1,5.40%,4,vs. open collab 20%
1732283836229849711,CARROTEN Mini Tanning Trio Multi Pack Spray Tan Kit - Inten...,,~~~,$35.99,"1,000","3,130","13%
vs. open collab 10%",TABOOST026,Beauty / Personal Care,11%,1,4.23%,3,vs. open collab 10%
1732291976687555394,"12 PCS Matte Lip Liner Set, Waterproof Lip Liner Pencil, Long ...",,~~~,$13.48,"1,000","4,479","18%
vs. open collab 15%",TABOOST026,Beauty / Personal Care,16%,1,4.44%,3,vs. open collab 15%
1732307919908475589,"Oluck Perfume M6 (Millionaire) Cologne for Women & Men, B...",,~~~,$19.99,"1,000","3,146","18%
vs. open collab 12%",TABOOST026,Beauty / Personal Care,16%,1,16%,3,vs. open collab 12%
1732307945166639813,"Oluck Perfume M8 Cologne for Men, Pepper Ginger Grapefrui...",,~~~,$19.99,"1,000","7,143","18%
vs. open collab 12%",TABOOST026,Beauty / Personal Care,16%,1,16%,3,vs. open collab 12%
1732416221753545455,50/100 Count Soft Mini Compact Water-Resistant Individuall...,,~~~,$8.59-$9.99,"1,000","1,774","18%
vs. open collab 15%",TABOOST026,Beauty / Personal Care,16%,1,4.44%,3,vs. open collab 15%
1729418579354685548,Waist Shapewear for Women Workout Shapewear ...,SHAPSHE,Womenswear & Underwear,$44.98,"1,000","76,142","13%
vs. open collab 10%",TABOOST027,Fashion / Accessories,11%,1,11%,4,vs. open collab 10%
1729450858130215273,WateLves Barefoot Walking Shoes Women Men Minimalist C...,,~~~,$26.99-$33.99,"1,000","50,591","14%
vs. open collab 10%",TABOOST027,Fashion / Accessories,12%,1,4.29%,4,vs. open collab 10%
1729453321239236969,WateLves Water Shoes for Men Women Barefoot Quick-Dry A...,,~~~,$23.99-$24.99,"1,000","9,455","13%
vs. open collab 10%",TABOOST027,Fashion / Accessories,11%,1,4.23%,3,vs. open collab 10%
1729455910472159340,Waist Shapewear for Women Girdle Workout Shap...,SHAPSHE,Womenswear & Underwear,$45.98,"1,000","343,859","13%
vs. open collab 10%",TABOOST027,Fashion / Accessories,11%,1,11%,4,vs. open collab 10%
1729479535713620662,"ZENOTTIC Retro Polarized Sunglasses - Thick Frame, Anti-Gl...",,~~~,$17.98,"1,000","22,319","13%
vs. open collab 10%",TABOOST027,Fashion / Accessories,11%,1,11%,4,vs. open collab 10%
1729498259443324493,"UBFEN Women's Hiking Sandals - Adjustable Straps, Arch Su...",,~~~,$39.99,"1,000","3,092","15%
vs. open collab 12%",TABOOST027,Fashion / Accessories,13%,1,6.93%,3,vs. open collab 12%
1729503298268337161,Men’s summer gradient quick-dry short-sleeve T-shirt multi-p...,,~~~,$28.32-$34.99,"1,000",734,"10%
vs. open collab 6%",TABOOST027,Fashion / Accessories,"8%
",1,4.00%,2,vs. open collab 6%
1729504375773041983,"Dickies TJ15 Insulated Eisenhower Jacket, Full Zip Work Jac...",,~~~,$69.99-$72.99,"1,000","1,607","15%
vs. open collab 12%",TABOOST027,Fashion / Accessories,13%,1,5.20%,3,vs. open collab 12%
1729504391814747455,"Dickies Men's Loose Fit Double Knee Work Pants, Reinforced ...",,~~~,$34.99-$40.99,"1,000","10,202","15%
vs. open collab 12%",TABOOST027,Fashion / Accessories,13%,1,5.20%,4,vs. open collab 12%
1729504395782427967,"Dickies Men's FLEX Regular Fit Cargo Pants, Comfortable & F...",,~~~,$34.99-$37.99,"1,000","11,555","15%
vs. open collab 12%",TABOOST027,Fashion / Accessories,13%,1,5.20%,4,vs. open collab 12%
1729504397609637183,"Dickies Short Sleeve Work Shirt, Classic Fit Work Wear, Fitte...",,~~~,$27.99-$30.99,"1,000","2,763","15%
vs. open collab 12%",TABOOST027,Fashion / Accessories,13%,1,5.20%,3,vs. open collab 12%
1729558631005065755,Blenders Eyewear Canyon Black Tundra Polarized Sunglasse...,,~~~,$59.00,"1,000",240,"18%
vs. open collab 15%",TABOOST027,Fashion / Accessories,16%,1,5.33%,2,vs. open collab 15%
1729558632595558939,Blenders Mesa Crossing Alaska Sunglasses – Polarized Blue ...,,~~~,$59.00,"1,000","3,757","18%
vs. open collab 15%",TABOOST027,Fashion / Accessories,16%,1,5.33%,3,vs. open collab 15%
1729568817863758185,Anchor Glasses Grips - 3 Pack - Anti Slip Eyeglass Holder Ear ...,,~~~,$9.99,"1,000","155,814","20%
vs. open collab 15%",TABOOST027,Fashion / Accessories,18%,1,18%,4,vs. open collab 15%
1729571579553747657,Forever On Trend High Rise Ponte Capri Pants,,~~~,$24.56,"1,000","8,114","18%
vs. open collab 15%",TABOOST027,Fashion / Accessories,16%,1,16%,3,vs. open collab 15%
1729571598136807963,Blenders Eyewear Millenia DX Blue Phoenix II Sunglasses Pola...,,~~~,$79.00,"1,000",50,"18%
vs. open collab 15%",TABOOST027,Fashion / Accessories,16%,1,5.33%,2,vs. open collab 15%
1729612435204182555,Blenders Eyewear Orange Circuit MeisterX2 Collection Polariz...,,~~~,$89.00,"1,000",20,"15%
vs. open collab 12%",TABOOST027,Fashion / Accessories,13%,1,5.20%,2,vs. open collab 12%
1729627600250638734,Men's Cotton Waffle-Knit Thermal Henley Shirt Long Sleeve ...,,~~~,$19.99-$24.99,"1,000","13,985","15%
vs. open collab 12%",TABOOST027,Fashion / Accessories,13%,1,6.07%,4,vs. open collab 12%
1729704494876627305,WateLves Barefoot Walking Shoes for Men & Women Minim...,,~~~,$33.99,"1,000","13,914","14%
vs. open collab 10%",TABOOST027,Fashion / Accessories,12%,1,4.29%,4,vs. open collab 10%
1730970907886392208,Molitree Womens Cotton Linen Skorts Casual Summervibes C...,,~~~,$20.99-$23.99,"1,000","13,268","13%
vs. open collab 10%",TABOOST027,Fashion / Accessories,11%,1,7.62%,4,vs. open collab 10%
1730976476128711568,Molitree Women's Cotton Linen Wide Leg Pants High Waisted...,,~~~,$30.99-$32.99,"1,000","17,201","13%
vs. open collab 10%",TABOOST027,Fashion / Accessories,11%,1,7.62%,4,vs. open collab 10%
1731173673288569371,Blenders Mesa Victory Lane Sunglasses – Polarized Smoke L...,,~~~,$59.00,"1,000",414,"18%
vs. open collab 15%",TABOOST027,Fashion / Accessories,16%,1,5.33%,2,vs. open collab 15%
1731180857884840044,Mobeso Backless Shapewear Bodysuit for Backless Dress – S...,,~~~,$19.99-$55.99,"1,000","29,317","18%
vs. open collab 8%",TABOOST027,Fashion / Accessories,16%,1,4.44%,4,vs. open collab 8%
1731197388611227745,ShowRealHair Chioma Pixie Cut Wigs Pin Curl Pixie Cut Wig fo...,,~~~,$32.67-$53.90,"1,000","22,547","8%
vs. open collab 5%",TABOOST027,Fashion / Accessories,"6%
",1,3.75%,4,vs. open collab 5%
1731305789720466336,"Unisex Oval Flat-Top Non-Prescription Eyeglasses, Lightweig...",,~~~,$10.99,"1,000","20,873","18%
vs. open collab 15%",TABOOST027,Fashion / Accessories,16%,1,4.44%,4,vs. open collab 15%
1731306248198591392,Retro Oversized Aviator Sunglasses for Women Men 70s Styl...,,~~~,$10.79-$10.89,"1,000","43,013","18%
vs. open collab 15%",TABOOST027,Fashion / Accessories,16%,1,4.44%,4,vs. open collab 15%
1731367884800627164,Aprilake Women's Elegant Formal One Shoulder Sleeveless R...,,~~~,$49.79,"1,000","12,608","13%
vs. open collab 10%",TABOOST027,Fashion / Accessories,11%,1,11%,4,vs. open collab 10%
1731580129516032465,【FitOver Sunglasses】1/2Pcs Women's Fit Over Prescriptio...,,~~~,$10.66-$14.99,"1,000","22,867","20%
vs. open collab 17%",TABOOST027,Fashion / Accessories,18%,1,9.00%,4,vs. open collab 17%
1731633871325926343,Women's Safety Shoes with Steel Toe Protection & Puncture...,,~~~,$29.99-$31.99,"1,000","1,007","11%
vs. open collab 8%",TABOOST027,Fashion / Accessories,"9%
",1,2.45%,3,vs. open collab 8%
1731656199187435938,HOBIBEAR Women's PU Leather Wide-Head Slip-On Sneaker...,,~~~,$38.79-$39.99,"1,000","19,304","15%
vs. open collab 12%",TABOOST027,Fashion / Accessories,13%,1,13%,4,vs. open collab 12%
1731723165322613427,Women's Sports Bra with Sewn in Pads – Adjustable Hook-ey...,,~~~,$17.99-$47.99,"1,000","4,726","15%
vs. open collab 12%",TABOOST027,Fashion / Accessories,13%,1,8.67%,3,vs. open collab 12%
1731754636275978928,3pcs Front Closure Lace Patchwork Bras for Women Underw...,,~~~,$19.30,"1,000","10,788","11%
vs. open collab 8%",TABOOST027,Fashion / Accessories,9%,1,9%,4,vs. open collab 8%
1731830973564621161,WateLves Womens Barefoot Water Shoes Travel House Slipp...,,~~~,$16.99,"1,000","37,801","13%
vs. open collab 10%",TABOOST027,Fashion / Accessories,11%,1,4.23%,4,vs. open collab 10%
1731840688130592831,Miusol 55814A Chic Sequin Lace Spaghetti-Strap Ruffle Tigh...,,~~~,$51.40-$52.99,"1,000","2,775","13%
vs. open collab 10%",TABOOST027,Fashion / Accessories,11%,1,6.77%,3,vs. open collab 10%
1731843636381782110,"Men's Solid Fashion Sweatpants, Versatile Year Round Wear, ...",,~~~,$16.39-$45.04,"1,000","21,792","15%
vs. open collab 12%",TABOOST027,Fashion / Accessories,13%,1,6.93%,4,vs. open collab 12%
1731923577254613685,"Height Increase Insoles, 2-4 Layer 1.2"" to 2.97"" Variable Heig...",,~~~,$8.98-$11.98,"1,000","15,890","18%
vs. open collab 20%",TABOOST027,Fashion / Accessories,16%,1,16%,4,vs. open collab 20%
1732027199022469228,SHAPSHE Waist Shapewear Corset for Women Sport Workou...,,~~~,$50.58,"1,000","49,638","11%
vs. open collab 8%",TABOOST027,Fashion / Accessories,9%,1,9%,4,vs. open collab 8%
1732038691716895569,"Colorful Beaded Necklace with Stackable Heart Pendant, Eth...",,~~~,$15.50,"1,000","4,329","16%

Open collab 14% - 16%",TABOOST027,Fashion / Accessories,14%,1,7.00%,3,vs. open collab 14%-16%
1732144170019099237,OYS Women's Casual Sleeveless Square Neck A-Line Solid Sli...,,~~~,$43.99,"1,000","21,032","13%
vs. open collab 10%",TABOOST027,Fashion / Accessories,11%,1,11%,4,vs. open collab 10%
1732147539983306810,OQQ Women's Sleeveless Romper with Removable Pads for ...,,~~~,$29.99,"1,000","3,308","12%
vs. open collab 8%",TABOOST027,Fashion / Accessories,10%,1,10%,3,vs. open collab 8%
1732164683044262581,Bra Body Adhesive (20G/0.7oz) - Gentle Skin-Friendly Long L...,,~~~,$15.94,"1,000","5,017","19%
vs. open collab 20%",TABOOST027,Fashion / Accessories,17%,1,17%,3,vs. open collab 20%
1732187486962028586,3/5 Pack Men's Dry Fit Athletic Shirt Long Sleeve Fishing Hoo...,,~~~,$20.95-$26.95,"1,000","16,725","16%
vs. open collab 13%",TABOOST027,Fashion / Accessories,14%,1,7.00%,4,vs. open collab 13%
1732190304216650570,Men's Summer Slippers Outdoor Teenagers Thick Sole Height...,,~~~,$22.30,"1,000","4,572","8%

Open collab 5% - 8%",TABOOST027,Fashion / Accessories,"6%
",1,2.25%,3,vs. open collab 5%-8%
1732196584130777701,OYS Women's Casual Square Neck Ruffle Hem Mini Dress Sh...,,~~~,$37.99,"1,000","15,663","13%
vs. open collab 10%",TABOOST027,Fashion / Accessories,11%,1,11%,4,vs. open collab 10%
1732216778752692534,"BILLABONG Women's Follow Me Pants, Loose Straight Leg El...",,~~~,$27.97-$55.95,"1,000",912,"15%
vs. open collab 12%",TABOOST027,Fashion / Accessories,13%,1,5.20%,2,vs. open collab 12%
1732252774927274655,4Pcs Matching Couple Beaded Bracelet Set - Braided Strings...,,~~~,$8.72-$17.46,"1,000","2,659","18%
vs. open collab 15%",TABOOST027,Fashion / Accessories,16%,1,16%,3,vs. open collab 15%
1732256406716977823,"Handmade Rosary Necklace with Green Crystal Beads, Saint ...",,~~~,$11.99,"1,000","2,004","18%
vs. open collab 15%",TABOOST027,Fashion / Accessories,16%,1,16%,3,vs. open collab 15%
1732261310366519447,【Fast 3-Day Delivery】1/3/4/6-PACK NO FRONT SEAM & B...,,~~~,$9.68-$39.98,"1,000","3,791","13%

Open collab 10% - 12%",TABOOST027,Fashion / Accessories,11%,1,4.23%,3,vs. open collab 10%-12%
1732264839540150948,ZHESHY Dainty Flower Necklace 14K Gold Plated Flower Coll...,,~~~,$8.72-$9.99,"1,000","3,079","25%
vs. open collab 20%",TABOOST027,Fashion / Accessories,23%,1,7.36%,3,vs. open collab 20%
1732266773578354697,Men’s 3-Piece Short Set with Slanted Pockets Everyday Wear...,,~~~,$9.99-$28.70,"1,000","2,759","13%
vs. open collab 10%",TABOOST027,Fashion / Accessories,11%,1,6.77%,3,vs. open collab 10%
1732269749743293333,Money Attraction Bracelets with Green Aventurine & Tiger Ey...,,~~~,$9.99-$14.84,"1,000","6,195","17%
vs. open collab 14%",TABOOST027,Fashion / Accessories,15%,1,9.71%,3,vs. open collab 14%
1732292013645074975,"Shoe Cleaning Kit — No-Rinse, Portable, Sneaker Cleaner, Fo...",,~~~,$7.97,"1,000","7,239","15%
vs. open collab 12%",TABOOST027,Fashion / Accessories,13%,1,13%,3,vs. open collab 12%
1732295422295904408,JGS1996 Women's High Waisted Straight Leg Yoga Pants - C...,,~~~,$23.99-$29.99,"1,000","5,920","13%
vs. open collab 10%",TABOOST027,Fashion / Accessories,11%,1,11%,3,vs. open collab 10%
1732298708630671448,"Vintage-Inspired Twisted Tea Cotton Short-Sleeve Tshirt - ,D...",,~~~,$15.88,"1,000","5,551","13%
vs. open collab 10%",TABOOST027,Fashion / Accessories,11%,1,4.23%,3,vs. open collab 10%
1732299303592563007,"Dickies Short Sleeve Coveralls, Men's Sleeve Workwear,Light...",,~~~,$44.99-$68.00,"1,000","3,650","15%
vs. open collab 12%",TABOOST027,Fashion / Accessories,13%,1,5.20%,3,vs. open collab 12%
1732304895852843160,JGS1996 Two-piece Sports Sets for Women Solid Seamless ...,,~~~,$25.99-$37.99,"1,000","7,738","13%
vs. open collab 10%",TABOOST027,Fashion / Accessories,11%,1,11%,3,vs. open collab 10%
1732315089773891903,"Dickies Men's Loose Fit Flat Front Work Shorts, 13"", Wrinkle- ...",,~~~,$27.99-$33.99,"1,000","4,846","15%
vs. open collab 12%",TABOOST027,Fashion / Accessories,13%,1,5.20%,3,vs. open collab 12%
1732316857163092167,Sofia Dopamine Necklace - Rainbow Beaded Choker - UV Re...,,~~~,$10.40-$24.00,"1,000","14,113","20%
vs. open collab 15%",TABOOST027,Fashion / Accessories,18%,1,13.50%,4,vs. open collab 15%
1732322113681396031,"Dickies Original 874® Work Pants, Workwear, Menswear Plain...",,~~~,$29.99-$35.99,"1,000","10,494","15%
vs. open collab 12%",TABOOST027,Fashion / Accessories,13%,1,5.20%,4,vs. open collab 12%
1732339248686665770,5 Pack Women's Workout Short Sleeve T Shirts Energetic Mult...,,~~~,$29.50,"1,000","2,113","15%
vs. open collab 12%",TABOOST027,Fashion / Accessories,13%,1,6.93%,3,vs. open collab 12%
1732352876348871300,"MOTEEPI Skorts for Woman with Pockets 16"" Golf Athletic Ski...",,~~~,$28.99,"1,000","1,578","13%
vs. open collab 10%",TABOOST027,Fashion / Accessories,11%,1,4.23%,3,vs. open collab 10%
1732354629193404425,"Men’s summer shorts with letter print, drawstring, and multipl...",,~~~,$10.90-$28.90,"1,000","1,446","13%
vs. open collab 10%",TABOOST027,Fashion / Accessories,11%,1,4.23%,3,vs. open collab 10%
1732357468631175607,S-4X Oversized 2-Piece Camouflage Print Plus Size Set - Rou...,,~~~,$16.78-$35.98,"1,000","2,890","14%
vs. open collab 10%",TABOOST027,Fashion / Accessories,12%,1,12%,3,vs. open collab 10%
1732374611177672798,"Men’s 5-Pack Vintage Washed Sleeveless Tank Tops, Casual ...",,~~~,$43.99,"1,000","4,971","15%
vs. open collab 12%",TABOOST027,Fashion / Accessories,13%,1,6.93%,3,vs. open collab 12%
1732380992103616831,"Dickies Indigo Bib Overalls, Men's Overalls Workwear,100% ...",,~~~,$44.99-$50.99,"1,000","3,339","15%
vs. open collab 12%",TABOOST027,Fashion / Accessories,13%,1,5.20%,3,vs. open collab 12%
1729408883847369258,Large Laundry Hamper Basket with 2 Removable inne...,Lifewit,Home Supplies,$16.99-$39.99,"1,000","61,164","13%
vs. open collab 10%",TABOOST028,Home / Furniture,11%,1,5.92%,4,vs. open collab 10%
1729408899147993642,"Lifewit Vanity Drawer Organizer for Makeup, Jewelry & Gadge...",,~~~,$15.99-$39.99,"1,000","31,051","13%
vs. open collab 10%",TABOOST028,Home / Furniture,11%,1,4.23%,4,vs. open collab 10%
1729408934694850737,QLASH Embroidered American Flag Heavy-Duty Outdoor US ...,QLASH Flag,Home Supplies,$12.97-$21.97,"1,000","80,470","15%
vs. open collab 12%",TABOOST028,Home / Furniture,13%,1,13%,4,vs. open collab 12%
1729449114271715587,"TAILI Extra Large Vacuum Storage Bags, Cube Vacuum Seal B...",,~~~,$21.71-$29.99,"1,000","5,693","13%
vs. open collab 10%",TABOOST028,Home / Furniture,11%,1,6.77%,3,vs. open collab 10%
1729449218007929091,TAILI G9 Shower Grab Bar 16 Inch Suction Cup Grab Bars for ...,,~~~,$26.39-$33.99,"1,000","7,437","13%
vs. open collab 10%",TABOOST028,Home / Furniture,11%,1,6.77%,3,vs. open collab 10%
1729453558730298221,"Handheld Milk Frother for Coffee, Rechargeable Electric Whis...",,~~~,$23.99-$32.02,"1,000","18,574","11%
vs. open collab 8%",TABOOST028,Home / Furniture,"9%
",1,4.91%,4,vs. open collab 8%
1729479704997499974,"AORAN Ceramic Baking Pan, Non-Stick Food-Grade Baking ...",,~~~,$28.99-$30.99,"1,000","11,454","11%
vs. open collab 8%",TABOOST028,Home / Furniture,"9%
",1,3.27%,4,vs. open collab 8%
1729484938949988611,"TAILI Hanging Vacuum Storage Bags Space Saver Bags, Clear...",,~~~,$25.33-$32.19,"1,000","8,905","13%
vs. open collab 10%",TABOOST028,Home / Furniture,11%,1,6.77%,3,vs. open collab 10%
1729488901027042925,8/10/12/14-inch Ergonomic Medium Firm for Stress Relief and ...,,~~~,$71.40-$214.20,"1,000","6,042","8%

Open collab 5% - 6%",TABOOST028,Home / Furniture,"6%
",1,2.25%,3,vs. open collab 5%-6%
1729498782831383032,【Back to School】molilito Premium Silk Ranunculus & Peon...,,~~~,$29.99-$65.99,"1,000","13,731","13%
vs. open collab 10%",TABOOST028,Home / Furniture,11%,1,4.23%,4,vs. open collab 10%
1729502091934537285,"UFORU 360° rotating cosmetic organizer, large capacity trans...",,~~~,$16.99-$18.99,"1,000","6,492","13%

Open collab 10% - 11%",TABOOST028,Home / Furniture,11%,1,3.38%,3,vs. open collab 10%-11%
1729569599443603471,Water Dispenser for 5 Gallon Bottle - Rechargeable Water P...,,~~~,$9.99-$15.99,"1,000","29,404","15%
vs. open collab 10%",TABOOST028,Home / Furniture,13%,1,13%,4,vs. open collab 10%
1729580161660457210,"Premium Hand Crank Multi-Blade Modern Plastic Ice Shaver, ...",,~~~,$22.78-$31.43,"1,000","4,382","13%

Open collab 10% - 15%",TABOOST028,Home / Furniture,11%,1,3.38%,3,vs. open collab 10%-15%
1729611391989879103,"3-Seat Outdoor Canopy Porch Swing with Stand, 2 in 1 Porc...",,~~~,$209.99-$259.99,"1,000",912,"13%
vs. open collab 10%",TABOOST028,Home / Furniture,11%,1,3.38%,2,vs. open collab 10%
1729707062542373098,Waterless Fragrance Oil Diffuser Gift Set - - Battery Operated...,,~~~,$30.00-$35.00,"1,000","81,418","18%
vs. open collab 12%",TABOOST028,Home / Furniture,16%,1,8.89%,4,vs. open collab 12%
1730061799881543939,"TAILI K9 Fogless Shower Mirror, Anti-Fog with Razor Holder, S...",,~~~,$21.60,"1,000","14,012","13%
vs. open collab 10%",TABOOST028,Home / Furniture,11%,1,6.77%,4,vs. open collab 10%
1730270829416321775,Solar-Powered Car Window Exhaust Fan – Energy-Saving Ven...,,~~~,$22.99-$23.99,"1,000","6,941","18%
vs. open collab 15%",TABOOST028,Home / Furniture,16%,1,4.44%,3,vs. open collab 15%
1730618214875631935,【Summervibes】ZZWHOM Rattan Reclining Outdoor Patio ...,,~~~,$299.99-$579.99,"1,000",835,"13%
vs. open collab 10%",TABOOST028,Home / Furniture,11%,1,4.23%,2,vs. open collab 10%
1730656596109791255,Zinnia Seeds (California Giant & Dahlia) – 100% Pure Heirloom...,,~~~,$10.99-$35.99,"1,000","50,615","20%
vs. open collab 15%",TABOOST028,Home / Furniture,18%,1,6.30%,4,vs. open collab 15%
1730727102908895813,UFORU Cartoon pattern children's drinking cup 1 large capaci...,,~~~,$5.99-$16.99,"1,000","21,152","13%

Open collab 10% - 11%",TABOOST028,Home / Furniture,11%,1,3.38%,4,vs. open collab 10%-11%
1730727962263327299,"Prasky 102oz 2in1 Blender and Grinder for kitchen use, 2 Cup...",,~~~,$62.99-$79.99,"1,000","8,410","10%
vs. open collab 8%",TABOOST028,Home / Furniture,"8%
",1,4.00%,3,vs. open collab 8%
1730911760401470021,"UFORU four-layer tall and narrow storage cabinet, made of pl...",UFORU NEST,Home Supplies,$14.99-$39.99,"1,000","68,753","13%

Open collab 10% - 11%",TABOOST028,Home / Furniture,11%,1,3.38%,4,vs. open collab 10%-11%
1730964868983985036,"Diivoo Brass WiFi Water Timer, 2.4GHz Only Smart Hose Spri...",,~~~,$39.99-$69.99,"1,000","1,624","13%
vs. open collab 10%",TABOOST028,Home / Furniture,11%,1,5.92%,3,vs. open collab 10%
1730975501023219782,"AORAN Portable Electric Comal - Portable Barbecue Grill, Ind...",,~~~,$25.99-$49.99,"1,000","44,772","13%
vs. open collab 10%",TABOOST028,Home / Furniture,11%,1,3.38%,4,vs. open collab 10%
1731002875688620178,Air Fryer Liners Heavy-Duty Non-Stick Oil-Resistant Disposa...,,~~~,$6.99-$15.99,"1,000","7,288","15%
vs. open collab 12%",TABOOST028,Home / Furniture,13%,1,4.33%,3,vs. open collab 12%
1731051421250392328,"Edenza Bed Frame, 14 16 18 Inch Heavy Duty Metal Platform ...",,~~~,$33.99-$69.99,"1,000","7,644","8%
vs. open collab 5%",TABOOST028,Home / Furniture,6%,1,6%,3,vs. open collab 5%
1731080662361674309,"UFORU 3.2 Gallon/12L Hanging Trash Can with Lid, Cute Cart...",,~~~,$15.99,"1,000","11,294","13%

Open collab 10% - 11%",TABOOST028,Home / Furniture,11%,1,3.38%,4,vs. open collab 10%-11%
1731091847735513669,UFORU insect-proof airtight Rice Dispenser with Measuring C...,,~~~,$15.66-$27.99,"1,000","53,401","13%

Open collab 10% - 11%",TABOOST028,Home / Furniture,11%,1,3.38%,4,vs. open collab 10%-11%
1731093726010380869,"UFORU folding shoe rack, magnetic transparent door shoe c...",,~~~,$45.99-$58.99,"1,000","21,779","13%

Open collab 10% - 11%",TABOOST028,Home / Furniture,11%,1,3.38%,4,vs. open collab 10%-11%
1731101880744383474,Gym Lamp for Posing - Portable Magnet LED Flashlight with ...,,~~~,$15.99-$16.99,"1,000","11,422","13%
vs. open collab 10%",TABOOST028,Home / Furniture,11%,1,3.38%,4,vs. open collab 10%
1731237764148466245,"UFORU Small shoe rack, 6/9-layer plastic vertical shoe rack f...",,~~~,$17.99-$24.99,"1,000","26,063","13%

Open collab 10% - 11%",TABOOST028,Home / Furniture,11%,1,3.38%,4,vs. open collab 10%-11%
1731265036974199365,"UFORU Makeup Organizer with Drawers for Vanity, 4 Slot Bru...",,~~~,$16.99-$17.99,"1,000","15,236","13%

Open collab 10% - 11%",TABOOST028,Home / Furniture,11%,1,3.38%,4,vs. open collab 10%-11%
1731270589938766405,"UFORU 4-Tier Tall Narrow Storage Cabinet, Plastic Slim Stora...",,~~~,$14.99-$39.99,"1,000","13,130","13%

Open collab 10% - 11%",TABOOST028,Home / Furniture,11%,1,3.38%,4,vs. open collab 10%-11%
1731289092903440816,MAGNAWARE 3 Quarts Round Dutch Oven with Lid Polished ...,,~~~,$95.90,"1,000",185,"13%
vs. open collab 10%",TABOOST028,Home / Furniture,11%,1,11%,2,vs. open collab 10%
1731289093425893808,MAGNAWARE Oval Dutch Oven with Lid 10 Quart 15 Inch Sup...,,~~~,$185.90,"1,000","1,452","13%
vs. open collab 10%",TABOOST028,Home / Furniture,11%,1,11%,3,vs. open collab 10%
1731289093425959344,MAGNAWARE Oval Dutch Oven with Lid 12.6 Quart 18 Inch Lig...,,~~~,$219.90,"1,000","1,559","15%
vs. open collab 10%",TABOOST028,Home / Furniture,13%,1,13%,3,vs. open collab 10%
1731289093426024880,MAGNAWARE Oval Dutch Oven with Lid 8 Quart 13 Inch Cast ...,,~~~,$165.90,"1,000","2,174","13%
vs. open collab 10%",TABOOST028,Home / Furniture,11%,1,11%,3,vs. open collab 10%
1731289093426221488,MAGNAWARE 14 Quarts Stock Pot with Lid & Silicone Handle...,,~~~,$159.90,"1,000",343,"13%
vs. open collab 10%",TABOOST028,Home / Furniture,11%,1,11%,2,vs. open collab 10%
1731289096525746608,MAGNAWARE 10-Inch Chef Skillet Quick & Even Heat Distribu...,,~~~,$62.44,"1,000",174,"13%
vs. open collab 10%",TABOOST028,Home / Furniture,11%,1,11%,2,vs. open collab 10%
1731289096525812144,MAGNAWARE Oval Dutch Oven with Lid 5 Quart 11 Inch Alumi...,,~~~,$145.90,"1,000","1,392","13%
vs. open collab 10%",TABOOST028,Home / Furniture,11%,1,11%,3,vs. open collab 10%
1731289097297301936,MAGNAWARE 18 Qt Stock Pot with Lid Lightweight Aluminiu...,,~~~,$219.90,"1,000",88,"13%
vs. open collab 10%",TABOOST028,Home / Furniture,11%,1,11%,2,vs. open collab 10%
1731289098826256816,"MAGNAWARE Cast Aluminum Sauce Pan with Lid, Polished Si...",,~~~,$99.90,"1,000",106,"13%
vs. open collab 10%",TABOOST028,Home / Furniture,11%,1,11%,2,vs. open collab 10%
1731289098826322352,MAGNAWARE 12 Inch Sauté Pan - Chicken Fryer with Lid - C...,,~~~,$139.90,"1,000","1,011","13%
vs. open collab 10%",TABOOST028,Home / Furniture,11%,1,11%,3,vs. open collab 10%
1731331714412941315,Heavy-Duty Floor Squeegee 2 in 1 - Lightweight & Durable F...,,~~~,$24.99-$44.99,"1,000","11,138","13%
vs. open collab 10%",TABOOST028,Home / Furniture,11%,1,12.69%,4,vs. open collab 10%
1731334520230286210,Foldable Over Sink Dish Drying Rack｜Pull-Out 2-Tier Dish Dr...,,~~~,$36.99,"1,000","35,959","13%
vs. open collab 10%",TABOOST028,Home / Furniture,11%,1,11%,4,vs. open collab 10%
1731334600618906154,"Lifewit Portable Shampoo Basin & Bowl for Elderly, Kids & Pr...",,~~~,$32.99-$999.00,"1,000","8,939","10%
vs. open collab 7%",TABOOST028,Home / Furniture,"8%
",1,4.00%,3,vs. open collab 7%
1731435933146452106,"Towel Warmers for Bathroom, Fits Two 40""x70"" Oversized To...",,~~~,$55.99-$85.00,"1,000","4,082","11%
vs. open collab 8%",TABOOST028,Home / Furniture,"9%
",1,2.45%,3,vs. open collab 8%
1731514842552766765,Bathroom Accessories High Pressure Shower Head Set for Su...,,~~~,$23.90-$26.90,"1,000","3,955","18%
vs. open collab 15%",TABOOST028,Home / Furniture,16%,1,16%,3,vs. open collab 15%
1731520666280038428,"2D Flat, 1pc，8*12inches Metal Wall Art Sign, Wall Decoration...",,~~~,$11.88,"1,000","23,529","15%
vs. open collab 12%",TABOOST028,Home / Furniture,13%,1,13%,4,vs. open collab 12%
1731547527889916485,"UFORU makeup organizer for Vanity with 2 Large Drawers, C...",,~~~,$20.99-$23.99,"1,000","17,033","13%

Open collab 10% - 11%",TABOOST028,Home / Furniture,11%,1,3.38%,4,vs. open collab 10%-11%
1731587458703332079,"1 PCS Kitchen Sink Draining Basket, Hole-Free Hanging Orga...",,~~~,$9.99-$12.99,"1,000","1,084","18%
vs. open collab 15%",TABOOST028,Home / Furniture,16%,1,16%,3,vs. open collab 15%
1731635708746961010,"10x20/30FT Canopy Tent, Outdoor Event Gazebo/Removable...",,~~~,$101.60-$129.60,"1,000",963,"8%
vs. open collab 5%",TABOOST028,Home / Furniture,"6%
",1,3.00%,2,vs. open collab 5%
1731659826881598191,4-Piece Durable Compact Shock-Absorbing Pads for Large H...,,~~~,$8.59-$9.99,"1,000","10,787","18%
vs. open collab 15%",TABOOST028,Home / Furniture,16%,1,16%,4,vs. open collab 15%
1731676945972105967,Women's 6PCS Butterfly Waist Tighteners – Adjustable Butto...,,~~~,$7.99,"1,000","7,120","13%
vs. open collab 10%",TABOOST028,Home / Furniture,11%,1,4.23%,3,vs. open collab 10%
1731676999376737007,5/10/15-Pair Double-Sided Adhesive Wall Mounted Hooks – ...,,~~~,$7.59-$8.99,"1,000","26,072","13%
vs. open collab 10%",TABOOST028,Home / Furniture,11%,1,4.23%,4,vs. open collab 10%
1731687116911514507,Busch Apple Neon Sign LED Wall Light 6.7x11.8 inch Beer Can...,,~~~,$33.99,"1,000","3,665","14%
vs. open collab 12%",TABOOST028,Home / Furniture,12%,1,12%,3,vs. open collab 12%
1731712627836883695,10/20/40PCS Strong Self-Adhesive Sticky Trap Boards – Che...,,~~~,$7.99-$9.99,"1,000","4,942","18%
vs. open collab 15%",TABOOST028,Home / Furniture,16%,1,4.44%,3,vs. open collab 15%
1731753454499631685,"JackonLux 4 Pack Rechargeable Emergency Light Bulbs A21, ...",,~~~,$20.35-$35.88,"1,000","15,224","12%
vs. open collab 8%",TABOOST028,Home / Furniture,10%,1,4.17%,4,vs. open collab 8%
1731845093792715042,"Piggy Bank for Boys Adults, Electronic ATM Coin Cash Bank ...",,~~~,$8.99-$10.99,"1,000","42,032","13%
vs. open collab 10%",TABOOST028,Home / Furniture,11%,1,11%,4,vs. open collab 10%
1731859495355060899,"PROMEDIX P 6Mil Heavy Duty Black Nitrile Gloves Pack, 100...",,~~~,$13.99-$14.34,"1,000","20,029","13%
vs. open collab 10%",TABOOST028,Home / Furniture,11%,1,3.38%,4,vs. open collab 10%
1731876580679258693,UFORU 5-in-1 Rotary Cheese Grater & Vegetable Chopper wi...,,~~~,$22.99-$23.99,"1,000","7,853","13%

Open collab 10% - 11%",TABOOST028,Home / Furniture,11%,1,3.38%,3,vs. open collab 10%-11%
1731919545492738967,LawN Order Enzyme Based Outdoor & Turf Cleaner & Deodor...,,~~~,$18.89-$180.00,"1,000","12,409","18%
vs. open collab 15%",TABOOST028,Home / Furniture,16%,1,16%,4,vs. open collab 15%
1731929608015614703,2PCS Cactus Sink Filter Basket – Versatile Kitchen Sink Strain...,,~~~,$9.99,"1,000","3,867","18%
vs. open collab 15%",TABOOST028,Home / Furniture,16%,1,4.44%,3,vs. open collab 15%
1731946421366592069,"UFORU Vintage Mini Sewing Machine Music Box, Retro Plasti...",,~~~,$11.99,"1,000","6,002","13%

Open collab 10% - 11%",TABOOST028,Home / Furniture,11%,1,3.38%,3,vs. open collab 10%-11%
1731946567697470021,"UFORU Microwave Splatter Cover with Water Steamer, 10 inc...",,~~~,$15.99-$16.99,"1,000","47,911","13%

Open collab 10% - 11%",TABOOST028,Home / Furniture,11%,1,3.38%,4,vs. open collab 10%-11%
1732032543184097861,"UFORU Coffee Mug with Lid 16oz Glass Creative Cup, Coffee...",,~~~,$12.77-$22.99,"1,000","15,223","13%

Open collab 10% - 11%",TABOOST028,Home / Furniture,11%,1,3.38%,4,vs. open collab 10%-11%
1732089048166994501,"UFORU 3 Tiers Corner Bathroom Counter Organizer, Clear C...",,~~~,$16.99-$18.99,"1,000","20,393","13%

Open collab 10% - 11%",TABOOST028,Home / Furniture,11%,1,3.38%,4,vs. open collab 10%-11%
1732111963689030313,"Havenity BBQ Prep Tub, Multifunctional Camping Cutting Boa...",,~~~,$26.99-$49.99,"1,000","1,899","10.5%
vs. open collab 7.5%",TABOOST028,Home / Furniture,8.5,1,8.5%,3,vs. open collab 7.5%
1732183156907282813,"olakys. Electric Hot Pot,1.5L Mini Hot Pot, Ceramic Glaze Non-...",,~~~,$36.99-$79.99,"1,000","7,419","13%
vs. open collab 10%",TABOOST028,Home / Furniture,11%,1,11%,3,vs. open collab 10%
1732184566501970416,[Deals For You Days]MAISON BACKYARDS Vertical Barbecue ...,,~~~,$177.82,"1,000","2,983","9%
vs. open collab 6%",TABOOST028,Home / Furniture,7%,1,7%,3,vs. open collab 6%
1732187296389501424,[Summervibes]MAISON BACKYARDS Foldable Outdoor Flat T...,,~~~,$239.99-$279.99,"1,000",345,"11%
vs. open collab 8%",TABOOST028,Home / Furniture,9%,1,9%,2,vs. open collab 8%
1732198547771396315,Stainless Steel Cable Tie Gun Kit-100PCS 11.8 inches 304 He...,,~~~,$37.72,"1,000","5,551","18%
vs. open collab 15%",TABOOST028,Home / Furniture,16%,1,4.44%,3,vs. open collab 15%
1732198904989585813,10-Pack Kitchen Appliance Cord Organizer Hooks with Upgra...,,~~~,$11.99-$14.99,"1,000","10,246","15%
vs. open collab 12%",TABOOST028,Home / Furniture,13%,1,4.33%,4,vs. open collab 12%
1732242671067959792,[Deals For You Days] Modern Outdoor Rattan Furniture Set - ...,,~~~,$288.99-$289.99,"1,000","1,228","9%
vs. open collab 6%",TABOOST028,Home / Furniture,7%,1,7%,3,vs. open collab 6%
1732245532799701894,GIGI's Place tin sign Vintage Sunflower Metal Sign Welcome t...,,~~~,$11.99,"1,000","4,978","16%
vs. open collab 13%",TABOOST028,Home / Furniture,14%,1,14%,3,vs. open collab 13%
1732261345073664560,"Soft Flame Refillable Butane Lipstick Lighter, Novelty Adjusta...",,~~~,$12.60,"1,000","7,118","13%
vs. open collab 10%",TABOOST028,Home / Furniture,11%,1,11%,3,vs. open collab 10%
1732261640125780133,【New Arrivals】DREAME L10s Ultra Gen 2 Robot Vacuum an...,,~~~,$349.99-$379.99,"1,000","2,351","9%
vs. open collab 6%",TABOOST028,Home / Furniture,"7%
",1,4.67%,3,vs. open collab 6%
1732268814784238149,UFORU 16L Rolling Trash Can Includes 60 Trash Bags No-Ben...,,~~~,$29.99-$30.99,"1,000","4,333","13%

Open collab 10% - 11%",TABOOST028,Home / Furniture,11%,1,3.38%,3,vs. open collab 10%-11%
1732281387164471615,ZZWHOM 3pcs/Pack Adjustable Back Armless Patio Rocking...,,~~~,$261.89-$269.99,"1,000",643,"13%
vs. open collab 12%",TABOOST028,Home / Furniture,11%,1,3.38%,2,vs. open collab 12%
1732286940619248367,Multifunction Cool Gadgets Musical Tesla Coil Science Experi...,,~~~,$24.99,"1,000","1,973","18%
vs. open collab 15%",TABOOST028,Home / Furniture,16%,1,4.44%,3,vs. open collab 15%
1732289636126396593,"QLASH 250th Anniversary USA Flag 3x5 Ft, True Double-Side...",,~~~,$22.70,"1,000","2,804","15%
vs. open collab 12%",TABOOST028,Home / Furniture,13%,1,13%,3,vs. open collab 12%
1732293032009175274,CE Craft Scented All-Purpose Cleaning Spray - Powerful Hou...,,~~~,$12.13,"1,000","1,514","19%
vs. open collab 12%",TABOOST028,Home / Furniture,17%,1,8.95%,3,vs. open collab 12%
1732300216632446987,"Ubesgoo Wrought Iron Arch Arbor, Courtyard Plant Climbing ...",,~~~,$57.99-$87.99,"1,000",691,"11%
vs. open collab 8%",TABOOST028,Home / Furniture,9%,1,9%,2,vs. open collab 8%
1732303472641610479,Projector-Style Intelligent LED Digital Alarm Clock - Multi-Fu...,,~~~,$13.99,"1,000",468,"18%
vs. open collab 15%",TABOOST028,Home / Furniture,16%,1,4.44%,2,vs. open collab 15%
1732321324337959493,"UFORU Laundry Basket with Wheels, Ventilated& Odor-Resis...",,~~~,$31.99-$59.99,"1,000","8,762","13%

Open collab 10% - 11%",TABOOST028,Home / Furniture,11%,1,3.38%,3,vs. open collab 10%-11%
1732321525474628165,"UFORU Laundry Basket with Wheels, Ventilated& Odor-Resis...",,~~~,$31.99-$59.99,"1,000","1,478","13%

Open collab 10% - 11%",TABOOST028,Home / Furniture,11%,1,3.38%,3,vs. open collab 10%-11%
1732356672501813829,UFORU Upgraded Foldable Microwave Splatter Cover with Du...,,~~~,$13.99-$16.99,"1,000","20,746","13%

Open collab 10% - 11%",TABOOST028,Home / Furniture,11%,1,3.38%,4,vs. open collab 10%-11%
1732386247994020336,【LIVE】Modern 3-Piece Wicker Outdoor Furniture Set - High...,,~~~,$275.99-$279.99,"1,000",554,"11%
vs. open collab 8%",TABOOST028,Home / Furniture,9%,1,9%,2,vs. open collab 8%
1732389824810684719,SOFIRN SE1 Pocket-Sized Aluminum Alloy EDC Tactical LED T...,,~~~,$17.99,"1,000","3,052","16.5%
vs. open collab 13.5%",TABOOST028,Home / Furniture,14.,1,14.5%,3,vs. open collab 13.5%
1729385350727700714,Car Freshener & Refill Bundle - Long Lasting Car Fragrance,CE Craft Company,Automotive & Motorcycle,$12.00-$14.00,"1,000","49,990","15%
vs. open collab 12%",TABOOST029,Tech / Tools,13%,1,8.67%,4,vs. open collab 12%
1729385691564314756,BLACKLINE® TWISTED-LOOP DRYING TOWEL - Ultra-Absorb...,Blackline Car Care,Automotive & Motorcycle,$29.99-$119.99,"1,000","234,522","18%
vs. open collab 15%",TABOOST029,Tech / Tools,16%,1,16%,4,vs. open collab 15%
1729406439405424663,Class Keeper® School Days Memory Book + BONUS App Me...,,~~~,$44.97,"1,000","30,685","19%
vs. open collab 15%",TABOOST029,Tech / Tools,17%,1,17%,4,vs. open collab 15%
1729414762623570122,Personalized Photo Air Freshener - Custom Cut Car Freshene...,,~~~,$14.98-$29.98,"1,000","109,502","13%

Open collab 10% - 15%",TABOOST029,Tech / Tools,11%,1,11%,4,vs. open collab 10%-15%
1729437399911797724,Educational Posters Set of 16 for Preschool ...,Hadley Designs,Computers & Office Equipment,$29.99,"1,000","35,733","15%
vs. open collab 12%",TABOOST029,Tech / Tools,13%,1,4.33%,4,vs. open collab 12%
1729479347343496958,【SummerSurvivals】Joytutus Car Truck Inverter 12V-24V to ...,,~~~,$14.99-$19.99,"1,000","1,871","13%
vs. open collab 10%",TABOOST029,Tech / Tools,11%,1,4.23%,3,vs. open collab 10%
1729483452004603898,10000mAh Magnetic Power Bank – Portable Charger with Fol...,,~~~,$15.21,"1,000","44,273","13%
vs. open collab 12%",TABOOST029,Tech / Tools,11%,1,5.08%,4,vs. open collab 12%
1729496936327189985,#DealsForYouDays RORRY Flow 10000mAh 40W Fast Chargin...,,~~~,$38.98-$43.98,"1,000","5,209","13%
vs. open collab 10%",TABOOST029,Tech / Tools,11%,1,3.38%,3,vs. open collab 10%
1729497640912459503,1/2PCS USB Mini Portable Mosquito Zapper – 2-in-1 Bug Kill...,,~~~,$9.99-$13.99,"1,000","4,778","18%
vs. open collab 15%",TABOOST029,Tech / Tools,16%,1,4.44%,3,vs. open collab 15%
1729549268457460272,Ultimate Nursing Success Bundle: 400+ Page Handwritten N...,,~~~,$99.99,"1,000","2,005","23%
vs. open collab 20%",TABOOST029,Tech / Tools,21%,1,21%,3,vs. open collab 20%
1729674758290772468,Crocodile Cloth Auto Cleaning Wipes (100 Count) - Heavy D...,,~~~,$23.49,"1,000","9,503","18%
vs. open collab 15%",TABOOST029,Tech / Tools,16%,1,16%,3,vs. open collab 15%
1729685541039018893,"Luna Light Bulb Security Cam -2K 2.4GHz/5GHz WiFi, Indoor...",,~~~,$22.99,"1,000","78,811","18%
vs. open collab 15%",TABOOST029,Tech / Tools,16%,1,7.11%,4,vs. open collab 15%
1730060468672303166,Renegade Products | Graphene + Ceramic Black Paint Polish 1...,,~~~,$28.13-$55.00,"1,000","22,430","18%
vs. open collab 15%",TABOOST029,Tech / Tools,16%,1,7.11%,4,vs. open collab 15%
1730197942620426848,VEKOOTO VK7 Pro Magnetic Solar Wireless Backup Camera 7...,,~~~,$126.09-$419.99,"1,000","12,974","11%
vs. open collab 8%",TABOOST029,Tech / Tools,"9%
",1,2.45%,4,vs. open collab 8%
1730433277788852975,"3PCS 4"" Grinding Wheels – Abrasive Accessories for Power G...",,~~~,$10.99,"1,000","19,836","18%
vs. open collab 15%",TABOOST029,Tech / Tools,16%,1,4.44%,4,vs. open collab 15%
1730803393624903812,BLACKLINE Clay Towel - Auto Detailing Clay Towel - Deconta...,,~~~,$34.99,"1,000","14,605","13%
vs. open collab 10%",TABOOST029,Tech / Tools,11%,1,11%,4,vs. open collab 10%
1730901239228437077,em415Pro Automotive Electrical Open&Short Finder Circuit Te...,,~~~,$15.99,"1,000","27,388","13%
vs. open collab 10%",TABOOST029,Tech / Tools,11%,1,8.46%,4,vs. open collab 10%
1730998028354753361,YXCY 52.5 Ft Car Door Seal Strip Universal Self Adhesive Aut...,,~~~,$11.97-$14.97,"1,000","38,910","15%
vs. open collab 5%",TABOOST029,Tech / Tools,13%,1,6.93%,4,vs. open collab 5%
1731035728287929338,"5000mAh Magnetic Power Bank, MagSafe-Compatible Wirel...",,~~~,$11.62,"1,000","294,797","13%
vs. open collab 8%",TABOOST029,Tech / Tools,11%,1,5.08%,4,vs. open collab 8%
1731037750449705875,"KAXOE Portable Multi Port Charging Station 50W, 6-Port US...",,~~~,$11.63-$16.48,"1,000","8,685","13%
vs. open collab 10%",TABOOST029,Tech / Tools,11%,1,4.23%,3,vs. open collab 10%
1731053633350766724,BLACKLINE RESET Complete Interior Cleaner & Scent Booste...,,~~~,$22.99,"1,000","45,062","13%
vs. open collab 10%",TABOOST029,Tech / Tools,11%,1,11%,4,vs. open collab 10%
1731096553308459857,"YXCY Car Door Seal Strip - 2PCS B-Pillar Seal Strip, Automoti...",,~~~,$9.97,"1,000","24,920","15%
vs. open collab 5%",TABOOST029,Tech / Tools,13%,1,6.93%,4,vs. open collab 5%
1731174193041215905,"Portable Silent Mini Bladeless Fan, Electric Clip On Fan For Sh...",,~~~,$14.99,"1,000","10,230","18%
vs. open collab 15%",TABOOST029,Tech / Tools,16%,1,16%,4,vs. open collab 15%
1731220610318570490,10000mAh Magnetic Wireless Power Bank with Foldable Sta...,,~~~,$15.40,"1,000","64,707","13%
vs. open collab 10%",TABOOST029,Tech / Tools,11%,1,5.08%,4,vs. open collab 10%
1731257462216429630,Renegade Products Pro Pads: Renegade Pro Red-Infused Poli...,,~~~,$37.83-$148.00,"1,000","19,031","18%
vs. open collab 15%",TABOOST029,Tech / Tools,16%,1,9.78%,4,vs. open collab 15%
1731272979968266759,"【fathersdaygift】Haudio 2026 10.1"" Rotatable Touch Screen ...",,~~~,$108.99,"1,000","18,416","11%
vs. open collab 8%",TABOOST029,Tech / Tools,"9%
",1,3.27%,4,vs. open collab 8%
1731284487276892512,"16-in-1 Power Strip with Switch & Surge Protection, Multifunc...",,~~~,$15.99,"1,000","26,507","8%

Open collab 5% - 8%",TABOOST029,Tech / Tools,6%,1,6%,4,vs. open collab 5%-8%
1731295689437254113,"RORRY 10000mAh Portable Charger - 22.5W Fast Charging, ...",,~~~,$21.99-$24.99,"1,000","6,043","13%
vs. open collab 10%",TABOOST029,Tech / Tools,11%,1,3.38%,3,vs. open collab 10%
1731345892428452236,KUOWEIHUD K1 Car Head Up Display (HUD) GPS Digital Spee...,,~~~,$12.99,"1,000","57,584","13%
vs. open collab 10%",TABOOST029,Tech / Tools,11%,1,4.23%,4,vs. open collab 10%
1731379597471552453,ColKy Designs - 12-Pack Premium Magnetic Toolbox Labels f...,,~~~,$35.99,"1,000","9,992","16%
vs. open collab 13%",TABOOST029,Tech / Tools,14%,1,5.25%,3,vs. open collab 13%
1731429923180810519,306PCS&Car Blade Fuse Assortment Set with Assorted Car ...,,~~~,$9.89,"1,000","9,533","16%
vs. open collab 13%",TABOOST029,Tech / Tools,14%,1,5.25%,3,vs. open collab 13%
1731454640484159803,"3/4 inch Male-Female Garden Hose Connectors, Leak-Proof D...",,~~~,$9.99-$17.99,"1,000","28,873","18%
vs. open collab 15%",TABOOST029,Tech / Tools,16%,1,11.56%,4,vs. open collab 15%
1731554648283845268,2-Pack 20W Super Fast Charging USB-C Wall Charger Block ...,,~~~,$10.99-$13.99,"1,000","19,168","11%
vs. open collab 8%",TABOOST029,Tech / Tools,"9%
",1,4.91%,4,vs. open collab 8%
1731565523672928400,CRAZYGRASS Magnetic Leather Watch Band for Square Sma...,,~~~,$26.60-$29.58,"1,000","10,743","13%

Open collab 10% - 13%",TABOOST029,Tech / Tools,11%,1,3.38%,4,vs. open collab 10%-13%
1731580743505383759,"PUTARE Wireless Induction Audio Speaker Stand, 5in1 Cellph...",,~~~,$19.99,"1,000","219,517","13%
vs. open collab 10%",TABOOST029,Tech / Tools,11%,1,5.08%,4,vs. open collab 10%
1731612413219476365,Luna Window Cam – 2K Dual-Band WiFi Indoor Window Secu...,,~~~,$24.24,"1,000","33,683","20%
vs. open collab 15%",TABOOST029,Tech / Tools,18%,1,7.20%,4,vs. open collab 15%
1731656660507923347,4 USB-C & 4 USB-A Fast Charging USB Hub PortableSmart 8...,,~~~,$11.99,"1,000","34,477","13%
vs. open collab 10%",TABOOST029,Tech / Tools,11%,1,4.23%,4,vs. open collab 10%
1731696790667432091,"Brake Caliper Piston Press Tool for Single, Dual & Quad Pisto...",,~~~,$18.59-$19.99,"1,000","45,855","17%
vs. open collab 14%",TABOOST029,Tech / Tools,15%,1,15%,4,vs. open collab 14%
1731748232425083361,RORRY CharmGo 20000mAh Portable Power Bank with Built...,,~~~,$42.99,"1,000","8,056","13%
vs. open collab 10%",TABOOST029,Tech / Tools,11%,1,3.38%,3,vs. open collab 10%
1731755872083349645,Shure MV7+ USB-C & XLR Podcast Microphone with Stand f...,,~~~,$319.00,"1,000",15,"20%
vs. open collab 15%",TABOOST029,Tech / Tools,18%,1,18%,2,vs. open collab 15%
1731810532749841299,8-Port Fast Charging USB Hub 4 USB-CFallFreshness& 4 US...,,~~~,$11.63,"1,000","8,160","13%
vs. open collab 10%",TABOOST029,Tech / Tools,11%,1,4.23%,3,vs. open collab 10%
1731825432247833327,1 PCS 78-Inch Car Sunroof Drain Cleaning Tool – Flexible Lon...,,~~~,$7.99-$9.99,"1,000","4,830","18%
vs. open collab 15%",TABOOST029,Tech / Tools,16%,1,4.44%,3,vs. open collab 15%
1731930317044421359,"2PCS Mobile phone holder mounted on self-adhesive wall, w...",,~~~,$7.99-$10.99,"1,000","4,034","18%
vs. open collab 15%",TABOOST029,Tech / Tools,16%,1,4.44%,3,vs. open collab 15%
1731951838342451356,"AECHY 8/12/18pcs Curve Highlighter Pen Set, Dual Tip Color...",,~~~,$9.99-$16.99,"1,000","10,313","12%
vs. open collab 8%",TABOOST029,Tech / Tools,10%,1,10%,4,vs. open collab 8%
1731952339930682095,1PCS Handheld Magnifying Glass with 3X magnification and ...,,~~~,$9.99,"1,000","2,440","13%
vs. open collab 10%",TABOOST029,Tech / Tools,11%,1,11%,3,vs. open collab 10%
1731954741620216279,"Smart Digital Calendar, Wall Electronic Calendar, IPS Full HD ...",,~~~,$89.99-$249.99,"1,000","4,649","18%
vs. open collab 10%",TABOOST029,Tech / Tools,16%,1,16%,3,vs. open collab 10%
1731959808213553157,Auto Clip Pliers Set & Fastener Remover Car Trim Rivet Remo...,,~~~,$9.99-$16.99,"1,000","16,458","15%
vs. open collab 12%",TABOOST029,Tech / Tools,13%,1,13%,4,vs. open collab 12%
1731960775909478405,"300/306Pcs Car Fuse Assortment Kit, 150 Mini Blade Fuses A...",,~~~,$13.99-$15.99,"1,000","24,419","15%
vs. open collab 12%",TABOOST029,Tech / Tools,13%,1,13%,4,vs. open collab 12%
1732000588783259789,Shure MV7+ USB-C & XLR Podcast Microphone (White) - OB...,,~~~,$299.00,"1,000",32,"20%
vs. open collab 17%",TABOOST029,Tech / Tools,18%,1,18%,2,vs. open collab 17%
1732000607891722381,"Shure MV6 Gaming Microphone, Dynamic USB Mic for PC G...",,~~~,$169.00,"1,000",33,"20%
vs. open collab 17%",TABOOST029,Tech / Tools,18%,1,18%,2,vs. open collab 17%
1732080615644304045,【DealsForYouDays】3PCS Magnetic Phone holders to table...,,~~~,$13.51-$14.51,"1,000","17,677","18%
vs. open collab 15%",TABOOST029,Tech / Tools,16%,1,16%,4,vs. open collab 15%
1732093001797898900,"MOJUE 3 in 1 Charging Station for Apple, Mag-Safe for iPhon...",,~~~,$35.99,"1,000",674,"11%
vs. open collab 8%",TABOOST029,Tech / Tools,"9%
",1,4.91%,2,vs. open collab 8%
1732120976395571966,【SummerWins】JOYTUTUS 2026 4G LTE WiFi Router 150M...,,~~~,$22.99-$31.99,"1,000","7,476","13%
vs. open collab 10%",TABOOST029,Tech / Tools,11%,1,4.23%,3,vs. open collab 10%
1732127037377450125,"Shure MV7+ Podcast Dynamic Microphone– OBS Certified, E...",,~~~,$299.00,"1,000",37,"18.5%
vs. open collab 15.5%",TABOOST029,Tech / Tools,16.,1,16.5%,2,vs. open collab 15.5%
1732129531046040169,"Bushnell Wingman HD Bluetooth Golf Speaker, 3.5” Color HD...",,~~~,$219.99,"1,000","2,234","13%
vs. open collab 10%",TABOOST029,Tech / Tools,11%,1,5.08%,3,vs. open collab 10%
1732130713237623550,【SummerWins】Joytutus Car Sun Visor Vanity Mirror - 60 L...,,~~~,$18.42-$19.39,"1,000","2,955","13%
vs. open collab 10%",TABOOST029,Tech / Tools,11%,1,4.23%,3,vs. open collab 10%
1732216160107926270,"【SummerSurvivals】Joytutus 15W Wireless Car Charger Pad,...",,~~~,$15.99,"1,000","5,426","13%
vs. open collab 10%",TABOOST029,Tech / Tools,11%,1,4.23%,3,vs. open collab 10%
1732223534933447253,Car Circuit Probe Tester(Battery included) Automobile Current ...,,~~~,$16.19,"1,000","5,107","13%
vs. open collab 10%",TABOOST029,Tech / Tools,11%,1,8.46%,3,vs. open collab 10%
1732227736494117882,"5000mAh Magnetic Power Bank for iPhone 12–17 Series, Wor...",,~~~,$11.63,"1,000","283,772","13%
vs. open collab 10%",TABOOST029,Tech / Tools,11%,1,5.08%,4,vs. open collab 10%
1732257278590227013,"UFORU Magnetic Cable Clips 6 Pack, Self-Adhesive Cord Org...",,~~~,$7.99-$14.99,"1,000","2,670","13%

Open collab 10% - 11%",TABOOST029,Tech / Tools,11%,1,3.38%,3,vs. open collab 10%-11%
1732275495726912148,2-Pack Multiple Ports USB C/USB A Fast Charger Adapter wi...,,~~~,$11.95-$15.99,"1,000","7,239","11%
vs. open collab 8%",TABOOST029,Tech / Tools,"9%
",1,4.91%,3,vs. open collab 8%
1732281503501423454,【Summer Survivals】Joytutus Adjustable Car Fan - 2026 US...,,~~~,$15.99-$41.99,"1,000","9,901","13%
vs. open collab 10%",TABOOST029,Tech / Tools,11%,1,11%,3,vs. open collab 10%
1732283689553006733,Shure MV88 USB‑C Microphone for iPhone & Android | Stree...,,~~~,$159.00,"1,000",120,"20%
vs. open collab 17%",TABOOST029,Tech / Tools,18%,1,18%,2,vs. open collab 17%
1732323065538580542,Renegade Products DIY Polishing Bundles for Bench & Angle...,,~~~,$37.83,"1,000","1,243","18%
vs. open collab 15%",TABOOST029,Tech / Tools,16%,1,8.89%,3,vs. open collab 15%
1732346915834008149,"24V DC Car Fuse Tester Puller – Easy Tool to Test, Find & Rem...",,~~~,$14.99,"1,000","2,195","13%
vs. open collab 10%",TABOOST029,Tech / Tools,11%,1,8.46%,3,vs. open collab 10%
1732364627036050068,MOJUE 240W SuperCharge 360° Rotating Invisible Stand De...,,~~~,$11.99,"1,000","3,140","11%
vs. open collab 8%",TABOOST029,Tech / Tools,"9%
",1,4.91%,3,vs. open collab 8%
1732399107256259326,【SummerSurvivals】Joytutus Clip On USB Fan - 360° Rotati...,,~~~,$14.99-$34.99,"1,000","2,681","13%
vs. open collab 10%",TABOOST029,Tech / Tools,11%,1,4.23%,3,vs. open collab 10%
1729386902668742829,MontVoo Jacquard Textured Geometric Pattern Boho Washab...,MontVoo Rugs,Textiles & Soft Furnishings,$82.99-$219.99,"1,000","14,152","11%

Open collab 8% - 10%",TABOOST030,Textiles / Luggage,"9%
",1,6.55%,4,vs. open collab 8%-10%
1729414320866562640,"Pecute Dog Car Seat Cover - Dog hammock for car, Foldable...",,~~~,$85.99-$119.99,"1,000","6,139","13%
vs. open collab 10%",TABOOST030,Textiles / Luggage,11%,1,11%,3,vs. open collab 10%
1729446721888490289,"【Summer Deal】Exclusivo Mezcla Ultrasonic Quilt Set, 2/3 Pi...",,~~~,$25.99-$40.78,"1,000","12,361","12%
vs. open collab 8%",TABOOST030,Textiles / Luggage,10%,1,10%,4,vs. open collab 8%
1729478754522796624,Pecute Dog Splash Pad Sprinkler - Non-Slip Durable Thick P...,,~~~,$18.99-$65.99,"1,000","5,033","13%
vs. open collab 10%",TABOOST030,Textiles / Luggage,11%,1,11%,3,vs. open collab 10%
1729481391627933425,CATLINK Automatic-Litter Box 12 Lite Self-Cleaning Scooper ...,,~~~,$182.33,"1,000","1,293","11%
vs. open collab 7%",TABOOST030,Textiles / Luggage,9%,1,9%,3,vs. open collab 7%
1729505422262572469,The Bigger Carry-On,,~~~,$295.00-$348.00,"1,000",362,"11%
vs. open collab 8%",TABOOST030,Textiles / Luggage,9%,1,9%,2,vs. open collab 8%
1730284170608349627,"12-inch Bully Sticks (8oz./~5 Sticks) Healthy, All-Natural, Lon...",,~~~,$23.26,"1,000","37,458","23%
vs. open collab 20%",TABOOST030,Textiles / Luggage,21%,1,9.13%,4,vs. open collab 20%
1731101373182350005,"Western Mystery Bundle Box- Western Handbag, Tumbler, T...",,~~~,$104.99,"1,000","19,416","13%
vs. open collab 10%",TABOOST030,Textiles / Luggage,11%,1,11%,4,vs. open collab 10%
1731355003157713607,BugMD Flea and Tick Spray for Dogs and Cats – Kills & Repel...,,~~~,$44.99,"1,000","14,924","20.5%
vs. open collab 17.5%",TABOOST030,Textiles / Luggage,18.,1,18.5%,4,vs. open collab 17.5%
1731368357217276580,"Elevated Pet Couch Bed, Solid Wood Sofa for Cat and Small ...",,~~~,$38.99-$39.99,"1,000","9,077","9%
vs. open collab 6%",TABOOST030,Textiles / Luggage,"7%
",1,4.67%,3,vs. open collab 6%
1731476469809517054,"Summer Wins-Minimalist Men’s Slim Wallet: 9 - 13 Cards, Mo...",,~~~,$31.80,"1,000","107,163","13%
vs. open collab 10%",TABOOST030,Textiles / Luggage,11%,1,11%,4,vs. open collab 10%
1731582066149856094,"ShawnCo | Dream Walk Dog Leash- Premium, Nylon Pet Leas...",,~~~,$11.95-$14.95,"1,000",393,"18%
vs. open collab 15%",TABOOST030,Textiles / Luggage,16%,1,4.44%,2,vs. open collab 15%
1731586243392148318,ShawnCo | Essential Dog Harness with 3 Leash Clips – Reflec...,,~~~,$24.88-$29.33,"1,000","2,700","18%
vs. open collab 15%",TABOOST030,Textiles / Luggage,16%,1,4.44%,3,vs. open collab 15%
1731684387622588859,9-12” Peanut Butter Collagen Cheek Rolls (3 Pack) 100% Nat...,,~~~,$22.30,"1,000","25,260","23%
vs. open collab 25%",TABOOST030,Textiles / Luggage,21%,1,9.13%,4,vs. open collab 25%
1731786000465433180,"HONITTY Women's Checkered Nylon Bum Bag, Spacious Eve...",,~~~,$17.99-$24.99,"1,000","1,507","15%
vs. open collab 11%",TABOOST030,Textiles / Luggage,13%,1,8.67%,3,vs. open collab 11%
1731823588982886875,"NEATER PETS Lift N' Bag Dog Pooper Scooper 2.0, 22” Pole ...",,~~~,$29.99-$39.99,"1,000","21,152","13%
vs. open collab 10%",TABOOST030,Textiles / Luggage,11%,1,8.46%,4,vs. open collab 10%
1731830402609222383,Stainless Steel Double-Sided Pet Detangling Comb - Dog & ...,,~~~,$8.99,"1,000","2,857","18%
vs. open collab 15%",TABOOST030,Textiles / Luggage,16%,1,4.44%,3,vs. open collab 15%
1731984427742434205,"Wildpark Squirrel-Proof Hanging Bird Feeder - Durable, Vibra...",,~~~,$37.99-$79.99,"1,000","4,955","16%
vs. open collab 13%",TABOOST030,Textiles / Luggage,14%,1,7.00%,3,vs. open collab 13%
1732269244857749626,TherapetMD 60-Day Cat Calming Diffuser - Helps with Stres...,,~~~,$26.37-$73.99,"1,000","2,850","20%
vs. open collab 15%",TABOOST030,Textiles / Luggage,18%,1,6.30%,3,vs. open collab 15%
1729388331760521976,Anti-Inflammatea Loose Leaf Herbal Tea with Ging...,Gardenika,Food & Beverages,$12.71-$33.96,"1,000","133,819","18%
vs. open collab 15%",TABOOST031,Health / Food & Bev,16%,1,4.44%,4,vs. open collab 15%
1729404586763653782,"Vegan Protein Powder with Prebiotic Fiber, Plant Based, Low ...",Be Amazing,Health,$30.99-$44.99,"1,000","107,858","16%
vs. open collab 15%",TABOOST031,Health / Food & Bev,14%,1,5.25%,4,vs. open collab 15%
1729412339158192788,Irish Sea Moss Gel | Multiple Flavors – Rich in E...,True Sea Moss,Health,$32.99-$199.99,"1,000","124,932","28%

Open collab 25% - 27%",TABOOST031,Health / Food & Bev,26%,1,26%,4,vs. open collab 25%-27%
1729433051068339194,OxyShred Ultra Energy Powder | 33 & 60 Serve Value Tub | S...,,~~~,$35.56-$119.90,"1,000","80,415","22.5%
vs. open collab 19.5%",TABOOST031,Health / Food & Bev,20.,1,6.38%,4,vs. open collab 19.5%
1729442293190136379,Manteniendo Tu Salud Menos Diabetes Mas Salud Powder 16 ...,,~~~,$35.89,"1,000","6,572","18%
vs. open collab 15%",TABOOST031,Health / Food & Bev,16%,1,4.44%,3,vs. open collab 15%
1729444457847165402,BACtrack Go Keychain Breathalyzer | Ultra-Portable Pocket K...,,~~~,$42.99,"1,000","29,051","13%
vs. open collab 10%",TABOOST031,Health / Food & Bev,11%,1,11%,4,vs. open collab 10%
1729448461272518702,Toplux Organic Beet Root Tablets - Nitric Oxide Booster Beet...,,~~~,$49.97,"1,000","146,896","33%
vs. open collab 25%",TABOOST031,Health / Food & Bev,31%,1,14.09%,4,vs. open collab 25%
1729448464509734958,Toplux Magnesium Complex 8 Essential Magnesium Supple...,Toplux Nutrition,Health,$15.97,"1,000","1,745,830","30%
vs. open collab 25%",TABOOST031,Health / Food & Bev,28%,1,14.00%,4,vs. open collab 25%
1729448467478908974,Resveratrol Supplement 1800mg Natural Antioxidant,,~~~,$16.97,"1,000","72,387","33%
vs. open collab 30%",TABOOST031,Health / Food & Bev,31%,1,14.09%,4,vs. open collab 30%
1729449360193654830,Toplux Nutrition Collagen Peptides 5 Types Complex 1800m...,,~~~,$14.95,"1,000","307,393","33%
vs. open collab 25%",TABOOST031,Health / Food & Bev,31%,1,14.09%,4,vs. open collab 25%
1729450264557162585,Be Bodywise by Root Labs Pure Himalayan Shilajit Gummies | ...,RootLabs,Health,$24.49-$107.68,"1,000","439,173","25%
vs. open collab 15%",TABOOST031,Health / Food & Bev,23%,1,23%,4,vs. open collab 15%
1729451282864771506,Swanson Full Spectrum Spearmint Leaf 400 mg 60 Capsules ...,,~~~,$11.99,"1,000","44,844","27%
vs. open collab 20%",TABOOST031,Health / Food & Bev,25%,1,18.52%,4,vs. open collab 20%
1729456803530772526,Toplux Keto Burn Supplement,,~~~,$16.97,"1,000","159,325","33%
vs. open collab 25%",TABOOST031,Health / Food & Bev,31%,1,14.09%,4,vs. open collab 25%
1729456807489081390,Blood Sugar Complex 20 Vitamins & Minerals Support Overal...,,~~~,$14.95,"1,000","385,207","33%
vs. open collab 25%",TABOOST031,Health / Food & Bev,31%,1,14.09%,4,vs. open collab 25%
1729471956315247405,Le Marinier Celtic Salt Extra Fine 8.81oz Mineral-Rich Unrefin...,,~~~,$11.39,"1,000","35,628","13%
vs. open collab 10%",TABOOST031,Health / Food & Bev,11%,1,4.23%,4,vs. open collab 10%
1729474342352950099,Fungus Eliminator Dietary Supplement – Nail & Foot Support f...,,~~~,$44.85-$189.45,"1,000","14,418","23%
vs. open collab 20%",TABOOST031,Health / Food & Bev,21%,1,9.13%,4,vs. open collab 20%
1729482609596667028,Tootsie Frooties Assorted Fruity Chewy Candy Snack - 10 Flav...,,~~~,$10.99-$38.99,"1,000","1,685","15%
vs. open collab 12%",TABOOST031,Health / Food & Bev,13%,1,8.67%,3,vs. open collab 12%
1729492855403550236,"Jooiee Easyblue-Detox, Gut balance, Reduce bloat| Key Ingre...",,~~~,$24.94-$58.37,"1,000","9,119","23%
vs. open collab 20%",TABOOST031,Health / Food & Bev,21%,1,21%,3,vs. open collab 20%
1729493530057150553,Root Labs Alpha 10-in-1 Shilajit Gummies 4000 mg | New Yea...,RootLabs,Health,$26.24-$119.54,"1,000","391,524","25%
vs. open collab 15%",TABOOST031,Health / Food & Bev,23%,1,23%,4,vs. open collab 15%
1729495168613323328,TruHeight® Growth Gummy,,~~~,$45.00-$250.00,"1,000","31,202","18%
vs. open collab 15%",TABOOST031,Health / Food & Bev,16%,1,16%,4,vs. open collab 15%
1729514917196567450,Fadogia Agrestis 1000mg – Testosterone Booster for Men – ...,,~~~,$29.95,"1,000","29,215","23%
vs. open collab 15%",TABOOST031,Health / Food & Bev,21%,1,21%,4,vs. open collab 15%
1729713518470533782,"Organic Daily Greens Drink with Prebiotic Fiber, 10 Fruits & Ve...",,~~~,$19.99,"1,000","33,042","23%
vs. open collab 15%",TABOOST031,Health / Food & Bev,21%,1,6.39%,4,vs. open collab 15%
1729988423172067417,Root Labs 10-in-1 Alpha + Sea Moss Combo | New Year New ...,,~~~,$35.99-$97.13,"1,000","63,746","25%
vs. open collab 15%",TABOOST031,Health / Food & Bev,23%,1,23%,4,vs. open collab 15%
1730289535199842605,"Gynable Female Probiotics for HPV,BV,UTIs,Yeast,pH Balanc...",,~~~,$24.99-$126.50,"1,000","10,310","18%
vs. open collab 15%",TABOOST031,Health / Food & Bev,16%,1,16%,4,vs. open collab 15%
1730409924035776711,Sea Salt and Vinegar Seasoning Powder Large Bottle - Prem...,,~~~,$10.19,"1,000","58,373","13%
vs. open collab 10%",TABOOST031,Health / Food & Bev,11%,1,6.77%,4,vs. open collab 10%
1730436373666435456,She Shines Set - Zoyava Ultimate Women's All-in-One Dietar...,,~~~,$67.18,"1,000","50,556","23%

Open collab 20% - 50%",TABOOST031,Health / Food & Bev,21%,1,9.13%,4,vs. open collab 20%-50%
1730522943029285165,"Gynable Female Probiotics for HPV,BV,UTIs,Yeast,pH Balanc...",,~~~,$24.99-$126.50,"1,000","27,399","18%
vs. open collab 15%",TABOOST031,Health / Food & Bev,16%,1,16%,4,vs. open collab 15%
1730538276198388631,HiPlus Nutrition Oregano Oil with Black Seed Oil Softgels | Im...,,~~~,$12.98,"1,000","54,976","23%
vs. open collab 20%",TABOOST031,Health / Food & Bev,21%,1,6.39%,4,vs. open collab 20%
1730595853072634020,"SURVIVEX Large Comprehensive First Aid Kit Ideal for Car, Tr...",,~~~,$107.69,"1,000","2,985","18%
vs. open collab 15%",TABOOST031,Health / Food & Bev,16%,1,16%,3,vs. open collab 15%
1730595908745597092,"SURVIVEX Small Outdoor First Aid Kit - Ideal for Hiking, Spor...",,~~~,$53.40,"1,000","1,653","18%
vs. open collab 15%",TABOOST031,Health / Food & Bev,16%,1,16%,3,vs. open collab 15%
1730596050556719268,SURVIVEX Zip Wound Closure Strips - 3 PCS - Repair Woun...,,~~~,$20.47,"1,000","1,188","18%
vs. open collab 15%",TABOOST031,Health / Food & Bev,16%,1,16%,3,vs. open collab 15%
1730599957809369252,SURVIVEX Israeli Premium Elastic Compression Pressure Ban...,,~~~,$14.24-$22.25,"1,000",693,"18%
vs. open collab 15%",TABOOST031,Health / Food & Bev,16%,1,16%,2,vs. open collab 15%
1730708284237255040,Zeolite Kids Detox Gummies (Mixed Berry Flavor) - Zoyava 9-i...,,~~~,$25.97-$82.43,"1,000","29,883","23%

Open collab 20% - 50%",TABOOST031,Health / Food & Bev,21%,1,9.13%,4,vs. open collab 20%-50%
1730796519582896327,Literally Sour Powder - Sugar and Sour Mix - Dye Free - 5oz ...,,~~~,$7.76-$27.00,"1,000","55,521","13%

Open collab 10% - 12%",TABOOST031,Health / Food & Bev,11%,1,6.77%,4,vs. open collab 10%-12%
1730804810975974174,Poppin Crunch Intense Blue Raspberry Gushers - Multiple Siz...,,~~~,$11.24-$41.24,"1,000","121,072","23%
vs. open collab 20%",TABOOST031,Health / Food & Bev,21%,1,21%,4,vs. open collab 20%
1730867941923722234,OxyShred Ultra Pre-Workout Powder | 33 Servings | Sugar Fre...,,~~~,$39.95-$74.99,"1,000","55,933","22.5%
vs. open collab 19.5%",TABOOST031,Health / Food & Bev,20.,1,6.38%,4,vs. open collab 19.5%
1730875877787472691,DIAGNOX FSH Menopause Test - 5 Pack Menopause Stage In...,,~~~,$11.00-$15.63,"1,000","24,536","23%
vs. open collab 20%",TABOOST031,Health / Food & Bev,21%,1,6.39%,4,vs. open collab 20%
1730883490754433704,Pink Stork Premium Chewable Fertility Supplement Gummies...,,~~~,$27.00,"1,000","1,922","18%
vs. open collab 22%",TABOOST031,Health / Food & Bev,16%,1,16%,3,vs. open collab 22%
1731017876511494308,SURVIVEX Zeolite Hemostatic Gauze - Quick Blood Clotting ...,,~~~,$21.99-$66.75,"1,000",197,"18%
vs. open collab 15%",TABOOST031,Health / Food & Bev,16%,1,16%,2,vs. open collab 15%
1731284110459703998,The Cleaner Detox 7 Day Women bloat relief everyday tummy...,,~~~,$16.95,"1,000","18,459","23%
vs. open collab 20%",TABOOST031,Health / Food & Bev,21%,1,7.30%,4,vs. open collab 20%
1731469041340092462,Toplux Moringa Capsules 1200mg - Pure Moringa Powder fo...,,~~~,$14.95,"1,000","135,793","33%
vs. open collab 30%",TABOOST031,Health / Food & Bev,31%,1,14.09%,4,vs. open collab 30%
1731505892181774720,Soothe & Smooth Bundle (Gummies) - Zoyava Cortisol and M...,,~~~,$49.99-$139.99,"1,000","13,304","23%

Open collab 20% - 50%",TABOOST031,Health / Food & Bev,21%,1,9.13%,4,vs. open collab 20%-50%
1731577079195209914,BIOptimizers - Magnesium 4.0 Supplement - Has 7 Forms of ...,,~~~,$22.00-$39.95,"1,000","8,386","23%
vs. open collab 20%",TABOOST031,Health / Food & Bev,21%,1,10.96%,3,vs. open collab 20%
1731577082089279674,BIOptimizers MassZymes - Complete Digestive Enzyme Sup...,,~~~,$19.36-$66.00,"1,000","5,090","23%
vs. open collab 20%",TABOOST031,Health / Food & Bev,21%,1,10.96%,3,vs. open collab 20%
1731583541326877690,OxyShred Energy Gummies | On-The-Go Energy Chews | Zer...,,~~~,$53.95-$119.90,"1,000","14,138","23%
vs. open collab 20%",TABOOST031,Health / Food & Bev,21%,1,6.39%,4,vs. open collab 20%
1731768711356912414,Poppin Crunch Sugar Free Mega Sour Candy Triangles,,~~~,$10.39,"1,000","16,769","23%
vs. open collab 20%",TABOOST031,Health / Food & Bev,21%,1,21%,4,vs. open collab 20%
1731812513527403418,Muscle Stack – Testosterone Booster for Men - 2000mg Tur...,,~~~,$49.95,"1,000","32,559","18%
vs. open collab 25%",TABOOST031,Health / Food & Bev,16%,1,16%,4,vs. open collab 25%
1731826378570174624,Kyoto Uji Ceremonial Grade Stone-Ground Matcha Powder S...,,~~~,$19.99-$26.99,"1,000","8,449","17.5%
vs. open collab 15%",TABOOST031,Health / Food & Bev,15.,1,4.43%,3,vs. open collab 15%
1731884676262629426,Liposomal Glutathione | 26 Packets | Master Antioxidant & D...,,~~~,$77.44,"1,000","37,655","18%
vs. open collab 15%",TABOOST031,Health / Food & Bev,16%,1,7.11%,4,vs. open collab 15%
1731971613584822436,"SURVIVEX Large Pro First Aid Kit for Car, Travel & Home - Em...",,~~~,$134.39,"1,000",130,"18%
vs. open collab 15%",TABOOST031,Health / Food & Bev,16%,1,16%,2,vs. open collab 15%
1731987481669046318,Organic beet root capsules - beetroot for blood flow and circ...,,~~~,$14.52,"1,000","41,174","35%
vs. open collab 30%",TABOOST031,Health / Food & Bev,33%,1,14.14%,4,vs. open collab 30%
1731987712820547630,Magnesium Complex 8 Essential Magnesium Supplement - 3...,,~~~,$49.97,"1,000","38,697","28%
vs. open collab 25%",TABOOST031,Health / Food & Bev,26%,1,13.93%,4,vs. open collab 25%
1732021833664860324,"SURVIVEX Large Waterproof First Aid Kit for Car, Travel & Ho...",,~~~,$134.39,"1,000",94,"18%
vs. open collab 15%",TABOOST031,Health / Food & Bev,16%,1,16%,2,vs. open collab 15%
1732023430320198617,Asian Snack Favorites - 30 Asian Assorted Snack Box Variety ...,,~~~,$25.49,"1,000","9,358","13%
vs. open collab 10%",TABOOST031,Health / Food & Bev,11%,1,4.23%,3,vs. open collab 10%
1732062343540741114,OxyShred + Acetyl L-Carnitine Focus Stack | Pre-Workout En...,,~~~,$63.67-$66.67,"1,000","9,412","23%
vs. open collab 20%",TABOOST031,Health / Food & Bev,21%,1,6.39%,3,vs. open collab 20%
1732071803240878381,Gynable Myo & D-Chiro Inositol Supplement 40:1 Natural Diet...,,~~~,$24.99-$126.50,"1,000","12,268","18%
vs. open collab 15%",TABOOST031,Health / Food & Bev,16%,1,16%,4,vs. open collab 15%
1732123477195658135,Magnesium Complex 10 Essential Magnesium Supplement 12...,,~~~,$14.98,"1,000","23,991","23%
vs. open collab 20%",TABOOST031,Health / Food & Bev,21%,1,6.39%,4,vs. open collab 20%
1732148042131280304,CareGem Turmeric Curcumin & Milk Thistle Liquid Drops for Li...,,~~~,$12.99,"1,000","13,643","22%
vs. open collab 10%",TABOOST031,Health / Food & Bev,20%,1,20%,4,vs. open collab 10%
1732218158037635612,"EasyCalm Blue, Magnesium KSM-66 Ashwagandha & Blue S...",,~~~,$24.94-$58.37,"1,000","6,659","23%
vs. open collab 20%",TABOOST031,Health / Food & Bev,21%,1,21%,3,vs. open collab 20%
1732220640941544343,HiPlus Men‘s Testosterone Boosters Power Complex Support...,,~~~,$29.98-$39.98,"1,000","8,867","18%
vs. open collab 15%",TABOOST031,Health / Food & Bev,16%,1,6.22%,3,vs. open collab 15%
1732222679919464873,Women’s Daily Sleep Support for Stay-Asleep Relief – Bonafi...,,~~~,$44.99,"1,000",590,"23%
vs. open collab 20%",TABOOST031,Health / Food & Bev,21%,1,21%,2,vs. open collab 20%
1732230951507628082,Liquid Colostrum 12-Pack Starter Kit | Healthy Superfood Vit...,,~~~,$33.44,"1,000","10,474","18%
vs. open collab 15%",TABOOST031,Health / Food & Bev,16%,1,7.11%,4,vs. open collab 15%
1732298104924705344,TruHeight Sleep & Grow Bundle - Complete Growth & Wellnes...,,~~~,$67.50,"1,000","2,485","18%
vs. open collab 15%",TABOOST031,Health / Food & Bev,16%,1,16%,3,vs. open collab 15%
1732322775884010032,"Cholula Variety Pack, 7-Count (Extra Hot, Green Pepper, Chili...",,~~~,$45.00,"1,000","1,706","17%
vs. open collab 14%",TABOOST031,Health / Food & Bev,15%,1,15%,3,vs. open collab 14%
1729388511127834763,SUNNY Olympic Hex Trap Bar with Swivel Handles 400 lbs Ca...,,~~~,$99.99,"1,000","1,862","13%
vs. open collab 8%",TABOOST032,Sports / Pets,11%,1,5.08%,3,vs. open collab 8%
1729537139739497286,"Hikeen Fishing Rod Holders, Fishing Pole Holders for Garage, ...",,~~~,$19.99-$37.99,"1,000","12,319","11%
vs. open collab 8%",TABOOST032,Sports / Pets,"9%
",1,4.09%,4,vs. open collab 8%
1729700878164004929,Golf At Home - No Ball Golf Simulator - Precise Simulation ...,,~~~,$119.00,"1,000","8,548","13%
vs. open collab 10%",TABOOST032,Sports / Pets,11%,1,11%,3,vs. open collab 10%
1730863255781150859,SUNNY Adjustable Decompression Bench Full Body Inversion ...,,~~~,$239.99-$269.99,"1,000","2,047","13%
vs. open collab 8%",TABOOST032,Sports / Pets,11%,1,5.08%,3,vs. open collab 8%
1731019155696095539,GOUNOD Sun Protection UV Garden Arm Sleeves with Thumb...,,~~~,$9.99-$26.99,"1,000","38,518","13%
vs. open collab 10%",TABOOST032,Sports / Pets,11%,1,7.62%,4,vs. open collab 10%
1731177684271403315,"Silicone Patella Knee Strap, Adjustable Patellar Tendon Supp...",,~~~,$9.99-$20.99,"1,000","41,372","13%
vs. open collab 10%",TABOOST032,Sports / Pets,11%,1,7.62%,4,vs. open collab 10%
1731491277454741930,"3D scorpion embossed manual outdoor folding knife, suitable...",,~~~,$14.93,"1,000","6,786","15%
vs. open collab 12%",TABOOST032,Sports / Pets,13%,1,4.33%,3,vs. open collab 12%
1731764942359532080,"SkyBound 600 LBS Tested Foldable Mini Trampoline, 40'' Fitn...",,~~~,$69.99-$86.99,"1,000","7,726","9%
vs. open collab 6%",TABOOST032,Sports / Pets,"7%
",1,4.67%,3,vs. open collab 6%
1731836071135318767,1/2/4 PCS Rechargeable Solar LED Light Bulbs with Waterpro...,,~~~,$8.99-$13.99,"1,000","12,419","18%
vs. open collab 15%",TABOOST032,Sports / Pets,16%,1,4.44%,4,vs. open collab 15%
1731968833762070536,VOLLYC Portable Mini Air Pump for Pool Floats & Air Mattress ...,,~~~,$17.45-$38.99,"1,000","13,460","10%
vs. open collab 7%",TABOOST032,Sports / Pets,"8%
",1,4.00%,4,vs. open collab 7%
1731996702984736907,"SUNNY 330LBS Pull Up Bar Adjustable 28""-38"" No Drill Tools...",,~~~,$39.99,"1,000","8,619","13%
vs. open collab 8%",TABOOST032,Sports / Pets,11%,1,11%,3,vs. open collab 8%
1732052454437458273,Small Knife with Sheath Full Tang 5Cr14MoV Steel Blade for E...,,~~~,$13.99,"1,000","8,619","13%
vs. open collab 11%",TABOOST032,Sports / Pets,11%,1,6.77%,3,vs. open collab 11%
1732164114439639750,"Electric Wheelchair for Adults, Foldable Power Wheelchair wi...",,~~~,$369.99-$379.99,"1,000","1,618","9%
vs. open collab 6%",TABOOST032,Sports / Pets,7%,1,7%,3,vs. open collab 6%
1729389492462523009,Body Safety Wise Box Set I: Four Book Set - Children's Book...,Author K Sanders Diggs,"Books, Magazines & Audio",$20.38-$28.88,"1,000","112,726","18%

Open collab 10% - 15%",TABOOST033,Toys / Books,16%,1,16%,4,vs. open collab 10%-15%
1729442270340355037,"Mom, I Want to - The Gift That is a Keepsake ...",Hear Your Story,"Books, Magazines & Audio",$12.99,"1,000","277,598","19%
vs. open collab 16%",TABOOST033,Toys / Books,17%,1,9.84%,4,vs. open collab 16%
1729482382021531561,200 Soluciones Naturales Para Problemas Cotidianos - Libro ...,,~~~,$39.49,"1,000","2,218","23%
vs. open collab 20%",TABOOST033,Toys / Books,21%,1,21%,3,vs. open collab 20%
1729489636258846472,FUNWEE Electric Automatic Water Blaster - Water Gun with Li...,,~~~,$14.99-$24.99,"1,000","12,949","14%

Open collab 11% - 13%",TABOOST033,Toys / Books,12%,1,3.43%,4,vs. open collab 11%-13%
1729499180439409441,"Skillmatics Snip, Snip - Art & Craft Activity, Practice Scissor S...",,~~~,$16.97-$24.97,"1,000","46,278","18%
vs. open collab 15%",TABOOST033,Toys / Books,16%,1,16%,4,vs. open collab 15%
1729502416433746721,Underwater Seek & Splash Diving Pool Game - Skillmatics Se...,,~~~,$24.97,"1,000","5,400","18%
vs. open collab 15%",TABOOST033,Toys / Books,16%,1,16%,3,vs. open collab 15%
1730292799754769400,"QPAU Inflatable Kids Travel Bed, Toddler Airbed with Sides, ...",,~~~,$39.99,"1,000","1,098","13%
vs. open collab 10%",TABOOST033,Toys / Books,11%,1,11%,3,vs. open collab 10%
1730438898092643320,"QPAU Inflatable Punching Bag, 48 Inch Stable Inflatable Boxi...",,~~~,$18.99,"1,000","30,463","13%
vs. open collab 10%",TABOOST033,Toys / Books,11%,1,11%,4,vs. open collab 10%
1730480792034382732,Emotional Intelligence Book,,~~~,$24.99,"1,000","17,456","15%

Open collab 12% - 20%",TABOOST033,Toys / Books,13%,1,13%,4,vs. open collab 12%-20%
1731023276076340108,"How To Heal Your Inner Child: Overcome Childhood Trauma,...",,~~~,$21.99,"1,000","6,001","15%

Open collab 12% - 20%",TABOOST033,Toys / Books,13%,1,13%,3,vs. open collab 12%-20%
1731362299346325726,hahaland Surprise Barn with Stuffed Farm Animals with Real ...,,~~~,$29.99,"1,000","14,986","12%
vs. open collab 9%",TABOOST033,Toys / Books,10%,1,3.33%,4,vs. open collab 9%
1731591215730102310,The Dry Mix Pantry,,~~~,$33.14,"1,000","18,780","13%
vs. open collab 10%",TABOOST033,Toys / Books,11%,1,11%,4,vs. open collab 10%
1731612231085101197,Shure SM4 Studio Recording XLR Microphone - The Home S...,,~~~,$219.00,"1,000",20,"20%
vs. open collab 17%",TABOOST033,Toys / Books,18%,1,18%,2,vs. open collab 17%
1731937908436078949,Scrambled Dice Word Game for 1-5 Players Brain Exercise Part...,,~~~,$23.99,"1,000","5,927","18%
vs. open collab 15%",TABOOST033,Toys / Books,16%,1,4.44%,3,vs. open collab 15%
1732049092149547704,#Summervibes#DealsForYouDays BABESIDE Lifelike Realistic ...,,~~~,$95.24-$142.49,"1,000",876,"13%
vs. open collab 10%",TABOOST033,Toys / Books,11%,1,11%,2,vs. open collab 10%
1732115239252496525,Shure SM58-LC Professional XLR Dynamic Vocal Microphon...,,~~~,$109.00,"1,000",45,"20%
vs. open collab 17%",TABOOST033,Toys / Books,18%,1,18%,2,vs. open collab 17%
1732191598143247244,Emotional Intelligence + Inner Child Healing Books Self Care ...,,~~~,$31.99,"1,000","4,101","15%

Open collab 12% - 20%",TABOOST033,Toys / Books,13%,1,13%,3,vs. open collab 12%-20%
1729394922965406489,Super Serum,Olay Skin Care,Beauty & Personal Care,$29.99,"1,500","1,564","23%
vs. open collab 10%",TABOOST034,Beauty Potential,21%,1,21%,3,vs. open collab 10%
1729395491557249817,Olay Vitamin C Lightweight Hydrating Moisturizer,,~~~,$39.99,"1,500","1,660","23%
vs. open collab 10%",TABOOST034,Beauty Potential,21%,1,21%,3,vs. open collab 10%
1729395516312228633,Olay Retinol24 Night Moisturizer,Olay Skin Care,Beauty & Personal Care,$39.99,"1,500","6,601","23%
vs. open collab 10%",TABOOST034,Beauty Potential,21%,1,21%,3,vs. open collab 10%
1729400817554395740,Jovan Musk by Jovan for Women - 2 oz Cologne Spray,,~~~,$13.49-$14.72,"1,500","3,481","19%
vs. open collab 16%",TABOOST034,Beauty Potential,17%,1,17%,3,vs. open collab 16%
1729402862856999765,"Auraglow Teeth Whitening Kit, LED Accelerator Light, 35% C...",,~~~,$48.00,"1,500","1,922","78%
vs. open collab 20%",TABOOST034,Beauty Potential,76%,1,76%,3,vs. open collab 20%
1729403815491572316,"Kenneth Cole Black Men,3.4 oz EDT Spray, Men's Fragrance, K...",,~~~,$34.49,"1,500","2,870","13%
vs. open collab 10%",TABOOST034,Beauty Potential,11%,1,11%,3,vs. open collab 10%
1729406467492385561,Regenerist Micro-Sculpting Cream Moisturizer,Olay Skin Care,Beauty & Personal Care,$13.32-$36.65,"1,500","2,174","23%
vs. open collab 10%",TABOOST034,Beauty Potential,21%,1,21%,3,vs. open collab 10%
1729413684392464988,"Bella Blanca by Oscar de la Renta Women’s 3-Pc Gift Set, Ea...",,~~~,$29.49-$48.99,"1,500","2,077","8%
vs. open collab 5%",TABOOST034,Beauty Potential,6%,1,6%,3,vs. open collab 5%
1729414674760700508,"Al Haramain Amber Oud Gold Edition Unisex EDP Spray 4 oz,...",,~~~,$52.49-$60.99,"1,500","6,625","18%
vs. open collab 15%",TABOOST034,Beauty Potential,16%,1,16%,3,vs. open collab 15%
1729435721228718851,Anti-Thinning 14oz Shampoo & Conditioner ...,Routine Wellness,Beauty & Personal Care,$39.99,"1,500","19,617","18%
vs. open collab 15%",TABOOST034,Beauty Potential,16%,1,7.11%,4,vs. open collab 15%
1729467241557889173,Nécessaire - The Body Retinol. Retinol Repair Serum + Retin...,,~~~,$65.00,"1,500","2,144","18%
vs. open collab 15%",TABOOST034,Beauty Potential,16%,1,16%,3,vs. open collab 15%
1729469665180947102,Pure Cold Pressed Castor Oil - Big 32 fl oz Bottle - Unrefined...,,~~~,$24.95-$83.95,"1,500","1,897","18%
vs. open collab 15%",TABOOST034,Beauty Potential,16%,1,16%,3,vs. open collab 15%
1729488498705078177,Cupids Hypnosis 3.0 Pheromone Cologne for Men - 50ml (1.7...,,~~~,$49.18,"1,500","2,648","23%
vs. open collab 20%",TABOOST034,Beauty Potential,21%,1,6.39%,3,vs. open collab 20%
1729655401876722593,Cupids Hypnosis 2.0 Pheromone Cologne for Men - 50ml (1.7...,,~~~,$39.58,"1,500","11,852","28%
vs. open collab 25%",TABOOST034,Beauty Potential,26%,1,7.43%,4,vs. open collab 25%
1730827049613497113,Regenerist Micro-Sculpting Cream Moisturizer Fragrance Free,Olay Skin Care,Beauty & Personal Care,$27.49,"1,500","3,204","23%
vs. open collab 10%",TABOOST034,Beauty Potential,21%,1,21%,3,vs. open collab 10%
1731178950146756645,T3 MICRO SinglePass Curl X Extra-Long Barrel Curling Iron | 1...,,~~~,$135.99,"1,500","2,316","12%
vs. open collab 9%",TABOOST034,Beauty Potential,10%,1,4.17%,3,vs. open collab 9%
1731636264011469737,Laura Mercier Translucent Hydrating Setting Spray Ultra-Blur ...,,~~~,$39.00,"1,500","3,865","19%
vs. open collab 18%",TABOOST034,Beauty Potential,17%,1,17%,3,vs. open collab 18%
1731694740346278624,Golden Eye Speckles,,~~~,$15.99,"1,500","1,730","23%
vs. open collab 20%",TABOOST034,Beauty Potential,21%,1,21%,3,vs. open collab 20%
1731799585743278916,MakeUp Eraser Cloud Clean Eco Towels 30ct - Biodegradabl...,,~~~,$7.60,"1,500","1,579","23%
vs. open collab 20%",TABOOST034,Beauty Potential,21%,1,21%,3,vs. open collab 20%
1732051464462963456,Aussie Ultra Wonder Daily Mist Lightweight Multi-Use Detang...,,~~~,$12.99,"1,500","1,681","33%
vs. open collab 20%",TABOOST034,Beauty Potential,31%,1,31%,3,vs. open collab 20%
1732071515276481305,Complete Lotion Moisturizer Sensitive SPF 15 4oz,,~~~,$14.65,"1,500","2,071","33%
vs. open collab 15%",TABOOST034,Beauty Potential,31%,1,31%,3,vs. open collab 15%
1732076834975486745,Regenerist Eye Wrinkle Correcting Treatment,,~~~,$34.99,"1,500","1,740","38%
vs. open collab 15%",TABOOST034,Beauty Potential,36%,1,36%,3,vs. open collab 15%
1732283642673205644,NATIVE Aluminum-Free Deodorant Stick Discovery Set – 3-P...,,~~~,$31.50,"1,500","3,890","28%
vs. open collab 7.5%",TABOOST034,Beauty Potential,26%,1,26%,3,vs. open collab 7.5%
1729428881754460958,The Plug Liver Cleanse Detox & Repair Drink - Plant Based He...,,~~~,$34.92-$117.16,"1,500","4,239","30%
vs. open collab 20%",TABOOST035,Misc Potential,28%,1,8.40%,3,vs. open collab 20%
1729444108518396338,FORIOUS Waterfall Kitchen Faucet with Pull Down Sprayer 1 ...,,~~~,$48.99-$49.00,"1,500","1,507","12%
vs. open collab 9%",TABOOST035,Misc Potential,10%,1,3.33%,3,vs. open collab 9%
1729455182392692843,ComfiLife | Ergo-Gel Travel Seat Cushion - Compact and Folda...,,~~~,$29.95,"1,500","3,314","18%
vs. open collab 15%",TABOOST035,Misc Potential,16%,1,4.44%,3,vs. open collab 15%
1729456649726300594,FORIOUS High-Arc Durable Steel Water-Saving Modern Kitch...,,~~~,$48.98-$62.00,"1,500","1,951","12%
vs. open collab 9%",TABOOST035,Misc Potential,10%,1,3.33%,3,vs. open collab 9%
1729548144728904664,goodr Amelia Earhart Ghosted Me Large Size (Mach G) Trans...,,~~~,$34.00,"1,500","17,633","13%
vs. open collab 10%",TABOOST035,Misc Potential,11%,1,11%,4,vs. open collab 10%
1729548150748910552,goodr Approaching Cult Status Medium Size (Pop G) Solid Pi...,,~~~,$30.00,"1,500","1,318","13%
vs. open collab 10%",TABOOST035,Misc Potential,11%,1,11%,3,vs. open collab 10%
1729548151105229784,goodr Add the Chrome Package Large Size (Mach G) Solid Bl...,,~~~,$34.00,"1,500","10,067","13%
vs. open collab 10%",TABOOST035,Misc Potential,11%,1,11%,4,vs. open collab 10%
1729548151295808472,goodr Going To Valhalla...Witness! Medium Size (OG) Translu...,,~~~,$30.00,"1,500","1,657","13%
vs. open collab 10%",TABOOST035,Misc Potential,11%,1,11%,3,vs. open collab 10%
1729548153020650456,goodr Vanguard Visionary Medium Size (Pop G) Translucent ...,,~~~,$30.00,"1,500","5,839","13%
vs. open collab 10%",TABOOST035,Misc Potential,11%,1,11%,3,vs. open collab 10%
1729548156266714072,goodr Bosley's Basset Hound Dreams Medium Size (OG) Tran...,,~~~,$25.50,"1,500","2,514","13%
vs. open collab 12%",TABOOST035,Misc Potential,11%,1,11%,3,vs. open collab 12%
1729553368594748376,goodr New Wave Renegade Medium Size (Pop G) Solid Black ...,,~~~,$30.00,"1,500","3,913","13%
vs. open collab 10%",TABOOST035,Misc Potential,11%,1,11%,3,vs. open collab 10%
1729599363372257473,Daily Deworm + Gut Support,,~~~,$26.40-$67.10,"1,500","6,636","18%
vs. open collab 15%",TABOOST035,Misc Potential,16%,1,16%,3,vs. open collab 15%
1729686358839038059,ComfiLife Orthopedic Knee & Leg Pillow - 100% Durable Me...,,~~~,$24.95,"1,500","3,184","18%
vs. open collab 15%",TABOOST035,Misc Potential,16%,1,4.44%,3,vs. open collab 15%
1729700590193643689,Earth Rated | 3-in-1 Curly & Wavy Coated Dog & Puppy Sha...,,~~~,$17.82,"1,500","2,280","18%
vs. open collab 15%",TABOOST035,Misc Potential,16%,1,4.44%,3,vs. open collab 15%
1729943978838429865,Earth Rated | No-Rinse Dog Shampoo 7 oz - White Tea & Ba...,,~~~,$10.18,"1,500","6,763","18%
vs. open collab 15%",TABOOST035,Misc Potential,16%,1,4.44%,3,vs. open collab 15%
1729943993417371817,"Earth Rated | Dog Poop Bag Dispenser with Dog Poop Bags, ...",,~~~,$34.08,"1,500","14,651","18%
vs. open collab 15%",TABOOST035,Misc Potential,16%,1,4.44%,4,vs. open collab 15%
1730594628323020969,"Earth Rated | 3-in-1 Pet Grooming Wipes for Dogs & Cats, Cl...",,~~~,$32.23,"1,500","8,296","18%
vs. open collab 15%",TABOOST035,Misc Potential,16%,1,4.44%,3,vs. open collab 15%
1730594628323217577,Earth Rated | Hypoallergenic Dog Wipes for Gentle Cleaning o...,,~~~,$35.68,"1,500","2,876","18%
vs. open collab 15%",TABOOST035,Misc Potential,16%,1,4.44%,3,vs. open collab 15%
1730594631698583721,"Earth Rated | Dog Poop Bags Value Pack, Leak-Proof and Ext...",,~~~,$23.02,"1,500","4,050","18%
vs. open collab 15%",TABOOST035,Misc Potential,16%,1,4.44%,3,vs. open collab 15%
1730595986432299172,SURVIVEX Wound Closure Kit - Non-Invasive Skin Healing Sol...,,~~~,$31.15-$106.80,"1,500","12,848","18%
vs. open collab 15%",TABOOST035,Misc Potential,16%,1,16%,4,vs. open collab 15%
1730927662570574829,New Chapter Zyflamend Herbal Pain Relief+ & Joint Supplem...,,~~~,$34.00-$68.00,"1,500","4,352","18%
vs. open collab 20%",TABOOST035,Misc Potential,16%,1,16%,3,vs. open collab 20%
1731033917468741877,【Father 's Day Gift】AUXITO 7443 7440 3157 LED Bulb for ...,,~~~,$17.99-$20.99,"1,500","1,408","11%
vs. open collab 8%",TABOOST035,Misc Potential,"9%
",1,3.27%,3,vs. open collab 8%
1731082262186397809,World Tech Toys 1:10 RTR Electric RC Car – Officially License...,,~~~,$59.95,"1,500","1,472","15%
vs. open collab 12%",TABOOST035,Misc Potential,13%,1,6.93%,3,vs. open collab 12%
1731089422184714353,Big Head Remote Control Flying Helicopter Figures – Spider-...,,~~~,$19.95,"1,500","1,716","15%
vs. open collab 12%",TABOOST035,Misc Potential,13%,1,6.93%,3,vs. open collab 12%
1731105138671653577,"Rocco & Roxie Stain & Odor Eliminator for Strong Odor, 32oz...",,~~~,$23.97-$59.99,"1,500","1,911","23%
vs. open collab 20%",TABOOST035,Misc Potential,21%,1,21%,3,vs. open collab 20%
1731140628282249299,Leatherman Signal 19-in-1 Multi-Tool – Outdoor Survival EDC,,~~~,$149.95,"1,500","1,580","13%
vs. open collab 10%",TABOOST035,Misc Potential,11%,1,11%,3,vs. open collab 10%
1731168732690027480,goodr Purple's Midlife Crisis Large Size (Mach G) Translucent ...,,~~~,$40.00,"1,500","3,859","13%
vs. open collab 10%",TABOOST035,Misc Potential,11%,1,11%,3,vs. open collab 10%
1731175873321865329,World Tech Toys Licensed RC Flying Figure Helicopter 2CH – I...,,~~~,$39.99-$149.99,"1,500","27,572","15%
vs. open collab 10%",TABOOST035,Misc Potential,13%,1,6.93%,4,vs. open collab 10%
1731176397038522481,"Marvel Spider-Man, Spidey and His Amazing Friends, NASCA...",,~~~,$49.95-$59.99,"1,500","13,647","15%
vs. open collab 10%",TABOOST035,Misc Potential,13%,1,6.93%,4,vs. open collab 10%
1731321039753810765,Weider Prime Testosterone Support - Men's Nutrition - Enrich...,,~~~,$19.53,"1,500","3,094","23%
vs. open collab 20%",TABOOST035,Misc Potential,21%,1,21%,3,vs. open collab 20%
1731325234641997937,Ford Mustang GT & Ford Mustang Shelby 1:14 Electric RC Car...,,~~~,$39.95,"1,500","4,156","15%
vs. open collab 12%",TABOOST035,Misc Potential,13%,1,6.93%,3,vs. open collab 12%
1731393332200050886,Liquid Chlorophyll Supplement | 1500 mg | 30 Days Supply | Pr...,,~~~,$19.95-$53.87,"1,500","16,260","23%
vs. open collab 20%",TABOOST035,Misc Potential,21%,1,7.30%,4,vs. open collab 20%
1731575675769163883,"ComfiLife Gel-Enhanced Memory Foam Seat Cushion, Ergono...",,~~~,$41.00,"1,500","1,372","18%
vs. open collab 15%",TABOOST035,Misc Potential,16%,1,4.44%,3,vs. open collab 15%
1731603800884088945,Officially Licensed Marvel & Transformers Wooden Electronic ...,,~~~,$49.95,"1,500","16,968","13%
vs. open collab 10%",TABOOST035,Misc Potential,11%,1,6.77%,4,vs. open collab 10%
1731739658644197489,"Disney Wooden Electronic Air Hockey Table: Mickey Mouse, ...",,~~~,$49.95,"1,500","13,913","13%
vs. open collab 10%",TABOOST035,Misc Potential,11%,1,6.77%,4,vs. open collab 10%
1731818021349724430,"GURU ZERO SUGAR Organic Energy Drinks Variety Pack, Clea...",,~~~,$26.99,"1,500","7,160","20%
vs. open collab 14%",TABOOST035,Misc Potential,18%,1,9.00%,3,vs. open collab 14%
1731879281782264170,"Youtheory Collagen Liquid - 5,000 mg - For Hair Growth, Skin...",,~~~,$20.99,"1,500","21,340","28%

Open collab 20% - 25%",TABOOST035,Misc Potential,26%,1,26%,4,vs. open collab 20%-25%
1731879394481377642,"Youtheory Vitamin B12 B6, Daily Energy and Brain Support S...",,~~~,$20.99,"1,500","2,483","28%

Open collab 20% - 25%",TABOOST035,Misc Potential,26%,1,13.93%,3,vs. open collab 20%-25%
1731880481009209513,Earth Rated | Max Absorbency Puppy Pee Pads for Dogs Abs...,,~~~,$27.54-$49.79,"1,500","3,379","18%
vs. open collab 15%",TABOOST035,Misc Potential,16%,1,4.44%,3,vs. open collab 15%
1731939271296455395,"bleu Women's High-Waist Wide Leg Jeans, Super Stretch Vint...",,~~~,$79.98,"1,500","1,664","11%
vs. open collab 8%",TABOOST035,Misc Potential,"9%
",1,4.91%,3,vs. open collab 8%
1731957437599551601,World Tech Toys Mini Tabletop Pinball Toy – Spidey and His A...,,~~~,$14.94-$19.95,"1,500","9,458","15%
vs. open collab 12%",TABOOST035,Misc Potential,13%,1,6.93%,3,vs. open collab 12%
1731983366678483057,"Tabletop Bowling Play Set - Spidey & his Amazing Friends, Di...",,~~~,$39.99,"1,500","1,909","15%
vs. open collab 12%",TABOOST035,Misc Potential,13%,1,6.93%,3,vs. open collab 12%
1732247869033713713,Barimelts - HMB Muscle Shield™ Muscle Recovery Suppleme...,,~~~,$29.99,"1,500","3,763","23%
vs. open collab 20%",TABOOST035,Misc Potential,21%,1,9.13%,3,vs. open collab 20%
1732275973623485305,"Quiksilver | Mercury Gravity 21"" Boardshorts | Men's SURFSIL...",,~~~,$69.00,"1,500","1,485","15%
vs. open collab 12%",TABOOST035,Misc Potential,13%,1,5.20%,3,vs. open collab 12%
1729401500590182705,"Women's Ditsy Floral Print Backless Sleeveless Cami Spaghetti Strap Dress, Floral Design Dress, Boho Style Maxi Dress for Summer Holiday Vacation Party, Ladies Dress for Beach, Summer Outfits, Casual Wear, Casual Boho Chic, Bohemian Style Dresses",,~~~,$11.54,100,"36,350","13%
vs. open collab 8%",TABOOST036,Trendy Fashion GS,11%,1,,5,vs. open collab 8%
1729483461905257529,"Women's Two-Piece Bikini Swimsuit Set, Floral Print Swimsuits, Printed Bikini, Beach Bikinis, Vacation Beachwear, Comfortable Fit, Sexy Tie-Neck Ditsy Floral Stripe Design, Ideal for Pool Parties, Swimsuit Summer, Bikini Sets",,~~~,$11.89,100,"10,252","13%
vs. open collab 8%",TABOOST036,Trendy Fashion GS,11%,1,,5,vs. open collab 8%
1729488277258802652,"New Two-Piece Bikini Set, Summer Beach Swimwear Bikini, Retro Vibrant Color Striped Swimsuit, Sexy Triangle Top & Low Waist Shorts, Perfect for Beach & Casual Scenery",,~~~,$11.76,100,"6,993","13%
vs. open collab 8%",TABOOST036,Trendy Fashion GS,11%,1,,4,vs. open collab 8%
1729494773677856681,"Women's Seamless High Stretch Knit Halter Sporty Jumpsuit Tight Fit Nine-Quarter Pants, Back Cross Shoulder Straps, Outdoor Cycling Gym Yoga Daily Wear Sports Jumpsuits Workout Jumpsuits Sportswear Jumpsuit",,~~~,$8.62-$9.87,100,"13,248","13%
vs. open collab 8%",TABOOST036,Trendy Fashion GS,11%,1,,5,vs. open collab 8%
1729544964146303843,"Women's High-Waisted Sporty Short Skirt, Slim-Fitting Yoga Fitness Dress, Soft Stretchable, All-Seasons, Perfect for Daily Wear & Dates, Skirts With Shorts Underneath, Workout Skirts",,~~~,$9.83-$12.05,100,"14,381","13%
vs. open collab 8%",TABOOST036,Trendy Fashion GS,11%,1,,5,vs. open collab 8%
1729563742543253944,"Women's Solid Backless Ruched Knitted Crop Cami Top, Casual Adjustable Spaghetti Strap Sleeveless Top for Summer, Women's Clothing for Beach Holiday",,~~~,$7.97-$21.58,100,"16,646","13%
vs. open collab 8%",TABOOST036,Trendy Fashion GS,11%,1,,5,vs. open collab 8%
1729568341316702519,"Women's Plain Button Front Ribbed Crop Tank Top, Casual Chic Sleeveless Round Neck Top for Daily Wear, Ladies Clothes for All Seasons Womenswear, Casual Everyday Top Crop Tops",,~~~,$11.57,100,"47,588","13%
vs. open collab 8%",TABOOST036,Trendy Fashion GS,11%,1,,5,vs. open collab 8%
1729587171291795994,"Women's Sporty Wrap Dress, Slim-Fitting Sleeveless Design, Quick-Dry Soft Fabric, Above-The-Knee Length, yoga & Golf dress",,~~~,$14.21,100,"43,935","13%
vs. open collab 8%",TABOOST036,Trendy Fashion GS,11%,1,,5,vs. open collab 8%
1729595068919418943,"Women's Plain Ruched Tie Back Halter Dress, Casual Chic Sleeveless A Line Short Dress for Summer, Ladies Clothes for Daily Wear",,~~~,$11.93,100,"36,383","13%
vs. open collab 8%",TABOOST036,Trendy Fashion GS,11%,1,,5,vs. open collab 8%
1729664259608515243,"Women's Plain Twist Ruched Cut Out Tank Dress, Sexy U-Neck Sleeveless Fitted Formal Wear Elegant Evening Gown Maxi Dress for Evening, Party, Club & Dating, Ladies' Clothes for All Seasons",,~~~,$21.51,100,"14,106","13%
vs. open collab 8%",TABOOST036,Trendy Fashion GS,11%,1,,5,vs. open collab 8%
1730254078693053421,"360° Rotatable Adjustable Selfie Stick Tripod, Rechargeable Smart Face Tracking Tripod with 2 Fill Lights, Auto Face Tracking Phone Holder for Vlog, Live Streaming, Remote Tripod",,~~~,$22.56,100,"44,168","13%
vs. open collab 8%",TABOOST036,Trendy Fashion GS,11%,1,,5,vs. open collab 8%
1730255908420358449,"Women's Solid Color Plunge Neck Crop Top & Ruched Skirt Two-piece Set, Matching Clothing Set, Sleeveless Halter Neck Top & Bodycon Skirt, Ladies Summer Clothes for Party and Holiday, Summer Beachwear Set, Summer Sets, Going Out Sets, Womenswear",Hawthaw Women Apparel,Womenswear & Underwear,$18.21-$24.76,100,"44,637","13%
vs. open collab 8%",TABOOST036,Trendy Fashion GS,11%,1,,5,vs. open collab 8%
1730346143462887864,"Women's Solid Halter Neck Sleeveless Crop Top & Long Skirt Two-piece Set, Summer Sets, Casual Fashion Cozy Two Piece Outfits for Daily Outdoor Wear, Ladies Clothes for Summer, Womenswear",,~~~,$24.19,100,"14,647","13%
vs. open collab 8%",TABOOST036,Trendy Fashion GS,11%,1,,5,vs. open collab 8%
1730476395970007431,"Elegant Romantic Evening Dress for Women, Slim-Fitting Sweet Lace Mesh, Medium Stretch, Summer Lightweight, Extra Long Dress",XZPUZ WOMEN CLOTHING ONLINE BO,Womenswear & Underwear,$12.44-$16.87,100,"18,949","13%
vs. open collab 8%",TABOOST036,Trendy Fashion GS,11%,1,,5,vs. open collab 8%
1730505789970878933,"Women's Basic Solid Color Modal Loungewear Nightwear Set, Casual Comfy Round-Neck Short-Sleeve Top & High-Waist Shorts PJ Set, Ladies' Sleepwear for All Seasons, Casual Pajamas, Minimalist Loungewear, Lounge Pjs Set, Womenswear",,~~~,$14.22,100,"23,013","13%
vs. open collab 8%",TABOOST036,Trendy Fashion GS,11%,1,,5,vs. open collab 8%
1730589126384587571,"Men's vintage washed loose straight-leg jeans, casual four-season street style, zipper fly, plain pattern, Pocket, daily wear denim pants. If you prefer a looser fit, order one size larger.",,~~~,$22.48-$25.90,100,"36,032","13%
vs. open collab 8%",TABOOST036,Trendy Fashion GS,11%,1,,5,vs. open collab 8%
1730834353272426887,"Women's Plain Contrast Lace Off Shoulder Dress, Elegant Formal Style Chic Long Sleeve Dress for Party Holiday Wedding Guest Formal Wear, Ladies Clothes for All Seasons, Fit",,~~~,$42.82,100,"13,575","13%
vs. open collab 8%",TABOOST036,Trendy Fashion GS,11%,1,,5,vs. open collab 8%
1730855241666236462,"Women's Ditsy Floral Print Ruffled Skirt, Boho Casual Fit A Line Maxi Long Skirt for Beach Holiday Vacation, Ladies Summer Clothes, Womenswear, Bohemian Summer Skirts",,~~~,$15.83-$16.04,100,"10,627","13%
vs. open collab 8%",TABOOST036,Trendy Fashion GS,11%,1,,5,vs. open collab 8%
1730916193149948494,"Women's Plain Dress, Elegant Sleeveless Short Dress for Party Club Dating Formal Wear, Ladies Clothes",,~~~,$17.13,100,"13,849","13%
vs. open collab 8%",TABOOST036,Trendy Fashion GS,11%,1,,5,vs. open collab 8%
1730994124004692382,"Women's Solid Color Stiletto Heeled Sandals, Elegant Fashionable High Heel Sandals for Party, Daily Clothing Decor for Women & Girls, Footwear",,~~~,$19.68-$24.01,100,"13,132","13%
vs. open collab 8%",TABOOST036,Trendy Fashion GS,11%,1,,5,vs. open collab 8%
1731021626814468969,"Men's Solid Color Plain Denim Shorts, Regular Fit Classic Casual Streetwear Comfy Fashion Basic Shorts for Daily Wear, Men's Bottoms Menswear for All Seasons",,~~~,$16.22-$24.06,100,"11,253","13%
vs. open collab 8%",TABOOST036,Trendy Fashion GS,11%,1,,5,vs. open collab 8%
1731077397137691064,"Women's Plain Split Thigh Tube Dress with Scarf, Elegant Strapless Dress for Party Club Beach Vacation, Ladies Clothes for All Seasons",,~~~,$23.69,100,"13,771","13%
vs. open collab 8%",TABOOST036,Trendy Fashion GS,11%,1,,5,vs. open collab 8%
1731172880999683011,"Women's Quick-Dry Sports Tank Top, Casual High-Waisted Bell Bottoms, Comfortable Sporty, All-Season Plain Style",,~~~,$30.40-$33.22,100,"17,523","13%
vs. open collab 8%",TABOOST036,Trendy Fashion GS,11%,1,,5,vs. open collab 8%
1731180402442277182,"Women's Fitted Basic Solid-Color Sleeveless Tank Top & Skirt Matching Two-Piece Set, Elegant Casual Cozy Outfit for Daily Outdoor Wear, Perfect for Spring and Fall, Womenswear, Clothes",,~~~,$14.07-$20.60,100,"36,092","13%
vs. open collab 8%",TABOOST036,Trendy Fashion GS,11%,1,,5,vs. open collab 8%
1731187473053552689,"Women's Solid Color Shirt Collar Button Front Dress, Casual Short Sleeve Curved Hem Dress for Daily Wear, Ladies Clothes for Spring & Fall",,~~~,$17.73,100,"7,108","13%
vs. open collab 8%",TABOOST036,Trendy Fashion GS,11%,1,,4,vs. open collab 8%
1731202921961787612,"Seamless Workout Sets for Women, Halter Tank Top & Gym Scrunched Shorts Sports Set, Sporty Breathable Quick Drying Outfits for Yoga Gym Workout Running, Ladies Sportswear for Summer",,~~~,$19.43-$29.04,100,"51,979","13%
vs. open collab 8%",TABOOST036,Trendy Fashion GS,11%,1,,5,vs. open collab 8%
1731242825598800092,"Two-Piece Set Women's Solid Seamless Crop Tank Top & High Waist Leggings Tracksuit Set Gym Sets, Breathable Comfortable Outfits for Yoga Gym Workout Running, Ladies Sportswear for All Seasons, Fitness Clothing, Fitness Clothes, Exercise Clothing Set",,~~~,$24.95-$29.11,100,"10,836","13%
vs. open collab 8%",TABOOST036,Trendy Fashion GS,11%,1,,5,vs. open collab 8%
1731293175489008142,"Men's Sporty Glasses, Active Eyewear, Trendy Casual Wraparound Frame Glasses for Everyday Use, Summer Sports Glasses, Fashion Accessories for Outdoor Activities, Lightweight Sports Sunglasses",,~~~,$11.72,100,"10,785","13%
vs. open collab 8%",TABOOST036,Trendy Fashion GS,11%,1,,5,vs. open collab 8%
1731334502706942064,"New Women's Sporty Yoga Set, High-Waist Tight-Fitting Shorts and Tank Top, Summer Fitness for Running and Gym",,~~~,$12.41-$39.81,100,"86,085","13%
vs. open collab 8%",TABOOST036,Trendy Fashion GS,11%,1,,5,vs. open collab 8%
1731474823556141530,"Women's Knitted Soft Round Neck Drop Shoulder Sleeve T-Shirt, Fashion Aesthetic Casual Asymmetrical Criss Cross Back Tie Top, Spring, Summer & Fall Wear, Womenswear Knitwear",,~~~,$9.52-$12.07,100,"63,313","13%
vs. open collab 8%",TABOOST036,Trendy Fashion GS,11%,1,,5,vs. open collab 8%
1731587443170251178,"Deep Gym Shorts with Side Stripes, Breathable Quick-Dry Casual Running Gym Wear, Breathable Workout Shorts, Casual Fitness Shorts, Simple Versatile Design for Men & Women",,~~~,$7.31-$8.31,100,"18,563","13%
vs. open collab 8%",TABOOST036,Trendy Fashion GS,11%,1,,5,vs. open collab 8%
1731669024259674278,"Small Satchel Bag, Casual Flip Cover Clutch for Shopping & Commuting, Crossbody Shoulder Bag, Classic Flap Shoulder, Fashion Bags",,~~~,$9.49-$19.85,100,"9,346","13%
vs. open collab 8%",TABOOST036,Trendy Fashion GS,11%,1,,4,vs. open collab 8%
1731676735379050936,Women Summer Sexy Halter Sleeveless Backless Party Club Bodycon Mini Dress,,~~~,$14.02,100,"5,315","13%
vs. open collab 8%",TABOOST036,Trendy Fashion GS,11%,1,,4,vs. open collab 8%
1731899640523821919,"Women's Casual Loose-Fit High Waist Wide Leg Pants, All-Season Woven Fabric, Long Plain Design, Daily Commute & Vacation Wear",,~~~,$24.93,100,"45,378","13%
vs. open collab 8%",TABOOST036,Trendy Fashion GS,11%,1,,5,vs. open collab 8%
1732004802213286438,"Women's Long Coffee Color Dress, Casual Fitted Style, Large Round Neck Short Sleeve Pocket Sleepwear, Soft Fabric All Seasons Wear",,~~~,$14.76-$14.91,100,"36,430","13%
vs. open collab 8%",TABOOST036,Trendy Fashion GS,11%,1,,5,vs. open collab 8%
1732076557935350065,"Women's Summer Outfit, Solid Sleeveless Tie-neck Cami Top & Bodycon Side Split Irregular Hem Long Skirt Two-piece Set, Sexy Backless Halter Neck Lace-up Camisole Crop Tank Tops with Slit Ruffles Skirts Suit, Ladies Party Club Date Holiday Casual Outfits",,~~~,$12.91,100,"6,550","13%
vs. open collab 8%",TABOOST036,Trendy Fashion GS,11%,1,,4,vs. open collab 8%
1732098338295485006,"Women's Fashion Animal Print Shawl Top + Trendy Short Skirt Set, Spring & Fall Lightweight Comfortable Casual Wear, Perfect for Daily Home Outdoor Womenswear Clothes",,~~~,$12.23,100,"40,415","13%
vs. open collab 8%",TABOOST036,Trendy Fashion GS,11%,1,,5,vs. open collab 8%
1732108537501815004,"Y2K Loose-Fitting Denim Medium Wash Button Shorts for Women, Retro Style Casual Bermuda Shorts, Summer Essential Fashion Streetwear, Womenswear, Bottom, Casual Fashionable Shorts",,~~~,$23.21,100,"7,495","13%
vs. open collab 8%",TABOOST036,Trendy Fashion GS,11%,1,,4,vs. open collab 8%
1732135820754391951,"Women's Casual Knitted Striped Backless Short Sleeve Top with Elastic Waist Shorts, Perfect for Vacation Wear, Matching 2 Piece Set, Clothes",,~~~,$16.03,100,"6,171","13%
vs. open collab 8%",TABOOST036,Trendy Fashion GS,11%,1,,4,vs. open collab 8%
1732136000632295692,"Women's Casual Fashion Sleeveless Short Dress, Perfect for Daily Wear, Ladies' Comfortable and Stylish Summer Clothing",,~~~,$20.07,100,"9,749","13%
vs. open collab 8%",TABOOST036,Trendy Fashion GS,11%,1,,4,vs. open collab 8%
1732148037989470682,"Women's New Fashion Comfortable Versatile Casual Deep V Neck Halter Striped Knit Romper Vest Jumpsuit Shorts Set, Stylish All-Season Wear, Womenswear",,~~~,$8.30-$11.91,100,"22,047","13%
vs. open collab 8%",TABOOST036,Trendy Fashion GS,11%,1,,5,vs. open collab 8%
1732149452154311660,"Women's Fashion Tankini Set, Tankini Swimsuits Women, Tankini Swimwear Solid-Color Floral Lace Sexy Tankini Top Bottoms Two-Piece Swimsuit, Perfect for Beach Vacations and Pool Parties",,~~~,$15.98,100,"7,292","13%
vs. open collab 8%",TABOOST036,Trendy Fashion GS,11%,1,,4,vs. open collab 8%
1732153516946067932,"New Two-Piece Set, French Vintage Style Bikini, Halter Top & Low Waist Shorts, Sexy Retro Design, Perfect for Vacation or Beachwear",,~~~,$13.98,100,"18,022","13%
vs. open collab 8%",TABOOST036,Trendy Fashion GS,11%,1,,5,vs. open collab 8%
1732153973628833955,"Women's Casual Summer Two-Piece Set, Breathable Knitted Sweater Top and Shorts Beachwear, Holiday Clothing, Ladies' Fashion Outfit Ensemble Slim, Basic, Matching",,~~~,$21.38,100,"7,581","13%
vs. open collab 8%",TABOOST036,Trendy Fashion GS,11%,1,,4,vs. open collab 8%
1732174576458895403,"Sexy Backless Halter Top Set for Women, Seamless Tight-Fitting Shorts, Casual Yoga Running Pilates, Comfortable Daily Wear, Sports Casual Wear, Activewear Workout Set, Seamless Yoga Outfits",,~~~,$20.28,100,"6,865","13%
vs. open collab 8%",TABOOST036,Trendy Fashion GS,11%,1,,4,vs. open collab 8%
1732180721823158836,"Stylish Women's High Heeled Shoes, Slingback Stiletto Heels, Minimalist Slingback Pumps, European Style Patent Leather, Elegant Party Shoes Hollow Side Design, Classy Fashion Slimming Look, Exquisite Heels for Parties and Events",,~~~,$33.36,100,"8,433","13%
vs. open collab 8%",TABOOST036,Trendy Fashion GS,11%,1,,4,vs. open collab 8%
1732187881328251637,"Women's Simple Solid Backless Halter One-Piece Jumpsuit, Elegant Ruffle Design, Perfect for Casual Wear, All Seasons Fashion, Outfit",,~~~,$14.41,100,"16,472","13%
vs. open collab 8%",TABOOST036,Trendy Fashion GS,11%,1,,5,vs. open collab 8%
1732218302530491261,"New Women's Backless Strap Dress, Loose Fit Homewear, Sexy Sleepwear, Beach Cover-Up, Multiple Colors & Sizes Available",,~~~,$12.35,100,"21,780","13%
vs. open collab 8%",TABOOST036,Trendy Fashion GS,11%,1,,5,vs. open collab 8%
1732227985172828427,"Women's Striped/diamond Dot Cloud Handbag, Clip-Top Crossbody Bag, Lightweight Foldable for Daily Use, Party, Travel, Gift Idea",,~~~,$9.64-$14.33,100,"6,571","13%
vs. open collab 8%",TABOOST036,Trendy Fashion GS,11%,1,,4,vs. open collab 8%
1732236309370606382,"Women's Asymmetric Neckline Ruched Crop Top, Trendy Womenswear Mesh Top for Club, Date Night & Vacation",,~~~,$11.76-$14.42,100,"19,508","13%
vs. open collab 8%",TABOOST036,Trendy Fashion GS,11%,1,,5,vs. open collab 8%
1732286763402563671,2 Spring Summer Stripe Print 2 Piece Outfit Women Clothes | Oversized T-Shirt + Drawstring Shorts | Soft Casual Knit Lounge Set | Y2K Clean Girl Style for Daily Home Vacation Wear,,~~~,$22.18-$22.70,100,"10,017","13%
vs. open collab 8%",TABOOST036,Trendy Fashion GS,11%,1,,5,vs. open collab 8%
1732296156486537412,"Summer Women's Slimming Sexy Colorblock Striped Knit Dress, Casual Fashion Long Sleeve Round Neck Design, Perfect for Daily Wear, Womenswear, Bodycon Fit Striped Dress",,~~~,$17.46,100,"5,599","13%
vs. open collab 8%",TABOOST036,Trendy Fashion GS,11%,1,,4,vs. open collab 8%
1732300375015329849,"Women's Three-Piece Swimsuit Set, Sexy Polka Dot Triangle Bikini, High Cut Slim-Fitting, Perfect for Beach and Pool Parties, Fitted Triangle Swimwear",,~~~,$15.11,100,"5,400","13%
vs. open collab 8%",TABOOST036,Trendy Fashion GS,11%,1,,4,vs. open collab 8%
1732302325047333776,"Striped Tankini Swimsuit, Elegant Sexy Halter Crop Top & Boyshorts, Women Sporty Swimwear for Beach Pool Vacation, Spring and Summer, Striped Swimsuits, Sporty Bathing Suit",,~~~,$17.07,100,"10,831","13%
vs. open collab 8%",TABOOST036,Trendy Fashion GS,11%,1,,5,vs. open collab 8%
1732313618323050648,"Women's Sleeveless Halter Top & Pleated Skirt Set, Casual Summer, Elegant Comfortable Daily Wear, Stylish Women's Clothing",,~~~,$19.34-$21.51,100,"6,717","13%
vs. open collab 8%",TABOOST036,Trendy Fashion GS,11%,1,,4,vs. open collab 8%
1732353486527238978,"Aliling Women's Summer Casual Basic Solid Color High-Waisted Wide-Leg Bottom Pants, Adjustable Drawstring Side Regular Fit Pants for All Seasons",,~~~,$22.36,100,"6,535","13%
vs. open collab 8%",TABOOST036,Trendy Fashion GS,11%,1,,4,vs. open collab 8%
1732354937526456432,"Fashionable Sports Set for Fitness Enthusiasts, Polka Dot Print Halter Top and Shorts, Summer Activewear for Gym Yoga Running",,~~~,$15.12-$31.96,100,"12,284","13%
vs. open collab 8%",TABOOST036,Trendy Fashion GS,11%,1,,5,vs. open collab 8%
1732359191394554778,"European Style Thick Sole Buckle Sandals for Women, Versatile Plain PU Leather Beach Shoes, Casual Open-Toe Flip Flops",,~~~,$20.61,100,"10,912","13%
vs. open collab 8%",TABOOST036,Trendy Fashion GS,11%,1,,5,vs. open collab 8%
1732380858123457363,"New Yoga Tank Top High Waist Quick-Dry Casual Mid-Length Pants Running Outdoor Athletic Sportswear Yoga Set for Women, Comfortable and Stylish Activewear",,~~~,$21.67-$23.08,100,"18,430","13%
vs. open collab 8%",TABOOST036,Trendy Fashion GS,11%,1,,5,vs. open collab 8%
1732391409993683210,"Women's Polka Dot Sleeveless Halter Bodycon Long Pants, Elegant Retro Style, Halter Neck Jumpsuit, Perfect for Daily Commute and Dates",,~~~,$6.78,100,"31,093","13%
vs. open collab 8%",TABOOST036,Trendy Fashion GS,11%,1,,5,vs. open collab 8%