Creator,Top 1 Category,Top 1 Category GMV,Top 2 Category,Top 2 Category GMV,Top 1 Product,Top 1 Product ID,Top 1 Product GMV,Top 2 Product,Top 2 Product ID,Top 2 Product GMV,Top 3 Product,Top 3 Product ID,Top 3 Product GMV,Top 4 Product,Top 4 Product ID,Top 4 Product GMV,Top 5 Product,Top 5 Product ID,Top 5 Product GMV
_alanacalvs,Womenswear & Underwear,"$85,794.50",Sports & Outdoor,"$30,264.64",Magic ONESO Mid-low Rise Baggy Jeans Stretchy Wide Leg for Women Distressed Pants Womenswear Bottom 8001 Lady Basic Minimalist Comfortable Denim Tummy Control Curve Hugging Plus Size Regular Size BBL Spring Fashion Daily Outfits #TikTokShopBackToSchool,1729445477031121919,"$31,864.58",【4 Lengths】Magic ONESO Mid-low Rise Baggy BBL Jeans Stretchy Wide Leg Tummy Control Plus Size Regular Size #TikTokShopBackToSchool,1732412928253268991,"$25,122.83","【Creator’s Pick】Halara 2-Piece Super High Waisted Back Pocket & Side Hidden Pocket 2-in-1 Yoga Shorts 3"" Set",1730762320809595172,"$18,857.49",Comfrt | Cloud Zip Hoodie - Mega | Soft Mega Oversized Zip Up Hoodie For Men & Women,1729417808759264131,"$3,266.88",Maya Knit Maxi Dress - Cream/combo,1732482827725411176,"$2,866.26"
_karina.michelle,Beauty & Personal Care,"$32,716.12",Kitchenware,"$3,949.73",Fenty Skin Butta Drop Body Cream + Body Milk Body Care Hydrating Lotion Duo,1729716038966481710,"$4,824.00",First Class Jetsetter Beauty Bundle Kit - Mini Exclusive Pink or Lilac Suitcase plus Naked Sundays bestselling SPF and Skincare products  (SAVE 40%),1732513464542401408,"$3,977.84",Daily Hydration Glass Bottle,1729507512389243913,"$3,187.99",Never Thirsty Shampoo & Conditioner: Moisturize + Strengthen in One Set,1732436624532803875,"$2,369.46",tarte x FINNSUL flutter & focus set + CC undereye - FREE tartelette tubing black mascara & FINNSUL electrolyte supplement,1732304110560121788,"$1,813.59"
ababyandabulldog,Shoes,"$46,484.71",Sports & Outdoor,"$40,462.17","Tanming Women's Baggy Wide-Leg Pants - Casual, Elastic-Waisted, Bohemian Minimalist Basic Women's Clothes Bottom with Pockets,summerwins,summeroutfits,vacationoutfits,beachoutfits,back to school shopping",1729491434710208659,"$19,538.78",HEYDUDE Delray Clog Suede – Womens Comfortable Slip on Platform Clog,1731467723863921200,"$11,278.15",PAVOI 14K Gold Plated Adjustable Matching Bracelets for Women – Heart Charm and BFF Friendship Styles,1730595722208973320,"$10,889.94",Project Cloud Women's | Women's Knit Clogs | Smart Foam | Lightweight | Non-Slip - Nella,1732521149772436024,"$8,771.81",Birkenstock Suede Clog - Buckley,1729878427130696647,"$7,227.69"
abbey.kline,Beauty & Personal Care,"$33,793.42",Kitchenware,"$3,475.44",tarte glow wardrobe eye & cheek palette - eyeshadow and highlighter makeup,1729570012796261308,"$5,597.23","tarte BB blur tinted moisturizer SPF 30 - instantly brightens, hydrates & smooths your skin",1729584174847071164,"$3,219.21",tarte maracuja juicy multi-stick + brush - double-ended cream blush & bronzer stick,1732418830638027708,"$3,026.07","2-Pcs Halloween Icon Beverage Glass Set, Ghost-Pumpkin Element Hand-Blown Stemless Double Old Fashioned Drinkware with Spill-Reducing Hold, Ghost Icon Style Halloween Home Goods for Boo Basket Fall Gift",1731434701947310826,"$2,226.03",HUELIGHTER Multi-Dimensional Highlighter,1732307682052772635,"$2,033.84"
alexandraarosee,Womenswear & Underwear,"$1,944.51",Baby & Maternity,$364.55,Modal Cotton Foldover Wide-Leg Pants,1732401825526682144,"$1,490.80",Danysu V Neck Cotton Tank Tops with Built-in Shelf Bra Sleeveless Racerback Fitted Basic Cami Shirts campingessentials,1731397819019989366,$347.27,Vitality Cloud II™ Maternity Pant,1732211039095197736,$253.29,MOMANDA Cropped Maternity Tops Summer Short Sleeve Modal Cotton Loose Maternity Tshirts Ultra Soft,1732401819480592928,$111.26,"Tiktok,2 Pcs Professional Wireless Lavalier Lapel Microphone for IPhone, IPad - Cordless Omnidirectional Condenser Recording Mic for vlogging Interview Video Podcast Vlog,Smartphone Accessories Audio Wireless Lavalier Receiver live  streaming",1729571127206843086,$106.93
alexandracaste,Food & Beverages,$40.08,,,Mazapan Powder Bag | 2lb - Powder Mix for Baking Authentic Mexican Recipes,1732476236165911190,$22.19,Don Beto's Beef Jerky - Fuego,1729719309656297668,$17.89,,,,,,,,,
aliciamariecacho,Womenswear & Underwear,$38.74,,,"Women's Solid Square Neck Long Sleeve Compress Shapewear Bodysuit, Casual Comfy Tummy Control Butt Lift Shaper, Ladies Shapewear for All Seasons",1729614179939750063,$38.74,,,,,,,,,,,,
alisammarie,Sports & Outdoor,$768.32,Furniture,$664.38,[Summervibes] Tribesigns 63-Inch Long French Country Style Wooden Sofa Table for Living Room & Entryway Natural Finish Modern Farmhouse Decor with Sturdy MDF Construction & Foot Pads for Stability,1731489542250795771,$664.38,Halara Adjustable Straps Ruched Wide Leg Heathered Casual Jumpsuit with Pockets-Easy Peezy,1732255696408843102,$607.22,"【2026 New Arrivals】Trucozie T550 Cordless Vacuum Cleaner, 40kPa Powerful Suction Smart Stick Vacuum with 50 Mins Runtime, 8-in-1 Lightweight Handheld/Upright Vacuum for Hardwood Floor, Carpet, Pet Hair & Car",1731578192195392132,$556.22,"Hibbent cUPC Certified 13'' High-Pressure Dual Shower Heads Combo with 10-Mode Length-Adjustable Dual-Head Handheld, 5-Spray Upgraded Rainfall, 12'' Extension Arm, 71'' Hose, Chrome Handheld Holder, Dual-Head Handheld Showers,home essentials",1729698100885689065,$246.74,The Mini Discovery Set,1730273546600747017,$244.44
allthings_andrea,Sports & Outdoor,$39.80,,,"Foldable Travel Yoga Mat with Storage Bag, 1 Count Portable Exercise Mat, Fitness Equipment for Home Gym Workout Mat Pilates Home",1729408794300748065,$39.80,,,,,,,,,,,,
alykate97,Fashion Accessories,"$7,439.46",Womenswear & Underwear,"$2,196.61","Tasiso Women's Floating Cubic Zirconia Pendant Necklace on Invisible Transparent Cord, Minimalist Choker Adjustable Length, Everyday Layering Jewelry, For Woman,Gift,summeroutfits,vacationoutfits,beachoutfits,Thick Clear Invisible Fishing Line",1731992960085430403,"$6,048.47",PAVOI 14K Gold Plated Lobe Lifters for Heavy Earrings for Women - Earring Backs for Droopy Ears - Comfortable Earring Backings for Studs - Trendy Fashion Jewelry Accessories,1731648186027250184,"$1,900.53","【2Packages Shipping】Queen/Full Size Murphy Bed with 2 LED Lights, Farmhouse Wood Hidden Foldable Wall Bed Frame w/Gas Struts, Storage Bed Cabinet for Bedroom, Office, Space-Saving, No Box Spring Needed, Rustic White/Brown",1731495075783873003,"$1,880.75",AUSELILY Babydoll Dress for Women Short Sleeve Button Down Textured Non-clingy Loose Fit Flowy Mini Dress with Pockets 2026 New Summer Dress,1732071775099523793,$614.95,Chris McMillan The Glassy Smooth Blowdry Spray,1732274140285538330,$450.69
amanda_hadzimichalis,Womenswear & Underwear,"$9,406.22",Sports & Outdoor,$744.24,FeelinGirl Wireless Bra Women's Seamless Full Coverage Bra Cozy Wide Shoulder Strap Wireless T-Shirt Bra Comfortable Fit Everyday #SummerVibes,1730503134732653217,"$1,692.46","TANKANEO Women's Plus-Size 2-Piece Polyester Shorts Set, Lightweight Short-Sleeve Color Block Shirt & Adjustable Skort, Comfortable Fit Casual Matching Set",1732269584850457312,"$1,488.96","Vertvie｜GRACE Classic T-Shirt Bra, Jelly Bras, Wireless Full Coverage for All Day Comfort",1731578445279630251,"$1,138.31",Soft Intention Women's Classic Jelly Bra Seamless Wireless Bra Full Coverage Push Up No Underwire Tshirt Comfortable Everyday Plus Size Friendly Jelly,1729472053932167298,$851.20,Eytino Womens Plus Size Wide Leg Pants Elastic Waist Drawstring Casual Palazzo Pants Cotton Lounge Trouser with Pockets(1X-5X),1732348493015519327,$539.78
amanda_pac,Womenswear & Underwear,"$4,995.74",Health,"$4,014.87","arrae Tone Variety Creatine Gummies | Assorted Sour Flavors (Watermelon, Green Apple, Mixed Berry)| Gut-Friendly Formula for Energy, Cognitive Health, Post-Workout Recovery",1732470880469881469,"$1,430.78",NEW COMPRESSION BAND & ONE SEAM OPTION! THE ORIGINAL MAGIC FLEECE LINED LEGGINGS - XXS TO 3XL - 4 SHADES - CLOSED FOOT - Fleece Tights Available in Plus Size and Light to Brown Fur,1729406693411230691,"$1,275.02","Cider Elegant Vacation Halter Neckline Dress for Wedding Guest, Sexy Floral Maxi Dresses, Ladies Jacquard Sundress, Summer Party Gowns, Lady Sun Dress SohoChic",1731969456805744727,"$1,097.18","Arrae MB-1 | Natural Energy, Cholesterol, & Overall Health Support 20-Day Supply| Organic Nutrition Dietary Supplement Healthcare Vitamins Probiotic Blend Edible Fitness",1729560041868333693,$985.90,Inbarely Soft Single-Layer Basic Long Sleeve Shirts See Through,1731641065545634032,$901.63
amandaaaapac,Beauty & Personal Care,"$6,264.87",Health,$171.97,[medicube] Body Gommage Exfoliating Pad 8ea for bumpy skin flaky skin body scrub,1731233913351344363,"$2,906.84",Self-Tanning - Milky Essence,1732314195951063680,"$2,574.63","[medicube] PDRN Pink Collagen Volume Multi Balm | All In One Volufiline, PDRN, NAD Stick for Youthful-Looking, Helping Look of Fine Lines, Firming Care, Anti-Aging Care | For Under-Eyes, Neck, Forehead, Smile Lines, Lip Care | Korean Skincare",1729508370969629931,$255.18,DR.DENT The Purple Duo - Purple Mouthwash [20 Uses] + Purple Teeth Whitening Strips - [7 Whitening Sessions],1732418783948083710,$131.79,Arrae Bloat Gummies | Fast-Acting Bloating Relief Peach Lemon Gummies | Clinically Proven| 28 ct| Natural Healthcare Dietary Supplement Edible Fiber Bathroom Fitness Fitness,1732388889503634045,$121.99
amandaathome1,Toys & Hobbies,"$1,550.42",Home Supplies,$541.40,"DIY 3D Laser-Cut Wood Magic Ring House Miniature Kit - Lighted LED Dollhouse Book Nook, Ages 14+, 5-6 Hours Build, Unisex DIY Craft Set, Handmade Gifts, Bookshelf Decoration for Holidays & Birthdays",1732381209627759505,"$1,550.42","Automatic Folding Umbrella, 1 Count/60pcs Portable Rain Umbrella with Loop Buckle, Windproof & Waterproof Umbrella for Men & Women",1729532560217314285,$541.40,tarte maracuja juicy lip vinyl - mirror shine lip gloss,1729442596866986940,$31.99,"KALIDI Women's PVC Tote Bag - Waterproof, Large Capacity Work & Everyday Bag with Top Handles, Kraft Paper Luggage Accessory for Travel, Gifts for Women, Bags With Handles, Accessories For Women",1731799796000199536,$21.59,tarte maracuja juicy lip vanilla icing collection,1731743666026288060,$15.00
amandaburbank131,Sports & Outdoor,$460.27,Beauty & Personal Care,$246.69,"ADDWIN 2026 New Fascia Ring R10 Mini Muscle Recovery Fascia Device upgraded adjustable strap fits Up to 55in waist, Cordless Rechargeable, Designed for Waist & Back Muscle Recovery portable massager parents gift summervibes",1731284232420626805,$430.16,"Rechargeable electric facial massager for reducing puffiness and promoting blood circulation, a wireless facial care tool with a compact design ideal for travel and daily home use, comes with rechargeable battery and charging cable., Facial Care Tools, Co",1729478261824984423,$173.94,"【New】Knee Pillow for Side Sleepers, Leg Pillow with Cooling Cover, Memory Foam Leg Pillow for Side Sleeping, Heart-Shape Cushion for Hip, Back & Sciatica Pain Relief,homeessentials",1729492491868935315,$95.41,Advanced Food Intolerance Labs Food Sensitivity Vitamins & Gut Health Test 1000+ Items Tested for Sensitivities Nutrient Imbalances & Heavy Metals,1730664019526258810,$76.42,"Buff Clucks Herb Supplement for Backyard Chickens - Natural Chicken Treats with Oregano, Basil, Garlic, Rosemary, Red Pepper Flakes, Lavender, Calendula for Immunity, Daily Wellness, Egg Quality, Digestion Support for all Bird - USA Poultry Feed",1731158189039588150,$54.98
anastasiya_ray,Womenswear & Underwear,"$8,370.59",Sports & Outdoor,"$4,301.59","Katch Me Chic Women's Vintage Leopard Print High Waist Wide Leg Jeans, Y2K Street Style Baggy Durable Denim Trousers, Casual Wrinkle-Resistant Stretch Loose Fit Cotton Bottoms #TikTokMadeMeBuyIt #VintageDenim #LeopardJeans #Y2KFashion",1732464305990046684,"$3,780.12",【Creator’s Pick】Halara UltraSculpt High Waisted Tummy Control Pocket Shaping Training Leggings,1729406821413261604,"$2,885.28",Project Cloud Women's | Genuine Leather Insole Womens Ballet Flats | Memory Foam | Lightweight | Non-Slip - Ashley,1729496192078812728,"$2,569.03","Katch Me Chic Women's High Waist Multi-Pocket Wide Leg Jeans, Classy Wrinkle-Resistant Durable Denim Pants, Multi-Pocket Stretchy Soft Trousers, Four Seasons Daily Outfits #TikTokMadeMeBuyIt #DenimJeans #WideLegPants",1730845150456812508,"$1,446.57",TRTL TRAVEL PILLOW,1729472069440934578,"$1,214.39"
andrea_costanzo,Womenswear & Underwear,"$1,356.36",Sports & Outdoor,$385.94,Imily Bela Women's Summer Mini Dress Casual Workout Tennis Dress with Shorts Sleeveless Althletic Dresses,1729428284144587566,$874.88,CHICME Built-in Bra Tank Top Ribbed Racerback Tops Women Going Out Tops Everyday Basic Tanks Padded Tops,1729484235456352758,$344.78,"Women's Plants Print V Neck Swimdress & Tankini Set, Casual Sleeveless Swim Dress & Swim Top Two-piece Swimsuit for Beach Holiday Vacation, Ladies Swimwear, Beachwear Swimsuits",1730840513403195504,$216.42,FLAXMAKER Women's V Neck Side Drawstring Brown Mesh Sheer Printed One Piece Swimsuit Beachwear Swimdress Bathing Suit Swimwear Sleeveless Bathing Suit Stylish Beachwear #Summervibes #SwimWeek tiktokshopbacktoschool,1731639794304062332,$114.80,"Women's Elegant Chic Contrast Lace Button Jersey Cami Top & Elastic Waist Tie Front Shorts Pyjama Set, Casual Comfortable Soft Loungewear Set For Women, Fit Pyjamas for Women, Spring, Lingerie, Casual Comfy Lingerie, Elegance, All Seasons Lingerie",1729428795392693035,$60.26
andthatsthelipton,Womenswear & Underwear,"$22,598.11",Fashion Accessories,"$1,727.31",Women’s V Neck Poncho Tops Batwing Sleeve Solid Color Loose Fit T-Shirts Blouses,1731080116594839788,"$4,181.01",Scene Stealer Faux Fur Crop Denim Jacket,1731843430611456713,"$2,058.91",Zaida Stretchy Denim Micro Shorts,1729501093713581218,"$1,297.16","1 piece Women's Square Neck Short Knitted Blouse Shirt Tops, Sweet Style Belted Waist Design, Perfect for Everyday, Valentine's Day & Daily Commute & Vacation",1732136183106342999,"$1,273.32",Zaida Asymmetric Denim Strapless Top,1729501095264228514,"$1,128.37"
angela.456789,Household Appliances,$54.57,,,"Jack&Rose 2-in-1 Steam Iron& Clothes Steamer - Handheld Portable Garment Wrinkle Remover, Large Soleplate, 150ml Water Tank - Lightweight for Home, Travel, Summervibes",1731368483960623870,$54.57,,,,,,,,,,,,
angelacallisto123,Womenswear & Underwear,"$146,910.01",Fashion Accessories,"$5,533.94",PrettyGarden Women's Oversized Cardigan Sweater Fall Long Lantern Sleeve Knit Open Front Lightweight Sweater Knitwear Tops#DealsForYouDays,1731208195967717743,"$25,058.66","Tanming Womens Baggy Barrel Wide Leg Yoga Lounge Pants Drawstring Waist Pockets Athleisure Style Casual Sweatpants Comfortable Loose Fit Bottoms for Women Summer Casual Wear,back to school shopping",1731229445891395731,"$22,507.65",Freya ONESO Women Mid Rise High Stretchy BBL Jeans Butt Lifting Wide Leg Raw Hem Denim Pants Tummy Control Spring Basic Minimalist Woman Denim Bottom Comfortable Denim Jeans OSW8019 Plus Size Regular Size Fashion Daily Outfits DIY Inseams #SummerVibes,1731273402271240469,"$11,599.17","Fisoew Sports Summer Spring Women's Off-Shoulder Thin Sweatshirt/Tees, Wide Neckline Loose Pullover, Long Sleeve Y2k Fashion Loose Fit Top, SpringStatements Jeans Ash Gray Hoodie Beachy Hoodie Athletic Style Activewear Athletic Outfit",1732128616123306840,"$9,865.61",【3 Lengths】Freya ONESO Women's Tummy Control Raw Hem Baggy Denim Pants Mid Rise Wide Leg Denim Jeans  Retro Streetwear Style Comfortable Jeans Commuter Style Baggy High Stretchy Soft Breathable Spring& Summer #SummerVibes,1732431922183573781,"$6,982.14"
anggwells,Beauty & Personal Care,"$2,505.43",Fashion Accessories,$103.93,Kitsch Ceramic Thermal Rollers 8pc Set,1729388686108692530,$991.59,"Wavytalk Blowout Boost Negative Ion Thermal Brush-Pink (1.5in) Hair Styler, LED Display, 300℉-420℉ for Different Hair Types, 120-240V Universal Voltage, Beauty Products for At-Home Blowout & Style Curlers & Straighteners",1729403338518794392,$839.99,"Wavytalk Multi-Curl 5-in-1 Ceramic Curling Wand Set, Fast Heat Up Curling Wand from 1/2 to 1 1/4 Inch and a Thermal Brush, Dual Voltage Curling Iron,back to school,back to school haul",1729388432827060376,$436.74,"Glimmr 10-Minute Vitamin-Infusion Hair Mask for Hydrating and Moisturizing Hair - Conditioner with Bonding Protein, Castor Oil & Superfood Extracts",1729438048963760929,$79.19,AWAYTR Satin Bonnet Silk Like Bonnets for Sleeping Double Layer Sleep Cap Haircare Bonnet with Elastic Tie Band for Curly Hair Pink Night Cap TikTokShopBlackFriday,1729409168616952301,$72.42
annaslivka2,Fashion Accessories,"$3,754.03",Luggage & Bags,$55.99,YoungSee Micro Loop Hair Extensions Human Hair micro ring pre bonded Soft and Silky Hair Extensions for Women Micro Ring Extension Human Hair 100% Real Human Hair Summer braids half wig summer hair style glueless wig#summerwins #DealsForYouDays,1731915004731495134,"$2,515.08",Youngsee 16-28 inches butterfly weft hair extensions ovo weft genius pu weft  hole butterfly  hair extensions human hair XO weft human hair extensions straight hair real human glueless wig #summerwins #DealsForYouDays,1731548152031122142,$663.31,YoungSee 14-28 inches Micro Loop Hair Extensions Human Hair Soft and Silky Hair Extensions for Women Micro Ring Extension Human Hair 100% Real Human Hair #summerwins #DealsForYouDays Raw Hair Bundles Natural Wavy Hair,1730893574771741406,$469.47,YoungSee Nano Beads Hair Extensions Human Hair Silky Hair Extensions for Women Nano Link to Change Your Look #Summerwins #Dealforyourdays #SummerVibes Natural Looking Hair Summer braids half wig summer hair style glueless wig,1730893563461669598,$106.17,"LOVEVOOK Laptop Backpack for Women with Pouch Pocket for Large Capacity Cup,15.6&17 Inch Professional Work Computer Laptop College Teacher Personal Item Travel Bag,Lightweight Hiking Backpack Purse",1731357544733577906,$55.99
aricandchristy,Furniture,"$2,188.28",Kitchenware,$885.76,"VINGLI Tall Adirondack Chairs Set of 2, All Weather HDPE Bar Height Adirondack Chair with Double Trays, Adirondack Barstools for Balcony, Poolside, Backyard and Patio",1732305297869345183,"$1,136.26","VINGLI Tall Adirondack Outdoor Chairs (Set of 2), HDPE Exterior-Facing Chairs with Double Connecting Tray, Weather-Resistant Durable Rattan Stainless Steel-Aluminum Frame Patio Deck Balcony Bar Stools",1731288666896372127,"$1,020.02",10 Strawberry Street Platter Merry Morsels Platter,1732099737067295687,$789.20,"12.5"" Starry Night Stacked Pumpkins by Valerie",1732518597707076551,$179.94,Mr. Christmas Shatterproof Bell Ornaments 3-Pack,1732028476374487324,$122.36
arsy_vartanian,Beauty & Personal Care,"$3,807.53",Computers & Office Equipment,$552.56,NuDerma Clinical High Frequency Wand with Fusion Neon-Argon Applicators Anti-Aging Anti-Acne by Pure Daily Care  Facial Beauty Instrument,1729401883679232365,"$1,617.22","PUFF Tape Ultra-Moisturizing Sleep Strips – Designed for Beauty Sleep – Collagen, Hyaluronic Acid & Vitamin E for Overnight Lip Hydration, Plumper Lips & Refined Facial Appearance (30 Count)",1732149210223644960,$701.97,"DailyDocs Organizer - Hardcover Bill Organizer Planner, Office Accessories, Stationery Supplies for Important Documents & Family Records with Cloud Integration, Binder",1732031893622591598,$552.56,HUSH HOUR Mouth Tape - Lemon - Rest Recovery - Organic Green Tea - Skincare Tool - Lip care Jawline Contour Tape,1731824592817001323,$393.97,"Timeline Mitopure Urolithin A Softgels - Clinically Proven for Energy Muscle Strength & Cellular Renewal, Vegan, NSF Certified, FDA GRAS Approved - Supplement, Healthcare, Healthy Aging Supplements",1729625791973069635,$237.07
ashleyinfl,Womenswear & Underwear,$356.69,Toys & Hobbies,$290.87,"SLOOSH Inflatable Pool Floats Adult,  Floating Lounge Chairs , Blow up Pool Noodles for Adult Heavy Duty, Floating Chair for Party Summer Water Beach Lake Fun ， can choose 1 pack or 2 pack",1729449581672632930,$290.87,"Neurogan Health GHK-Cu Copper Peptide Body Lotion | 2% Lotion, 8 oz / 237 mL",1732299664995947423,$175.62,PRAVANA Intense Therapy Leave-In 10oz: Hydrating Mist,1730059716675736327,$110.99,QUAY - PRESS TOUR Square Sunglasses - Classic Oversized Vintage Glam with Elevated Metal Details & Universal Nose Pads,1731709933949325339,$80.75,"Petsfit Small Dog Carrier Purse, Portable Pet Carrier Tote Cat Carrier with Pockets, Adjustable Safety Leash, Poop Dispenser, Waterproof TPU Bottom,Khaki",1731258212832613075,$78.90
ashleyorganic,Luggage & Bags,"$12,590.58",Beauty & Personal Care,"$8,634.53","[New Launch] DREAME Aero Lite Wet Dry Vacuum Cleaner, All-in-ONE Vacuum Mop for Wet & Dry Messes, 0 Hair Residue Great for Pet Owners, One-Press Self-Clean, 180° Lie Flat, 35mins Runtime for Hard Floor Cleaning,back to school,back to school haul",1732306174840312737,"$6,752.35","SHA CERLIN Storage Bed Frame Modern Linen Upholstered Headboard Lift Up Storage Platform Bed Frame, Two Style Headboard, Heavy Duty Gas Lift Support, No Box Spring Needed,Wood Slats Support, Full Queen King Size,dorm essentials,home decor",1729537141726810464,"$5,917.77",NEWBELLA Marella M Collapsible PU Leather Tote Bag with Magnetic Closure and Luggage Sleeve for Work and Travel #sohoch,1729477606392238202,"$5,608.41","Tanming Women's High-Waist Drawstring Casual Wide-Leg Sweatpants - Baggy Athletic Bottoms with Pockets, Basic Casual Streetwear Pants for Spring Summer, Women's Clothes, #SpringStatements,summerwins Womenswear,back to school shopping",1731922724730409107,"$3,363.00","Qure LED Light Therapy Mask for Face - FDA Cleared for Wrinkles & Acne Treatment with 3 Modes, 5 Facial Areas &  5 Lights: Red, Deep-Red, Blue, Amber & Infrared, 3-Min Daily, Eye-Protection, Smart App",1730401910219313767,"$2,822.24"
ashleyorganicedits,Beauty & Personal Care,"$14,167.14",Household Appliances,"$1,292.96","[medicube] Hypochlorous Acid Rice Peel Shot Duo For Face & Body | Gentle Exfoliating Serum for Dead Skin Cells & Pore Care, Blackheads & Excess Sebum Control | Rice Extract, Hypochlorous, Panthenol for Hydrating & Smoothing Care",1731738460512030955,"$7,515.42","[medicube] Kojic Acid Turmeric Peel Shot Duo For Face & Body | Brightening Reset Gentle Exfoliating Serum with BHA, LHA & PHA for Dead Skin Cells, Blackheads & Excess Sebum | For Dull, Rough & Troubled Skin",1732182201234002155,"$1,659.96","【2026 Newly Upgraded】Trucozie T350 Rechargeable Wireless Cordless Vacuum Cleaner, 8-in-1 Lightweight Upright Vacuum for Deep Clean, 45-Minute Runtime, 33 kPa Powerful Suction, Housewarming Gift Suitable for Hardwood Floors, Carpets, Pet Hair, Car Interior",1729406319708377732,"$1,292.96","L'ANGE HAIR - Adjustable Titanium Waver - 2-in-1 Adjustable Titanium Hair Waver & Crimper, 19mm & 32mm Barrels for Beach Waves & Defined Crimps, 3 Barrel Hair Tool with Heat Glove & Mat, Dual Voltage",1730755240804520432,$833.96,SKIMS ULTIMATE TEARDROP PUSH-UP BRA,1732434960668463973,$764.80
avas.fav.finds,Beauty & Personal Care,"$4,250.00",Womenswear & Underwear,$190.06,No Limits Cream Bronzer Stick,1729385764072624843,"$3,491.85",Higher Standard Cream Glow Blush Stick,1729442305345688267,$515.68,"Aelfric Eden Men's Star Print Color-Contrast Casual Long-Sleeve Pullover Hoodie, Embroidered Graphic Hoodie, Polyester Menswear Top Sweatshirt, Embroidered Hoodies",1729435967255843221,$88.40,"sacheu Contour STAY-N - All-Day Liquid Contour - Long-lasting, buildable, ultra-blendable contour Effortless Smooth Bronzer makeup products",1731001036376085279,$71.04,The Blush Stack Dew Blush + SuperSuede Blush,1731606733682217843,$48.00
ayeitsanju,Fashion Accessories,$116.65,Womenswear & Underwear,$95.71,"Women's Solid Color Straw Beach Hat, Casual Outdoor Sun Protection Cap for Women & Girls, Fashion Accessories for Daily Wear, Breathable Head Cover",1730691917901959683,$116.65,"Women's Solid Color Shoulder Bag, Back To School, Fashionable Large Capacity Crossbody Bag for Daily Used, Casual Trendy Versatile High-quality Daily Commuting Bag, Crossbody Shoulder Bags",1729496373355844345,$73.31,SCUSTY Women's Cropped Sherpa Lined Fleece Jacket Winter Warm Button Down Fuzzy Coats Shacket Outerwear with Pockets,1729607210962489587,$72.98,"tarte maracuja juicy lip tattoo - 3-in-1 lip stain, liner & gloss duo",1731128149174031292,$31.00,"Women's Striped Print Drawstring Waist Pants, Casual Fit Pants, Casual Comfy Stretchy Lounge Pants, Casual Wide Leg Trousers for Daily Wear, Ladies Bottoms for All Seasons, Comfortable trousers",1729536279275279125,$22.73
backnjennaup,Furniture,"$2,090.75",Beauty & Personal Care,"$1,750.89","75.2"" Tall Pantry Cabinet, Kitchen Pantry Storage Cabinets with 2 Door and 5 Adjustable Shelves, White Metal Pantry Storage Cabinet, Cupboard for Kitchen, Dining Room, Living Room and Bathroom Organizer",1731459666424271005,"$1,905.76","Palladio Under Eye Brightener Cosmetic - Caffeine Peptides, Vitamin E, Radiant Coverage, Blendable Color Corrector & Primer for Dull Tired Skin, Reduces Dark Circles, Brightening",1729881829798023357,$629.15,"Portland Leather Koala Sling Bag – Premium Leather Crossbody Shoulder Bag for Travel & Everyday Carry – Adjustable Strap, Magnetic Closure",1732046851932983468,$542.37,"A8 Waterproof Pill Pouch Set, Large Weekly Pill Organizer with 14 Color-Coded Medicine Pouches, Reusable Travel Medicine Organizer, Zippered Pill Storage for Fish Oils, Vitamins, dealsforyou, summerwins",1732481077880393946,$324.67,Portland Leather Classic Leather Tote – Premium Leather Work Tote Bag for Travel & Everyday Carry – Shoulder Bag with Interior Pockets Durable Commute Bag,1732050483194073260,$234.23
baileyyoliverr,Womenswear & Underwear,"$13,790.71",Beauty & Personal Care,"$10,028.23",Project Cloud Women's | Oxford Shoes for Women | Genuine Leather | Memory Foam | Lightweight | Non-Slip - Wally,1731581887912710712,"$7,800.87",Hanes Originals Women’s Supersoft Comfywear Sleep Slip Dress Women's Intimates Comfortable Fit Soft Stretch Fabric Breathable Hla219,1731467663274185700,"$3,640.44","[medicube] Ultra Light PDRN Pink Peptide Serum | Lightweight Hydrating Serum with Salmon PDRN & Hyaluronic Acid | Fast-Absorbing Glow Care for Skin Clarity | K-Beauty, Korean Skincare (30ml / 1.01 fl. oz.) (110ml / 3.72 oz)",1732311456669012203,"$3,563.43",Good Behavior Supreme Seal Smoothing Serum,1731140506275910127,"$1,662.66","Crocs Women's Dylan Platform Clogs, Platform Shoes",1729553403015566270,"$1,610.98"
becsreview,Beauty & Personal Care,$997.41,Furniture,$392.24,"【Deal】SweetFurniture Filing Cabinet, 3-Drawer File Cabinet for Home Office, Mobile Lateral Filing Cabinet, Printer Stand with Open Storage Shelves dressers",1729385490165371016,$392.24,"JUDYDOLL Ultra-Fine Liquid Eyeliner, Waterproof Liquid Eye Liner, Hooded Eyes, Sharp Winged Lines, Long-Lasting, Beginner Friendly, Lasting Satin Finish, Smudge-Proof, Transfer-Resistant, Suitable For Sensitive Eyes, Summerwins,back to school",1730235179727360529,$330.57,"JUDYDOLL 2 in 1 Highlight & Contour Palette - Face Shaping, Long-Lasting, Multi-Use Makeup Palette, Face Bronzer, Cool Toned, Natural Matte Highlighter, Blendable, Buildable Contour, Back to School",1731159981009310225,$215.79,"Flimeal Crunchy Protein Powder, 20~22g Protein, Low Sugar Keto-Friendly On-the-Go-Pack of 7, Meal Replacement, Easily Digestible Preworkout Drink Flavor",1731416372741640350,$62.46,"CARSLAN PINK Limited Edition 3.0 Black Magnet Soft Focus Powder, Replaceable Container, 24H Longlasting Translucent Pressed Setting Powder, Oil Control, Waterproof, Sweatproof, Blurring Pore Face Powder, Matte Flawless Finsh, Travel-Friendly Touch Up",1732422067841765474,$60.84
bestiebriitt,Household Appliances,"$101,209.31",Beauty & Personal Care,"$16,652.90","【2026 Newly Upgraded】Trucozie T350 Rechargeable Wireless Cordless Vacuum Cleaner, 8-in-1 Lightweight Upright Vacuum for Deep Clean, 45-Minute Runtime, 33 kPa Powerful Suction, Housewarming Gift Suitable for Hardwood Floors, Carpets, Pet Hair, Car Interior",1729406319708377732,"$62,027.14",Shark PowerPro Flex Reveal Plus Cordless Vacuum - IZ382H,1732268320365777584,"$15,966.16",Merach Vibration Plate Exercise Machine with Lymphatic Drainage Feature Compact Design for Full Body Workout Max User Weight 400LBS Home Gym Equipment BackToSchool,1729438841571218111,"$10,274.04","【2026 New Arrivals】Trucozie T550 Cordless Vacuum Cleaner, 40kPa Powerful Suction Smart Stick Vacuum with 50 Mins Runtime, 8-in-1 Lightweight Handheld/Upright Vacuum for Hardwood Floor, Carpet, Pet Hair & Car",1731578192195392132,"$8,821.59","2 Pcs 3-foot Camellia Tree with Decorative Pebbles, Flower Pot, 24 Realistic Flowers, 188 Leaves for Indoor, outdoor courtyard Home Decor,dorm decor,dorm room decor",1731118821228122916,"$5,045.98"
biohackingnutritionist,Beauty & Personal Care,"$12,917.06",Luggage & Bags,$105.98,"[medicube] PDRN Pink Collagen Volume Multi Balm | All In One Volufiline, PDRN, NAD Stick for Youthful-Looking, Helping Look of Fine Lines, Firming Care, Anti-Aging Care | For Under-Eyes, Neck, Forehead, Smile Lines, Lip Care | Korean Skincare",1729508370969629931,"$7,752.23","[NEW] [medicube] PDRN Collagen Gua Sha Neck Wrinkle Cream | Built-In Gua Sha Massager with Volufiline 5% + PDRN | Firming, Contour Care for the Look of Fine Lines, Jawline, Neck, Décolleté,Underarms, Chest, Legs, Shoulder | Massage Cream | Korean Skincare",1732399179294806251,"$2,698.46","[medicube] Deoxyribose Scalp Serum | For Fuller-Looking Hair & Scalp Strengthening Roll-On Serum | Deoxyribose, Rosemary, EGF, Caffeine for Fine, Thin Hair | Korean Hair Care, K-Beauty",1732406488217719019,$613.36,Scalp Oil Applicator,1732487042424934450,$527.93,"[medicube] Gatekeeping My Real Age Set | 5-step Longevity, Anti- Aging Routine l PDRN & Volufiline & Collagen & NAD+ EGF Complex l Cares for Look of Fine Lines, Firming Care, Radiant & Youthful Looking, Plumping | Korean Skincare, K-Beauty",1732363645554692331,$314.00
bkewwwl1507,Beauty & Personal Care,"$39,941.06",Fashion Accessories,"$12,558.62",NuDerma Clinical High Frequency Wand with Fusion Neon-Argon Applicators Anti-Aging Anti-Acne by Pure Daily Care  Facial Beauty Instrument,1729401883679232365,"$9,867.17",Micro-Infusion 2 Month Rejuvenating & Brightening Bundle,1730973352148243047,"$6,577.33",[medicube] Body Gommage Exfoliating Pad 8ea for bumpy skin flaky skin body scrub,1731233913351344363,"$5,917.08",Mellow Sleep |  Cooling EasyFit Sheet - Silky Soft Breathable Fitted Sheet Stays Wrinkle-Free Trusted By Top Hotels,1732177854905815121,"$4,759.01","Pony Pop™ Hair Elastic Remover – No Pulling, No Cutting, No Breakage",1732261028008464828,"$4,553.12"
brandie1234,Womenswear & Underwear,"$15,211.33",Menswear & Underwear,"$3,150.69","Women's Plain Basic Button-Front Drop-Shoulder Fitted Denim Jacket Coats, Casual Fashionable Outerwear Long-Sleeve Collared Pocket Outerwear for Daily Wear, Aesthetic Womenswear",1729589173787988987,"$2,325.47","PinkyMoor Women's Retro Camouflage Cargo Pants, 98% Cotton Baggy Straight-Leg Trousers, Trending Low Rise Streetwear for a Party, Sizes S, M, L, Women's Clothes, Wide Legs, H Type",1729657470747579336,"$2,302.92",PrettyGarden Women's Oversized Cardigan Sweater Fall Long Lantern Sleeve Knit Open Front Lightweight Sweater Knitwear Tops#DealsForYouDays,1731208195967717743,"$2,014.71",Cody James Men's Men&#039;S Pioneer Wash Wyatt Slim Bootcut Stretch Denim Jeans - Cjsu23j83-Ltw,1730596356971991270,"$1,268.00",QUAY - STUDIO SESH Oversized Navigator Sunglasses with Tubular Arms & Metal Bridge Details Black Frame,1731241551990525979,"$1,066.26"
brandienicole27,Beauty & Personal Care,"$64,463.04",Womenswear & Underwear,"$14,114.22",On 'Til Dawn Bronze Veil Waterproof Setting Spray,1732455657267630903,"$20,494.01",tarte timeless hydrating foundation & serum foundation brush - full coverage serum foundation + FREE brush,1732289079425471420,"$13,709.27",tarte summer skin essentials - CC color-correcting tinted serum + creaseless setting powder,1732422500087993276,"$7,927.12","utcoco Women's Sleeveless Bodycon Denim Midi Dress - Lady's Casual Wear with Side Slit, Elegance-Focused Fit, Chic 2026 Design, Women's Clothes, Trending Clothes, Stylish Women's Wear",1732202457133715937,"$5,418.63","[NEW] [medicube] Kojic Acid Turmeric Vita Jelly Eye Mask | Hydrogel Eye Patches with Kojic Acid, Turmeric, Vitamin C | Refreshing for Puffy, Tired Eyes | Soothing & Calming & Tone Renewal & Radiance Care | Troubled Skin & After Spot Care | Korean Skincare",1732472680192577771,"$4,240.77"
brando23454,Pet Supplies,"$4,716.58",Sports & Outdoor,"$3,815.88","VEVOR Portable Dog Blow Dryer, 2000W/2.7HP Pet Grooming Dryer with Metal Housing, Safe Heating, Quick Drying, Adjustable Speed, Temperature Control, 4 Nozzles, Extendable Hose, Auto Shut-Off, Black (Father's Day Gift Option), Easy To Connect, Safe And Com",1729433235356618926,"$4,206.05","WARSUN T7 EDC Flashlight, Pocket LED Work Light with Magnetic Base & Clip, USB-C Rechargeable, Compact Everyday Carry Tool for Camping, Car Repair and Outdoor Use",1729541227726476256,"$1,185.13",Dual Rifle Rack-Behind Seat Storage truck rack Universal Automotive Accessories Car Accessory,1732253987157873298,$967.46,Ridge Tracker Card 2.0 | Apple FindMy Compatible | Credit Card Size Wallet Tracker | AirTag Alternative | Never Lose Your Wallet | Slim EDC Accessory | Works with iPhone | Best Tech Gift,1729496156303627882,$966.40,"Realistic Dragonflies Clip,Dragonfly Garden Decor Clip,Dragon Fly Clips for Bugs Repellent",1731235193263395020,$555.65
brehyah,Phones & Electronics,"$5,151.61",Food & Beverages,$840.27,"JLab JBuds Lux ANC Wireless Bluetooth Noise Cancelling Headphones with Mics, Adjustable Over-Ear Design, Custom EQ, Be Aware Safety Mode, Foldable, Wired Charging Cable, Compatible with iPhone/Android Devices (Tools and Gadgets, Mens Gifts)",1729430076387136161,"$4,128.66",EHPlabs OxyShred Energy Drink | Ready-to-Drink RTD | On-The-Go Energy & Focus Support | Daily Performance Routine | Zero Sugar | Better For You Energy Drink | 12 Pack,1729433039799751674,$840.27,"Made4pets Large Cat Scratching Post with Condo Design, Cotton-Bound Rope, Dual Rope Options, Beige Vertical Natural Sisal Scratcher for Pet Play & Rest",1731379862791819537,$470.64,"Gymreapers Women's 3-Pack Infinity Seamless Scrunch Athletic Shorts, High Waistband, Moisture-Wicking, Breathable, Diamond Gusset Crotch, No Front Seam, Squat-Proof, Compression Fit, Stretch, Anti-Chafe Athleisure Sports Shorts for Gym Yoga Training",1729567609661526087,$389.93,"JLab Epic Lux Lab Edition ANC Over-Ear Headphones, 32mm Drivers, Adaptive Noise Cancellation, Hi-Res Audio, Bluetooth & Wired Connection, Cable Included, Chargeable, Wireless Charging Dock, Headphone Case, Manufacturer Warranty",1730308689466987169,$252.02
brittaniehammershop,Food & Beverages,"$1,078.45",Beauty & Personal Care,$30.19,"Farmer Hydrate - Electrolytes Made From Real Fruit, French Salt, & Organic Coconut Water",1731884296251281946,$860.74,Farmer Protein Powder - Third Party Tested,1730763996470809114,$135.68,Farmer Hydrate Single Serve Variety Pack,1732413914727354906,$82.03,ZZSLEEP Under Eye Patches – Hydrating & Depuffing Hydrogel Eye Masks with Caffeine & Peptides (12 Pairs),1732418969147904533,$30.19,,,
brittany.fnp,"Books, Magazines & Audio","$2,332.54",Toys & Hobbies,"$1,248.25",Michael Coloring Book,1732387379775443062,"$2,332.54","Children's Cooking Set - A truly safe mini kitchen set with a children's set for making real food,  Kitchen toys for toddlers, kitchen toy gifts suitable for girls and boys(Send US standard adapter head)",1732216102089102092,$940.90,ECOFANTASY Kids Travel Tray - Waterproof Carseat Table Top - Car Seat Tray for Toddler - Travel and Road Trip Essentials Kids - Lap Desk with Storage - Best Toddler Christmas Gift - Black Friday Cyber Monday,1729618142199517850,$393.97,"Dreamon Kids Pretend Foot Spa & Nail Kit - Kids Pretend Spa Day Kit for Girls with Mask Foot Bath and Nail Dryer, Manicures Pedicure Toy Kit & Nail Art,  Role Playing Accessories, Summervibes",1730846339971322454,$192.38,HYZ Women's Pearl Beaded Halter Twist Sleeveless Tie Back Dress A Line Dress,1732160119251832875,$119.97
brittnymarch,Beauty & Personal Care,$311.54,Womenswear & Underwear,$179.90,Scentual Luxury Perfume Oil Ultra-Concentrated Handcrafted in USA 10ml Roller with Vanilla Gourmand Floral Fruity Notes,1731248492514480638,$289.59,DELIMIRA Women's Inbarely Plus Full Coverage Bra No Padded Plus Size Underwire Unlined Seamless Bras,1731378392447357219,$101.96,"Costzon 55""/60"" Trampoline for Toddlers, Kids Toys with No-Gap Jumping Mat, Safety Net, Zippered Door, Galvanized Steel Stable Leg Base, Easy-To-Assemble Indoor/Outdoor Toddler Toys Exercise Gift for Balance Improvement",1729417218020512259,$79.99,FeelinGirl Women's Wireless Bra Comfort Bralettes No Underwire Unlined Cami Bra Seamless Tshirt Bras Sports Bra Bralette Basic Comfortable Fit Womenswear Everyday Up to 44DD Summervibes,1729532326804361713,$77.94,NEW Pick a Scent: Ultra-Concentrated Perfume Mist,1731114039936193022,$21.95
bryttani_mingo,Beauty & Personal Care,$474.45,Toys & Hobbies,$134.64,"TYMO ROVY COMPACT - 1-Inch Deep Wave Hair Crimper and Curling Wand, Negative-Ionic Ceramic Styling Tool for Smooth Hollywood and Mermaid Waves, Dual Voltage, Lightweight, Anti-Frizz, Travel Friendly,dorm essentials",1729442199827812830,$336.69,"Race Track Car Vehicles Toy Set for Kids - Colorful Cars, Durable Materials, Suitable for Ages 3-4 Years, Non-Toxic, Easy to Assemble",1729392834399671197,$134.64,"Wavytalk Multifunctional Ionic Blow Dryer Kit | 1875W Powerful Dryer, Ceramic Coating Heat Damage Protection, Diffuser, Styling Comb, Lightweight Quiet Hair Tool for All Hairstyles, Multifunctional Hair Dryer, Hair Dryer Kit",1729388492356489368,$66.44,"Wavytalk Turblow Pro Fast Drying Hair Dryer - 110,000 RPM Brushless Motor | High Speed Fast Drying, Frizz Control & Smoothing, 3 Speeds & 3 Temps, Negative Ions for Against Heat Damage",1729466510849446040,$49.79,"[Dear Klairs Official] EGF Depuff & Cooling Set | Blue Youth Activating Drop + Blue EGF Calming Mist + Blue Caffeine Full Cover Eye Patch | EGF Morning care, Korean Skincare",1732493922505495295,$21.53
btbeautyx,Beauty & Personal Care,"$2,421.65",Furniture,$143.97,"Brightup 5 in 1 Air Styler, Hairstyle, Automatic Hair Curling Iron with Detachable Brush Head, Blow-Dry,Straightening Wrap  Negative Ions Ergonomic Rose Gold,dorm essentials tiktokshopbacktoschool,back to school,back to school haul",1729478886449255048,"$1,915.74","GuruNanda Retainer & Denture Cleaning Pod with UV for Dentures, Retainers, Mouthguards with One Touch Timer Lightweight Daily",1730721120930205959,$246.30,"Ergonomic Home Office Chair - High Back Reclining Mesh Material Desk Chair with 360-Degree Swivel Rolling Base, Adjustable Headrest (Footrest Optional), Reclining Office Chair",1729550655709549029,$143.97,"Desk Fan, Portable USB Rechargeable Fan, 180° Tilt Folding Cooling Personal Fan With Power Display, 5 Speeds Adjustable Ultra-quiet Table Fan for Desktop, Home, Travel",1729465510140482043,$124.70,Genleck Women Crossover High Waisted Jeans Shorts Stretchy Casual Denim Shorts Boyfriend Summer Womenswear Streetwear Bottom Fit Ripped Style Chic,1729403573225099377,$70.46
button.n.bangle,Beauty & Personal Care,"$1,116.64",Pet Supplies,$97.47,"[medicube] Kojic Acid Golden Glow & Radiance Full SET | Turmeric, Niacinamide, Vitamin C, Korean Skincare",1731332437628129515,$213.50,"[NEW] [medicube] Gatekeeping My Real Age Set | 5-step Longevity, Anti- Aging Routine l PDRN & Volufiline & Collagen & NAD+ EGF Complex l Cares for Look of Fine Lines, Firming Care, Radiant & Youthful Looking, Plumping | Korean Skincare, K-Beauty",1732363645554692331,$132.14,"PETLIBRO Automatic Cat Feeder, Refrigerated wet food dispenser with WiFi control, 3 days freshness, 3 timed meals,  quick cooling Feeding",1729470851761017331,$97.47,"[medicube] Smooth & Clear Body Care Set | Hypochlorous Acid Body Peel Shot, Kojic Acid Turmeric Body Wash, Toner Pad, Toner, Mist | Exfoliating for Dead Skin Cells & Excess Sebum & Clearing for After Spots, Texture & Uneven Skin Tone | K-Beauty",1732052189676081387,$73.99,"[NEW] [medicube] PDRN Pink Collagen Jelly Eye Mask | Hydrogel Eye Patches with PDRN, Collagen, NAD | Refreshing for Puffy, Tired Eyes | Firming for Look of Wrinkles, Fine Lines | Korean Skincare (6/28/50 Pairs)",1732397931521020139,$72.54
by.bren2,Womenswear & Underwear,$522.69,Kids' Fashion,$277.89,Hanes Ecosmart Boys' Tank 5-pack Underwear Multi Pack Comfortable Fit Soft Stretch Fabric Breathable Brlta5,1731045157806380004,$277.89,"klassy Ribbed Dainty Boat Neck Brami - Casual Top for Women, Stretchy Fabric, Essential Womenswear",1729532610105348133,$200.73,FAIABLE Men´s Hoodies Unisex Oversized Zip-Up Hoodie for Women Plain Acid Wash Long Sleeve Pullover Basic Minimalist Tops Heavyweight Fleeced Cotton Zipper Hoodie Vintage Casual Menswear Sweatshirts,1729773126172578149,$170.97,ANRABESS  Womens Crochet Swimsuit Beach Cover Up 2026 Sleeveless Mesh Knit Bathing Suit Swim Coverups Mini Dress,1729498649558487369,$77.98,"Cider Women's Sleeveless Minimalist Square Neck Solid Bowknot Mini Dress, Size 0-26, Lady's Casual Womenswear SohoChic",1730099040780456023,$67.86
calebrichhh,Beauty & Personal Care,"$4,944.43",Home Supplies,$660.00,"Lumiellé Glass Skin Liquid Exfoliant with Salicylic Acid (BHA) | Pore Minimizing, Skin Resurfacing & Brightening Treatment for Smooth, Clear, Glowing Skin",1729399294440607900,"$2,289.51","[Biodance Official] Rejuvenating Caviar PDRN Serum | Skin-Boosting Serum, Targeted Serum for Loss of Elasticity, Fine Lines, Weakened Skin Barrier, Rough Texture & Radiance, Korea Skincare",1732490035808080650,"$1,481.53","Hinoki Fantôme Magnum - 27oz Candle - Cardamom, Hinoki + Smoked Amber",1729472102088282744,$660.00,"304 Stainless Steel Gua Sha Facial Tools. Comfort Guasha Tool for Face or Body Massage. Relieve Tensions and Reduce Redness Skin Care Tool for Body Treatment, Metal Beauty Essentials mothersdaygift,beachoutfits,travel essentials",1730204030341845076,$336.28,Self-Tanning - Milky Essence,1732314195951063680,$252.97
candidly.betsy,Home Supplies,"$10,685.14",Toys & Hobbies,"$1,357.43","Halloween Cute Scary Ghost Maruko Squishy Squeeze Toy Set, Mini Portable Stress Toy, Sensory Products for Halloween Things, Party Treat Bag Fillers & Mini Gifts",1732478987179168329,"$7,045.58","Authentic RMS Mystery Dumpling Surprise Mix 3-Pack – Original Dumpling Squishy Fidget Toys in sealed Steamer Baskets, Random Assortment, Editions & Styles May Vary, Duplicates Possible, Ages 3+",1732533196074554117,$660.95,"8-Pack Halloween Malt Sugar Slow Rebound Squishy Stress Relief Fidget Toy Gift Box - Spooky Sensory Bundle with 8 Assorted Horror Themes Designs, Ideal for Halloween Themed Parties, Birthdays",1732521622061879627,$632.14,"Glitter Dumpling Squishy Toy, Colorful Stress Relief Ball, Soft Squeeze Decompression Toy, Stress Relaxation Gift for Adults",1732411755099230793,$626.38,"Scary Ghost Eyes Dumpling Stress Balls - Slow Rebound Stress Ball for Relaxation, Halloween Party Favor, Festive Gift",1732477891746631968,$460.73
carlosesparza,Menswear & Underwear,"$2,136.49",Fashion Accessories,$866.47,"AELFRIC EDEN Men's Gothic Streetwear Sweatpants - Baggy Barrel Leg Athleisure Joggers with Blade Graphic, Drawstring Waist, Fashion Apparel, Mens Clothing, Clothes, Trending Graphic Clothing, Trending Clothes, Men's Wear, Vintage Clothing",1732253469021737570,$697.71,"1pc Original S-Type Closed Metal Authentic Zinc Alloy Keychain For Bags Pendant, High-End Design Bag Accessory Purse Accessories, Spring Snap Head Waist Belt Buckle Decoration",1732145970139599644,$513.15,"Aelfric Eden Patchwork Distressed Baggy Wide-Leg Jeans with Pockets Soft Denim Casual Streetwear Vintage Y2K Pantstressed Pants,clothes for back to school,first day of school outfits",1731311857230516834,$317.29,"VICTORIOUS TERRA Men's Baggy Fit Raw Denim Jeans, 5-Pocket Streetwear Style in Breathable Stretch Cotton, Fabric, Soft, Stylish, Casual, Classic, Menswear, Hem",1729641487396475528,$270.96,12 Pairs Cushion Quarter Socks with Arch Support Cotton Unisex Athletic Sports Workout Running Comfort Sweat-absorbing Anti-Slip Comfy Value Pack,1730378720246206862,$189.25
carlymanninggg,Beauty & Personal Care,$384.71,,,"tarte BB blur tinted moisturizer SPF 30 - instantly brightens, hydrates & smooths your skin",1729584174847071164,$190.00,tarte Big Stick Energy duo – shape tape concealer stick & brush,1730956811325510588,$88.78,On 'Til Dawn Bronze Veil Waterproof Setting Spray,1732455657267630903,$39.95,DR.DENT Purple Mouthwash - Sachets 20 Pack - Peroxide-Free - Alcohol Free - Vegan Mint,1732294339991933438,$33.98,tarte colored clay CC undereye corrector,1729734769623929788,$32.00
caro_manning,Phones & Electronics,"$15,267.00",Beauty & Personal Care,"$8,659.85","SHOKZ OpenRun Open-Ear Bluetooth Bone Conduction Sport Headphones - Electronic Audio Device, Waterproof Wireless Headphones with Built-in Mic for Workouts, Running, Sweat Resistance, Running Wireless Headset",1729658080504484442,"$8,298.40","SHOKZ OpenRun Pro 2 High Quality Headphones - Open Ear Earphones with Bone Conduction Tech, Sweat-Resistant Sports Headset for Workouts, Deep Bass Audio & Smart Mic, Gym,back to school,back to school haul",1729658353063203418,"$5,205.57","tarte BB blur tinted moisturizer SPF 30 - instantly brightens, hydrates & smooths your skin",1729584174847071164,"$4,743.71",tarte colored clay CC undereye corrector,1729734769623929788,"$2,812.33",JLab GO Sport+ True Wireless Earbuds with Integrated Charging Case 35+ Hour Playtime 3 EQ Sound Settings IPX4 Bluetooth 5.3 Cable Rechargeable Headphones Audio - Electronic,1729397398907556513,$945.97
carringtonchronicles,Beauty & Personal Care,$84.86,,,Color Correcting Green Cream,1729450328983703644,$39.56,Her Fantasy Box - Boric Acid pH Balancing Vaginal Suppository (30 Count),1731105378213794694,$31.36,"Ice Face Roller, DIY Face Massage Roller, Soothing Facial Ice Roller for Face, Eyes & Joints, Ice Compress Skin Care Tool for Women & Men, Facial Care Tools, Beauty Tools, Home Beauty Tool, Lightweight",1729386004900778522,$13.94,,,,,,
cassycass00,Beauty & Personal Care,"$24,558.90",Menswear & Underwear,"$5,721.47",tarte summer skin essentials - CC color-correcting tinted serum + creaseless setting powder,1732422500087993276,"$12,819.34","Gywwn Ear Cleaner Electric Ear Cleaning Kit with 2-in-1 Integrated Waste Tank - Rechargeable Earwax Removal Tool with 4 Pressure Settings, IP67 Waterproof Irrigation System, Ear Wax Earwax Removal Products, Soothing Earwax Removal Products",1731065506959561622,"$9,085.19",Mystery Item!,1732530553560994257,"$5,035.69","【New Arrival】Vtopmart 2-6 Pack 4.5 Qt Board Game Storage with Handle and Snap-Tight Latch Lid, Craft Organizer Box Fit 12"" x 12"" Papers, Stackable Clear Storage Box for Art Supply Storage, Paper Storage, Puzzle Storage fathersdaygift, DealsForYouDays",1732387465896694342,"$1,530.04","[ELROEL Official Store] ELROEL Blanc Cover Cream Stick V White - Korean Color-Changing Foundation Stick with Volufiline - Medium to Full Coverage Dewy Finish Base Makeup - Dual-Ended with Detachable Brush (13g, 0.04 oz)",1732244344172417451,$945.08
cassymedwards_,Beauty & Personal Care,"$10,091.44",,,tarte sculpt tape & blush tape duo - blush and bronzer,1729417067781002172,"$1,973.57","COVERGIRL TruBlend Skin Enhancer Baked Luminous Finishing Makeup Powder - Hyaluronic Acid Blur Powder with Pore Smoothing, Ultra-Fine Pigment",1732356199721439998,"$1,697.31",tarte smolderEYES shadow liner duo,1731479846982685628,"$1,604.42",tarte shape tape dab & go hair concealer,1732404473502667708,$516.09,Glamnetic Spells & Sparkles Press-On Nail Collection,1732537256634782382,$377.02
cheerockafellaa,Fashion Accessories,$625.31,Menswear & Underwear,$57.51,【Hot Sale】VIPbeauty Half Wig Human Hair 200 Density Burmese Curly Half Wig Spiral Curly Ends 3 In 1 Seamless Flip Over Glueless Wigs Human Hair with Drawstring Beginner Friendly Curly Wig Headband Wig for Women Daily Wear,1730723192437445202,$332.17,Jessie's Wig [Julia] 13X5 Highlight Honey Blonde Pre Cut Lace Front Wig With Bangs Black Color Brown Color  Human Hair Lace Front Wigs  #SummerWins #DealsForYouDays,1729387107472085547,$169.99,Straight 13x6 Lace Front Wigs Human Hair for Women 180% Pre Plucked Straight & Body Wave HD Lace Frontal Wigs Natural Black Color Medium Cap Size 22.5inch Glueless Wig,1731565010075292117,$123.15,"Sopula Studio Men's Cowboy Style Menswear Vest - Streetwear Sleeveless Casual Retro Graphic, Diamond-Stitched Tie-Front Western Boho Tank Top, Tie Front Tank, Holiday, Streetwear Clothing, Western Motif, Fitted, Hot Diamonds, Retro Western Look",1732355813731963363,$57.51,"Bikini Pain-Free Hair Removal Cream for Sensitive Skin, Hypoallergenic Formula-Gentle & Fast-Acting Depilatory with Citrus Scent, Aloe & Hyaluronic Acid for Soothing Care, Suitable for Men & Women",1731625997827871273,$41.26
chelsleebmoney,Phones & Electronics,"$9,993.19",Beauty & Personal Care,"$5,185.17","SHOKZ OpenRun Pro 2 High Quality Headphones - Open Ear Earphones with Bone Conduction Tech, Sweat-Resistant Sports Headset for Workouts, Deep Bass Audio & Smart Mic, Gym,back to school,back to school haul",1729658353063203418,"$6,407.97",Sunny Side Up Marvel Spidey & His Amazing Friends Throw Blanket,1731636411001573839,"$1,699.37","HULALA HOME Baggio Modern Electric Height Adjustable Desk with Storage, 3 Soft-Close Drawers, Dual Cabinets & Cable Management, Slatted Design Workstation for Home Office, Study Room, Professional Workspace",1730713059303788825,"$1,389.20","JLab JBuds Lux ANC Wireless Bluetooth Noise Cancelling Headphones with Mics, Adjustable Over-Ear Design, Custom EQ, Be Aware Safety Mode, Foldable, Wired Charging Cable, Compatible with iPhone/Android Devices (Tools and Gadgets, Mens Gifts)",1729430076387136161,"$1,306.54","Sweetcrispy LED Lighted Vanity Mirror - Adjustable Lighted, 3 Dimmable Color Modes, Touch Screen Control, Square White Modern Home Decor Item for Aesthetic Room & Bathroom Supplies, Adjustable Lighted Mirror, Modern Mirror",1731633881696866841,"$1,052.27"
christinaliddo,Womenswear & Underwear,$332.11,Textiles & Soft Furnishings,$137.79,"Comfort Colors 90s Bears Halloween Shirt, Trick or Treat Tee, Haunted House Graphic T-Shirt, Pumpkin Lover Spooky Season Gift",1732482339623899522,$165.56,Casaluna Square Heavyweight Linen-Polyester-Rayon Blend Decorative Cushion - Warm Throw Pillow,1732450557468644337,$79.53,EMMIOL Women Oversized Denim Shirt Jacket Long Sleeve Button Down Distressed Vintage Blue Jean Jacket Streetwear Summer Vibes【Back to School】,1731788310381236964,$38.99,"Chouyatou Barrel Jeans Women Wide Leg Cropped Jeans Y2k Mid Rise Baggy Jeans Boyfriend Denim Pants Harem Pants Vintage Breathable SpringStatements Womenswear High Waist,back to school shopping",1730287933715026313,$37.30,Glamnetic Short Oval Press On Nail Collection,1731140553728168622,$33.86
christylong40,Beauty & Personal Care,"$9,596.42",Home Supplies,"$3,347.89",Lenox 6-Piece Sparkle & Scroll Ornament Set,1731869840880079815,"$2,858.92",SKINN Cosmetics DermAppeal Microdermabrasion BeautyTreatment w/ V5 Crystal Technology Facial Exfoliate Tube - Powerful Microdermabrasion Skincare Treatment for All Skin Types Brightening Exfoliating Moisturizing Chemical Exfoliant,1729440536764911793,"$2,515.39",10 Strawberry Street Platter Merry Morsels Platter,1732099737067295687,"$1,390.67",GOPURE Sculpt & Tone Arm Cream with 7% ProTight Firming Complex & Ashwagandha Root Extract Daily Hydrating Moisturizer for Loose Skin Repair,1729627852169646489,"$1,216.48","GOPURE Firming Butt & Thigh Cream - Nourishing Hydrating Bodybutter for Stretch Marks & Dimpled Texture - Clinically Tested, Dermatologist Recommended, Cruelty-Free",1730896729453531545,$744.62
colleen_fusco,Beauty & Personal Care,"$10,649.76",Womenswear & Underwear,$504.95,"[NEW] Fluff & Snatch Brow Powder Pen, 24H Wear, Cream To Powder Eyebrow, Transfer-Resistant Formula, NYX Professional Makeup",1732313729432392008,"$1,866.40",BellaVita Luxury Colleen Perfume - Eau de Parfum 100ml - In Your Element with Colleen Highly Fragrant Daily Summer Fragrance,1732253917108081590,"$1,332.80","[NEW]:  Peel Off Liner Lip Stain, Up to 24H, Tattoo-like Wear, Maybelline New York",1732356123453198994,"$1,323.05",sacheu Lip Liner STAY-N - Peel-Off Lip Liner Stain - All Day & Night Lip Liner with Hyaluronic Acid & Vitamin E - Long Lasting Formula - 0.12 fl oz / 3.5 ml,1729385088934777631,"$1,075.29",Soft Pinch Lip Oil Stick,1732457042637722153,$824.68
creatorsalley,Furniture,$82.51,Beauty & Personal Care,$40.95,"Raybee Furniture 57""H 16 Drawer White Dresser with Wooden Top, Modern Tall Dresser for Bedroom & Chests of Drawers, Large Capacity Storage Cabinets for Bedrooms, Living Room, Entryways",1729436108344758810,$82.51,"Silent Melody – Vanilla Gourmand Extrait de Parfum | Vanilla Caviar, Lavender & Cacao | Feminine Fragrance",1730679979726902171,$40.95,"30 Inch Long Claw in Ponytail Extension, Natural Fluffy Loose Wavy Wave Synthetic Extensions, Synthetic Hairpiece for Daily & Party Use, Wavy Ponytailwig Hairstyle, Hair Weave Wig, Loose Wave Bundles",1730889499626148144,$33.42,,,,,,
deniece0110,Womenswear & Underwear,"$50,943.89",Shoes,"$21,724.65","Women's Striped/rhombus/leaf/dot Cloud Handbag, Clip Closure Crossbody Bag, Lightweight Foldable for Daily Use, Gifts for Friends and Valentine's Day",1732227985172828427,"$13,724.77",YeeZaa Rollneck Knitted Sweater for Women 2026  Fashion Fall Winter Casual Soft Chunky Cotton Long Sleeve  Crochet Knit Oversized Crewneck Pullover Top Transitional Fall Look Office Outfit,1732493923192246316,"$10,349.00",Tanming  Womens Linen Pants Casual Capri Baggy Wide Leg Trousers Palazzo Pants Beach Vacation Fall Outfits,1732454056617349267,"$7,654.79","Blowfish Malibu Womens Venice 2 Fashion Boot, Design, Walking Shoes, Decor, Women's Fashion, Shoes For Women, Boot Heels, Modern Boot",1732425400994468545,"$5,516.03",Cushionaire Missy Mary Jane Ballet Flats for Women | Breathable Lightweight Women's Flats with Adjustable Buckle and Cushioned Memory Foam,1732493559329166204,"$4,217.70"
diaryofamaterialgurl,Beauty & Personal Care,$179.17,Fashion Accessories,$174.43,Studs Marquise Dangle Connector Chain,1732396824986555056,$168.77,"Athlefit Women's Wedge Sandals, Dressy Square Toe Thong Slip On Flip Flops with a Cushioned Low 2.4-Inch Heel for Summer Parties, Black Sandal, Flipflop, Casual Outdoor Sandals tiktokshopbacktoschool,back to school,back to school haul",1732218838576042516,$158.99,"MANSCAPED® The Dome Shaver™ PRO Head Shaver for Bald Men – Five Rotary Blade Design with SkinSafe® & FlexAdjust Technology for Smooth Shave, Waterproof, USB-C & Wireless Charging Compatible with Travel Lock",1729566362829033702,$107.99,Makenzie Pant Set - Black,1730026311673746280,$34.98,AOA Dewy Blend Foundation,1729484640410439825,$34.61
digitaljinxy,Beauty & Personal Care,"$214,578.32",Home Supplies,"$5,773.27","Bella Vita Luxury's Honey Oud | Eau de Parfum 100ml (3.4 fl oz) | Patchouli, Vanilla, Bergamot | Floral & Spicy | Made with Clean & Vegan Essentials Oils | Cruelty Free Fragrance Perfume",1729413742968869814,"$135,125.39",Voyage Nova | Rosey Fruity Floral | Extrait De Parfum 50ml/100ml | Long Lasting Luxury Fragrance | Daily women's perfume Alluring Summervibes sohochic,1732263142232921043,"$27,640.89","BellaVita Luxury's CEO Man Eau De Parfum 100ml (3.38 Fl.oz) | Lemon, Lavender, Tonka & Agarwood | Long Lasting Perfume for Men | Vegan Perfume | Perfect Gift for Men",1729413705690223542,"$23,420.96","Bellavita Luxury Honey Oud Intense Eau De Parfum | Long-Lasting Unisex Perfume | 100 ml | Honey, Oud, Vanilla & Amber Fragrance | Rich Oriental Woody Perfume for Men & Women",1732467470293570486,"$11,810.06",Reliant Pet Mouse Repellent Pouches - Rodent Repellent Made in USA (12 Pouches) - Keep Rodents Out of Cars - Mouse Deterrents with Peppermint Oil,1729662519422718968,"$5,473.61"
dinakxoxo,Sports & Outdoor,"$3,361.38",Womenswear & Underwear,"$1,522.16",Halara One Shoulder Long Sleeve Thumb Hole Curved Hem High Low Quick Dry Yoga Sports Top-Built-in Bra,1731918375289458980,"$2,364.24","Squishy Cheese Block - Yellow, moldable fidget Toy with Squeeze Feature, Ideal for Play and Relaxation Giant Cheese Squishy Moldable Non-Rebound & Slow Rebound Fidget Toy| Viral ASMR Stress Ball Glutinous",1732443188156207689,"$1,336.19",〖Summer Vibes〗3 PCS Retro Oval Sunglasses for Women Chic Cat Eye 90s Sunnies Lightweight Narrow Shades Trendy UV Protection Sunglasses Vintage Rich Girl Sunglasses Women Sunglasseswomen,1731169892210610297,$963.64,Halara One Shoulder Long Sleeve Thumb Hole Ruched Yoga Sports Top,1731821865584398628,$745.01,H&M Fine-knit one-shoulder top,1732417424863760689,$404.77
ellencherry_,Womenswear & Underwear,"$2,516.06",Menswear & Underwear,$615.69,"3 pack sports shorts, breathable running exercise, workouts, and everyday casual Seven quarter pants",1729482331289785797,$615.69,"Inno Mint Women's High Waisted Booty Lifting Shorts, 4-Way Stretchy Nylon Spandex with BBL Effect for Gym Workouts, Gym Clothes Women, Elastic Waist Shorts, Active, Yoga",1732309284824846435,$492.43,Tanming  Womens Linen Pants Casual Capri Baggy Wide Leg Trousers Palazzo Pants Beach Vacation Fall Outfits,1732454056617349267,$403.03,"EVALESS Women's High Waisted Shorts Jean Stretchy Casual Fashion Trendy Double Button Fly Denim Shorts  Deals For You Days summer outfits,back to school shopping,clothes for back to school,first day of school outfits",1732327405008228514,$357.77,"Hanes Originals Comfywear Women's Pajamas Set, Sleep Top & Shorts, Loungewear",1732287349150553060,$306.49
emileys.drafts,Beauty & Personal Care,$975.34,Womenswear & Underwear,$33.00,"Soft by Al-Rehab EDP Spray, 35ml",1729409282815661014,$224.38,"Lattafa Yara Women's Perfume, 3.4oz(100ml) Oriental Mix Fragrance, Fresh Long-Lasting Perfumes for Women with Tropical, Fruity & Vanilla Bean Notes, Fragrances",1729392338954654602,$211.05,NuDerma Clinical High Frequency Wand with Fusion Neon-Argon Applicators Anti-Aging Anti-Acne by Pure Daily Care  Facial Beauty Instrument,1729401883679232365,$99.99,NuDerma Professional High Frequency Wand by Pure Daily Care with Argon & Neon Applicators Anti-Aging and Anti-Acne,1729401883758137709,$80.95,(2pc Bundle Pack) 35ml Soft + 50ml Choco Musk - Perfume Spray by Al-Rehab,1729487820513121238,$59.16
errrcat,Womenswear & Underwear,"$71,716.69",Beauty & Personal Care,$343.90,Lacsper Daisy Floral Lace Minimizer Bra Unlined Unpadded Full Coverage Plus Size Underwire Breathable Mesh Cup Comfort Support for Women,1731589895165612280,"$28,651.00",HSIA Mermaid Scales Sexy Lace Plus Size Unlined Underwire Bra for Women Full Coverage Minimizer Bra Lifting Daily Large Bust Bras Lightweight Breathable Comfort Back Smoothing Bra,1729413206647607494,"$6,943.49",Lacsper Daisy Floral Lace Comfort Bra Plus Size Minimizer Full Coverage Underwire Supportive Under Band Non-Padded Unlined,1729488258047710456,"$6,370.58",HSIA Seraphina Air Light Breathable Sheer Mesh Halter Bra Plus Size Summer Unlined Full Coverage Bra Underwire Support Non Padded Bra Lightweight Convertible Multiway 5-Way Wear Front Adjustable Detachable Straps Comfort Everyday Womenswear,1731847863188230342,"$3,785.90",HSIA Enchante Floral Lace Plus Size Underwire Unlined Unpadded Minimizer Full Coverage Bra Women's Wear Comfortable Breathable Mesh Cup,1729416814995542214,"$3,262.79"
everydayaudur,Textiles & Soft Furnishings,$154.53,Womenswear & Underwear,$114.96,Zulay Kitchen Cozy Throw Blanket for Lounging with Gift Box,1729408004716859453,$154.53,"SNOWY Sticky Inserts - Instant Lift & Boost, Washable & Reusable, Outfit Enhancer",1729420460993712801,$114.96,"TIMETOME Reusable Grooved Handwriting Workbook for Kids, Learning Materials, 6 Books–Early Elementary, Covers Math, Words, Drawing –Gift for Children Preschool Alphabet Tool Classroom Supplies，summer learning workbook,back to school,back to school haul",1731199102360326543,$68.28,"Timetome Reusable Grooved Handwriting Workbook Set (6 Books, 10.2×7.2 inches, 5 Auto-Disappearing Refills) - Kids' Early Elementary Study Materials for Number, Alphabet, Math, Words, Drawing - Child Gift, Magic Ink,back to school,back to school haul",1729556260011413903,$42.66,"Women's Solid Sports Bra Pack, Quick-Drying Breathable Comfortable Crop Cami Top for Yoga Gym Workout Running, Ladies Sportswear for Indoor and Outdoor Wear, Women Workout Clothes, Workout Bras, Sporty Bra, Summer Athletic Wear, Exercise Bra",1729475862124794024,$41.25
ez.influence,Beauty & Personal Care,$246.64,Womenswear & Underwear,$66.55,"[KNEMO Official] LipLock Duo - Vegan Rose PDRN, Carrot Collagen, & Pillow Peptides - Long Lasting Hydrating Plumping Glossy Mask - 15 mL in Peach Muse, Grape Crush, Pink Flan, Crystal Clear",1731320855693791687,$129.43,Honeylove SuperPower Short - Level 5 Maximum Compression Shapewear,1732150410088911260,$66.55,Viking Revolution Beard Filling Pen 2-Pack with Brush Waterproof Long-Lasting for Men Includes 4 Replacement Tips Black Brown Light Reddish Brown,1730764087641150064,$48.95,tarte colored clay CC undereye corrector,1729734769623929788,$27.20,"Ceramide Ato 6.0 Top-to-Toe Bodywash - Fragrance-Free, Baby-Safe, Intimate Care Safe, Gentle Sensitive, Vegan Certified, Premium Body Wash, Barrier Repair, Low Acidic pH, Eczema-Prone Adults 16.9 fl oz (500ml) Cleansing Shampoo",1732328275479466335,$26.99
findingbestdeals,Beauty & Personal Care,"$17,445.70",Computers & Office Equipment,"$1,123.32",Lassi Lips Matte Blur Lip Stain,1732525382627726132,"$5,351.33",BellaVita Luxury's Too Sweet Too Sexy | 2x100ml Perfumes | Honey Oud & White Oud | Perfume for Men & Women | Long Lasting | Eau De Parfum | Super Brand Day Exclusive,1729914551358952374,"$3,911.87",Bellavita Luxury White Oud Eau De Parfum 100ML | Elegant Unisex Perfume for Women & Men | Fresh Spicy Oud Fragrance | Long Lasting Luxury Scent | Women Perfume Gift Set,1729413119628710838,"$1,459.82","[Laka] Magic Lip Fixer — 2-Min Transfer-Proof Glow Lip Top Coat with Lightweight, Non-Sticky Hydration",1732480894978592873,"$1,320.24","Your Way Matte Blur Lip Stain Trio - Ultra-blurring, Longwear up to 8 hours, Moisturizing Lip Stain with Soft-Focus Matte Finish, Bundle & Save",1732535410604217140,"$1,201.31"
foodfashionfun12,Food & Beverages,"$2,069.71",Beauty & Personal Care,$376.68,6 Pack - Drizzilicious Lemon Cake Mini Rice Cakes - New Flavor,1732273380351316759,$288.65,"Upline Instant Loaded Tea Mix - Single Pack Multi Flavor, High Caffeine Content, Low Calorie, Low Carb, Sugar-Free, Aspartame-Free, Lightly Carbonated",1730095662343492362,$217.90,Daily Hydration Glass Bottle,1729507512389243913,$214.74,NEW! 6 Pack Drizzilicious Apple Pie Mini Rice Cakes  - 4oz Bags,1732495605783171863,$210.81,Liquid I.V. Hydration Multiplier - Grillo's Pickles - Hydration Powder Packets | Electrolyte Powder Drink Mix | Convenient Single-Serving Sticks | 8 Vitamins & Nutrients | 2 Pack (20 Servings),1732313903461273815,$173.88
gabbrieluh,Textiles & Soft Furnishings,"$3,186.95",Womenswear & Underwear,$606.69,"Amoami Floral Washable Area Rug, Vintage Botanical Carpet, Soft Lightweight Rug, Non Slip TPR Backing, Machine Washable Indoor Rug for Living Room, Bedroom and Home Decor",1732390933638385994,"$3,186.95",Ommig Women's Parachute Wideleg Pants Baggy Y2K Elastic Waist Wide Leg Track Pants Trousers Casual,1729585507777548858,$222.93,"Clear Acrylic Stackable Storage Box – 13 Drawers or 26 Drawers Bundle – Dustproof for Bathroom, Vanity, Pantry, Office, Laundry",1732415277732761833,$178.03,"Derma Roller for Face, Beard, and Hair, Titanium Needles - Ideal for Personal Skincare and Hair Care, Suitable for Men and Women Comfort Dermaroller Alternative Home Spa Equipment Double Chin Reducer Body Care",1729581040733622489,$153.61,"6-In-1 Bamboo Kitchen Drawer Organizer with Cutter - Drawer-Ready Order Holder for Gal, Qt, Sandwich, Snack Food Storage Bags, Plastic Wrap, Foil",1732445029302505779,$121.47
grayson.finks,Womenswear & Underwear,"$22,589.93",Luggage & Bags,"$21,486.74","Women's Striped/rhombus/leaf/dot Cloud Handbag, Clip Closure Crossbody Bag, Lightweight Foldable for Daily Use, Gifts for Friends and Valentine's Day",1732227985172828427,"$21,381.36",LikeMyChoice Boho Short-Sleeve Shirt & Wide-Leg Pants Luxury Resort Wear 2-Piece Outfit Satin Fabric Women's Lounge Set for Vacation Vibe Clothes Suits,1732364275747950749,"$4,348.89","Women Vintage Camo Print Drawstring Waist Capri Cargo Bermuda Shorts, Multi Flap Side Pocket Loose Baggy Calf Length Utility Cropped Pants, Adjustable Ankle Tie Cuff Wide Leg Camouflage",1732455339904897293,"$3,776.25",SCUSTY Women’s Lightweight Fleece Pullover Jacket Cropped Fall Winter Fuzzy Sherpa Jacket Sweatshirt Coat with Pockets,1729630973397078259,"$1,700.28",Comfrt | Dreamday Plush Robe | Ultra-Soft Unisex Plush Robe With Deep Pockets Flattering Fit Indulgent Robe,1732274801306669955,"$1,512.31"
hanaisfinechina,Womenswear & Underwear,"$33,614.22",Beauty & Personal Care,"$2,488.98",LUCKMEEY Womens Strapless Front Closure Bra Push Up Lift Bra Padded Add Cup Non Slip  Anti-Slip Grip & Removable Straps Fit Outfits Wireless Supportive  Seamless Comfortable,1732282937141662165,"$25,526.88",tarte colored clay CC undereye corrector,1729734769623929788,"$1,882.83",BOOMBA Magic Padded Sticky Bra - Patented Sticky Fashion Bra Inserts,1729459877607019435,"$1,848.06",LUCKMEEY Womens Strapless Front Closure Bra Push Up Lift Bra Padded Add Cup Non Slip Anti-Slip Grip Wireless Supportive  Seamless Comfortable Tube Jelly Bra A B C Cup Spandex,1732453577414382037,"$1,353.27","Comfortable Breathable Women's Low Waist Thongs, Low Rise Underwear, 7/12/16/21 Pack, Daily Casual Underwear, Casual Fitted Underwear, Plain Pattern, All Seasons, Casual Comfy Panties, Breathable Panty",1729619782475289214,$977.77
happyhealthyabbie,Home Supplies,$220.42,Health,$64.39,"Sima Japanese Hexagon Silver Ion Antibacterial Bath Tool - 47 in Bamboo Charcoal Fiber Back Loofah, Body Scrubber, Extreme Lather Exfoliating Cleaning Sponge for Deep Clean, Smooth Skin, All Skin Types",1729444042329723095,$220.42,She’s Thirsty Trio Bundle - Legendairy Milk - Coconut Water Electrolytes Mix - No Sugar Added - 3-Pack - Hydration,1729654813919973620,$64.39,【Creator’s Pick】Halara UltraSculpt High Waisted Tummy Control Pocket Shaping Training Leggings,1729406821413261604,$48.77,Cookie Granola Variety Pack (4),1731749367316517691,$28.49,"Comfort Colors Later Gator Vintage 90s T-Shirt, Retro Style Shirt, Funny Graphic Alligator Tee, Gift For Him Or Her",1730779516893171953,$22.09
heyimdanizzo,Toys & Hobbies,$10.78,,,"Shut The Box Dice Game,2-4 Player Family Wooden Board Table Math Games for Adults and Kids, 8 Dices Classics Tabletop Version Games for Classroom,Home,Party or Pub",1729498919190369153,$10.78,,,,,,,,,,,,
hkapproved,Beauty & Personal Care,"$12,926.37",Health,"$11,006.11",Comfrt | Cloud Zip Hoodie - Mega | Soft Mega Oversized Zip Up Hoodie For Men & Women,1729417808759264131,"$7,491.19","Nello Superbalance Hormonal Support Drink Mix, 20 Travel Packets, SRI-81 Shatavari, Myo-Inositol, Rhodiola Rosea, Vitamin C, Magnesium, Theobromine, Vitamin B6/C",1729499864890250680,"$5,268.12",Sand Cloud | Cover Up,1732266221280202934,"$4,088.29","[medicube] 3-Step At-Home Spa Set - Pink / Beige ㅣMini Booster Pro Plus + Booster Facial Cleansing Device Head + Booster Face Roller HeadㅣK-beauty Facial Device for deep gentle cleansing, plump-looking appearance, puffiness, skin relaxion",1732271980883185899,"$3,906.00",Sand Cloud | Towel Bag 2 in 1,1732221346435469494,"$3,594.16"
hleigh74,Womenswear & Underwear,"$7,154.32",Sports & Outdoor,"$1,202.33","Tacvasen Women's Basic Cardigan Sweater, Lightweight Fitted Solid Knit Zip-Up with Crew Neck and Longsleeves,back to school,back to school shopping, Knitwear, Piece,clothes for back to school,first day of school outfits",1732194110400270350,"$1,794.28",Wenrine Women's Summer Mini Dress Casual Short Puff Sleeve V Neck Color Block Loose Beach A Line Dresses with Pockets,1729478358881703700,"$1,424.45",Flamingals Wash Pleated Roll Hem High Rise Straight Leg Jeans Womenswear,1732439443459641429,$955.84,Halara Flex™ High Waisted Back Side Pocket Slight Flare Work Pants,1730610175817126015,$920.94,"【ANC】Over-ear noise-canceling headphones Bluetooth-compatible Headset For Sports,Gaming tiktokshopbacktoschool,back to school,back to school haul",1732308667886965181,$742.94
honestamandafinds,Beauty & Personal Care,"$3,574.69",Household Appliances,"$2,852.79","【Deal】Office Chair, Mid Back Computer Ergonomic Mesh Desk with Larger Seat, Executive Height Adjustable Swivel Task with Lumbar Support and Armrests",1729410623605084883,"$1,798.65","Portable Mesh Nebulizer with Auto-Cleaning, Whisper-Quiet Operation & LED Interface, Rechargeable Handheld Mist Device for Adults & Kids, Rechargeable Mesh Nebulizer, Usb Rechargeable Nebulizer",1732030002800857779,"$1,741.31",Golden Girls Forever: An Unauthorized Look Behind the Lanai by Jim Colucci [Hardback Book],1729474899284955534,$843.06,1st Phorm Protein Sticks (15ct) | High-Protein Meat Sticks,1729593048476979669,$810.00,"Roborock F25 GT Cordless Lightweight Wet Dry Vacuum Cleaner - 20000Pa, Battery Powered, All-Floor Use, High-Temperature Self-Cleaning, Hot Air Drying, Edge Cleaning, Hard Floor Mop, Household Appliances #TikTokShopBackToSchool, Cordless Vacuums, Lightweig",1730801079567487324,$727.96
honeyquiche,Womenswear & Underwear,"$415,925.94",,,Eleplus 3 Pieces Lightly Lined Wireless Bras for Women Comfy Plunge T Shirt Bra Pack Style Womenswear for Everyday & Bridal Events #SummerVibes,1731831726131155211,"$100,155.65",OEAK Womens Jelly Bras Wireless Comfortable Soft Push Up Bralettes Seamless Tshirts Bras Deep V Everyday Bras,1729714461980332262,"$48,090.36",DOBREVA Women's Unlined Balconette Bra No Padded Underwire Supportive Plus Size Smooth Scoop Neck,1731395246467027235,"$42,588.57",OEAK Women Non-Slip Bandeau Bras With Comfortable Strapless Bra Seamless Wireless Tube Top Soft Wireless Bra,1731622604082024678,"$36,814.66",INLYRIC Women's Teardrop Push Up Bra Padded Supportive Underwire Add 1 Cup Seamless Tshirt Sexy Lift Up Plunge Bras Fit Foam Elastic Smooth,1732293573760028912,"$33,816.85"
iamashleyyancy,Shoes,$312.75,Sports & Outdoor,$67.09,AZALEA WANG HALINA BLACK SNAKE THIGH HIGH BOOT,1731586314527412483,$202.85,AZALEA WANG HALINA BURGUNDY CROC STILETTO BOOT,1731586436893479171,$109.90,Aleumdr Women's One Piece Swimsuit Ruffle Cutout Swimdress Tummy Control V Neck Wrap Swimwear Swimming Sport Clothing Beach SwimWeek Vacationoutfits Summerstyle,1730138223027655054,$67.09,,,,,,
its.amy.approved,Womenswear & Underwear,"$5,035.14",Fashion Accessories,$331.45,"Songling Women Mid Rise Barrel Work Trousers Elastic Back Waist Tapered Baggy Lounge Pants With Side Pockets True To Size Solid Daily Travel Bottoms, back to school shopping,clothes for back to school,first day of school outfits",1732216018534372167,"$3,246.60",Flamingals Wash Pleated Roll Hem High Rise Straight Leg Jeans Womenswear,1732439443459641429,$429.89,"Women's Printed Oblique Angle Satin Neck Scarf - Head Scarf, 59"" x 5.9"" Fashion Accessory for Bag or Hair",1730701444048523487,$312.35,Flamingals Wash Multi Pocket Mid Rise Straight Leg Jeans Women's Fashion Casual Comfort,1731476274694230101,$299.95,[Estée Lauder] Bronze Goddess Day to Night Travel Spray Duo | Day-to-Night Fragrance | Warm & Sensual | Travel Size,1732304446270444525,$282.10
itschlospamm,Womenswear & Underwear,$62.40,,,Edikted Women's Double Pleated Mini Skort - Multicolor,1729682860790223514,$62.40,,,,,,,,,,,,
itsgenise,Beauty & Personal Care,"$5,421.37",Virtual Products,"$3,199.74","PlayStation eGift Card | PS5 & PS4 Games, PS Plus, DLC & PSN Wallet Funds",1732347574006223439,"$2,999.74","AquaSonic ICON Rechargeable Travel Power Toothbrush - Oral Electric with Soft-Touch Handle, Travel Case, Smart Timers, Mint Green, ADA Approved - Dental Cleaner",1729442291598922514,"$2,102.86","Bellanomi Kiddies African Net Sponge soft texture for gentle daily cleansing, quick drying, mini size",1732223023251951793,"$1,501.54",RevAir Reverse-Air Dryer - Fastest Healthiest & Easiest Hair Drying Solution for USA & Canada Use Only 120V US/CA Smooth Hair Care with Variable Tension Settings & Internal Temperature Sensors,1731261696148934719,$348.02,"One A Day Multivitamin For Women Gummies with 1000 mcg Biotin, 170ct",1732207945768276017,$288.67
itsjesslaw,Furniture,$617.18,,,"【Ships in 2 Boxes】AMERLIFE Murphy Bed with Storage & Charging Station, Farmhouse Murphy Cabinet with Foldable Panel, Noisy Free, for Guest Bedroom, Living Room, Office #homemakeover",1729891448764404480,$617.18,,,,,,,,,,,,
itsmakenzietaylor,Sports & Outdoor,"$2,779.19",Womenswear & Underwear,"$1,087.50",【Creator’s Pick】Halara Flex DayStretch High Waisted Pocket Straight Leg Work Pants #SwimWeek,1729418999352693028,"$1,329.69",【Creator’s Pick】Halara Flex High Waisted Pocket Wide Leg Waffle Work Pants,1729408758258766116,"$1,166.99",UANEO Women's Cotton Linen Summer Palazzo Pants Flowy Wide Leg Beach Trousers with Pockets Casual Womenswear SummerVibes,1729500171796910389,$551.93,Gazelle Denim Skort Mid Wash,1729545235822318181,$257.90,BOOMBA Invisible Lift - Patented Sticky Fashion Bra Inserts Prevents Nipple Slips No Sewing Required Low Cut Tops Womenswear,1729451034361697195,$117.98
itsmekaycee77,Womenswear & Underwear,"$14,675.10",Shoes,"$13,276.60",Naturalizer Womens Tressa Flip-Flop - Medium & Wide Width,1732210623064674780,"$4,664.68",UANEO Women's Oversized Quilted Puffer Jacket Hooded Long Sleeve Lightweight Warm Coat With Pockets,1731840664031170869,"$2,835.52","Fisoew Quarter Zip Pullover Women Moisture-Wicking Oversized Sweatshirt Lightweight Workout Athletic Pullover Jacket #SummerVibes Sun Protection Jacket Gym Sweatwear Casual Sporty Top and set,clothes for back to school,first day of school outfits",1732097229565562930,"$2,435.11","Chouyatou Lady's Winter Double-Breasted Long Wool Fabric Coat - Black, Casual Notched Lapel, Thermal, Sweater-Inspired Sleeves, Basic Womenswear for Daily & Office Wear, Minimalist,back to school,back to school shopping, Solid",1731590104358097289,"$2,161.05","Women's Elegant Satin Slip-On High Heel Sandals, Open Toe Design, Perfect for Dresses, All Season Wear, Comfortable & Stylish",1731491145896006514,"$1,963.81"
izwakeup,Womenswear & Underwear,"$1,221.67",Health,$108.00,"BOOMBA Ultra Boost Inserts | Patented Sticky Fashion Bra Inserts | Increase 2 Cups | Outfit enhancer | Perfect For Dresses, Bikinis, Tops | 40+ Uses Per Pair",1729536675865924523,"$1,109.10","Loosey Goosey 3 Pack of Calming Pouches - Feel Calmer, Stay Sharper - Nicotine-Free",1730964107197256165,$108.00,"Women's Solid Wireless Sports Bra, Strappy Workout Bra, Sporty Breathable Comfortable Bra, Ladies Sportswear for Yoga Gym",1729621169378725931,$84.18,Plunge Perfection Padded Bra,1731927015181161387,$55.00,BOOMBA Invisible Lift - Patented Sticky Fashion Bra Inserts Prevents Nipple Slips No Sewing Required Low Cut Tops Womenswear,1729451034361697195,$37.58
jacobien233,Fashion Accessories,"$2,738.03",Beauty & Personal Care,"$1,828.31","2 pair Earring  18K Gold Plated Set for Men and Women. Features VVS - cut round and square gemstone earrings. These delicate, elegant and stylish accessories are for pierced ears.TikTokShopBlackFriday",1731134599855640824,"$2,562.91","Nekteck Cordless Leg Massager Recovery System (Single Leg Only), Air Compression Massage, Full Leg Boots for Circulation and Pain Relief Comfort Daily",1729850739526242733,$752.26,SHINENEOTH 2/3Pcs Breathable Skull Cap Men Beanie Do-rag Lightweight Sweat Wicking Hat Head Wrap Under Helmet Liner for Motorcycle Running Bandana Cycling,1731137226319106306,$502.82,"Be Bodywise Advanced Hair Density Roll-On Serum 25 ml | 5% Saw Palmetto, 3% Rosemary, 1% Caffeine Herbasome & 3% Fenugreek | Scalp Serum for Reduced Hair Fall | Men & Women",1730986220018765913,$477.95,"Night Light, Night Lights Plug into Wall 6-Pack, Plug in Night Light, Dusk to Dawn Nightlight Led Night Lights for Bedroom, Bathroom, Hallway Warm White Home Lighting",1731513459800576890,$402.08
jaimehillathome,Home Supplies,"$4,669.95",Pet Supplies,"$4,077.52",Comfrt Paws | Camo Hoodie | Soft Matching Camo Pet Hoodie,1730274052968649603,"$3,904.09","SONGMICS Polyester Modern Laundry Basket - 2 Sections, Easy Install, Dustproof, Water-Resistant, with Lid and Handles, Removable Inner Bags, Laundry Organizer, Home Accessory, Household Item",1731615390955115066,"$2,932.56","【Summer Sales Deals】Monbix Queen Comforter Set - 7 Pieces Cationic Dyeing Olive Green Bed in a Bag Comforter Sets with Double Sided Storage Pockets, Sheets, Pillowcases & Shams, microfiber,Reversible Bedding Comforters Sets",1731734059290890871,"$2,040.93","5 Pack Fridge Organizers and Storage - Stackable Fruit Storage Containers for Fridge with Removable Colander, BPA-Free Food Storage Container for Salad Berry Lettuce Vegetables Meat Keeper Fresh",1729625334552039750,"$1,479.58","Plastic Fake Olive Tree (7-Ft/8-Ft 8ft Statement Tree) with 16-in Round White Pot, Moss-Top, Natural Wood Trunk & Lifelike Fruit, Artificial Decoration for Home & Office Décor",1732093430867399421,"$1,443.59"
jalisasahm,Beauty & Personal Care,"$10,247.68",Fashion Accessories,"$6,527.40",PASCAL Timeless Classic Diamond Watch for Women & Men 31mm & 36mm with White Lab-Grown Diamonds Swiss Ronda 763 Quartz Movement Stainless Steel Bracelet Everyday Luxury Gift,1732063642461639260,"$6,514.80","[TikTok Exclusive Offers] HANYWIL New Upgrade Body Glitter Spray, Multi-Use for Hair, Body & Clothes, Long-Lasting Shimmer, Suitable for Stage & Festival Rave Makeup, 2.11 Fl Oz Cosmetic",1729611338809577595,"$4,664.63","Noledome Cruise Essentials 2026- Cruise Must Haves Kit with Non-Surge Protector Power Strip, Lanyard with  ID Holder, Magnetic Hooks, Luggage Tag Set, Towel Bands, Waterproof Phone Holder - Travel  Essentials,back to school shopping",1731440518098620786,"$3,816.21","Waterproof Crossbody Belt Bag with Adjustable Jacquard Strap and Touchscreen Window, Convertible Everyday Waist Pack, Crossbody Belt Bags, Everyday Beltpack, Waist Bags",1729426425034870914,"$2,188.83",Comfrt | Travel Essentials Hoodie | Soft Oversized Sweatshirt With Storage Pockets For Travel,1729485995288597379,"$1,847.91"
jaslovesreviews,Sports & Outdoor,"$4,073.74",Shoes,$330.59,"New Barefoot Magic Claw Five Finger Shoes Home Essentials Sock Shoes Multi-Purpose & Ultra-Portable Water Footwear,back to school,back to school shopping,travel essentials,camping essentials",1732415676725891077,$995.32,"Women's New Barefoot 5-Finger Durable Sock Shoes, Ultra-Portable Multi-Purpose Water Footwear for Casual Fitness & Home Use (Sports & Outdoor Dance Shoes), Five Fingers",1732381998630605152,$775.15,"Women's 5 Finger Barefoot Shoes, Cotton Split-Toe Ballet Flats with Velcro Strap, Lightweight Flexible Shoe for Yoga & Dance, Sporty Dancing Shoes, Dance Footwear,shoes for back to school,back to school shoes",1732182666256618358,$699.48,"Women's Five-Toe Shoes for Yoga and Pilates, Soft Shoes for Fitness and Sports, Suitable for Daily Exercise and Commuting",1732436233526481450,$559.65,Five-Toe Yoga Shoes Pilates Women's Sports Fitness Dance Toe-Separating Shoes Suitable for Running Fitness Yoga Pilates Sports Outdoor ballet flats Balance Breathable Technology,1732413847488598508,$293.14
jasmineashley22,Beauty & Personal Care,"$20,825.51",Womenswear & Underwear,$378.63,"INIA CURVIFY EMS Booty Lift Shorts - Multi-Mode EMS Microcurrent, Glutes Sculpting, Pelvic Floor Support, Visible Results in 2-4 Wks, Ems Microcurr.,back to school,back to school haul",1729479457563251986,"$15,632.20",[medicube] PDRN Pink Collagen Gel Mask 4 Sheets Salmon DNA Color Changing Pink Glow Collagen Facial Mask Korean Skincare,1729573439193649387,"$1,992.34","INIA TURBO All-in-One Wearable Body Sculpting Belt, 3-Engine Synergy: 1000+ RPM Vibration, Bipolar EMS, Red/NIR Light & Heat for Core Toning & Waistline Sculpting, Smart Wellness Gift for Women,back to school,back to school haul",1732374097092907282,"$1,492.43",Blackhead Remover Pore Vacuum USB Rechargeable Blackhead extractor Boyfriend Gifts Men gifts Best Gift Ideas Skin Facial Cleaning Silicone Face Cleaning   Electric Acne Removal Tool,1730289864096518527,$597.37,"HD Shatterproof Wall Mirror with Durable Metal Frame – Industrial Window Pane Design for Bathroom, Bedroom & Entryway",1732270485524680891,$213.59
jasminebrownie1,Sports & Outdoor,"$23,370.25",Household Appliances,"$6,945.84","Mini Handheld Fan with LED Display – 6-Speed Turbo Pocket Fan for Women. USB Rechargeable, High-Speed Cooling for Travel & Makeup. Perfect  Gift., Rechargeable Portable Fan, Cordless Handheld Fan",1732350027172975347,"$6,945.84",Five Finger Yoga Shoes for Women Non-Slip Five Toe Shoes for Pilates Barre & Indoor Workouts Breathable Five Finger Shoes for Women Lightweight Five Toe Shoes for Yoga Dance and Fitness Training,1732537648102674730,"$5,370.79","Nekteck  Eye Massager with Heat & Bluetooth Music, Comfort Eye Mask for Relaxation, 5 Massage Modes, 15 mins Auto-Off, Ideal Gift for Men & Women,Christmas 's Day Present",1729648953736466861,"$4,567.23","VVfivefingers Men's Cotton Cloth Dance Shoes - Lightweight, Breathable, Non-Slip Barefoot Athletic Shoes for Gym Fitness, Yoga, Outdoor & Indoor Use",1732513507935818574,"$3,210.67",Highly Motivated Stretch Bootcut Jeans - Tan,1731835467496788840,"$3,169.67"
jaxandbrynco,Beauty & Personal Care,"$31,867.51",Womenswear & Underwear,$423.70,No Limits Cream Bronzer Stick,1729385764072624843,"$4,363.50","Hydrating Lip Gloss - High Shine & Tinted, Infused with Hyaluronic Acid, Jojoba Oil & Shea Butter",1731896769144001226,"$4,039.07","Your Way Matte Blur Lip Stain Trio - Ultra-blurring, Longwear up to 8 hours, Moisturizing Lip Stain with Soft-Focus Matte Finish, Bundle & Save",1732535410604217140,"$3,315.19",tarte x FINNSUL flutter & focus set + CC undereye - FREE tartelette XL tubing brown mascara & FINNSUL electrolyte supplement,1732304102086054844,"$3,223.29","sacheu Eyeshadow STAY-N, buildable and long-lasting eye makeup, crease-proof smooth liquid eyeshadow, Tan eyeshadow palette",1731173975669838623,$886.54
jdubshopfaves,Shoes,"$20,732.71",Sports & Outdoor,"$3,997.09",Womens Alpargata Classic Toffee Textured Plaid,1732484650633695538,"$3,330.50","Crocs Adult Cafe Slippers, Fuzzy Slippers",1732480850164487102,"$2,954.94",NIKE V5 RNR Womens Shoes,1731375385380360629,"$2,350.59",Dr. Scholl's Women's Joplin Fashion Boot,1731896531264573800,"$2,130.11",Womens Carolina Mary Jane Espadrille Natural Leopard Print,1732322891451044146,"$1,911.64"
jenlashay,Luggage & Bags,"$1,241.69",Furniture,$492.64,"4 Piece Luggage Set, Expandable TSA Lock Hardshell Durable Traveling Bag Travel Suitcase Set with Double Spinner Wheels, Luggage Sets (13/20/26/28in) Gift for Back to School summervibes, vacationoutfits,beachoutfits,back to school shopping",1731417503274275134,"$1,064.44","Leopard Print 23"" Stadium Seat with Armrests",1729466611841012572,$492.64,"【Home Essentials】WARMOUNTS 5QT Chafing Dish Buffet Set, Glass Lid /Stainless steel lid 2/4/6 Pack Gold Accent Stainless Steel Chafers and Buffet Warmers Sets with Lid & Lid Holder for Parties Catering Events Weddings Banquets",1729967792943895329,$377.30,Gurunanda Kid's Water Flosser 200mL - Compact Design for Easy Use,1730664905383710983,$233.46,"BACK TO SCHOOL TEACHER BAG - Cute Canvas Tote Bag with Zipper, Christmas Gift, Teacher Appreciation Week Gift, Xmas Gift for Teacher, Graduation 13oz Teacher Bag",1730669271961080516,$142.03
jenn_lyles,Womenswear & Underwear,"$57,841.97",Sports & Outdoor,"$14,007.40",OYS Women's Elegant Sleeveless Off Shoulder Bodycon Long Formal Party Evening Dress Fabric Polyester,1729580359847875173,"$14,457.17",UANEO Women's Cotton Linen Wide Leg Pants Casual Button Up High Waisted Trousers Loose Comfy Spring Summer Womenswear SummerVibes Bohemian Bottoms Minimalist,1732327476504138037,"$8,152.20",PAVOI 14K Gold Plated Station Necklace for Women - Dainty Choker Simulated Diamond Necklace - Lightweight Womens CZ Chain Necklace,1729555020284072456,"$7,807.42",ATTRACO Women's Seamless High Neck Workout Tank Top with Built-in Bra & Removable Padding for Yoga & Gym Training,1732090036520981103,"$2,729.07",Chouyatou Women's Two-Piece Set Casual Elegant Outfit Striped Button-Down Collared Shirt and Pleated Mini Skirt,1732397426854498697,"$2,450.59"
jennababiolakis,Textiles & Soft Furnishings,$297.15,Beauty & Personal Care,$67.99,"【Summer Sales Deals】Melex Home | 5/7-Pieces microfiber Comforter Set, Modern Farmhouse Coastal Style Bedding Set with Double Sided Storage Pockets, 1 Singale-Stitch Comforter, 2 Pillowcases, 2 Shams, 1 Flat & 1 Fitted Sheet",1732363725205312119,$297.15,NuDerma Standard High Frequency Wand for Anti-Aging and Anti-Acne Neon Argon Gas by Pure Daily Care high frequency wand hair,1729404718196625773,$67.99,"Blogilates Women's Ruched Waist Leggings, Polyester, Spandex, Everyday",1732289508354397169,$33.98,,,,,,
jennamediaco,Womenswear & Underwear,$63.00,Sports & Outdoor,$42.95,Sheer Bralette,1732457560710025807,$63.00,【Creator’s Pick】Halara 2-piece SoftlyZero Airy Square Neck Backless Crisscross Cropped InstantCool Yoga Tank Top-UPF50+ & Super High Waisted InstantCool Yoga Shorts with Pockets Set,1732334422006665508,$42.95,,,,,,,,,
jon_wicki_,Food & Beverages,$139.98,Menswear & Underwear,$135.79,Farmer Protein Powder - Third Party Tested,1730763996470809114,$139.98,"MAELREG Polo Shirts for Men Dry Fit Performance Chest Print Color Block Moisture Wicking Casual Short Sleeve Golf Shirts,Contrast Color Outdoor Clothing,Gifts for Men",1730793148274282577,$95.85,Mellow Sleep | 2 CloudAlign Pillows + 2 Free Cooling Pillowcases - Ergonomic Cervical Pillow +Dual-Height Memory Foam with Cooling Pillowcase for Side Back & Stomach Sleepers Best Pillow 2025 Awarded,1732400382868623441,$81.98,"G Gradual Men's Shorts 7""/ 5""/ 9"" Lightewight Casual Shorts for Men  Hiking Golf Shorts with 3 Zipper Pockets SummerVibes #TikTokShopStockUp,travel essentials,camping essentials",1731551213001347793,$57.97,"MAELREG Men's Dopamine color Stripe Polo Shirt,  Performance Moisture Wicking Dry Fit Collared Mens Polo Shirts Short Sleeve,Top Polo Breathable Menswear Striped",1730823194801311825,$19.99
julie_trimble,Womenswear & Underwear,"$36,258.77",Sports & Outdoor,"$11,839.48",Yimoon Rugby Polo Sweater for Women Striped Collared Sweaters Shirt Long Sleeve Knit Y2K Casual Pullover Top Womenswear Soft,1732358579737891835,"$11,463.80","Fisoew Women's Fake Two Piece Layered Sweatshirt Air Layer Fabric Hoodie Crew Neck White Ribbed Cuff & Hem Patchwork Drop Shoulder Oversized Long Sleeve Pullover Top Hoodie Fit Casual,back to school,back to school shopping",1732458726424744167,"$3,154.07",YSENTO Women's Camo Cargo Pants Lightweight Hiking Pants Outdoor Quick Dry Casual Travel Sweatpants Joggers Elastic Waist Button Pockets  #Monther's DAY #summervibes #outdoorfun,1732356316412219820,"$2,623.03","HIITAVE Women's 5 Wide-Toe Lightweight Breathable Water Footwear for Swim, Beach, Yoga - Quick-Dry Barefoot Shoes for Women, Sports Outdoor Sneakers tiktokshopbacktoschool, Swimming Shoes, Pilates, Volleyball, Pool, Women's Shoes",1729436876485399187,"$1,971.27","Flamingals Solid Stitch Detail Mid Waist Baby Barrel Fit Deep Pockets Pants High Stretch 26.4"" Inseam Casual Women's Fashion Elevated Basic",1731791880565592149,"$1,848.52"
justjess111,Beauty & Personal Care,$48.46,,,Babe Original Babe Lash Renewing Serum 3ml,1730951482871812352,$29.00,"COLORLOMO Bye Bye Yellow Purple Shampoo, Sulfate-Free Hair Color Shampoo to Neutralize Brassiness for Blonde, Silver & Gray Hair, Revives Cool Tones, Sensitive Skin Safe, 350ml, Beauty Products, Silver Hair",1729503764133286653,$19.46,,,,,,,,,
justjessyxo,Womenswear & Underwear,"$80,894.18",Shoes,"$2,846.56","Chouyatou Barrel Jeans Women Wide Leg Cropped Jeans Y2k Mid Rise Baggy Jeans Boyfriend Denim Pants Harem Pants Vintage Breathable SpringStatements Womenswear High Waist,back to school shopping",1730287933715026313,"$5,029.68","Fisoew Womens Pullover Sweatshirt Soft Oversized V-Neck with a Criss Cross Wrap Hem, Long Balloon Sleeve Cropped Casual Loungewear,back to school,back to school shopping, Women's Tops And Blouses",1732416156470251751,"$4,667.78","Women's Button Front Denim Coat, Fashion Casual Outerwear, Jean Coat, Elegant Casual Long Sleeve Denim Jacket for Spring & Fall, Women's Clothing for Daily Wear",1732472525961859364,"$4,059.51","Yeokou Women's Zip Up Y2K  Short Hooded Sweatshirt Colorblock Zip Pullover Top - Stylish Cropped Fit & Comfortable Material for Casual Outings,back to school,back to school shopping",1731933607257215474,"$3,375.61",BTFBM Women's Leopard Print Long Sleeve Sweater Cardigan Loose Knit Open Front Fall Winter Outwear Coats,1729580342280033277,"$3,316.89"
kaseyas0920,Toys & Hobbies,$850.65,Textiles & Soft Furnishings,$700.59,"Boxer Gifts Overstimulated Button – Funny Mom Gifts, Gag for Coworkers or Friends, Silly Novelty for Women, Joke Present for the Easily Overwhelmed Survival Relatable",1731937449440940593,$684.83,"Funny Cow Print Flannel Throw Blanket - Fluffy Soft Blankets for Office, Cozy Setup Bedding, Rustic Decor for Living Room, Room Decor for Women, Gifts for Women Ideal for Girlfriend",1732120273123381450,$304.82,"3Pcs Streetwear Camo Cartoon Monkey Fitted Sheet Set with 2 Pillowcases, Comfy Bed Sets, Soft Comfort Deep Pocket Mattress Protector, Color-Blocking Bedroom Decor Gift for Streetwear Fans, Soft Comfy Bedding, Bed Linens",1729491904257233961,$143.06,Game Against Potter Limited Edition- 250+ Cards for Parties and Game Nights,1729611440061059969,$136.63,"Realistic Bread Loaf Pillow | All About Vibe – Life-Like 3D Bread Loaf That'll Make People Do a Double Take | Funny Cozy Room Decor & Unique Gift | Soft Velvet, Made in USA - 30""",1732318283228680843,$95.51
kaseys0920,Shoes,$463.53,Home Supplies,$457.46,Harry Potter Return to Hogwarts 2027 Spiral Wall Calendar,1732480472796926431,$265.48,"Jay Franco Official Harry Potter Honeydukes Chocolate Frog Pillow - 16in Soft Padded Blue Plush Pillow, Whimsical Room Decor, Fun Size Unique Gift for Harry Potter Fans",1732276299006448079,$258.86,"Vintage Humorous ""Trespassers Will Be Prosecuted"" Rigid PVC Metal Tin Sign - 8x12 in Wall Art, Durable Plaque, Rustic Farmhouse Design, Easy Install for Family Garage, Indoors/Outdoors Home Decor",1732307568079377067,$234.25,"Western Cowboy Boots For Women Embroidered Over The Knee Tall Boot Pointed Toe Block Heel Side Zipper Lace Up Cowgirl Boots Retro Country Fashion Wedding Party Festival Shoes,back to school,back to school haul",1732205631166648845,$203.20,Free Luv Nation Colorblock Giant Weekender,1729402529783714650,$138.00
kategrauss,Beauty & Personal Care,"$22,391.71",Health,"$3,462.57","[medicube] PDRN Pink Collagen Volume Multi Balm | All In One Volufiline, PDRN, NAD Stick for Youthful-Looking, Helping Look of Fine Lines, Firming Care, Anti-Aging Care | For Under-Eyes, Neck, Forehead, Smile Lines, Lip Care | Korean Skincare",1729508370969629931,"$15,656.70","[NEW] [medicube] NAD+ EGF Firming Gel Mask (4 sheets) | Color Changing Red Jelly Mask | NAD+, EGF, Anti-aging, Plumping, Radiance Boosting |  Hydrogel Mask for Skin Elasticity & Volume |  Overnight Face Mask for Youthful-Looking Skin | Korean Skincare",1732472696408609003,"$2,967.28","[medicube] PDRN Pink Collagen Jelly Eye Mask | Hydrogel Eye Patches with PDRN, Collagen, NAD | Refreshing for Puffy, Tired Eyes | Firming for Look of Wrinkles, Fine Lines | Korean Skincare (6/28/50 Pairs)",1732397931521020139,"$1,470.72",Nello Supercalm Calming Drink Mix with KSM-66 Ashwagandha Vitamin D3 Magnesium & L-Theanine Supports Cortisol Balance Mood Sleep 20 Servings Travel Packets Dietary Supplement,1729413027751104952,$931.47,"Arrae MB-1 | Natural Energy, Cholesterol, & Overall Health Support 20-Day Supply| Organic Nutrition Dietary Supplement Healthcare Vitamins Probiotic Blend Edible Fitness",1729560041868333693,$905.07
kategrs,Shoes,$379.14,,,Project Cloud Women's Genuine Leather Sandals | Casual Summer Walking Shoes Footwear | Plush Soft Insole Lightweight Non-Slip – Mayvy,1731581876303794744,$379.14,,,,,,,,,,,,
kathryn_scoco,Home Improvement,"$20,500.13",Household Appliances,"$17,070.58","VASAIKO 6-in-1 Portable Detector with Temperature, Humidity & Air Quality Monitoring Plug-and-Play Design High-Definition Display Accurate Alerts Ideal for Kitchen Garage RVs Apartments",1732022410216050952,"$16,004.40","【2026 Newly Upgraded】Trucozie T350 Rechargeable Wireless Cordless Vacuum Cleaner, 8-in-1 Lightweight Upright Vacuum for Deep Clean, 45-Minute Runtime, 33 kPa Powerful Suction, Housewarming Gift Suitable for Hardwood Floors, Carpets, Pet Hair, Car Interior",1729406319708377732,"$8,794.69","SUSTEAS Hand Crank Manual Cheese Shredder & Rotary Grater, 5 Stainless Steel Blades, Strong Suction Cup Base, Multi-Functional Vegetable Cutting Slicer, Kitchen Accessories Utensils Tools and Gadgets, Home Decor",1729386633884898245,"$3,075.71","Bamworld 2-Pack Modern Black Metal Plant Pot Racks - Wall-Mounted Wall Decor Shelves with Switch, Hanging Vines, Easy Installation, Indoor/Outdoor Home Supplies Gift (Plant Stand, Photo Frame Compatible), Modern Plant Pot, Hanging Plant Vines",1730485260355146312,"$2,881.35","Homemade Coffee Syrup Kit | 4 Embossed Vintage Glass Syrup Dispensers, Saucepan & Recipe Book for Vanilla, Caramel, Brown Sugar & Seasonal Syrups | Coffee Bar Essentials & Gift for Coffee Lovers",1731428280582902292,"$2,799.95"
katrinagmoore,Womenswear & Underwear,"$138,139.07",Shoes,"$11,693.49",Yimoon 3 Pack Oversized T-Shirts for Women And Men Cotton Long Sleeve Vintage Acid Wash Baggy T Shirts Casual Comfy Tee,1731969225915601915,"$6,973.05",WIHOLL 3/4 Length Sleeve Womens Tops 2025 Blouses for Women Dressy Casual Fashion Clothing V Neck Babydoll Tops Fall Outfits,1731638565488464246,"$4,662.74","Women's Vintage Ruffle Washed Denim Jacket, Summer Lightweight Ruffled High-Waisted Short Top, Casual Chic Fashion Female Denim Coat, Denim Jacket Coats",1732390168159883563,"$4,213.06",AUSELILY Women's Crewneck Hoodless Sweatshirt With Kangaroo Pocket  Fleece Longsleeve Oversized Casual Style Shirt  Lightweight Pullover 2026,1729586190582256337,"$3,922.63",Rhinestone Glitter Unisex Spring Oversized Hoodies Sparkly Long Sleeve Shirts Party Hooded Sweatshirts Tops,1731540039073370424,"$3,761.94"
kay_caputo,Beauty & Personal Care,"$3,281.58",Womenswear & Underwear,"$3,214.69",LikeMyChoice 2-Piece Boho Lace Set Sexy Halter Crop Top with Bell Sleeves & High-Waisted Wide-Leg Pants Trendy Eyelash Lace Outfit for Summer Festival & Beach Vacation,1732309511639175325,"$2,392.48",Hanes Ecosmart Boys' Tank 5-pack Underwear Multi Pack Comfortable Fit Soft Stretch Fabric Breathable Brlta5,1731045157806380004,"$1,148.14","Probelle Illuminating Nail Concealer, Sheer Long Lasting Brightening Nail Polish for yellowing discolored nails, perfect finish for damaged or yellowing nails to conceal nail imperfections, Vegan, Gluten Free",1729632329265483965,$702.63,tarte colored clay CC undereye corrector,1729734769623929788,$696.59,"【Star Furniture】Height Adjustable Criss Cross Chair Office Wide Swivel Home Office Desk Chairs Reading Chair,dorm essentials,home decor",1729408738017907174,$541.47
kelliecrowther,Beauty & Personal Care,"$47,846.38",Baby & Maternity,$188.43,tarte summer skin essentials - CC color-correcting tinted serum + creaseless setting powder,1732422500087993276,"$17,042.02",tarte colored clay CC undereye corrector,1729734769623929788,"$11,355.17",tarte Big Stick Energy duo – shape tape concealer stick & brush,1730956811325510588,"$9,679.17","tarte BB blur tinted moisturizer SPF 30 - instantly brightens, hydrates & smooths your skin",1729584174847071164,"$3,920.32",MONAT Scalp to Ends Duo – Hair Thinning Defense Serum & Split End Repair Treatment Set Pomegranate Fragrance Lightweight Haircare,1731316357881566128,$597.36
kelsi.campbell,Beauty & Personal Care,"$4,513.92",Household Appliances,"$2,059.31","EUHOMY Nugget Ice Maker Countertop, 35Lbs/24H&44Lbs/24H Pebble Ice Maker Machine, Self-Cleaning Pellet Ice Machine with Ice Scoop&basket, Sonic Countertop Ice Machine for Home/Kitchen/Office(Black)",1729533815583904255,"$2,059.31","[VT COSMETICS] #1 viral PDRN Reedle Shot Hair Brush Serum with Original Liquid Microneedling & PDRN | Large-Capacity Full Scalp Care, Hair Thickening, Fuller-Looking Hair & Daily Root Care | Hairline, Roots, Baby Hair & Dry Scalp | Korean Haircare",1732329137764667781,"$1,860.05",[Dr.Melaxin Official] Radiant Blowout Routine Set | Dark Spot & Peeling Care for a Radiant Korean Glow in a week,1731997189863477275,$576.21,[Dr.Melaxin Official] Peel Shot Keratin Care Kojic Acid Turmeric Spray 200ml Pore Clearing Exfoliating Formula Skin Repair Scrub,1731572915654201371,$502.55,[Dr.Melaxin Official] Gifted Collagen Boost Set Pore Spot Skin Care Calcium Collagen Volume Firming Balm for Enhanced Skin Health routine,1731997246433955867,$431.80
keyajames,Beauty & Personal Care,"$9,048.47",Womenswear & Underwear,"$5,808.98","The Ordinary Glycolic Acid 7% Exfoliating Toner, Brightening and Smoothing Daily Toner for More Even-Looking Skin Tone",1729389167562035209,"$3,492.64",Bur Bur Mermaid Brush - Essential Brush with Ethically Sourced Bristles & Natural Rubber Cushion for Medium to Thick Hair,1729964731527696782,"$2,002.11","Women's Knitted Round Neck Drop Shoulder Sleeve Fit T-Shirt, Knitwear, Fashion Casual Minimalist Asymmetrical Criss Cross Back Tie Top, Spring & Fall Wear",1731474823556141530,"$1,275.17","Women's Stylish 2 Piece Set - Long Sleeve Zippered Top and Shorts, Fitted Casual Streetwear Outfit with Contrast Stripe, Plussize, Women's Clothes, Tops For Women tiktokshopbacktoschool",1732309899328721260,$972.34,ANRABESS Women Summer Casual Sleeveless Maxi Dress 2026 Crewneck Loose Split Wrinkle-Free Beach Travel Vacation Long Sundress,1732212292471525705,$922.73
kindafitky,Pet Supplies,$330.10,,,"【Geoorood】 Geoorood Dog Grooming All-in-One Kit with Vacuum Brush 2.5L Large Pog, Stainless Steel Blades Lightweight Design 13KPa Suction Force Portable Cleaning Set#DealsforYouDays #SummerWins",1729409406800270078,$240.92,"SleekEZ Cat Brush for Shedding & Grooming, Wooden Handle & Stainless Steel Blade, Pet Brush for Indoor Cats, 2.5 Inches Long Groomer Tools Fur Removal Tool",1729646227896635412,$52.83,"SleekEZ Dog Brush for Shedding & Grooming, Deshedding Tool for Short & Long Haired Dogs, Dog Comb, 5 Inches Long, 4oz Weight",1729646185502707732,$19.37,Rosemary Flea & Tick Spray for Pets + Home,1731272426244313769,$16.98,,,
kristinadunnn,Womenswear & Underwear,"$31,487.78",Sports & Outdoor,"$20,369.31",【Creator’s Pick】Halara UltraSculpt High Waisted Tummy Control Pocket Shaping Yoga Bootcut Leggings,1730470200737173796,"$4,337.03",Old Navy Women's High-Waisted Pixie Super Wide-Leg Pants,1731977493946143399,"$3,665.10","PUFF Sticky Bra – VIRAL No.1 Push-up Sticky Bra, Waterproof & Sweat-proof Invisible Bra, Reusable Silicone Adhesive Bra for Women, Includes Storage Board & Replaceable Pads",1731492372893241632,"$3,156.30",AnotherChill Women's Low Waist Micro Mini Skorts Skirt with Built-in Shorts Sexy Stretch Black Skirts Basic Outfits Elastic Waist #sohochic,1730745796940960224,"$2,358.31",SKIMS SMOOTH LAYERS HALTER TOP,1732480843887055717,"$2,221.26"
kristinanicoletall,Womenswear & Underwear,"$58,302.75",Sports & Outdoor,"$30,756.21","PUFF Sticky Bra – VIRAL No.1 Push-up Sticky Bra, Waterproof & Sweat-proof Invisible Bra, Reusable Silicone Adhesive Bra for Women, Includes Storage Board & Replaceable Pads",1731492372893241632,"$13,694.80",【Creator’s Pick】Halara Flex High Waisted Pocket Wide Leg Waffle Work Pants,1729408758258766116,"$13,172.64",CAKES Lift - The Nipple Cover that lifts,1732548908548788799,"$10,474.44",CAKES Body Cleavage Bra™ - Seamless Sculpting Bra with Silicone Cups for Full Cleavage Reusable Matte Finish Ideal for Strapless & Backless Tops Womenswear Basic,1732022163491426879,"$7,948.31",Eomenie Tankini Swimsuit for Women Tummy Control Two Piece Bathing Suit High Waisted Tank Top with Swim Skirt Swimdress #Deals For You Days,1732088850959995217,"$6,781.82"
kristiscustomcreations,Collectibles,"$3,808.86",Pet Supplies,"$3,492.15","Fireworks Romantic Castle 5D Sparkling Beads Painting Set, DIY Acrylic Round Hole Fashion Embroidery Handicraft Art Set, Stress-Relief Handcraft for Parent-Child Activities, Framed Home Decoration Festival Gift (Requires Handmade)",1732473693970797313,"$3,808.86","Nicpro Iridescent Acrylic Paint, 8.45oz/250ml Large Bulk Metallic Acrylic Paint, Color Shifting & Non-Toxic Art Painting Supplies For Canvas Fabric Rock Wood with Paint Knife Color Wheel Artist Bundle,back to school,back to school shopping",1729543101527069005,"$2,156.77","Elk Ridge 2-PC Fixed Blade Hunting Knife Set-Black Stainless Steel Skinner & Gut Hook Blades, ER-300CA,7-Inch/6.5-Inch Overall",1731856824389243019,"$2,129.88",4-in-1 Portable Cosmetic Shampoo Dispenser Storage Bottle Plastic Travel Friendly Compact Design for Easy Carrying,1732103690126201091,"$1,806.86","Refrigerator Self-Pushing Beverage Dispenser, Durable Adjustable Beverage Slide Organizer for Fridge, Fridge Organizers and Storage, Refrigerator Storage Accessories, Easy-to-Clean Drink Dispenser for Pantry and Kitchen #GLOBAL PICKS",1729621134117015937,"$1,652.34"
kseniasenn,Beauty & Personal Care,"$4,802.61",Food & Beverages,$325.14,"Color Wow Money Mist Leave-In Conditioner Spray | Lightweight Hair Mist to Moisturize Dry Hair | Leave In Hair Conditioner for Frizz, Hydration & Shine | Formulated With Hyaluronic Acid & Marine Algae",1729441093035987589,"$1,483.88",sacheu Lip Liner STAY-N - Peel-Off Lip Liner Stain - All Day & Night Lip Liner with Hyaluronic Acid & Vitamin E - Long Lasting Formula - 0.12 fl oz / 3.5 ml,1729385088934777631,$935.75,"[New Shade Launch] TIMEPHORIA Eternal Lip Matte -  Matte Finish Liquid Lipstick, Long Lasting Lip Stain, Waterproof and Transfer-proof Lip Tint, Longwear Mask-friendly, Lightweight, High Coverage, 4ML Compact Size, Lip Makeup & Cosmetic Product",1731364881518727819,$342.14,"Your Way Matte Blur Lip Stain Trio - Ultra-blurring, Longwear up to 8 hours, Moisturizing Lip Stain with Soft-Focus Matte Finish, Bundle & Save",1732535410604217140,$232.26,KIKO Milano Get Saucy Lip Bundle,1732271857803498457,$174.50
kuhl_finds,Home Improvement,$229.82,,,"VEVOR Modular PVC Garage Slat Wall Paneling, 8x4 ft Rectangular 3D Wall Panels, Fireproof, Coupling Structure, Strong Load-Bearing, Easy-Install Adjustable Panels, DIY-Cut for Home Interior, Workshop & Waterproof Wet Space Storage Display, Adjustable Diy-",1730855951689552046,$229.82,,,,,,,,,,,,
kylikamiller44,Sports & Outdoor,"$17,775.90",Womenswear & Underwear,"$11,346.52","MFVIM Women’s Breathable Body-Shaping Yoga Outfit, High-Waisted Quick-Dry Fitness Wear, Versatile Three-Quarter Shorts Sports Set,summerwins,travel essentials,camping essentials,back to school,back to school haul",1732388023895625751,"$12,363.18",【Creator’s Pick】Halara Flex Low Rise Zipper Pockets Washed Baggy Wide Leg Casual Jeans,1729571062218723620,"$3,097.01",Tall Bree Camo Stretch Cargo Jean - Olive/combo,1731049476085945192,"$2,325.26",【Creator’s Pick】Halara 2-Piece Super High Waisted Back Pocket & Side Hidden Pocket 2-in-1 Yoga Shorts Set 5''-Longer Length,1730762001521283364,"$2,077.46",Gap Women's Curvy High Rise Stride Wide-Leg Jeans,1731191221173523062,"$1,453.43"
laurenluto,Home Supplies,"$1,533.16",Womenswear & Underwear,$600.36,"7-Tier Rotating Shoe Rack, 360-Degree Lazy Susan Carousel Organizer Tower for 28-32 Pairs, Round Storage Cabinet for Shoes & Handbags, Home Organizer for Closet, Bedroom (Pink)",1732444806760731636,"$1,533.16",All The Attention Draped Mesh Mini Dress,1732382531701805769,$241.47,Tied Up In Elegance Halter Midi Dress,1731686315698197193,$174.04,Cider Satin Mid Rise Ruffle Maxi Skirt,1732171240755335255,$91.02,Island Luxe Metallic Knit Poncho,1732257697347769033,$55.84
laurenmichellebell,Womenswear & Underwear,"$7,127.27",Baby & Maternity,$578.82,"HDE Women’s Pull-On Capri Pants with Pockets - Minimalist Elegant Stylish Women's Wear, Stretch Hip-Flattering Colored Straight Pants, Dressy Casual Bottoms",1729434948814672224,"$4,622.92","Dokotoo Women's Waffle Knit V-Neck Casual Summer Tops - Lightweight & Breathable Basic Tee for Beach, Party, Work",1730353124011643893,$789.10,Songling Womens Casual Two Piece Outfits 3/4 Batwing Sleeve Crew Neck Top Wide Leg Pants Raw Edge Design Loungewear Set US Standard Size,1729583092687278919,$675.68,"EllivviBebe Baby Bamboo Pajamas, Ultra Soft Bamboo Viscose Zipper Romper Sleepwear，2-Way Zipper, Super Soft, Fun Print Baby Clothes, Breathable Stretch One Piece Footed Pajamas for Newborns Baby Infants Toddlers Bamboo Sleep Sack, Baby Clothing",1731892031821681548,$578.82,MEROKEETY Women's Lounge Sets 2025 Fall Fashion 2 Piece Outfits Sweater Pajama Set Fuzzy Loungewear Matching Winter Clothes,1731972365184635167,$269.71
leahmstapleton,Food & Beverages,$926.91,Beauty & Personal Care,$402.82,BonBon's Sour S-Patch Mix,1732061996472046411,$623.49,Cozy Earth Bamboo Sheet Set | Premium Bamboo Viscose Sheets with Cooling & Breathable Comfort,1729481804813209866,$308.00,Freezball - Durable Fillable Dog Chew Bone,1729404133237756254,$248.40,BonBon's TikTok Exclusive Swedish Candy Mix (Gluten-Free),1729710059368125259,$139.70,"Wavytalk Blowout Boost Negative Ion Thermal Brush-Pink (1.5in) Hair Styler, LED Display, 300℉-420℉ for Different Hair Types, 120-240V Universal Voltage, Beauty Products for At-Home Blowout & Style Curlers & Straighteners",1729403338518794392,$116.33
lesettey,Shoes,"$33,712.34",Beauty & Personal Care,"$10,536.70",Dr. Scholl's Women's Joplin Fashion Boot,1731896531264573800,"$28,640.11","JUDYDOLL Ultra-Fine Liquid Eyeliner, Waterproof Liquid Eye Liner, Hooded Eyes, Sharp Winged Lines, Long-Lasting, Beginner Friendly, Lasting Satin Finish, Smudge-Proof, Transfer-Resistant, Suitable For Sensitive Eyes, Summerwins,back to school",1730235179727360529,"$6,497.15",Astra | Modern Flat-Lens Cat-Eye Sunglasses For Women,1732201295444087593,"$2,685.87","Sterling Silver Elongated Cushion Chocolate CZ Cocktail Ring, Elegant Fashion Ring for Special Occasions, Fashion Rings, Elegant Ring",1732384554843869938,"$2,437.46","MAC OG Glossy Lip Trio – Sculpt, Fill & Shine Set",1732355322468995737,"$1,836.56"
lifewithangiemae,Womenswear & Underwear,"$8,663.79",Beauty & Personal Care,"$1,566.26",ZESICA Women's 2025 Boho Sexy Off Shoulder Long Sleeve Smocked High Waist Side Split Flowy A Line Tiered Long Maxi Dress,1731972238990741746,$941.52,"Chicovar Women's Oversized Vintage Denim Mini Dress ,Sleeveless V-Neck Tie Front Ruffle Layered A-Line Tunic with Pockets & Front Pleats, Casual Outfit,Fashion, Summervibes",1732164026488885733,$861.93,"Florboom Women's Boho Sheer Lace Mini Dress – Deep V-Neck with Bow Tie & Ruffle Sleeves , Polka Dot Vintage Western Style Party Dress for Festivals & Date Nights Womenswear,sohochic",1729492499455776379,$859.45,"PHLUR Father Figure Eau de Parfum - Jumbo Size Green Fig Perfume with Fresh Fig, Iris, Sandalwood & Vanilla (100mL)",1731746010163024129,$723.65,Yimoon 3 Pack Women's Oversized T Shirts Acid Wash Cotton Crew Neck Half Short Sleeve Summer Unisex Tees Casual Loose Fit Solid Streetwear Comfortable Tops Basic Womenswear Plain Tshirt,1731233204970623995,$685.49
lil.bbykay,Beauty & Personal Care,"$7,400.08",Shoes,$706.44,"nuorganic Eyelash Growth Serum (8ML) - Developed by Anti-Aging Scientists, Clean, Prostaglandin-Free Formula for Thicker, Longer Lashes, Daily, Repair, Hydrating, Soothing, Suitable for All Skin Types, Eye Treatment Skincare",1729385520686076431,"$7,130.13","Unisex PU Leather Medium Width Mule Slippers, Comfortable Breathable Rubber Sole, All-Season Wear, House Slippers",1731762605438046446,$706.44,"nuorganic Eyelash & Eyebrow Duo: Growth Serum for Longer, Thicker, Lashes and Brows, Organic Ingredients, Skincare, Cosmic Bundle",1729401966695518735,$157.97,"Lemme Grow Hair Growth Capsules for Women, Clinically Studied Keratin Complex, Visibly Thicker Hair & Reduced Shedding, Nourish Thinning Hair, Biotin-Free, 30 Count, 30-Day Supply",1730043703930360679,$86.24,CLEAN SHEETS (NEW 30 COUNT),1731381938023141806,$49.69
lil.mishr00m,Shoes,$639.02,Womenswear & Underwear,$503.49,"Women's 2026 Colorblock Patchwork Bootlace Worm Lace Up Low Top Sneakers, Casual Comfortable Sports Shoes, Designer Casual Sneakers for Women for Daily Walking Fall.",1730860897989989202,$639.02,Eyelet Ruffle Babydoll Mini Dress,1729501095264425122,$367.09,Think Smarter Products 8oz HOCl hypochlorous spray | multi-use spray with Himalayan minerals | fragrance-free daily spray,1729385662156346324,$138.50,Ellie Lacey Ginghman Strapless Top,1732305570453557410,$90.88,Ellie Lacey Gingham Shorts,1732305584055160994,$45.52
lillian_harriss,Womenswear & Underwear,"$3,242.94",Beauty & Personal Care,$996.47,"Yeokou Back To School Women's Turtleneck Fleece Jacket Long Sleeve Scrub Snap Button Coat for Nurses, Tops, High Neck, Lightweight, Thanksgiving, Easter",1729562156521984498,"$1,068.24",MINDBODYSKIN® 2 Supplement (No 5-HTP),1729614704826684183,$977.49,"AUTOMET Women's Oversized Faux Suede Leather Motorcycle Bomber Coat - Long Sleeve Polyester-Blend Fabric, Y2K Punk Style, Fall-Winter Outerwear with Pockets, Basic Button Closure, Versatile for Casual-Formal Use",1729615251848270295,$478.03,JASGOOD Women Leather Belt for Jeans Pants Fashion Ladies Skinny Faux Leather Belt with Gold Buckle,1730352411482231261,$444.23,Mckinley Denim Mini Skirt,1731036248486940834,$320.38
linzbuzzard,Furniture,"$14,186.15",Home Supplies,"$2,000.90","Dowinx Cross egged Office Chair with Pivoting Armrests,Criss Cross Chair with Pocket Spring Seat & Back,Reclining Computer Gaming Chair with Footrest and Metal Base",1731998808395649437,"$8,415.91","Dowinx Big and Tall office chair, with pocket spring pad and waist support, high back computer game chair, adjustable armrests, executive office chair, foot rest",1729960194504823038,"$2,265.62",All Purpose Scented Cleaner,1730369516036526190,"$1,387.05","Dowinx High Office Chair, with Pocket Spring Pad and waist Rest, High Back Computer Game Chair, Adjustable Armrests, Footrested",1729864514876444926,"$1,342.98","Stylish Aviator Sunglasses for Men and Women , Trendy Rectangle, Fashionable Design, Perfect for Outdoor Activities and Daily Wear",1732251463080579931,"$1,292.14"
little__j,Womenswear & Underwear,"$20,107.45",Beauty & Personal Care,"$1,434.26",CAKES Body Cleavage Bra™ - Seamless Sculpting Bra with Silicone Cups for Full Cleavage Reusable Matte Finish Ideal for Strapless & Backless Tops Womenswear Basic,1732022163491426879,"$7,925.12",Sheer Bralette,1732457560710025807,"$7,365.20","Renewing Lash Serum, Babe Lash Eyelash Serum, Prostaglandin-Free, Peptide-Powered Lash Serum, Support Fuller, Longer-Looking Lashes, Gentle & Effective, Easy To Use",1730818714696127032,"$1,139.58",CAKES OG Size Sticky Starter Pack - Sizes MED & LRG,1732088453048603199,"$1,114.81",CAKES Lift - The Nipple Cover that lifts,1732548908548788799,$653.90
livingwith.lindsay,Womenswear & Underwear,"$52,845.89",Beauty & Personal Care,"$10,891.83","Wavytalk Airshape Pro Roller Air Styler Set for Salon Blowout at Home | 4-in-1 Hair Dryer & Multi-Styler with Auto-Wrap Curlers & Rollers, Volumizing Brush, Less Heat Damage, Ionic Anti-Frizz",1732477883841548440,"$10,168.69","CRZ YOGA SoftAura Wide Leg Sweatpants Women 29”/ 31""/32"" Modal Lightweight Travel Pants with Pockets",1731490813938733857,"$8,961.85","C202 Women Merino Wool Sweater Lightweight Soft Slim Fit Crew Neck Spring Layering Top Everyday Long Sleeve Casual, Fabric, Essential,clothes for back to school,first day of school outfits",1732029819856261826,"$7,086.73","Women's Solid Basic Zip-Up Hooded Sweater Cardigan, Casual Cardigan Top, Casual Fitted Drop-Shoulder Long-Sleeve Everyday Womenswear Cardigan, Women Knitwear Knitting for Fall & Winter Daily Wear",1729799154496279275,"$6,360.32",Dokotoo Women's 2026 Striped Print Crewneck Casual Oversized Long Sleeve Knit Comfortable T-Shirt  Tops,1732414398684828661,"$6,106.64"
lizshops,Womenswear & Underwear,"$2,008.86",Shoes,$104.21,"Aleumdr Women's Plus Size Oversized Corduroy Sweatshirt, Casual Crewneck Long Sleeve Lightweight Pullover, Baggy, Longsleeves, Lightweight Sweatshirt, Loose",1731739774455353742,"$1,254.93",Dokotoo Women's Summer Casual Short Sleeve Solid Color Loose Texture Knit Tunic Tops Blouses with Crew Neck & Side Slits,1729445533294433269,$125.41,Asvivid Matching Sets Women 2 Piece Sets for Summer Short Sleeve Twisted Thread Shirt & Shorts with Pockets Casual Pajamas Ribbed Textured Outfit Lounge Set Womenswear #sohochic #backtoschool,1730717553251553705,$89.97,SCUSTY Women's Summer Summervibes Mini Dress Casual Short Sleeve Loose V Neck Flowy Sundress Vacation Tshirt Sun Dress,1729492514186301683,$76.87,"Plus Size Plain Woven Lantern Balloon Sleeve Tiered Ruffle Trim Smock Dress, Wedding Guest Dresses, Basic Womenswear Elegant Chic Style Aesthetic V Neck Long Sleeve Dress Fit for Vacation Party Wedding Guest, Women's Clothes for All Seasons",1729539570366321037,$63.77
lizzmi45,Womenswear & Underwear,"$95,930.30",Sports & Outdoor,"$71,904.70","Colorfulkoala Women's No Front Seam Yoga Capri 21"" Dreamlux High-Waisted Tummy Control Workout Leggings with Hidden Pocket Petite Length,travel essentials,camping essentials",1731026394568233266,"$11,257.90","CurvySweet Athena Women's Elegant Curvy Maxi Dress, Sleeveless Convertible Cowl Neck, Ruched Waist Slim Fit Gown for Formal Wedding Guest, Formal Dresses Women, Wedding Guest Dresses",1729483993705256484,"$5,736.22",NEW COMPRESSION BAND & ONE SEAM OPTION! THE ORIGINAL MAGIC FLEECE LINED LEGGINGS - XXS TO 3XL - 4 SHADES - CLOSED FOOT - Fleece Tights Available in Plus Size and Light to Brown Fur,1729406693411230691,"$4,603.61",QINSEN Womens Zip Front Tennis Dress Polo Collar Racer Back Workout Golf Dresses Build in Shorts with Pockets,1729506923078784569,"$4,374.31","Seamless Workout Sets for Women, Halter Tank Top & Gym Scrunched Shorts Sports Set, Sporty Breathable Quick Drying Outfits for Yoga Gym Workout Running, Ladies Sportswear for Summer, Exercise Clothing Set",1731202921961787612,"$3,891.04"
lizzv23,Womenswear & Underwear,"$3,579.25",Sports & Outdoor,$111.95,QINSEN Womens Zip Front Tennis Dress Polo Collar Racer Back Workout Golf Dresses Build in Shorts with Pockets,1729506923078784569,"$2,493.65",QINSEN Womens Zip Front Tennis Dress Polo Collar Racer Back Workout Golf Dresses Build in Shorts with Pockets,1729507870543353401,$493.86,"WIHOLL Lounge Sets for Women 2026 V Neck 2 Piece Outfits Airport Wide Leg Pants Matching Set Sweatsuits, Lady, Casual, Pajama Set, Comfy Sets",1732390616323363569,$154.98,Popilush Shapewear Boho Floral Lace Front Slit Maxi Dress  A-line Silhouette with Smoothing Waist Control & Supportive Bust Design,1731780586096595780,$145.49,"DEEFY SoftMotion Straight Leg Bottoms 30.5"" & 31.5"" Inseam Fitness Gymwear Women Workout Breathable Light Thin Sportswear Gym Outdoor Sports Yoga Pants Wide Sweatpants Sav Wide Leg Pants",1731625359586464180,$65.97
london_bridges_the_gap,Womenswear & Underwear,"$5,564.33",Food & Beverages,"$1,967.88","YOUSIFY Women's Bolero Shrug Hoodie - Long Sleeve Cropped Sweatshirt, Thumb Hole, Open Front, Y2K Style, Basic Lady Clothes, Korean Casual Workout Crop Top",1731720029395587842,"$4,387.92",Iron Hammer Herbal Tea,1729412598545289712,"$1,967.88","Resonance Sound Healing Tuning Fork Set – 128Hz, 136.1Hz, 256Hz, 384Hz with Activator – Sound Therapy for Stress Relief, Deep Relaxation & Chakra Balancing",1730835799600697670,$905.07,"Prasky Portable Blender, Type-C Rechargeable blender, Mini Blender, Personal Blender for Fresh Juice, Smoothies & Protein Shakes with Extra Lid and Shoulder Strap, Dishwasher Safe Parts, Ideal for Gym/Travel/Kitchen/School/Driving Plastic cup tiktokshopba",1730614079112581699,$835.12,"Women's Plain Notched Neck Fitted Blouse, Shirts, Casual Fashion Fitted Classy Elegant Minimalist Basic Top for Summer, Ladies Clothes for Daily Wear, casual comfy classy, Blouses Shirts Tops, Womenswear",1731271695899988177,$655.97
lydiaaulozzi_,Beauty & Personal Care,"$2,697.61",Toys & Hobbies,"$2,201.93","Hismile iD Stain Whitening Mouthwash for White Teeth, Freshens Breath with Essential Oils 237ml",1732164626458252048,"$1,452.69",Rainbow Loom Auto Loom Bundles,1730980482360119942,$862.75,"GROWNSY Nasal Aspirator for Baby, Electric Baby Nose Sucker with Larger Suction Chamber and More Powerful Suction, Automatic Nose Cleaner with Music and Light Soothing Function",1730881858699891343,$779.92,"Eu Natural Conception For Him – Fertility Supplements for Men, Male Fertility Booster & Prenatal – Optimal Sperm Count, Motility, Strength – Ashwagandha, Folate, Folic Acid, Magnesium & Zinc Healthy Dietary Fitness",1731480691647484489,$705.59,Advanced Food Intolerance Labs Food Sensitivity Vitamins & Gut Health Test 1000+ Items Tested for Sensitivities Nutrient Imbalances & Heavy Metals,1730664019526258810,$692.23
lyndatrann,Beauty & Personal Care,"$37,264.59",Sports & Outdoor,$114.60,"Nooni Korean Apple Lip Oil + Lip Stain | Glossy Lip Stain, Tinting & Long Lasting, Moisturizing Lip Care (13 options) Hydrate Lipgloss Lipstick Makeup Glossy Hydrating Moisturizer Plump Transfer-proof",1729440860171702516,"$14,275.17",[TIRTIR Official] MOOD GLIDER LIP & BLUSH STICK - Dual Function Compact Makeup Stick for Lips and Cheeks,1732023290298864218,"$12,344.59","Nooni Korean Apple Lip Tint Stain Duo/Trio Bundle | Glossy Lip Stain, Tinting & Long Lasting, Moisturizing Lip Care, Hydrate Lipgloss, Travel-Friendly, Smooth Oil Moisture, All Skin Types Travelfriendly Smoothing",1729619454557917428,"$2,258.12","Serum Lipstick, Satin & Matte, 8H Moisture, Oil-Blend + Hyaluronic Acid, Maybelline New York",1731756086010286738,"$1,496.22","[Espoir Official][Viral] The Brow Fixing Cara | Eyebrow Coloring Mascara with 15° Angled Brush | Long-Lasting, Smudge-Proof, Waterproof | Available in 10 Shades",1731705038970589222,$445.44
mackenziedudzik,Womenswear & Underwear,$35.09,,,"OQQ Womens 2 Piece Bodysuits Long Sleeve Square Neck Stretch Fitted Bodysuits Basic,back to school,back to school shopping",1729386665534328890,$35.09,,,,,,,,,,,,
mahoganylox,Luggage & Bags,$470.20,Beauty & Personal Care,$395.84,"Angel Kiss High Quality Fashionable Elegant Large Hobo(13.2"" x 4.5"" x 10.7"") Crossbody Shoulder Bag for Women - Soft PU Leather, Adjustable Shoulder Strap, Multiple Pockets, Anti-Theft Back Zipper, Casual Hobo Crossbody Purse, Crossbody Shoulder Bags tikt",1730613073505849344,$414.15,Philips Norelco OneBlade Intimate Pubic Groomer Smooth Steel Stainless Comfort,1729507549372977453,$204.71,"Lemme Sleep Gummies with 5mg Melatonin, Magnesium, L-Theanine, Elderberry, Chamomile & Lavender, Berry Flavor, 60 Count, 30-Day Supply",1729441955742782311,$200.67,"Kaleidos Epiphany Glow Melt-On Eyeliner - Metallic Multichrome, Waterproof, Long-Lasting Beauty Product, Make Up for Rave & Festival Looks, Gifts for Women Cosmetic Gift,back to school",1730021592598680553,$80.99,BOOMBA Magic Padded Sticky Bra - Patented Sticky Fashion Bra Inserts,1729459877607019435,$72.00
mama.of.boys7,Home Supplies,"$2,927.92",Household Appliances,$909.20,"5oz Crystal Plastic Dessert Cups with Lids & Spoons - Disposable Square Parfait Cups for Mousse, Tiramisu, Pudding, Party & Catering eco-friendly",1729492625946415307,"$2,393.51","Katie's Limited Edition Chrome Shimmer Silver Rose Cosmetic Set - 25 Beginner-Friendly Items, Glossy Eyeshadow Palette, Lip Glosses, Eyeliner Pens in Pink Gift Box, Easy Glam for Birthdays and Parties, Gift Sets for Women, Makeup, Gifts For Girly Girls",1732149394387538488,$621.31,"FEPPO Cordless Plastic Sealer - Handheld Automatic Sealing System Vacuum Sealer with Visual Water Storage Tank, 10 Reusable Bags, Strong Sealing Power, Portable 5X Food Preservation Tool,back to school,back to school haul",1730761078943159009,$491.97,"【360° Swivel 】PHIVILLA 26/30 inch Bar Height Stools Set of 2/3/4,Swivel Wooden Barstools Tall Upholstered Faux Leather Barstool with Back,Vintage Bar Height Chairs,Dark Brown Kitchen Stools, TikTokShopBackToSchool",1732352252190756931,$379.98,"(Total 30 PCS）FEPPO Reusable Vacuum Sealer Containers Bags, 15 PCS 8.3""×8.7"" & 15 PCS 10.2""×11"" Bags with Air Valve",1731780013183963873,$273.38
mariebriii,Health,$166.40,Beauty & Personal Care,$150.94,MAËLYS GET-FLATTERED Bundle - All Over Overnight Body Toning Cream and Belly Stretch Mark Cream,1729386878560540622,$96.00,PREGGO Female & Male Support Bundle - 1 Month Supply,1730929068201317078,$94.96,True Sea Moss Gel 2-Jar Bundle: Mango-Pineapple & Strawberry – Rich in Essential Minerals & Vitamins – supports overall vitality,1731352834691994260,$46.45,"Tewiky Easter Gifts Upgraded Crown Cross Necklace for Women, Crown Cross Pendant Necklace, Non-Tarnish Faith Jewelry for Women, Christian Religious Gifts for Her",1729460580021605131,$38.46,"GuruNanda Teeth Whitening Strips - 16 Day Treatment (16 Packets - 2 Strips per pack) - Non-Slip, Dry Strip Technology",1729567588962308359,$24.99
mariefloree,"Books, Magazines & Audio","$3,692.46",Beauty & Personal Care,"$3,524.70","Claire Monroe Systematic Theology Books for Kids Aged 6-9 - Full Colour, 88 Visual Concepts, NLT Bible Verses, Reflection Questions for Knowing God",1732273429270925737,"$3,672.51","CEELIKE Oral Spray (20ml) - Daily Minty Fresh Breath, Sugar-Free Oral Care, Portable, Long-Lasting Effect, Self Care Products",1730278943412293794,"$1,975.28","Night Light, Night Lights Plug into Wall 6-Pack, Plug in Night Light, Dusk to Dawn Nightlight Led Night Lights for Bedroom, Bathroom, Hallway Warm White Home Lighting",1731513459800576890,"$1,809.26","ERMNOIS Bar Stools, Swivel Counter Height Barstools with Back, Adjustable Anti-Scratch Fabric Bar Chairs, Modern Armless Kitchen Island Stool",1730899796842746143,"$1,440.59","Tewiky Easter Gifts Upgraded Crown Cross Necklace for Women, Crown Cross Pendant Necklace, Non-Tarnish Faith Jewelry for Women, Christian Religious Gifts for Her",1729460580021605131,"$1,382.66"
meganlouise2319,Shoes,"$6,951.46",Kids' Fashion,"$1,874.35","DREAM PAIRS Women's Mary Jane Ballet Flats Barefoot Knit Wide Toe Box Arch Support Flat Shoes for Women Dressy Casual Office Business Work Travel Walk, Mary Janes, Office Wear",1732416583381717900,"$3,605.30",Womens Cara Tassel Loafer Chocolate Brown Plaid,1732466985776484658,"$3,317.54","UPORPOR Girls' Princess Costume - RGB Light-Up Toddler Dress Up with App-Controlled Music Sync, Costume Decoration Accessories, Summer Outfits for 3-10 Years Old Girls (Batteries Not Included), Princess Costumes",1731831028250546663,$898.21,"24/50 Pcs Halloween Goodie Bags Plastic Candy Bag Trick or Treat Bags with Cauldron Skeleton black Cat Skull Pumpkin Design,Treat Bags for Student Teacher Colleagues Neighbors,Classroom Snack Storage for Halloween Birthday Party Favor Supplies",1732350233289921258,$554.03,DREAM PAIRS Toddler Little Girl's Mary Jane Dress Shoes - Ballet Flats for Girl School Uniform Shoes Classic Cute Flats Arch Support Back to School Comfortable Shoes All Day Comfort,1732460026875188108,$280.08
michaelascott20,Beauty & Personal Care,"$46,358.84",Fashion Accessories,"$1,066.62","Fit Colors Matte Lip Liner and Moisturizing Lip Oil Set, Precise Lip Liner, for Easy Lip Line Definition with a Natural Nude Glossy Finish, Perfect Holiday Gift",1732467750884708611,"$13,670.62","JOOCYEE Velvet Rouge Matte Lipstick, 2-in-1 Lip & Cheek Color with a Silky Blur Finish, Long-Lasting, Waterproof, and Lightweight Formula for All Skin Types, 3g, Beauty Products campingessentials, Adults, Silky-Smooth Glide Feels Barely There, Waterproof,",1730932520433651999,"$9,297.01",Queen Tape - Hydrating & Moisturizing Mouth Tape For Sleep - Royal Plump Edition - Lip Plumping - Mouth tape with Collagen Hyaluronic Acid & Vitamin E - Built in Lip Mask - Royal Lips - One Month Supply,1731633751615705442,"$5,482.21","[NEW] [medicube] PDRN Collagen Gua Sha Neck Wrinkle Cream | Built-In Gua Sha Massager with Volufiline 5% + PDRN | Firming, Contour Care for the Look of Fine Lines, Jawline, Neck, Décolleté,Underarms, Chest, Legs, Shoulder | Massage Cream | Korean Skincare",1732399179294806251,"$3,954.69",Baby Go Dewy Water Resistant Freckle Liquid Makeup Daily Concealer Evening,1729408601176642255,"$1,513.31"
michelledemoda,Beauty & Personal Care,"$44,571.77",Womenswear & Underwear,$238.99,tarte summer skin essentials - CC color-correcting tinted serum + creaseless setting powder,1732422500087993276,"$16,053.16",tarte maracuja juicy multi-stick + brush - double-ended cream blush & bronzer stick,1732418830638027708,"$6,287.55","TYMO CURLPRO PLUS - Upgraded Automatic Rotating 1-Inch Ceramic Long-Barrel Curling Iron for Long Hair, Negative Ion Technology for Flawless Curls, Gift Box Ready Adjustable Temp, Swivel Cord Dual Heaters for Beachy Waves Summer Vibes,dorm essentials",1730891536459010526,"$3,419.10","Sky Tubes Tubing Mascara, 24H Extension-Like Length & Volume, Smudge-Proof, Maybelline New York",1729505245999109778,"$3,219.21",tarte sculpt tape & blush tape duo - blush and bronzer,1729417067781002172,"$1,583.19"
mikey_teeze,Beauty & Personal Care,$27.03,,,Haircare Texturizing Cream - Lightweight Pre-Styling Texturizing Product with Long-Lasting Hold,1732028703117971948,$27.03,,,,,,,,,,,,
mish1977,Fashion Accessories,"$1,404.40",Beauty & Personal Care,$900.15,"Women's 100% Mulberry Silk Sleeping Bonnet, Double-Layer Haircare Cap with Elastic Tie Band, Reversible Heatless Hair Styling Nightcap Gift for Females, Hair Styling Cap, Smoothing, Thanksgiving, Anniversary, Valentine's Day, Everyday Sleep",1729575267737440404,"$1,338.58","[YCZ] Magnetic Nights Fragrance Duo | 2-Piece Men's Eau de Parfum Collection,2×1.7 fl oz, Long-Lasting for Dates, Parties & Everyday Wear, From Quiet Confidence to Nightlife Energy,summer outifit,back to school",1731176260817031589,$541.13,"Bohemian Long Kimono , Long Flowy  Robes for Women, Printed Paisley Kimono Duster with Pockets,  Bridesmaid  Robe, Gift For Her",1729466363537887917,$343.82,"Face Massage Pillow with Washable Silk Pillowcase, Soft High-Quality Beauty Pillow with Plush Silky Polyester Filling for Ultimate Sleeping Comfort",1731627068649934880,$234.87,"Dual-Layer Hydrating Gel Socks (1 Pair, Blue/Pink) - Moisture-Locking Self Care Products for Dry Cracked Heels, Calluses - Spa & Pedicure Repair Socks, Christmas Gift",1731661923978547632,$209.05
mobilemerchant,Beauty & Personal Care,"$4,873.59",Computers & Office Equipment,"$2,567.70",tarte CC color-correcting tinted serum,1732403113516372924,"$2,554.29",Harry Potter Return to Hogwarts 2027 Spiral Wall Calendar,1732480472796926431,"$2,376.97",DRMTLGY Microdermabrasion Scrub 2 oz Physical Exfoliant,1729436421249339942,$367.84,"DRMTLGY Retinol Body Lotion, 6oz - Restores Youthful-Looking Skin with Shea Butter and Ceramides. Hydrates Dull, Dry Skin",1729436419777401382,$288.26,The Advanced Clean Duo | TikTok Exclusive,1732296370109387682,$277.00
momsapprovedfinds,Home Supplies,$230.60,Computers & Office Equipment,$196.37,Kringle Express 100-Piece All Season's Gift Bags & Tags Set,1732491710416131015,$196.37,"Mr. Christmas 18"" Ultimate RGB Ceramic Nostalgic Tree",1732511205351723975,$164.00,"12.5"" Starry Night Stacked Pumpkins by Valerie",1732518597707076551,$57.66,S/2 Magic Jellykins Surprise Reveal Squishy Characters,1732466706212819911,$51.97,"Cozy Cottage by Liz Marie Harvest 24"" Hydrangea Wreath",1731567148442162119,$33.62
natachacarlile,Sports & Outdoor,"$18,783.67",Womenswear & Underwear,"$6,641.76",【Creator’s Pick】Halara UltraSculpt High Waisted Scrunch Butt Lifting Tummy Control Pocket Shaping Training Leggings,1729568240189804836,"$2,549.72",GLOWMODE Game On Buttery-Soft Quick-Dry Removable Cups Built-In Shorts Side Pockets Squareneck Cutout Back Tiered Tennis Dress Golf Pickleball Workout Gym Daily Casual Wear,1732314393157079459,"$1,850.43",【Creator’s Pick】Halara UltraSculpt High Waisted Scrunch Butt Lifting Tummy Control Pocket Shaping Yoga Bootcut Leggings,1730598888052330788,"$1,465.46","Flash Sale Inno Mint Heart Contour Design Butt Lifting No Front Seam High-Waisted Shaping Training Leggings with White Stitching for Women's Fitness, Casual & Gym",1732050675532927075,"$1,459.09",Halara Flex DayStretch High Waisted Pocket Straight Leg Work Pants #SwimWeek,1729535261465612580,"$1,302.76"
nataleezyy,Beauty & Personal Care,"$38,373.25",Womenswear & Underwear,"$1,308.40",Philips Norelco OneBlade Intimate Pubic Groomer Smooth Steel Stainless Comfort,1729507549372977453,"$8,885.24",Plume Eyeshadow - Ambre Fumé - Feather Shimmer Veil,1732357432442917369,"$5,158.54",Plume Eyeshadow - Orchidée Céleste - Feather Shimmer Veil,1732357431278932473,"$4,760.88","MAC Cool-Toned Nude Lip Trio – Sculpt, Define & Plump Set",1732355647882826393,"$2,886.21",tarte starstruck freckle stamp - colored metallic star shaped pen,1732308811399795644,"$2,341.41"
nataleezyyirl,Womenswear & Underwear,$587.14,,,"Women's Casual Soft Comfy Warm Socks for Fall & Winter, Solid Mid-calf Socks,Women's Socks for Daily Wear",1731752751104888912,$559.15,"Songling Women Mid Rise Barrel Work Trousers Elastic Back Waist Tapered Baggy Lounge Pants With Side Pockets True To Size Solid Daily Travel Bottoms, back to school shopping,clothes for back to school,first day of school outfits",1732216018534372167,$27.99,,,,,,,,,
natalieporretta,Womenswear & Underwear,"$2,293.21",Textiles & Soft Furnishings,$98.10,"Comfrt | The Camo Hoodie - Mega | Camo Print Hooded Sweatshirt, Cotton Fleece Fabric, Slouchy Fit",1729931371633742723,$910.06,Comfrt | The Camo Sweatpants | Relaxed Fit Soft Camo Joggers,1729931882991096707,$713.35,Comfrt | Travel Essentials Hoodie | Soft Oversized Sweatshirt With Storage Pockets For Travel,1729485995288597379,$196.78,Comfrt | Minimalist Hoodie - Mega | Super Soft Slightly Weighted Mega Hoodie,1729505773514822531,$139.62,"Comfrt | The Dreamer Blanket | Oversized, Cozy, Soft Warm Throw",1729931833196778371,$98.10
natalietucc,Beauty & Personal Care,"$16,509.02",Furniture,"$3,446.81","【3 Packages Delivery】Yaheetech 5/7/9-Piece Patio Furniture Set, Outdoor Dining Table with 6 Chairs, Rattan Conversation Set with Soft Cushions for Backyard Deck Garden,,home decor,camping essentials",1730893895594905923,"$2,960.83","Hadley Designs My First Busy Book For Toddlers 3-5 - Preschool Montessori Activity Book, Homeschool Quiet Book Ages 5-7",1731812523317564380,"$2,140.81",MAC Cool-Toned Lip Pencil Collection – 6 Bestselling Shades,1732355731768906393,"$2,140.20","MAC Cool Tone Pinks Collection | Saint Germain, Pink Peppermint | Snob & Candy Yum Yum | Sleek Satin Lipstick, 4-piece Lip Set",1732504697620632217,"$1,830.29",Flawless On The Fly Spray Icons Mini Trio,1732491651441333047,"$1,758.21"
nicoashleyyy,Womenswear & Underwear,$113.00,Food & Beverages,$107.09,"Vegan Protein Powder with Prebiotic Fiber, Plant Based, Low Sugar, Gluten Free & Dairy Free - IHOP Pancakes, Dole Whip Pineapple & Brown Sugar Oatmeal | Be Amazing",1729404586763653782,$107.09,Gigi Skort Black,1729444281994285669,$49.00,"Lemme Purr Capsules - Vaginal Probiotics for Women - Promotes pH Balance, Healthy Vaginal Odor & Urinary Tract Health w/ Lactobacillus Blend, Clinically Tested Strains, Pineapple & Vitamin C - 60 Veggie Capsules",1729441959482725223,$43.87,Chocolate Brown Set & Flow Active Curling Headband – Kitsch Heatless Hair Curler for Soft Waves & Curls,1732208080472543282,$35.32,Gigi Skort White,1729699933429863013,$34.00
official.ally.a.54,"Books, Magazines & Audio",$17.98,,,Meditations -- Marcus Aurelius - Paperback,1729409235850466072,$17.98,,,,,,,,,,,,
ohheyitsabbie,Baby & Maternity,$104.50,Kitchenware,$96.14,WildBird Linen Ring Sling Baby Carrier for infant to toddlers,1730954774052377111,$104.50,"SIP-SIP HOORAY! 17oz Thick Silicone Insulated Pumpkin Spice Fall Glass Cup Set with Lid, Leakproof Straw, Bamboo Handle - Washable Iced Coffee Drinkware, Gift for Women, Multicolor, Insulated Water Bottle",1729621743570490065,$61.06,Crocs Women's Miami Toe Loop Summer Sandals,1729553399468823486,$35.99,"SIP-SIP HOORAY! 17oz Halloween Spooky Glass Cup with Bamboo Handle, Silicone Lid, Reusable Straw - Portable, Iced-Coffee Ready, Top Rack Safe Lightweight Kitchen Drinkware, Gift for Women",1729576329334067921,$35.08,2 oz diffuser oil,1730588546972816269,$18.82
ohkrista,Health,"$1,008.95",Womenswear & Underwear,$259.96,Happy V Fresh Start Kit: Vaginal Prebiotic + Probiotic for Women + Happy V Liquid Chlorophyll Natural Dietary Supplement Boost Mint Healthcare Wellness Edible,1731898727935283829,$344.77,"Happy V Vaginal Prebiotic + Probiotic for Women – Clinically Proven pH Balance & BV Treatment, Natural Yeast Infection Support, 60 Vegan Capsules Dietary Gut Health Supplement",1729571589157524085,$282.18,Delilah Distressed Romper - Black,1732482823970394984,$136.40,"Happy V Prebiotic & Probiotic 3-Pack Bundle TT - Capsules for Optimum Health & Edible Supplement, Vegan, Buy 2 Get 1 Free, Healthcare & Fitness",1731899077158474357,$99.57,"Happy V Foundationals Kit: Women's Prebiotic + Probiotic & D-Mannose + Cranberry for PH Balance, Flora Microbiome, UTI support",1732217593378345589,$75.99
ohsoitsjocelyn,Womenswear & Underwear,"$44,255.31",Sports & Outdoor,"$6,304.75","Women's Floral Bohemian Deep V Neck Crop Top & Fish Tail Skirt Set Outfit, Sexy Two-Piece, Back-To-School Fashion, All-Over Print Design",1732222169951277353,"$8,797.51",SHAPELLX Deep V Shapewear with Chest Support Breathable High-Waisted Tummy Control Jumpsuit,1731461210302091904,"$4,873.85",Imily Bela Womens Long Ballon Sleeve Sweatshirts Tops Cropped Crew Neck Loose Fit Casual Workout Shirts,1729651434276688063,"$2,975.79","Women's Summer Holiday Off-Shoulder Top and Stylish Chic Bodycon Skirt Set, Breathable Beachwear for Casual Vacations Outfit Clothes, Skirts Set",1731433230082871614,"$2,869.98","NVWA Women's High-Stretch Zipper Sports Jumpsuit - Skin-Friendly Breathable Slim-Fitting Fabric, Glute-Lifting Midsection-Sculpting Overalls, Athleisure Fashion Apparel, Ideal for Yoga,Gym, Women's Clothes, Female Stylish Clothes Outfits, Stylish Women's",1732322252818649281,"$2,379.26"
oinetta,Fashion Accessories,$630.94,Home Supplies,$368.09,Tewiky 14K Gold Plated Waterproof Bracelets for Women Jewelry Sets Trendy Thin Dainty Stackable Cuban Link Paperclip Chain Bracelet Pack Fashion Accessories Gifts  Maximalist Jewelry,1730385229390975793,$630.94,"Scentiment The One Fragrance Oil - Cardamom & Tuscan Leather Scented with Sandalwood, Cedarwood, Amber, Musk, Vetiver, and Iris - Luxurious Exotic Retreat Experience",1729409409412468914,$215.65,"Dreamcat Smart Low-Noise Automatic Self-cleaning Household Cat Litter Box 80L,Hands-Free,Smart Sensors Safety Protection,Easy Setup,Odor-Free,APP Control,Multi-Cat Home,Cat Companion#TikTokShopDealsforYouDays#DealsForYouDays",1731888665972544269,$141.37,"Scentiment Vegas Resort Fragrance Oil - Green Melon & Musk Scented with Lemon, Green Tea, Jasmine, Lily, Raspberry, and Oakmoss - Radiant Luxury Resort Experience",1729407140022620338,$109.60,"FUMOI Automatic Litter Box for Multi-Cat Homes - Open-Top Self-Cleaning Litter Cleaner with APP Control, 2.4G WiFi, Safety Sensors, Odor Lock, 10.5L Large Waste Bin, Automatic Litter Boxes #Summervibes #petLovers#tiktokshopbacktoschool",1732262271257776791,$82.79
ollie999,Toys & Hobbies,$89.12,Phones & Electronics,$38.56,"HURRA 6000mAh Rechargeable Battery Head Strap Adapter for Meta Quest 2-3-3S VR Headset - Multi-Model, Adjustable, Soft Foam, Skin-Friendly PU, Included Cable - Extended Play, Enhanced Comfort, Wheel,back to school,back to school haul",1730480486928126605,$38.56,"Luna Bean   4pc   Baby Hand & Foot Casting Kit – Newborn Keepsake, Baby Shower, New Parent Gift Milestone, Gifts for Mom, Hypoallergenic Moms Instructions",1729558429784314509,$36.99,"Luna Bean Original Hand Casting Kit – Keepsake Mold for Couples, Family, Anniversary & Milestone, Wedding Gifts, Back to School, My Favorite Person, Molding, Bridal Gift",1729436078970475149,$29.99,We're Not Really Strangers Couples Edition - 150 Questions & Wildcards for Couples Fun,1729440345111433380,$22.14,,,
petitewithjessy,Womenswear & Underwear,"$1,428.42",Sports & Outdoor,$34.95,"Tanming Womens Cotton Linen Pants Casual Button Up High Waisted Wide Leg Trousers Minimalist Basic Breathable Fabric Casual Loose Comfy Summer Beach Trousers,summerwins,summeroutfits,vacationoutfits,beachoutfits,back to school shopping",1732301686597849235,"$1,044.33","Chouyatou Women's Cute Sexy Thick Chic High-Waisted A-Line Cowboy Denim Skirt, Bohemian Style with Flowing Ruffle, Button Closure, and Tiered Design, Elegant, Women Fashion, Skirts For Women,back to school shopping",1731894392498983305,$142.96,Cicy Bell Womens Hollow Out Maxi Skirts Summer High Waisted Boho Fringe Hem Long Skirt,1731733978686329199,$37.91,"Chouyatou Women's Mid-Rise Floral Print Cropped Denim Trouser - Bohemian Loose Wide-Leg Streetwear Pants, Women's Clothes Bottoms, Jeans Capri Pants, Fashion Apparel,back to school shopping, Baggy, Stylish Women's Wear",1731882983466242441,$35.99,"utcoco Women's Bib Overalls, Cute Floral Print Denim Jumpsuit with Baggy Wide Leg and Adjustable Straps, Fashion Apparel Chic Pants,back to school shopping, Flower, Women's Clothes,clothes for back to school,first day of school outfits",1729494608230520289,$35.99
peytonxblack,Beauty & Personal Care,"$33,538.01",Womenswear & Underwear,$270.89,"tarte BB blur tinted moisturizer SPF 30 - instantly brightens, hydrates & smooths your skin",1729584174847071164,"$17,444.19",On 'Til Dawn Bronze Veil Waterproof Setting Spray,1732455657267630903,"$4,285.89","Palladio Under Eye Brightener Cosmetic - Caffeine Peptides, Vitamin E, Radiant Coverage, Blendable Color Corrector & Primer for Dull Tired Skin, Reduces Dark Circles, Brightening",1729881829798023357,"$3,829.10",Ultimate Color Corrector Stain,1732518933400032055,"$2,263.86",tarte Big Stick Energy duo – shape tape concealer stick & brush,1730956811325510588,"$1,612.14"
peytonxshops,Beauty & Personal Care,$45.00,,,Pout Clout Lip Plumping Gloss Pen,1729436365218091299,$37.00,"e.l.f. Glow Reviver Melting Lip Balm, Hydrating Lip Balm High-Gloss Shine and Buildable Color 15.4mL",1730991053913559331,$8.00,,,,,,,,,
pinspo.girl,Womenswear & Underwear,"$8,597.34",Beauty & Personal Care,"$7,428.77","Etekcity ESN00 AI Smart Food Scale | 19 Nutrient Facts Auto Scan | Digital Calorie Counter for Meal Prep & Fitness | Compact Stainless Design, Summer Sale,home essentials",1729408268190847371,"$6,335.16",CAKES Body Sticky CAKES Circles Non-Toxic Silicone Medical-Grade Adhesive Adhesive-Free Nip Nook Reusable for 10 Wears Seamless Coverage Womenswear Bra,1731036579930346047,"$4,069.92",Fenty Skin Butta Drop Body Cream + Body Milk Body Care Hydrating Lotion Duo,1729716038966481710,"$2,227.66",Canon PowerShot G7 X Mark III 3637C001 Black (US Plug) by StockX,1732091895743746202,"$1,474.63",Solstice Gemstone Necklace (Unisex),1729544712677594041,"$1,403.43"
prettygirlglaze,Furniture,"$26,856.21",Food & Beverages,"$15,682.69","Medium Firm Hybrid Memory Foam Mattress - 8/10/12/14 in Twin, Full, Queen, King Sizes, Lumbar Support, Ergonomic Design, for Home Rooms, Hotels, Boxed Furniture Gift, Memory Foam Mattresses, Queen Size Mattress,dorm essentials,home decor",1730092261582738160,"$26,543.67",Unshelled Sunflower Spicy Red Seeds 12oz,1732220469286507347,"$7,077.00",Mini CRUMBS Spicy Red 5oz,1732242023177360211,"$2,279.44",SHAPSHE Waist Shapewear Corset for Women Sport Workout Vest for Women Gym Zipper and Hooks,1732027199022469228,"$2,213.84",【Runs Small】Popilush Leopard Print Corset Top Women Detachable Strap Lace Up Bustier Sculpting Shapewear Tank Top Party Club Streetwear,1731223145403945796,"$1,376.57"
ragdollmanor,Beauty & Personal Care,"$17,681.83",Health,"$15,759.13","Bears with Benefits Biotin Gummies for Hair Growth, Skin & Nails –  5000 mcg Biotin + Vitamins C & E + Zinc - 30 Gummies - Vegan Wild Berry Flavor - 1 Month Supply",1730755223971074070,"$15,448.02",tarte colored clay CC undereye corrector,1729734769623929788,"$7,119.54",Whipped Lemonade Protein Smoothie by FlavCity Weight Watchers,1732457573392093611,"$4,480.45",Evergreen Set of 3 Lighted Halloween WitchStakes,1731081757354464199,"$3,500.84","NEW! GOPURE Instant Lift Eye Gel - For the look of Puffiness & Bags, Wrinkles, Fine Lines and Dark Circles, Anti Aging Skin Care for Men & Women with Collagen Targeting Biotech Under Eye Brightener",1732268349317747097,"$2,660.36"
riannapepe,Beauty & Personal Care,"$9,190.87",Womenswear & Underwear,$142.53,Barbie x Glamlite Makeup Set,1732367766276117241,$962.79,Barbie x Glamlite Lip Kits,1732369753148658425,$917.11,No Limits Cream Bronzer Stick,1729385764072624843,$722.80,"Glamlite’s #1 Best-Selling Lip Kits – Lipstick, Gloss & Liner",1729446402673316601,$698.70,"Dr.Jart+ Cicapair 5-Piece Redness Relief Routine | Instant Redness Relief | Korean Skincare for Sensitive Skin, Barrier Repair, Color Corrector SPF",1732338093671617000,$697.58
risingwithcristina,Sports & Outdoor,$255.90,Health,$161.49,"5 or 2 High Capacity Emergency Survival Water Straws - Personal Filter for Camping, Hiking, Travel Biking, Survival Preparedness, Lightweight Reusable",1729419146074362732,$255.90,"I Am Joy: Ormus Gold Oil Monoatomic Helps to Decalcify Pineal Gland, Repair DNA, Increase Manifestation Speed - Rich with Minerals Platinum, Iridium Using Non Chemical Solvent Extraction 4oz",1729407118584156350,$161.49,,,,,,,,,
rondadaly,Womenswear & Underwear,"$2,778.10",Sports & Outdoor,"$1,871.52",【Creator’s Pick】Halara Ribbed Knit Off Shoulder Long Sleeve 2-in-1 Casual Top#TikTokShopSpringGlowUp,1732205256768394078,"$1,352.28","Scacto Women's Classic Long Denim Trench Coat, Collared Button-Front Outerwear for Elegant Basic Outfits, Lady,back to school,back to school shopping, Long Sleeve,clothes for back to school,first day of school outfits",1732067582857941866,$544.66,"TIMEOFF Women's Short Sleeve Zip-Up Mock Neck Athletic Romper with Flared Skirt - Sporty Chic Dress, Athleisure Tennis Attire, Women's Clothing for Summer Fitness,summerwins,travel essentials,camping essentials",1731131763555144432,$363.89,"2-Piece Black & White Stripe Cross Back Crop Top & High Waist Wide Leg Pants Set - Soft Loungewear & Casual Outfit for Home and Daily Wear , Striped Cutout Top & Pants Matching Set - Ideal for Lounging, Casual Outings, and Brunch Clothes",1729479925562053719,$277.38,"PrettyGarden Women's 2-Piece Outfits Short Sleeve Pullover Tops Split Hem Wide Leg Pants Lounge Sets, Comfy Pjs, Soft Suits-Womenswear Loungewear Nightwear#SwimWeek#Summervibes#DealsForYouDays",1729444226407305583,$227.93
sam_joness_,Home Supplies,"$21,435.84",Sports & Outdoor,"$11,239.75",Hotel Collection | Scent Diffuser Discovery Kit Covers up to 600 sq/ft with One Fragrance Oil 50mL (1.69 Fl Oz),1732266143641211591,"$18,725.02",NEW BALANCE 530 Womens Shoes,1730843455865524661,"$9,325.51","LOVEVOOK Colorblock Carry-On Travel Backpack with 3 Packing Cubes and Laptop Compartment - Personal Item,TSA-Friendly, Travel Essentials, Airline Approved Travel Bag for Hiking, Weekend, TikTokShopBackToSchool",1729417326447727282,"$5,646.74","SEESE Cordless Pressure Washer and Single Port Charger Base, Bottle Portable Washer for Car,Home Cleaning & Garden Watering",1731236289885213002,"$3,583.02",Flamingo Light Hydrating Spray for Skin Repair & Moisture - Nourishing Formula with Papaya Fruit Extract & Sunflower Seed Oil - 6.7 oz Radiant Lotion Hydrate Moisturizing,1729470340006121588,"$2,339.88"
samanthasingsit,Beauty & Personal Care,$137.79,Womenswear & Underwear,$17.99,"DELUXE Ruby May Makeup Box Bundle with Eyeshadow, Gloss, Brow Products, Brush, Cosmetic Essentials, Ships from California, Mascara, Assorted Makeup Sets",1729692159331569969,$68.02,"Prosa Volumizing Mascara 3-Pack Bundles - Silicone, Water-Proof, Avocado-Infused Natural Mascara, Professional Classic Cosmetic Make Up, Micro-Fibers for Max Volume",1729552289872581594,$66.61,"Women's Elegant Halter Deep V High Slit Bodycon Dress, Polyester Spandex Fabric, Feminine Comfortable Lightweight Casual Womenswear",1729452961865830868,$17.99,"False Nail Glue, Quick-Dry Strong Nail Adhesive for Nail Tips & Nail Art, Professional Nail Art Glue for Poly Gel Kits, Nail Polish Accessories for Women & Girls",1729674648695771136,$3.16,,,
samshops_beauty,Home Supplies,"$1,642.19",Textiles & Soft Furnishings,$33.23,"LED Desktop Makeup Mirror, Lighted Makeup Mirror, 3-Mode Lighting, Touch Screen Control Makeup Mirror, With 10x Mirror, Detachable Base",1731634628381414114,"$1,642.19","Mattress Topper Memory Foam Mattress Breathable Topper for Bedroom, Guest Room, Dorm Room & Apartment",1729707309447090914,$33.23,Soft Glam Baked Blush,1731792682119434548,$16.00,,,,,,
saoirse.simons,Home Supplies,$81.77,Kitchenware,$70.03,Set of 2 Lit Candle Holder Pedestals with Mirror Inserts by Valerie,1730748406521304007,$44.37,"Kringle Express Set of (2) 8"" Flameless Snowflake Lanterns",1731382449958785991,$37.40,Temp-tations Set of (2) 16-oz Seal the Meal Mugs,1732321134979945415,$23.83,Temp-tations Seasonal Footed 2.5-qt Serving Bowl,1731011768663643079,$23.24,Temp-tations Seasonal Set of 4 Spoon Rests with Gift Boxes,1731399317173670855,$22.96
sarahhill920,Womenswear & Underwear,"$4,033.40",Beauty & Personal Care,"$2,528.48","BIO IONIC OFFICIAL: Long Barrel Curling Iron - Hair Curler Adjustable Heat Settings, Effortless Voluminous Curls & Waves, Auto Shut-off, Easy to Use Styling Tool, For All Hair Types Comfort",1731031588942615519,"$1,037.74","C202 Women Merino Wool Sweater Lightweight Soft Slim Fit Crew Neck Spring Layering Top Everyday Long Sleeve Casual, Fabric, Essential,clothes for back to school,first day of school outfits",1732029819856261826,$665.73,Arach&Cloz Women's Wool Blend Oversized Sweaters Crewneck Casual Winter Outfits Fashion Tops SummerVibes Knitwear Womenswear,1731552481752486248,$534.76,Clear Self Tanning Gel,1732283704969498772,$491.69,INLYRIC Women's Cosnufy Mesh Sheer Long Sleeve Tops See Through Boat Neck Going Out Tops Trendy Sexy Shirts,1731922990146031856,$457.58
sashamarielovesshopping,Womenswear & Underwear,"$4,304.42",Beauty & Personal Care,"$1,202.92",BraSculpt Strapless Bodysuit Thong,1730963087669432340,$790.23,NuDerma Standard High Frequency Wand for Anti-Aging and Anti-Acne Neon Argon Gas by Pure Daily Care high frequency wand hair,1729404718196625773,$755.93,Tezi Boat Neck Light Knit Top,1731845458810343586,$652.52,Daytime Low Rise Baggy Jeans,1729441178301665442,$608.72,Von Dutch Rhinestone Crop Tees - All Styles,1731394303958750188,$261.93
savi_trends,Shoes,$145.50,Textiles & Soft Furnishings,$118.50,"balabala Girls' Casual Trainers, Retro Bow-Knot Low Top Sneakers with Hook-and-Loop Strap, Lightweight Nonslip Shoes for Back to School, Nonslip Trainers, Athletic Sneaker Footwear, Trendy Trainers,back to school",1732106026751726328,$106.74,MINO BLUSH RHINESTONES,1731770078121005355,$99.95,"PHF 100% Cotton Waffle Pillow Shams - Standard Size 2-Piece Set Bed Linens, Soft Skin-Friendly Pillowcase Covers, Breathable Woven, No Filling, Casual Chic for Room & House Decor",1729452097051004938,$79.82,Smart ECG Health Monitoring Ring – ECG/Heart Rate /Sleep /Activity Tracker/Blood pressure/Blood glucose/Spo2/Temperature/Water Proof,1731170696570310865,$75.99,"LOKHOM Boho Kitchen Runner Rug Sets 3 Piece Geometric Farmhouse 20x32inch+20x48inch+20x59inch Non Slip Washable Mat for Kitchen Living Room Entryway Laundry Room, Room Decor, House Decor summerwins,back to school,dorm essentials,home decor,home essentials",1729401718767784681,$38.68
seasonaldiariess,Kitchenware,"$30,341.41",Food & Beverages,"$4,549.63",Coca-Cola & Frost Buddy - Stainless steel - Dual Wall Vacuum Sealed - Drinkware,1732382098705650570,"$11,934.73",Frost Buddy Halloween,1732471007461348234,"$6,585.22",To-Go Buddy - Universal Cup Insulator for to-go cups - Keeps Drinks Hot Cold 12+ Hours - Vacuum Insulated Tumbler,1729430518270038922,"$4,123.92",New Thicc Buddy 50oz Leak Proof Double Wall Vacuum Sealed Tumbler with Handle Fits Lip Balm & Keys Drinkware Flasks Lid Insulated Mug for 12+ Hours Cold & 8+ Hours Hot,1732139017504789386,"$2,493.22","Javvy Cookie Butter Protein Iced Coffee Beverage - Premium Whey Protein Instant Iced Coffee, 100% Natural Cold Brew, 0 Artificial Flavors & Sweeteners, 80mg Caffeine, No Added Sugar, 20 Servings",1732464910525698195,"$1,890.26"
shilohstemple,Beauty & Personal Care,"$61,548.27",Fashion Accessories,"$7,465.91",[Recommended by Cardi B] SKINTIFIC Hydrating Brightening Lip Serum with Hyaluronic Acid & Peptide for Radiant Lips Gentle Glossy Korean Beauty Makeup Balm Shea Smooth Moisture with Cooling Metal Roller Applicator,1731832307922407544,"$11,905.85","e.l.f. Glow Reviver Melting Lip Balm, Hydrating Lip Balm High-Gloss Shine and Buildable Color 15.4mL",1730991053913559331,"$9,378.52","[TIRTIR Official] Glide & Hide Dual Concealer and Foundation 2-in-1 Stick l Lightweight Coverage, Flawless Makeup Cosmetic foundation stick",1731165559314747994,"$6,927.66","TYMO FLIPRO Hair Care Set - FlipPro 2-In-1 Straightener Comb & Styling Tool with TYMO Heat Protectant Spray for Lightweight Frizz Control, Ceramic Coating, Fast Heat-Up, Summervibes gift Hair Flat Iron fathersdaygift,father'sdaygifts,dorm essentials",1731735771965723102,"$4,797.52",The Frontal Queen Lace Melting Spray for Ashy Lace - Sweat-Proof & Slay-Proof Haircare Spray 4.2 FL OZ 120 ML,1729634847397811095,"$3,652.58"
shopaholicallee,Womenswear & Underwear,"$27,565.27",Sports & Outdoor,"$18,968.34","Viral Cute Halloween Socks for Women, 5 Pairs Cozy Novelty Crew Socks Set, Funny Pumpkin Ghost Cartoon Mid-Calf Knit Socks, Soft Stretch Warm Fall Winter Essentials for Daily Wear, Halloween Party, Work, School & Gifts",1732470364146930295,"$9,360.45",Hanes Originals Women’s Supersoft Comfywear Sleep Slip Dress Women's Intimates Comfortable Fit Soft Stretch Fabric Breathable Hla219,1731467663274185700,"$6,360.48",【Creator’s Pick】Halara UltraSculpt High Waisted Tummy Control Pocket Shaping Training Capri Leggings,1731269947944768350,"$5,027.10","4 Pairs Women's Stylish Mid-Calf Socks - Trendy Striped Leopard Print, Comfortable, Soft For Both Lounge and Outdoor Wear",1732147619087356375,"$3,321.78","Hairy Pawter Vintage 90s Graphic Shirt, Retro Funny Cat Shirt, Cat Wizard Fantasy Shirt, Wizarding School Tee, Reader Gift, Comfort Colors",1731583893558694886,"$2,699.30"
shopaholicallee2,Sports & Outdoor,"$14,221.20",Womenswear & Underwear,"$8,151.80",【Creator’s Pick】Halara UltraSculpt High Waisted Tummy Control Pocket Shaping Training Capri Leggings,1731269947944768350,"$4,604.90","Long Sleeve Denim Jacket for Women,Drop Shoulder Curved Hem Denim, Classic Button Down Denim Jacket with Chest Pockets, Fashion Women's Clothing for Daily Wear, Vintage Western Trucker Jacket, Outerwear",1729469572738027768,"$3,420.00","【Creator’s Pick】Halara UltraSculpt High Waisted Tummy Control Pocket Shaping Training Biker Shorts 3""/5""/7""/9""",1729465442609172772,"$2,432.40",Perpetual Kids Jokes Calendar - A Year of Daily Laughs with 365 Kid-Approved Jokes for Family Fun - Colorful Engaging Design - Eco-Friendly Gift Ready,1731426717157199934,"$1,947.29",Halara UltraSculpt™ High Waisted Tummy Control Contrast Lace Shaping Training Leggings with Pockets,1731361332119834916,"$1,942.86"
shopjulesm,Womenswear & Underwear,"$4,696.68",Sports & Outdoor,$93.98,SCUSTY Women's Autumn Sweater Cardigans Graphic Button Down Collar Knitwear Long Sleeves Y2K Oversized Print Coat,1731465165517983987,"$1,415.44","Songling Women's Bell-Bottom Pants, Wide-Leg Casual Harem Pants, Summer Boho-Style Flowy Beach Pants (with Pockets), Womenswear",1732403857651110727,$456.39,"Yeokou Women's Chic Elegant Hooded High Neck Double-Breasted Button Wool Blend Pea Coat, Casual Above-Knee Long-Sleeve Outerwear Jacket with Pockets, Lady, Dating, Holiday, Work",1732032956860830194,$448.51,Imily Bela Womens Flouncy hem shirt V Neck Long Sleeve Shirts Oversized Solid blouse Tops,1732435709741535245,$427.93,"Fisoew Women's Color Block Striped Quarter Zip Sweater, Lapel Collar Drop Shoulder Long Sleeve Oversized Pullover Knit Top,back to school,back to school shopping Casual Ribbed,clothes for back to school,first day of school outfits",1732456403481957208,$236.79
shopwithangiemae,Womenswear & Underwear,$22.79,,,Dokotoo Women's Oversized Waffle Knit Pullover Sweaters Fall Outfis 2026 Classic Crewneck Pullover Tops with Round Hem Teacher Clothes Casual Travel Vacation All Day Wear Cute Trendy Winter Clothing,1731794721041257461,$22.79,,,,,,,,,,,,
shopwithrisah,Beauty & Personal Care,$76.19,Food & Beverages,$50.93,"Ryl Iced Tea- Jolly Rancher Variety Pack- Blue Raspberry and Green Apple- 0 Sugar, Antioxidant Superblend, Low Calorie, Low Carb, Non-GMO, Kosher, Gluten Free, Made in the USA, 4-Pack, 16 Fl Oz",1732299451586351442,$50.93,Fenty Skin Butta Drop Hydrating Body Milk — Salted Caramel,1731567998950806318,$36.00,Strengthen & Replenish Shampoo and Conditioner Set anti-hair loss rosemary,1729498483389338508,$29.39,R&W Co. Toilet Bowl Cleaner,1732464959572971666,$17.35,The Uzzle Stack Royale – Fast-Paced Strategy Board Game | Ages 4+ | 160 Challenge Cards | 32 Colored Wooden Blocks | 4 Difficulty Levels Family Game,1729440403559256413,$12.50
skylerbaseballmom,Womenswear & Underwear,$842.78,Luggage & Bags,$262.75,"G4Free Women's High Waist Wide Leg Yoga Pants - Soft Stretch, Pockets, Curvy Plus-Size Clothes, Business Casual Pants for Women, Chic Daily Outfit EverGoing 2026",1729814417873080623,$336.56,"【Summervibes】XPUDAC Matching Women & Dog Pajamas Set Short Sleeve Tee & Shorts,Owner and Pet Pajamas Are Sold Separately,Soft Casual Homewear for Lounging & Matching Photos Loungewear Cute Outfits Fabric Clothes Petlovers",1729503187618469344,$159.80,"【Limited Deals】TANKANEO Women's V-Neck Babydoll Blouse, Elegant Ruffle Short Sleeve Top with Scalloped Trim, Loose-Fitting Dressy Casual for Summer, Lady, Shirts",1732196678361453280,$117.45,"Portland Leather Koala Sling Bag – Premium Leather Crossbody Shoulder Bag for Travel & Everyday Carry – Adjustable Strap, Magnetic Closure",1732046851932983468,$104.99,R&W Co. Multi-Purpose Cleaner,1730656811716874386,$96.41
skylerclarkk,Textiles & Soft Furnishings,$26.97,,,Michael Jackson High Quality Flannel Blanket - Premium Flannel Material Super Soft Comfortable Throw for Travel Bedding Couch Hiking Bed Mother's Day Valentine's Day Birthday Christmas Gift,1732010612272108340,$26.97,,,,,,,,,,,,
southern_wellness,Health,"$5,232.77",Beauty & Personal Care,$70.00,"Micro Ingredients Testosterone+ Advanced for Men & Women, 240 Softgels | 15-in-1 Complex with Tongkat Ali, Horny Goat Weed, Shilajit, Maca & Saw Palmetto | Non-GMO",1732277848170402477,"$1,249.08","Micro Ingredients Liposomal NAD+ Ultimate 1,000mg, 60 Veggie Capsules",1731481178363761325,$913.48,Sea Moss & Pearl Powder Glow Gummies - Supplement for Collagen & Skin - Edible,1729409018910774265,$562.62,GLOW & GROW Bundle,1731652917122208761,$547.61,"ESTHER FORMULA Liposomal Glutathione Direct (284mg*30strips) Glutathione Strips, Korean Beauty Supplement Made in USA for antioxidant, Skin Tone Care, K-Beauty, Inner Beauty Healthcare Fitness beauty film",1731249117070201460,$389.03
southernlakemom,Womenswear & Underwear,"$65,246.73",Shoes,"$5,138.25","The Original Croptuck: Lightweight Adjustable Band for Crop Tops, Tucking, Cropping Oversized Tops, Layering, Shortening Dresses & No-Sew Fashion Hacks",1729385252914762474,"$8,747.18","FINAL SALE-Ribbed, Acid-Washed Women's Casual Dressbed Acid Washed Dress",1732458879438656204,"$6,397.06",Imily Bela Women Off The Shoulder Romper Flowy Strapless Smocked Jumpsuit Playsuits Dress,1729448340331073727,"$4,118.41",SCUSTY Women's Casual Summervibes Two Piece Sets Color Block Crewneck Sleeveless Pullover Tops Matching Shorts With Pockets 4th of July Independence Day Outfit,1731188415101440243,"$4,074.38","luvamia Wide Leg Jeans for Women Trendy High Waisted Flare Jeans Cropped Denim Pants Stretchy Baggy with Patch Pockets,back to school shopping,clothes for back to school,first day of school outfits",1729609687050195632,"$3,296.83"
soyabundanciaa,Womenswear & Underwear,"$34,921.79",Sports & Outdoor,$774.31,SHAPELLX Shapewear Sculpting Shorts for Women Seamless High Waisted Body Tummy Control Shaper Thigh Slimming Underwear Womenswear Black,1731280168955253376,"$9,710.10",Popilush Spaghetti Strap Cowl Neck Midi Swing Dress Casual Breathable Elastic Fabric for Everyday Womenswear Feminine Adjustable Mesh,1732017386487976772,"$3,373.56","Chicovar Women's Square Neck Boho Mini Dress – Long Sleeve Smocked Waist Tiered Ruffle Dress with Pockets , Cute Lantern Sleeve for Spring Wedding Guest, Family Photos, Church, Westernfashion, Summervibes",1731477912327721445,"$3,295.79","Women's Simple Solid Backless Halter Sleeveless One-Piece Jumpsuit, Elegant Chic Ruffle Design, Perfect for Casual Wear, All Seasons Fashion, Outfit",1732187881328251637,"$3,053.49","Florboom Women's Sweetheart Knot Front Mini Dress,Flutter Sleeve Layered Ruffle Hem A-Line Short Dress, Lightweight Summer Fit & Flare Dress for Vacation, Parties, and Everyday Style,Summervibes Womenswear Womenswear",1729489495474017915,"$1,574.78"
spankifarris,Textiles & Soft Furnishings,"$3,840.27",Womenswear & Underwear,"$1,224.09","【Home Essentials】WeCharmer Extra Thick Mattress 1000&500 GSM Topper, Down Alternative Overfill Plush Mattress Pad, Cooling Pillow Top with 8-21Inch Deep Pocket,summerwins,back to school,back to school shopping,home decor",1729457680158658805,"$3,400.01",PrettyGarden Oversized Tshirts Shirts for Women Summer Tops Casual Short Sleeve V Neck Loose Basic Tees#Summervibes#SwimWeek#DealsForYouDays,1732190593624871279,$788.92,Freya ONESO Women Mid Rise High Stretchy BBL Jeans Butt Lifting Wide Leg Raw Hem Denim Pants Tummy Control Spring Basic Minimalist Woman Denim Bottom Comfortable Denim Jeans OSW8019 Plus Size Regular Size Fashion Daily Outfits DIY Inseams #SummerVibes,1731273402271240469,$250.24,"APSMILE Cooling Wool Comforter - Climaloft Temperature Control Breathable Quilt, 100% Organic Cotton Cooling Bedding, Multi-Size, Mid-Year Sale Deals",1729498826946745346,$245.17,"【One-Touch Max Fire】Culinary Propane Cooking Blow Torch Gun with Safety Lock, Powerful Flame for BBQ Grill, Outdoor Camping & World Cup Party Cooking, Sous Vide & Kitchen Use, Charcoal Lighter (Tank Not Included), Summer BBQ Sale",1731065743854702822,$212.55
specificallyketchup,Health,"$2,297.32",Beauty & Personal Care,$124.91,LEEFAR Her Juicy Feminine Probiotics Gummies- All in One Solution with Slippery Elm and Prebiotics&Lactobacillus Probiotic Blend for Women’s pH Balance and Dryness - Hawaiian Pineapple Gummies 60 Count probiotics women,1729890372836496007,$813.79,Wet & Wild Bundle - URO Women's Probiotic Capsules (30 Servings) and URO Moisture & Mood Capsules (30 Servings) with Ashwagandha and Gingko Biloba,1731431398236263126,$796.03,URO Women's Probiotics - 60 Count (Pack of 1) - Prebiotic and Probiotic Capsules for Healthy pH Balance and Odor,1729398461940339414,$282.83,LEEFAR Her Juicy Feminine Probiotics Gummies- All in One Solution with Slippery Elm and Prebiotics&Lactobacillus Probiotic Blend for Women's pH Balance and Dryness - Hawaiian Pineapple Gummies 60 Counts Women's Probiotics,1729945116083917472,$210.09,LEEFAR Her Juicy Feminine Probiotics Gummies- All in One Solution with Slippery Elm and Prebiotics&Lactobacillus Probiotic Blend for Women's pH Balance and Dryness - Hawaiian Pineapple Gummies 60 Counts Women's Probiotics,1729968753046294560,$45.63
stephanie_stimson,Beauty & Personal Care,"$32,683.67",Phones & Electronics,"$6,513.00","Bellavita Luxury Senorita Eau De Parfum | Women's Perfume 100ml (3.38 FL.oz) | Playful, Sweet & Confident Notes | Long-Lasting | Vegan & Cruelty-Free",1729470893913576374,"$6,359.72","Stylish Women's High Heeled Shoes, Slingback Stiletto Heels, Minimalist Slingback Pumps, European Style Patent Leather, Elegant Party Shoes Hollow Side Design, Classy Fashion Slimming Look, Exquisite Heels for Parties and Events, Elegant Footwear",1732180721823158836,"$5,059.56",KI Exosome Booster Ampoule Kit – Advanced Skin Care for Hydration & Glow | Made in Korea,1731494674229465785,"$3,213.55","[medicube] Gatekeeping My Real Age Set | 5-step Longevity, Anti- Aging Routine l PDRN & Volufiline & Collagen & NAD+ EGF Complex l Cares for Look of Fine Lines, Firming Care, Radiant & Youthful Looking, Plumping | Korean Skincare, K-Beauty",1732363645554692331,"$2,952.14",OEAK Womens Jelly Bras Wireless Comfortable Soft Push Up Bralettes Seamless Tshirts Bras Deep V Everyday Bras,1729714461980332262,"$2,514.43"
stephsharesitall,Computers & Office Equipment,"$11,091.11",Home Supplies,"$8,908.02","Random Mini Multicolor Pens 20/30/50Pcs in One 4-in-1 Cute Pens Bulk for Kids, Fun Kawaii Ballpoint Pen for Birthdays and Children's Party Favors Gifts, Teacher School Supplies Gift Student Gift mid year sale deals for you restock",1731220844494426246,"$9,380.93","Magnetic Photo Frames 2""x2"" Clear Acrylic DIY Fridge Magnets with Adhesive Backing – Square Magnets for Crafts, Kitchen, Classroom, Party & Office Decoration Back to School College Dorm Essentials #HomeEssentials #TikTokShopBackToSchool",1732288674913947952,"$8,890.43","Erasable Reusable Watercolor Pen Doodle Set for Toddlers, Toddler Coloring Set 1 2 3 4 Years Old - Unicorn Reusable Drawing Book, 12 Watercolor Markers, 14 Pages of Art, Creative Play & Fun for Kids - Car Activity Travel Coloring Kit for Kids tiktokshopsp",1729476492327489974,"$3,333.00",FreeSip® Sway,1731227666608394872,"$1,077.37","Jar Melo Water-Activated Coloring Book Set, Mess-Free Kids Creative Craft Kit, Toddler Educational Arts & Crafts Toys, Coloring Gift Book #Summervibes,back to school",1730690895593378774,$974.36
stephsimons,Home Supplies,"$16,490.88",Textiles & Soft Furnishings,"$3,135.48",Wicker Park Set of 2 12' Oversized Cedar Garlands,1731664703525458887,"$3,451.75","Wicker Park 24"" Indoor/Outdoor Jumbo Potted Faux Mums",1732525385408811975,"$2,433.76",Mrs. H by Dee Hilfiger 50oz Spiced Wine Glass Candle,1731967024797815751,"$1,755.08",TRTL TRAVEL PILLOW,1729472069440934578,"$1,316.87",Simply Stunning Bountiful Thanksgiving Gilded Turkey by Janine Graff,1731582078523904967,"$1,023.16"
strawbxrrymilkx,Kitchenware,"$64,372.34",Home Supplies,$89.98,Bottle Buddy - Dual Function lid Water Bottle - Stainless Steel - Double Wall Insulated,1730778201079387018,"$21,147.50",To-Go Buddy - Universal Cup Insulator for to-go cups - Keeps Drinks Hot Cold 12+ Hours - Vacuum Insulated Tumbler,1729430518270038922,"$17,030.58",Frost Buddy Halloween,1732471007461348234,"$8,158.28",Thicc Buddy - Leak Proof - Double Wall Vacuum Sealed Tumbler - Handle Fits Lip Balm & Keys - Drinkware,1729443646612673418,"$7,208.24","Universal Buddy Collegiate Edition - Fits 12oz Cans, Slim Cans, 12oz Bottles, 16oz Cans - Coffee Cup - Double Wall Insulated Drinkware Flasks",1729563808034952074,"$5,572.67"
styledwithmorgs,Shoes,"$5,885.57",Kids' Fashion,$69.10,"Women's Leopard Print Slip-On Sandals, Leopard Pattern Slides, Casual Fashion Anti-Slip Flat Shoes, Fall Winter Spring Summer Wearable Sneakers, Non Slip Slippers",1731812393800209146,"$3,476.28","New Thick Sole Dad Shoes Casual Sporty Women's Athletic Trainers Sneaker Lightweight Breathable Height Increasing Sneakers, Fashion Sneaker, Round Toe Mesh PU Leather Low Top All Seasons Lace Up Sneaker",1730487360350032080,$806.90,"Women's Cute Bowknot Leopard Print Wedge Sandals, Elevated Sandals, Casual Fashion Slip-On Wedges, Summer Trendy Shoes for Beach Daily Wear, Fashionable Footwear",1730926239855710932,$497.93,Women's Summer Footwear Chic Checkered Slide Sandals with Buckle Detail Perfect for Casual Wear Springfresh,1731099497206027226,$449.70,"Women's Solid Color Waterproof Rain Boots, Women Shoes, 2024 New Style Fashionable Round Toe Boots for Outdoor Wear, Non-slip Rain Boots for Women & Girls",1729559330841661532,$333.95
stylevaultverdicts,Womenswear & Underwear,"$5,080.23",Shoes,$412.73,Dokotoo Women's Casual Summer Short Sleeve V Neck Tops T-shirts - Loose Fit & Comfortable Shirring Top,1729440015233422325,$977.62,Dokotoo Women's Flannel Hooded Plaid 2026 Shacket Thick Coat Winter Coat for Warmth Button down Warm and Fuzzy Fleece Jacket,1729586299669877749,$649.93,Dokotoo Women's V-Neck 3/4 Sleeve Oversized Tunic Tops Casual Summer Blouses Fitted Shirts 100% Polyester Comfortable Fabric,1729445592259793909,$497.22,"Dream Pairs Women's Knee-High Riding Boots - Riding Boot Style Winter Footwear with Faux Fur Lining, Wide Calf Fit, Instep Zipper for Quick On-Off Comfort, Zipper Quick On, Buckle Strap Hold,shoes for back to school,back to school shoes",1729433233262875532,$412.73,Becotal Womens Two Piece Outfits Lounge Sets Waffle Knit Long Sleeve Pullover Tops and Jogger Sweatpants Tracksuits with V Neckline Adjustable Drawstring Waist and 2 Side Pockets - Bottoms Spring,1729392374086144577,$287.81
sylviavanhoeven,Womenswear & Underwear,"$2,474.99",Fashion Accessories,$799.05,"3 PCS Retro Oval Cat Eye Sunglasses for Women, Y2K 90s Trendy Narrow Frame Sunnies, Lightweight Vintage Fashion UV Protection Shades,back to school,back to school haul",1732461849741333176,$324.52,"Rechargeable Selfie Light, Clip Fill Light for Phone Laptop Tablet Portable Light for Video Conference Live Streaming Zoom Call Makeup Picture (Black),back to school,back to school haul",1729415647966630551,$295.10,Roman Low Rise Baggy Jeans,1729441167431930018,$215.80,〖Summer Vibes〗1/2 PCS Retro Oval Sunglasses for Women Men Fashion Small Oval Sunglasses 90s Vintage Shades Frames UV400 Protection Classic Design sunglasswomen rich girl sunglasses,1731169899358556281,$206.42,"Autumn Winter Women's Sweater, High Neck Loose Casual French Style Knitwear, Elegant Simple Solid Color Pullover, Long Sleeve Knit Top, Knit Pullover Tops",1731461858342704126,$202.27
sylviavanhoevenbeauty,Beauty & Personal Care,"$70,694.75",Fashion Accessories,$285.06,Smooth Two Color Eyeshadow Stick Set Long Lasting Makeup Waterproof Mate Highlighter Glossy EyeShadow Pencil Suitable For Beginners Cosmetic,1732305739916809186,"$41,475.68","Lifter Glaze Oil Balm with Hyaluronic Acid and Hydrating Oil Blend, Lip Balm with 24HRs of Smooth, Buildable Color, Moisturizing Shine, Maybelline",1730927783781307026,"$8,766.04","Lassi Lips Staining Lip Oil - Up to 8hr Wear, Transfer-proof, No Peeling or Wiping Off, Ultra-comfortable, No Flaking or Feathering with Vitamin E & Mango Seed Oil",1729607961691853620,"$4,180.12","ColourPop Shadow Stix - Creamy Pigmented Long-Wearing Eyeshadow Stick with Built-in Sharpener - Matte, Metallic, and Chrome Finishes",1729555874369343537,"$4,092.70",No Limits Cream Bronzer Stick,1729385764072624843,"$1,330.33"
tarynupmyheart__,Toys & Hobbies,$197.99,Health,$124.27,"Tinyfunz Montessori Pre-Assembled Multi Activity Playset - Portable Kids Toddler Sensory Board, Preschool Interactive Learning Toy with Flash Cards, Animal Icons, Safe Plastic Stickers, 3-6 Years Birthday/Christmas Gift",1729496900283568665,$197.99,"Nello Supercalm Tub (2-Pack): Calming Drink Mix with KSM-66 Ashwagandha, Vitamin D3, Magnesium & L-Theanine – Supports Cortisol Balance, Mood & Sleep, Helps Manage Occasional Stress – Tub (30 Servings) Mental Clarity Relaxation",1730363479151776184,$124.27,,,,,,,,,
taxicabbbbbbb,Womenswear & Underwear,"$11,067.83",Sports & Outdoor,"$4,167.38","New Yoga Tank Top High Waist Quick-Dry Casual Mid-Length Pants Running Outdoor Athletic Sportswear Yoga Set for Women, Comfortable and Stylish Activewear",1732380858123457363,"$2,970.44",BraSculpt Strapless Bodysuit Thong,1730963087669432340,"$1,489.79","CAKES Tape -  The Easy-to-Use, Better-for-You Boob Tape",1732269873025684031,"$1,236.92","Tideway Prowaver 6-in-1 Ionic Hot Air Styler, Hair Dryer Brush with Auto Wrap Curlers for Smooth Blowout & Curly Hair Styles, Dual Voltage Travel Set, Gifts for Women, Beauty Products tiktokshopbacktoschool,back to school,back to school haul",1731711806746563453,"$1,092.08","Dazzle Dry Professional 4-Step Mini Kit - 5-Piece Long-Wear Chip-Resistant Nail Polish, 0.93 fl oz Total Base Coat for Fingernails & Toenails, Manicure, Nail Art, Daily Use, Anti-Peeling High-Performance Formula",1731463241978843345,"$1,084.38"
tayloradis,Textiles & Soft Furnishings,"$36,548.50",Womenswear & Underwear,"$22,979.25","Comfrt | The Dreamer Blanket | Oversized, Cozy, Soft Warm Throw",1729931833196778371,"$36,548.50",Comfrt | Waffle Lounge Tee | Textured Waffle Knit Casual Fit Loungewear Top,1731425990041768835,"$4,767.70",Comfrt | Airplane Mode Travel Hoodie | Oversized Hoodie With Eye Mask For Travel & Airport Style,1731474967302738819,"$3,481.41",Comfrt | Signature Hoodie | Oversized Soft Comfy Everyday Essential Unisex Hoodie,1729390331062096771,"$3,194.38",Comfrt | Dreamday Plush Robe | Ultra-Soft Unisex Plush Robe With Deep Pockets Flattering Fit Indulgent Robe,1732274801306669955,"$2,594.58"
thatgirlkaty2,Beauty & Personal Care,"$11,230.42",Luggage & Bags,"$7,642.03","tarte BB blur tinted moisturizer SPF 30 - instantly brightens, hydrates & smooths your skin",1729584174847071164,"$7,245.36","Universal College Clear Bag for Stadium Events - Stadium Approved Crossbody Bag, Clear Stadium Bag for Concerts & Sports Events,Florida Gators/UNC/Auburn Tigers/Texas Longhorns/Tennessee Volunteers/Oklahoma Sooners/Ohio State Buckeyes/Kansas Jayhawks,016",1731768768959189045,"$4,480.88",Montana West Purses for Women Hobo Crossbody Bags Ladies Shoulder Handbags Tote Bags with Wallet,1731453742888161812,"$1,585.58",MAC Everyday Lip Trio - Lip Pencil + M·A·Cximal Silky Matte Lipstick + Squirt Plumping Gloss Stick,1731425651113300633,$893.60,"Dr. Scholl's Shoes Women's Good Ol Days Retro Sneakers, Casual Lace-up with Arch Support in Recycled Nylon Fabric, Casual Sneakers Shoes, Women's Shoes",1731896530176479592,$546.84
thatmombeth,Womenswear & Underwear,"$9,577.82",Fashion Accessories,$910.37,"Women's Pembrook Bamboo Diabetic Socks - 6 Pairs, Cable Knit, Smooth Viscose, Moisture-Wick, Non-Binding, Breathable, Socks for Women with Neuropathy Support, Smooth Seams, All Seasons, Diabetic Crew Socks, Bamboo Fiber Socks",1732254159757807771,"$5,437.72",Dearmay Gold Bracelet for Women 14K Gold Plated Bracelet Stacks Stackable Bracelets Waterproof Chain Adjustable Cute Jewelry Set,1729498693836313011,$814.64,Miley Judy Blue Mid Rise Straight leg Jeans,1732086429157658683,$635.41,"BLOOMCHIC Women's plus size denim shorts[M-6X] - Distressed,Drawstring,Roll Hem,Elastic Comfy Waist,Flattering Fit,Curvy Clothing,hot girl summer outfit,2026 Summer Everyday Wear,Bottom Womenswear Leg,Summerfinds,back to school shopping",1732224607019307081,$306.50,"BLOOMCHIC Plus Size Stylish Plaid Flannel Overalls - Smooth Fit Polyester Fabric Wide-Leg Jumpsuit with Sleeves,Pockets,,[M-6X] Fit Women Swimweek,Plus Size Overalls Fit Womenswear,Summerfinds",1732193623424602185,$246.10
thatnordicblonde,Beauty & Personal Care,"$3,372.14",Womenswear & Underwear,$288.91,tarte Big Stick Energy duo – shape tape concealer stick & brush,1730956811325510588,"$2,339.09",[medicube] Affordable Glow in a WEEK Set | Includes 8 NEW TOP-SELLING products | Achieve Glass Glow Skin IN 7 DAYS with Korean Skincare,1731333050791203051,$421.74,"ONE/SIZE | Secure The Sweat Sweat-Proof Aluminum-Free Primer - Waterproof, Sweat-Resitant, Makeup-Locking Primer | Perfect All-Day Matte Primer for Humidity",1729400094160622391,$252.41,CAKES Lift - The Nipple Cover that lifts,1732548908548788799,$113.91,"grippy CAKES triangles - The ""not sticky"" triangle nipple covers - Does NOT provide lift.",1729581130607071807,$83.10
thattiktoklady3,Womenswear & Underwear,$57.40,,,PrettyGarden Women's 2-Piece Set Summer Outfits S-XXXL Crew Neck Short Sleeve Tracksuit Jogger Set With Drawstring and Pockets Comfy Lounge Wear#springtok,1729400766042247535,$57.40,,,,,,,,,,,,
the.real.deal.d,Food & Beverages,"$12,196.15",Beauty & Personal Care,"$4,274.81","The Loaded Tea Shop - 40 Flavors, 1 Packet Makes 32 oz, Zero Sugar, Zero Carbs, Zero Calories, Zero Artificial Colors & Flavors, B-Complex, Vitamins D3 & K2, Aloe, 200mg Natural Caffeine, Build Your Own Bundle, Functional Energy Tea Packs",1729556031006938037,"$8,240.76","40-Pack Bundle, All 40 Flavors, 1 Packet Makes 32 oz of Loaded Tea, Zero Sugar, Zero Carbs, Zero Calories, Zero Artificial Colors & Flavors, B-Complex, Vitamins D3 & K2, Aloe, 200mg Natural Caffeine, Functional Energy Tea Packs",1732418657087099829,"$2,672.36",M3 Naturals Anti Cellulite Massage Oil 8oz - Smooth the Appearance of Cellulite - Body Care & Skin Care Massage Oil - Topical Collagen and Plant Stem Cell Body Oil to Restore Texture and Elasticity - Soothing Body Oil Moisture #TikTokShopSummerSale,1730216070939841300,"$1,468.32","MASGRE Cordless Neck and Shoulder Massager with Heat - 6D Deep Kneading Electric Massage Pillow (Beauty Products, 6D Massage Devices) for Neck Pain Relief, Shoulder Pain Relief, Back, Legs - Home, Office Use",1732453059232502396,"$1,448.21","MASGRE Cordless Neck and Shoulder Massager with Heat - 6D Deep Kneading Adjustable Neck Shoulder Relaxer, 2000mahdual battery+6d+heating+double layer+b, Full Body Relaxing for Back/Legs, Pain Relief for Home, Office Use,back to school,back to school haul",1729638546978476668,"$1,228.40"
theashleywill,Womenswear & Underwear,"$11,905.70",Shoes,"$8,863.16","【BackToSchool】ZELUS Weighted Vest-6/8/12/16/20/25/30lb Rucking vest with Phone Pouch&Reflective Stripes&Adjustable Straps for Men&Women|Workout enhancer for Motivational walking,Strength Training,Running|#tiktokshopbacktoschool",1729593333749617456,"$4,510.68",Project Cloud Women's | Project Cloud 100% Genuine Leather Loafers for Women | Soft & Plush Insole | Lightweight | Non-Slip - Uma,1732478696587301432,"$3,991.69","Shewin Women's Casual Oversized Solid Knit Pullover Sweater with Puff Short Sleeves, Round Neck and Side Slit, Lady, Piece, Elegance,back to school,back to school shopping, Women's Clothes",1729558952707527581,"$3,857.85",Holafish 1/2 Pack Acid Washed Vintage Basic Tshirt Unisex Straight Easy Fit Cotton Shirt For Summer 2026 Daily Hangout Vacation Comfort Tee,1732296671804035309,"$2,915.57",Project Cloud Women's | Oxford Shoes for Women | Genuine Leather | Memory Foam | Lightweight | Non-Slip - Wally,1731581887912710712,"$2,475.49"
theeverhopefulgardener,Home Improvement,$213.59,Home Supplies,$103.26,Hammer-In Landscape Edging - Cor-Ten Steel - 4ft Strips - Plus Connector Clips,1729402876211925701,$150.00,"Vintage Iron Decorative Mushroom Rain Chain, Rustic Rain Catcher with Mushroom Pendants and Metal Hanging Loop, Durable Natural Aesthetic Decor for Garden & Patio, Garden Accessories, Spring & Summer Outdoor Use #GLOBAL PICKS",1731447706530321074,$63.59,TERRO Ant Killer Bait Stations T300 - Liquid Bait to Eliminate Ants - Bait System - 6 Count Stations for Effective Indoor Ant Control,1732388753953820977,$63.12,"2-Pack Thicker Dog Cooling Mats for Dogs Cats, Cute Bone Quilted Durable Non-Slip Instant Cool Summer Pet Cooling Pad, No Geal No Electric Portable Lightweight Washable Indoor Outdoor Cold Kennel Crate Bed for Large Dogs #SummerVibes #tiktokshopsummersale",1731574266362499154,$24.65,"30 Pack 1.5oz Compact Eco-Friendly Traditional Rectangle Mini Glass Honey Jars with Dippers - Gold Metal Lids, Bee Pendants, Gold Ribbons, Waterproof, Freshness-Maintaining, Dishwasher Safe, Wooden Accent Compatible Wedding Party Favor Storage Containers",1731358286197133816,$16.99
thejaydonwalker,Sports & Outdoor,$315.26,Beauty & Personal Care,$69.11,"JRing Adult & Youth Full-Face Diving Mask, Leak-Free Comfortable Silicone Edge Diving Gear with 180° Panoramic Wide HD Anti-Steam Fog-Free View, Action Camera Mount & Adjustable Straps",1731483862721467037,$215.07,"Mud Slayer Golf Club Cleaning Brush that Sprays a Fine Mist, Leak-Proof Viewing Window, Retractable Clip, Dual Bristle Head, Ergonomic Handle Golf Bag Golf Accessory golf accessories",1731013206054703997,$78.49,Terra Lotus - Organic Deodorant - Extra Strength 24 Hour Odor Protection for Women & Men - Handcrafted in USA - Aluminum Free and Baking Soda Free - (2.5 Oz),1732461002094383871,$69.11,"Folding Butterfly Golf Divot Tool with Bottle Opener，Compact, Durable & Stylish Golf Accessories, Great Gift for Golfer",1731078909335605313,$21.70,,,
themagicalmillennial_,Phones & Electronics,"$9,697.38",Womenswear & Underwear,"$8,989.84","MAGIC JOHN Screen Protector 2 Pack for iPhone, Samsung, Google Smartphones & Cellphones - Clear, Privacy Protective, Fingerprint Resistant, Dustproof, Bubble-Free Installation Design, Smartphone, Tempered,back to school,back to school haul",1731240700630176089,"$5,267.81","Pick Your Poison Vintage Comfort Colors Shirt, Princess Halloween TShirt, Kuzco Poison Apple Tee, Spooky Season, Villain Spooky Gift, Trendy Halloween Apparel",1731656748695458541,"$4,456.03","【Halloween】 Women's Halloween Cartoon Print Pajama Set, Cute Funny Sleepwear, Loungewear, 2-Piece Short Sleeve, Fitted, Above the Knee, All Seasons Gift, Top",1732465535713513979,"$4,235.38",All Purpose Scented Cleaner,1730369516036526190,"$1,873.75","NEEWER NL48B Magnetic MagSafe Selfie Light for iPhone/Android, Foldable LED Ring with Mirror & Stand, Portable Rechargeable Adjustable for Makeup, Zoom Meetings, Content Creation – Enhancing Skin Tone",1731099434999845429,"$1,358.74"
thenursethattoks,Health,"$1,520.37",Beauty & Personal Care,$598.15,"Liposomal Glutathione Capsules – Skin Glow, Immune & Detox Support (60 Count) - Rosabella",1732307596354622214,"$1,033.00","[Madeca Derma] 5 pcs of Elastic Firming Microbiome Ampoules, Postbiotics, Korean pharmaceutical skincare, Anti-aging, wrinkle treatment, age defying serum, skin barrier care, collagen peptides",1729694401097667159,$480.43,Cata-Kor Liposomal Glutathione Supplement – 1155 mg | Vitamin C | Riboflavin (B2) | Selenium | Resveratrol Complex – Supports Antioxidant Defense & Cellular Health – Vitamin Dietary Supplement Fitness Healthcare,1732296253042823390,$316.75,"2 x Rosabella Moringa Capsules (800mg) for Immune Support, Gut Health & Vitamins",1729464033034539782,$110.65,"HAPPY CURVES Comfort Powder: Talc Free Anti Chafe Body & Foot Dusting Powder Deodorant to Control Inner Thigh Chafing, and Private Areas(Pack of 1)",1729662049108267787,$69.96
theraysfinds,Beauty & Personal Care,"$1,870.13",Furniture,$793.18,"AMERLIFE 36.2/47.2"" Fluted Vanity Desk with Mirror and Adjustable LED Lights, Large 4/7 Drawers Makeup Table with Glass Top and Charging Station for Women and Girls, Bedroom or Dorm/Best Gift Ideas/Christmas Gifts[tiktokshopbacktoschool][SohoChic]",1731740828044727086,$793.18,tarte colored clay CC undereye corrector,1729734769623929788,$604.96,tarte baked & buttered duo - shape tape concealer & 2-in-1 cream & powder blush,1732204592239645628,$306.54,CHARM TINT Blurry Base Line,1731929587612947280,$193.98,tarte smolderEYES shadow liner duo,1731479846982685628,$188.00
therestadfam,Baby & Maternity,"$5,156.18",Luggage & Bags,"$1,823.98",Fashion Kids Girls Summer Clothes Sets Plaids Fly Sleeve Shirts Tops Cow Ruffles Denim Skirts Headband Outfits,1731302138323178276,"$4,907.86",Smart Luggage Tags (Navy 2-Pack) | Keeps Personal info Private With Durable Privacy QR Code | Use with Away GPS Bag Locator & Air Tag | Android or iOS,1729743237228630042,"$1,565.56","BIG ELEPHANT Toddler Potty Training Pants, 100% Cotton Reusable Training Underwear with Light Absorbency for Daytime Potty Learning,back to school",1729569671740888020,"$1,384.25",【Creator’s Pick】Halara UltraSculpt High Waisted Tummy Control Pocket Shaping Training Leggings,1729406821413261604,$727.20,"Comfort Colors Gilmore Ghouls Shirt, Halloween Fall Vibes T-shirt, Autumn Festival Shirt, Spooky Gilmore Girls Fan Sweater, Halloween Gift",1731638151981535389,$397.41
thetonilacross,Beauty & Personal Care,"$3,433.01",Health,"$3,083.11","BODYHEALTH PerfectAmino Powder - Essential Amino Acids for Fitness & Gym Muscle Recovery, 6x Whey Protein Power, Vegan, Allergen-Free (Gluten, Dairy, Soy, MSG), Sugar-Free, Skin Care Collagen Supplement, 6 Flavors (Incl. Vanilla)",1731349100249977343,"$2,373.74","INIA GLOW FLEX 1064nm Deep-NIR Red Light Therapy System, From Full-Body Panel to Wearable Wellness, Cordless Body Strap for Relief, Sleep & Full-Body Glow,Summer Beauty Gift Ideas,back to school,back to school haul",1732295446335164690,"$1,556.38","INIA TURBO All-in-One Wearable Body Sculpting Belt, 3-Engine Synergy: 1000+ RPM Vibration, Bipolar EMS, Red/NIR Light & Heat for Core Toning & Waistline Sculpting, Smart Wellness Gift for Women,back to school,back to school haul",1732374097092907282,"$1,239.52","BODYHEALTH Perfect Amino Tablets - Essential Amino Acids & BCAAs Muscle Recovery Protein Without Caloric - Vegan, No Gluten, Dairy, Soy, Sugar Supplement, Optimum Protein Health & Fitness Healthcare Dietary, Protein Powder, Gym, Collagen",1731353675811295743,$662.71,"INIA LUMIN 4-in-1 Facial Skin Care Tool Beauty Machine - FDA-Cleared, Rechargeable Battery, 3 Mins Daily for Fewer Lines in 14 Days, Less Puffiness in 21 Days, Lift & Brighten Eyes, Spa-Level Results, Selfcare Summer Gift Idea",1730220797031584018,$347.14
thisblondieee,Textiles & Soft Furnishings,"$6,232.40",Home Supplies,$258.92,"Bedsure PureWoven 100% Rayon Derived from Bamboo, Bed Sheets, 3 Pieces Cooling Sheets for Hot Sleepers, Breathable & Silky Soft, 16"" Deep Pocket, Hotel Luxury Bedding",1731367134008480341,"$4,881.88","2-Pcs Decorative Soft Chenille Throw Pillow Covers, Solid Neutral Farmhouse Textured Cushion Covers for Couch, Sofa, Bedroom and Living Room",1732385776730870191,"$1,144.56",Hotel Collection | Scent Diffuser Discovery Kit Covers up to 600 sq/ft with One Fragrance Oil 50mL (1.69 Fl Oz),1732266143641211591,$235.96,"Utopia Bedding White Soft Bounce Pillow Inserts - Pack of 4 - Plush Brushed Fabric, Breathable, Durable, Supportive Memory Foam - Hand Wash/Spot Clean Only - Home Decor, Living Room Comfy Couch, Cozy Bed Setup, Cozy Corner Accessories",1731425405097250822,$131.66,Farmer Protein Powder - Third Party Tested,1730763996470809114,$64.99
thrivewithlolita,Beauty & Personal Care,$373.57,Food & Beverages,$78.83,[Sungboon] Collagen Patch | Ultimate Korean Skincare | Intensive Melting Collagen Eye Patches for Deep Care & Radiant Skin (Eye Patch 3ea + Forehead Patch 3ea),1730488041090880124,$177.23,"Wonderskin WONDER BLADING Lip Stain Masque – Long-Lasting, Waterproof, Transfer-Proof Lip Stain with Hydrating Vegan Formula for Soft, No-Fade Lips",1729407540442862434,$70.60,BK Beauty Flawless Face Makeup Brush Trio,1729560007571968276,$55.23,KitchenAid Corded Variable-Speed Immersion Blender,1731083109107012551,$50.71,Sardines with Hot Pepper (3-Pack),1731992432182923385,$38.94
tikitytokexpress,Beauty & Personal Care,$303.71,Home Supplies,$131.25,"Katie's Limited Edition Chrome Shimmer Silver Rose Cosmetic Set - 25 Beginner-Friendly Items, Glossy Eyeshadow Palette, Lip Glosses, Eyeliner Pens in Pink Gift Box, Easy Glam for Birthdays and Parties, Gift Sets for Women, Makeup, Gifts For Girly Girls",1732149394387538488,$251.51,"5oz Crystal Plastic Dessert Cups with Lids & Spoons - Disposable Square Parfait Cups for Mousse, Tiramisu, Pudding, Party & Catering eco-friendly",1729492625946415307,$131.25,"Grandma Chocolate & Vanilla Snack Variety Pack - Pack of 24 Chocolate Chip, Brownie Chip and Mini Chocolate & Vanilla Sandwich Creams",1729598323506451290,$110.57,"Katie Limited-Edition Chrome Shimmer Gloss Cosmetic Set - 25pcs Blind Box with Soft Silver, Rose, Sweet Pink Full-Color Eyeshadow, Eyeliner, Ideal Womens Gifts for Valentine's Day, Birthdays, Beauty Products, Make Up, Lipgloss, Lip Makeup Set, Black Frida",1732160734452617784,$52.20,2000-2010 Hip Hop Edition Card Game - Finish The Lyrics & Trivia Time - Perfect For Game Nights - Two Ways To Play - Fun For Everyone - Card Deck Box,1730502558134079648,$21.59
tonya.wellness.np,Health,$46.98,Beauty & Personal Care,$28.50,"Grüns Superfood Greens Gummies: Comprehensive nutrition supplement with 60+ ingredients: Vitamins and Minerals, Prebiotics for Digestive Health, Adaptogens, Chlorophyll, Chlorella, Fruits and Vegetables, Gluten Free, Vegan, Third Party Tested",1729457221611458715,$46.98,"10% Glycolic Acid Treatment Tonic - Gentle Anti-Acne Soothing Exfoliant for Adults' Dry Skin, Cleansing, Hydrating, Hyperpigmentation & Pore Improvement, Oil Control Skin Care Products with Vitamin C (Single Item) Skin Repair, 10% Aha Cell Turn",1729431788859658844,$28.50,,,,,,,,,
tonyashomefinds,Home Supplies,$98.63,,,Titan Outdoor TV Cover,1732272192081203953,$98.63,,,,,,,,,,,,
toreefromtennessee,Womenswear & Underwear,"$33,704.32",Shoes,$982.41,Chouyatou Vintage Loose Wide Leg Jean Bib Overalls Women’s Y2K Button Front Denim Overall Pants One-Piece Romper Jumpsuit,1732483786107163017,"$3,539.61",PrettyGarden Women's Oversized Cardigan Sweater Fall Long Lantern Sleeve Knit Open Front Lightweight Sweater Knitwear Tops#DealsForYouDays,1731208195967717743,"$2,895.11",Sidefeel Women's Wide Leg Jeans High Waisted Stretchy Raw Hem Zimbaplatinum Denim Pants DealsForYouDays summerwins WeeklyDeals Summer Outfit,1731106948361326860,"$2,752.55","Women's Plain Scoop Neck Sweater, Casual Drop Shoulder Long Sleeve Jumper, Women Fall & Winter Knit Top",1732527901015904604,"$2,663.97",Sidefeel Barrel Jeans for Women Trendy Wide Leg High Waisted Cropped Baggy Relax Fit Stretch Pocketed Denim Ankle DealsForYouDays summerwins WeeklyDeals Summer Outfit,1732116178727702796,"$2,060.91"
torineu04,Beauty & Personal Care,"$3,074.34",Pet Supplies,"$1,820.12","CATPICK Interactive cat toys for indoor cats—automatic feather toy that flutters like a bird, USB-rechargeable electric cat teaser with a suction cup base, 360° rotating cat toy, and smart, sensor-activated self-play puzzle toys designed for bored cats",1731871756732240238,"$1,820.12","TYMO ROVY COMPACT - 1-Inch Deep Wave Hair Crimper and Curling Wand, Negative-Ionic Ceramic Styling Tool for Smooth Hollywood and Mermaid Waves, Dual Voltage, Lightweight, Anti-Frizz, Travel Friendly,dorm essentials",1729442199827812830,"$1,633.43",PRAVANA Intense Therapy Leave-In 10oz: Hydrating Mist,1730059716675736327,$626.79,"I DEW CARE Korean Instant Volumizing Dry Shampoo Powder l Tap Secret | Benzene-free, Non-aerosol, Natural, Made with Black Ginseng and Biotin for Haircare,  Comfort, Cleansing, Cleanser, Voluminous",1729441786522341812,$244.88,tarte colored clay CC undereye corrector,1729734769623929788,$110.00
torivofficial,Textiles & Soft Furnishings,$49.20,,,Tori V Insane Pillow,1732499868505313447,$49.20,,,,,,,,,,,,
trinity.blair,Beauty & Personal Care,"$3,687.63",Womenswear & Underwear,"$1,195.80",SBEAUTI Strapless Bra Push up Sticky bra Seamless Strapless Backless Sweat proof glue Ligher fabric adhesive Cleavage Bra Invisible Bra for Date Night Party Wedding dress SummerVibe,1731141931395616870,"$1,195.80","Wavytalk Bare It IPL Hair Removal with Ice Cooling, 3 Modes & 24J Dual-Pulse for Salon-Level Results on Face, Body & Bikini, Painless & Precise",1729531973032121205,$795.23,Strawberry Clouds  Perfume Oil Roller,1730947704574415358,$480.93,"Al Rehab Choco Musk Eau de Parfum - Women's Gourmand Perfume, Long-Lasting, Non-Toxic, 50ml (1.65 fl oz) EDP Scents, Chocolate, Vanilla, Warm Spicy, Soft Musk Notes, Spray, Beauty Products, Adult Gift Fragrances",1729481791088332935,$372.23,The Balance Bundle - Feminine Hygiene Self Care Products,1729405553725182854,$304.00
trintries,Beauty & Personal Care,$13.58,,,Refresh Plant Based Intimate Body Wash for Women - pH Balancing - 8Oz and 16Oz,1729406543787430790,$13.58,,,,,,,,,,,,
trixietracks,Health,$394.73,Beauty & Personal Care,$146.28,"Horbäach Liquid Chlorophyll Drops - 2 oz - Vegan, Non-GMO, and Gluten Free Formula - Natural Peppermint Flavor",1730928849486975148,$347.49,"Cheeky Bonsai pH Balanced Daily Intimate Wash - Gentle Cleanser for Sensitive Skin with Odor Control, Feminine Full Body Cleanser, 7 FL OZ, Gentle Intimate Cleanser",1731030966339604985,$72.36,Salt.Xo pH-Balancing Intimate Wash - Gentle and Soothing Cleanser for Women - Mint,1729553361634365641,$39.93,Body Magic Chlorophyll for Body Odor & Clear Skin - 3 Pack,1729623625231405958,$35.26,"HooHa Bundle, Coochy Shave set,",1732153797233053812,$33.99
ttsdani25,Household Appliances,"$1,163.00",Kitchenware,$77.50,AquaTru Carafe Home Water Filter,1729560031752655812,"$1,163.00","4 Compartment Bento Lunch Box with Soup Thermo, 1 Count Leakproof Lunchbox Food Container, Portable Lunch Box for Home Office School Insulated Lunch Compartment Bpa Free Compartments Lunch Containers",1729706528475156895,$28.52,"4-Compartment Bento Lunch Box with Soup Thermos, 1 Count Leakproof Insulated Lunch Container, Lunch Food Containers, Modern Portable Lunch Box for Home, Office and School #GLOBAL PICKS",1729706526643556767,$22.56,"JOYIN Oddly Satisfying Slow Rising Butter Stick Squishy Toy - Convenient, Hygienic Stress Relief Fidget Toy for Neurodivergent Kids & Adults, Default/Regular/Jumbo Options, Birthday Gifts & Party Favors",1732431670690288465,$17.48,"13-Inch Classic French Bamboo Wood Rolling Pin, Food-Safe Durable Smooth Surface Kitchen Bakeware, Home Baking Supplies for Pizza Dough, Pie",1731691016198066455,$14.43
ugcwithbrii,Womenswear & Underwear,"$36,384.77",Beauty & Personal Care,"$14,065.04",LUCKMEEY Womens Strapless Front Closure Bra Push Up Lift Bra Padded Add Cup Non Slip  Anti-Slip Grip & Removable Straps Fit Outfits Wireless Supportive  Seamless Comfortable,1732282937141662165,"$9,774.35",CHICME Built-in Bra Tank Top Ribbed Racerback Tops Women Going Out Tops Everyday Basic Tanks Padded Tops,1729484235456352758,"$9,715.27",Bur Bur Mermaid Brush - Essential Brush with Ethically Sourced Bristles & Natural Rubber Cushion for Medium to Thick Hair,1729964731527696782,"$6,098.01",Bur Bur Mermaid Bundle Featuring Growing Season Hair & Scalp Treatment and Your Choice of Mermaid Brush - Essential Boar Bristle or Wet Detangling Brush,1729964781015241102,"$4,060.95","Topyangs 2-Pack Stainless Steel Litter Box, High-Wall Leak-Proof Metal Construction, Non-Sticky Material, Easy-Cleanup Tray for Multiple Cats",1731999342311543122,"$3,798.09"
vanessaanaya30,Womenswear & Underwear,"$57,768.40",Sports & Outdoor,"$25,960.53",Unlined Plunge Scoop Bra Lace Trim Balconette Sexy Underwire Demi Bras Deep V,1731992992760893731,"$15,876.50","YEOREO Women's Halter Neck Sports Bra Longline Workout Tank Top with Built-in Bra Backless Strappy Gym Top Buttery Soft Padded Yoga Cami summderfinds,travel essentials,camping essentials tiktokshopbacktoschool,back to school,back to school haul",1732405592203432921,"$12,549.46",SCUSTY Women’s Lightweight Fleece Pullover Jacket Cropped Fall Winter Fuzzy Sherpa Jacket Sweatshirt Coat with Pockets,1729630973397078259,"$10,710.53",【Creator’s Pick】Halara Halter Tie Back Maxi Dress with Pockets,1732355026333963102,"$7,976.90",Inbarely Soft Single-Layer Basic Long Sleeve Shirts See Through,1731641065545634032,"$4,967.64"
victoriaperciballi,Luggage & Bags,$34.16,Home Supplies,$20.18,"Women's Solid Color Credit Card Holder, Fashionable Small PU Leather Wallet, Casual All-Match Commuter Card Bag for Work & Daily Use, Great Gift for Girlfriend, Card Slot, Card Storage",1729434155173187651,$34.16,"Miss Mouth's Messy Eater Stain Treater Spray - Fast-Acting Household Cleaner for Newborn Essentials, Food & Grease Removal on Laundry, Underwear & Fabric, Home Cleaning Products",1732306344375128248,$20.18,,,,,,,,,
vitulls,Womenswear & Underwear,$434.27,Baby & Maternity,$426.11,"Baby wipes, Momcozy wipes - oversized, cleansing and moisturizing children's wipes, baby products, products for girls and boys, unscented baby wipes, portable maternal and child gifts, safe baby wipes",1729406715603031015,$339.42,"AMOS TastySounds Music Lollipop, Sugar-Free Heart-Shaped Candy with Bone Conduction, Built-in Music, K-Pop Gift",1729385519030571282,$298.30,Chouyatou Women's Retro Plaid Smocked Dress Spaghetti Strap Flounce Long Casual Sleeveless Flowy Evening Fashion Basic with Pockets Womenswear Cute Elegant Plus Size Hide Belly Dress,1729443883935109513,$272.75,Comfrt | Signature Paw Hoodie | Durable Leash Opening Matching Pet Hoodie,1729541391824229251,$259.03,"[medicube] Collagen Night Wrapping Mask : SLEEP, SHED, AND GLOW! Skincare Skin Repair Comfort Pink",1729474590509797611,$185.88
wesleyrbarker,Womenswear & Underwear,"$21,906.93",Beauty & Personal Care,"$1,016.21",BOOMBA Demi Boost - Patented Sticky Inserts For demi-cup styled clothing - Outfit enhancer,1729451016473711531,"$5,567.57",CAKES Body Cleavage Bra™ - Seamless Sculpting Bra with Silicone Cups for Full Cleavage Reusable Matte Finish Ideal for Strapless & Backless Tops Womenswear Basic,1732022163491426879,"$3,545.70","Women's Fitted Plain Ruffle Goth High-Low Steampunk Victorian Pirate Skirt - Cosplay Halloween Party Wear 6388-D1, Summerwins, Summer Outfits, Vacation Outfits, Beach Outfits, Womenswear, Ruffle Skirts, Goth Skirts",1730895192270607226,"$1,225.01",Cleavage and Lift Bundle,1732436575113024063,"$1,212.94",BOOMBA Micro Lift Adhesive Inserts - Patented Sticky Inserts,1729451071793173419,"$1,198.08"
whatlololikes,Womenswear & Underwear,"$185,353.42",Shoes,"$11,793.92",PrettyGarden Women's Oversized Cardigan Sweater Fall Long Lantern Sleeve Knit Open Front Lightweight Sweater Knitwear Tops#DealsForYouDays,1731208195967717743,"$87,567.78",UANEO Womens Cropped Trench Coat Classic Collar Oversized Casual Jackets with Checkered Lining SummerVibes,1731900687663665461,"$5,973.79",PRETTYGARDEN Women's Cable Knit Open Front Spring Sweater Lantern Long Sleeve Chunky Cardigan Sweaters Trendy Outerwear Coats,1729511951868138863,"$4,390.39",Naturalizer Womens Tressa Flip-Flop - Medium & Wide Width,1732210623064674780,"$4,250.74","Cicy Bell Womens Striped Cardigan Sweaters Long Sleeve Button Up Knit Tops | Color Block, Loose Fit, Button Down, Open Front, Casual Cardigan, Fall Winter",1732489618828464495,"$3,870.05"
yourpassportpal,Fashion Accessories,"$23,447.28",Luggage & Bags,"$11,082.60",The Barb Wire Choker Danielle Guizio X The M Jewelers,1732377057880544126,"$20,482.83",CEFIRO Uluh Bag with Guard - Stylish Handbag with Gold Hardware and Adjustable Strap for Everyday Use,1732354352924102675,"$6,847.65",RSQ Womens Low Rise Baggy Carpenter Shorts,1731006173987246517,"$5,210.81",Cushionaire Gracie Mesh Mary Jane Flats for Women |  Breathable Ballet Flats with Adjustable Buckle Strap and Memory Foam Cushioning,1732478842261508988,"$4,373.58",PAVOI 14K Gold Plated Bangle Bracelet for Women - Classic Lightweight Stacking Stainless Steel Bracelet - Single & 2-Pack Bangles,1732149931549233672,"$1,913.57"