Creator,Suggested Product 1,Product ID 1,Total GMV 1,Suggested Product 2,Product ID 2,Total GMV 2,Suggested Product 3,Product ID 3,Total GMV 3,Suggested Product 4,Product ID 4,Total GMV 4,Suggested Product 5,Product ID 5,Total GMV 5
_alanacalvs,DOBREVA Women's Unlined Balconette Bra No Padded Underwire Supportive Plus Size Smooth Scoop Neck,1731395246467027235,142331.58,OEAK Women Non-Slip Bandeau Bras With Comfortable Strapless Bra Seamless Wireless Tube Top Soft Wireless Bra,1731622604082024678,"$73,952.46",OEAK Women Jelly Bras Wirefree Full Coverage No Underwire Everyday Bras Comfortable Wireless Padded Tshirt Bra,1731406217255686451,59406.84,INLYRIC Women's Inbarely Triangle Bralette Plunge Unlined Seamless Bra No Underwire Sexy Comfortable Everyday Seamless Fit Bra Summer Bra,1731711189670924528,53469.04,"Colorfulkoala Women's No Front Seam Yoga Capri 21"" Dreamlux High-Waisted Tummy Control Workout Leggings with Hidden Pocket Petite Length,travel essentials,camping essentials",1731026394568233266,48685.55
_karina.michelle,"[NEW] [medicube] PDRN Pink Collagen Volume Multi Balm | All In One Volufiline, PDRN, NAD Stick for Youthful-Looking, Helping Look of Fine Lines, Firming Care, Anti-Aging Care | For Under-Eyes, Neck, Forehead, Smile Lines, Lip Care | Korean Skincare",1729508370969629931,147187.62,"BellaVita Luxury's CEO Man Eau De Parfum 100ml (3.38 Fl.oz) | Lemon, Lavender, Tonka & Agarwood | Long Lasting Perfume for Men | Vegan Perfume | Perfect Gift for Men",1729413705690223542,"$86,613.40",INIA CURVIFY EMS Booty Lift & Sculpting Shorts: Multi-Mode Microcurrent for Glute Sculpting & Pelvic Floor Support (Visible Results in 2-4 Wks),1729479457563251986,75436.56,"Bella Vita Luxury's Honey Oud | Eau de Parfum 100ml (3.4 fl oz) | Patchouli, Vanilla, Bergamot | Floral & Spicy | Made with Clean & Vegan Essentials Oils | Cruelty Free Fragrance Perfume",1729413742968869814,64507.09,tarte timeless hydrating foundation & serum foundation brush - full coverage serum foundation + FREE brush,1732289079425471420,42817.65
ababyandabulldog,Eleplus 3 Pieces Lightly Lined Wireless Bras for Women Comfy Plunge T Shirt Bra Pack Style Womenswear for Everyday & Bridal Events #SummerVibes,1731831726131155211,206427.86,DOBREVA Women's Unlined Balconette Bra No Padded Underwire Supportive Plus Size Smooth Scoop Neck,1731395246467027235,"$142,331.58",OEAK Women Non-Slip Bandeau Bras With Comfortable Strapless Bra Seamless Wireless Tube Top Soft Wireless Bra,1731622604082024678,73952.46,"PUFF Sticky Bra – VIRAL No.1 Push-up Sticky Bra, Waterproof & Sweat-proof Invisible Bra, Reusable Silicone Adhesive Bra for Women, Includes Storage Board & Replaceable Pads",1731492372893241632,72261.57,OEAK Women Jelly Bras Wirefree Full Coverage No Underwire Everyday Bras Comfortable Wireless Padded Tshirt Bra,1731406217255686451,59406.84
abbey.kline,"[NEW] [medicube] PDRN Pink Collagen Volume Multi Balm | All In One Volufiline, PDRN, NAD Stick for Youthful-Looking, Helping Look of Fine Lines, Firming Care, Anti-Aging Care | For Under-Eyes, Neck, Forehead, Smile Lines, Lip Care | Korean Skincare",1729508370969629931,147187.62,Bratz x Glamlite Lip Kits,1732039774371222265,"$96,481.23","BellaVita Luxury's CEO Man Eau De Parfum 100ml (3.38 Fl.oz) | Lemon, Lavender, Tonka & Agarwood | Long Lasting Perfume for Men | Vegan Perfume | Perfect Gift for Men",1729413705690223542,86613.4,INIA CURVIFY EMS Booty Lift & Sculpting Shorts: Multi-Mode Microcurrent for Glute Sculpting & Pelvic Floor Support (Visible Results in 2-4 Wks),1729479457563251986,75436.56,"Bella Vita Luxury's Honey Oud | Eau de Parfum 100ml (3.4 fl oz) | Patchouli, Vanilla, Bergamot | Floral & Spicy | Made with Clean & Vegan Essentials Oils | Cruelty Free Fragrance Perfume",1729413742968869814,64507.09
alexagiacinto,Eleplus 3 Pieces Lightly Lined Wireless Bras for Women Comfy Plunge T Shirt Bra Pack Style Womenswear for Everyday & Bridal Events #SummerVibes,1731831726131155211,206427.86,DOBREVA Women's Unlined Balconette Bra No Padded Underwire Supportive Plus Size Smooth Scoop Neck,1731395246467027235,"$142,331.58",OEAK Women Non-Slip Bandeau Bras With Comfortable Strapless Bra Seamless Wireless Tube Top Soft Wireless Bra,1731622604082024678,73952.46,"PUFF Sticky Bra – VIRAL No.1 Push-up Sticky Bra, Waterproof & Sweat-proof Invisible Bra, Reusable Silicone Adhesive Bra for Women, Includes Storage Board & Replaceable Pads",1731492372893241632,72261.57,OEAK Women Jelly Bras Wirefree Full Coverage No Underwire Everyday Bras Comfortable Wireless Padded Tshirt Bra,1731406217255686451,59406.84
alexandraarosee,Eleplus 3 Pieces Lightly Lined Wireless Bras for Women Comfy Plunge T Shirt Bra Pack Style Womenswear for Everyday & Bridal Events #SummerVibes,1731831726131155211,206427.86,DOBREVA Women's Unlined Balconette Bra No Padded Underwire Supportive Plus Size Smooth Scoop Neck,1731395246467027235,"$142,331.58",OEAK Women Non-Slip Bandeau Bras With Comfortable Strapless Bra Seamless Wireless Tube Top Soft Wireless Bra,1731622604082024678,73952.46,"PUFF Sticky Bra – VIRAL No.1 Push-up Sticky Bra, Waterproof & Sweat-proof Invisible Bra, Reusable Silicone Adhesive Bra for Women, Includes Storage Board & Replaceable Pads",1731492372893241632,72261.57,OEAK Women Jelly Bras Wirefree Full Coverage No Underwire Everyday Bras Comfortable Wireless Padded Tshirt Bra,1731406217255686451,59406.84
alexandracaste,Xtra Muse Vlogging Camera with 1'' CMOS 4K/120fps Videos 3-Axis Gimbal Stabilizer Fast Focusing Face/Object Tracking Portable Handycam Camcorder,1731831763391320673,27482.28,Canon PowerShot G7 X Mark III 3637C001 Black (US Plug) by StockX,1732091895743746202,"$20,879.77","JLab JBuds Lux ANC Wireless Bluetooth Noise Cancelling Headphones with Mics, Adjustable Over-Ear Design, Custom EQ, Be Aware Safety Mode, Foldable, Wired Charging Cable, Compatible with iPhone/Android Devices (Tools and Gadgets, Mens Gifts)",1729430076387136161,15272.39,Unshelled Sunflower Spicy Red Seeds 12oz,1732220469286507347,14746.72,"The Loaded Tea Shop - 40 Flavors, 1 Packet Makes 32 oz, Zero Sugar, Zero Carbs, Zero Calories, Zero Artificial Colors & Flavors, B-Complex, Vitamins D3 & K2, Aloe, 200mg Natural Caffeine, Build Your Own Bundle, Functional Energy Tea Packs",1729556031006938037,14502.55
aliciamariecacho,Eleplus 3 Pieces Lightly Lined Wireless Bras for Women Comfy Plunge T Shirt Bra Pack Style Womenswear for Everyday & Bridal Events #SummerVibes,1731831726131155211,206427.86,DOBREVA Women's Unlined Balconette Bra No Padded Underwire Supportive Plus Size Smooth Scoop Neck,1731395246467027235,"$142,331.58",OEAK Women Non-Slip Bandeau Bras With Comfortable Strapless Bra Seamless Wireless Tube Top Soft Wireless Bra,1731622604082024678,73952.46,"PUFF Sticky Bra – VIRAL No.1 Push-up Sticky Bra, Waterproof & Sweat-proof Invisible Bra, Reusable Silicone Adhesive Bra for Women, Includes Storage Board & Replaceable Pads",1731492372893241632,72261.57,OEAK Women Jelly Bras Wirefree Full Coverage No Underwire Everyday Bras Comfortable Wireless Padded Tshirt Bra,1731406217255686451,59406.84
alisammarie,"Medium Firm Hybrid Memory Foam Mattress - 8/10/12/14 in Twin, Full, Queen, King Sizes, Lumbar Support, Ergonomic Design, for Home Rooms, Hotels, Boxed Furniture Gift, Memory Foam Mattresses, Queen Size Mattress,dorm essentials,home decor",1730092261582738160,74456.07,"【Creator’s Pick】Halara 2-Piece Super High Waisted Back Pocket & Side Hidden Pocket 2-in-1 Yoga Shorts 3"" Set",1730762320809595172,"$57,843.35","Colorfulkoala Women's No Front Seam Yoga Capri 21"" Dreamlux High-Waisted Tummy Control Workout Leggings with Hidden Pocket Petite Length,travel essentials,camping essentials",1731026394568233266,48685.55,"MFVIM Women’s Breathable Body-Shaping Yoga Outfit, High-Waisted Quick-Dry Fitness Wear, Versatile Three-Quarter Shorts Sports Set,summerwins,travel essentials,camping essentials",1732388023895625751,40407.27,【Creator’s Pick】Halara 2-Piece Super High Waisted Back Pocket & Side Hidden Pocket 2-in-1 Yoga Shorts Set 5''-Longer Length,1730762001521283364,35900.34
allthings_andrea,"【Creator’s Pick】Halara 2-Piece Super High Waisted Back Pocket & Side Hidden Pocket 2-in-1 Yoga Shorts 3"" Set",1730762320809595172,57843.35,"Colorfulkoala Women's No Front Seam Yoga Capri 21"" Dreamlux High-Waisted Tummy Control Workout Leggings with Hidden Pocket Petite Length,travel essentials,camping essentials",1731026394568233266,"$48,685.55","MFVIM Women’s Breathable Body-Shaping Yoga Outfit, High-Waisted Quick-Dry Fitness Wear, Versatile Three-Quarter Shorts Sports Set,summerwins,travel essentials,camping essentials",1732388023895625751,40407.27,【Creator’s Pick】Halara 2-Piece Super High Waisted Back Pocket & Side Hidden Pocket 2-in-1 Yoga Shorts Set 5''-Longer Length,1730762001521283364,35900.34,Eomenie Tankini Swimsuit for Women Tummy Control Two Piece Bathing Suit High Waisted Tank Top with Swim Skirt Swimdress #Deals For You Days,1732088850959995217,29084.69
alwayzlele2019,"Bears with Benefits Biotin Gummies for Hair Growth, Skin & Nails –  5000 mcg Biotin + Vitamins C & E + Zinc - 30 Gummies - Vegan Wild Berry Flavor - 1 Month Supply",1730755223971074070,38106.37,"Liposomal Glutathione Capsules – Skin Glow, Immune & Detox Support (60 Count) - Rosabella",1732307596354622214,"$15,896.34","Nello Superbalance Hormonal Support Drink Mix, 20 Travel Packets, SRI-81 Shatavari, Myo-Inositol, Rhodiola Rosea, Vitamin C, Magnesium, Theobromine, Vitamin B6/C",1729499864890250680,13560.14,Wet & Wild Bundle - URO Women's Probiotic Capsules (30 Servings) and URO Moisture & Mood Capsules (30 Servings) with Ashwagandha and Gingko Biloba,1731431398236263126,9616.33,LEEFAR Her Juicy Feminine Probiotics Gummies- All in One Solution with Slippery Elm and Prebiotics&Lactobacillus Probiotic Blend for Women’s pH Balance and Dryness - Hawaiian Pineapple Gummies 60 Count probiotics women,1729890372836496007,6980.15
alykate97,"Medium Firm Hybrid Memory Foam Mattress - 8/10/12/14 in Twin, Full, Queen, King Sizes, Lumbar Support, Ergonomic Design, for Home Rooms, Hotels, Boxed Furniture Gift, Memory Foam Mattresses, Queen Size Mattress,dorm essentials,home decor",1730092261582738160,74456.07,"Dowinx Cross egged Office Chair with Pivoting Armrests,Criss Cross Chair with Pocket Spring Seat & Back,Reclining Computer Gaming Chair with Footrest and Metal Base",1731998808395649437,"$17,771.67",PASCAL Timeless Classic Diamond Watch for Women & Men 31mm & 36mm with White Lab-Grown Diamonds Swiss Ronda 763 Quartz Movement Stainless Steel Bracelet Everyday Luxury Gift,1732063642461639260,13315.26,Astra - Modern Flat-Lens Cat-Eye Sunglasses Eyewear Shades,1732201295444087593,10061.69,"Dowinx Big and Tall office chair, with pocket spring pad and waist support, high back computer game chair, adjustable armrests, executive office chair, foot rest",1729960194504823038,10019.25
amanda_hadzimichalis,Eleplus 3 Pieces Lightly Lined Wireless Bras for Women Comfy Plunge T Shirt Bra Pack Style Womenswear for Everyday & Bridal Events #SummerVibes,1731831726131155211,206427.86,DOBREVA Women's Unlined Balconette Bra No Padded Underwire Supportive Plus Size Smooth Scoop Neck,1731395246467027235,"$142,331.58",OEAK Women Non-Slip Bandeau Bras With Comfortable Strapless Bra Seamless Wireless Tube Top Soft Wireless Bra,1731622604082024678,73952.46,"PUFF Sticky Bra – VIRAL No.1 Push-up Sticky Bra, Waterproof & Sweat-proof Invisible Bra, Reusable Silicone Adhesive Bra for Women, Includes Storage Board & Replaceable Pads",1731492372893241632,72261.57,"【Creator’s Pick】Halara 2-Piece Super High Waisted Back Pocket & Side Hidden Pocket 2-in-1 Yoga Shorts 3"" Set",1730762320809595172,57843.35
amanda_pac,Eleplus 3 Pieces Lightly Lined Wireless Bras for Women Comfy Plunge T Shirt Bra Pack Style Womenswear for Everyday & Bridal Events #SummerVibes,1731831726131155211,206427.86,DOBREVA Women's Unlined Balconette Bra No Padded Underwire Supportive Plus Size Smooth Scoop Neck,1731395246467027235,"$142,331.58",OEAK Women Non-Slip Bandeau Bras With Comfortable Strapless Bra Seamless Wireless Tube Top Soft Wireless Bra,1731622604082024678,73952.46,"PUFF Sticky Bra – VIRAL No.1 Push-up Sticky Bra, Waterproof & Sweat-proof Invisible Bra, Reusable Silicone Adhesive Bra for Women, Includes Storage Board & Replaceable Pads",1731492372893241632,72261.57,OEAK Women Jelly Bras Wirefree Full Coverage No Underwire Everyday Bras Comfortable Wireless Padded Tshirt Bra,1731406217255686451,59406.84
amandaaaapac,tarte summer skin essentials - CC color-correcting tinted serum + creaseless setting powder,1732422500087993276,172612.52,Bratz x Glamlite Lip Kits,1732039774371222265,"$96,481.23",tarte colored clay CC undereye corrector,1729734769623929788,87736.12,"BellaVita Luxury's CEO Man Eau De Parfum 100ml (3.38 Fl.oz) | Lemon, Lavender, Tonka & Agarwood | Long Lasting Perfume for Men | Vegan Perfume | Perfect Gift for Men",1729413705690223542,86613.4,"tarte BB blur tinted moisturizer SPF 30 - instantly brightens, hydrates & smooths your skin",1729584174847071164,86458
amandaathome1,Sand Cloud | Towel Bag 2 in 1,1732221346435469494,19017.83,Evergreen Set of 3 Lighted Halloween WitchStakes,1731081757354464199,"$12,862.95","NEEDOH SQUEEZZA – Doh-Filled Pizza Squishy Toy, Squeezable, Slow-Rise Fill, Fun Sensory Stress Relief for Kids & Adults",1732112605762326884,10263.22,"【New】LED Illuminated Makeup Mirror with Built-in lights, Small Smart Touch-Controlled Makeup Mirror with Adjustable lighting.",1732471535237501929,7738.19,"Erasable Reusable Watercolor Pen Doodle Set for Toddlers, Toddler Coloring Set 1 2 3 4 Years Old - Unicorn Reusable Drawing Book, 12 Watercolor Markers, 14 Pages of Art, Creative Play & Fun for Kids - Car Activity Travel Coloring Kit for Kids tiktokshopsp",1729476492327489974,6141.75
amandaburbank131,tarte summer skin essentials - CC color-correcting tinted serum + creaseless setting powder,1732422500087993276,172612.52,"[NEW] [medicube] PDRN Pink Collagen Volume Multi Balm | All In One Volufiline, PDRN, NAD Stick for Youthful-Looking, Helping Look of Fine Lines, Firming Care, Anti-Aging Care | For Under-Eyes, Neck, Forehead, Smile Lines, Lip Care | Korean Skincare",1729508370969629931,"$147,187.62",Bratz x Glamlite Lip Kits,1732039774371222265,96481.23,tarte colored clay CC undereye corrector,1729734769623929788,87736.12,"BellaVita Luxury's CEO Man Eau De Parfum 100ml (3.38 Fl.oz) | Lemon, Lavender, Tonka & Agarwood | Long Lasting Perfume for Men | Vegan Perfume | Perfect Gift for Men",1729413705690223542,86613.4
amy.e.schmidt,Eleplus 3 Pieces Lightly Lined Wireless Bras for Women Comfy Plunge T Shirt Bra Pack Style Womenswear for Everyday & Bridal Events #SummerVibes,1731831726131155211,206427.86,tarte summer skin essentials - CC color-correcting tinted serum + creaseless setting powder,1732422500087993276,"$172,612.52",DOBREVA Women's Unlined Balconette Bra No Padded Underwire Supportive Plus Size Smooth Scoop Neck,1731395246467027235,142331.58,Bratz x Glamlite Lip Kits,1732039774371222265,96481.23,tarte colored clay CC undereye corrector,1729734769623929788,87736.12
anastasiya_ray,Eleplus 3 Pieces Lightly Lined Wireless Bras for Women Comfy Plunge T Shirt Bra Pack Style Womenswear for Everyday & Bridal Events #SummerVibes,1731831726131155211,206427.86,DOBREVA Women's Unlined Balconette Bra No Padded Underwire Supportive Plus Size Smooth Scoop Neck,1731395246467027235,"$142,331.58",OEAK Women Non-Slip Bandeau Bras With Comfortable Strapless Bra Seamless Wireless Tube Top Soft Wireless Bra,1731622604082024678,73952.46,"PUFF Sticky Bra – VIRAL No.1 Push-up Sticky Bra, Waterproof & Sweat-proof Invisible Bra, Reusable Silicone Adhesive Bra for Women, Includes Storage Board & Replaceable Pads",1731492372893241632,72261.57,OEAK Women Jelly Bras Wirefree Full Coverage No Underwire Everyday Bras Comfortable Wireless Padded Tshirt Bra,1731406217255686451,59406.84
andrea_costanzo,Eleplus 3 Pieces Lightly Lined Wireless Bras for Women Comfy Plunge T Shirt Bra Pack Style Womenswear for Everyday & Bridal Events #SummerVibes,1731831726131155211,206427.86,DOBREVA Women's Unlined Balconette Bra No Padded Underwire Supportive Plus Size Smooth Scoop Neck,1731395246467027235,"$142,331.58",OEAK Women Non-Slip Bandeau Bras With Comfortable Strapless Bra Seamless Wireless Tube Top Soft Wireless Bra,1731622604082024678,73952.46,"PUFF Sticky Bra – VIRAL No.1 Push-up Sticky Bra, Waterproof & Sweat-proof Invisible Bra, Reusable Silicone Adhesive Bra for Women, Includes Storage Board & Replaceable Pads",1731492372893241632,72261.57,OEAK Women Jelly Bras Wirefree Full Coverage No Underwire Everyday Bras Comfortable Wireless Padded Tshirt Bra,1731406217255686451,59406.84
andthatsthelipton,Eleplus 3 Pieces Lightly Lined Wireless Bras for Women Comfy Plunge T Shirt Bra Pack Style Womenswear for Everyday & Bridal Events #SummerVibes,1731831726131155211,206427.86,DOBREVA Women's Unlined Balconette Bra No Padded Underwire Supportive Plus Size Smooth Scoop Neck,1731395246467027235,"$142,331.58",OEAK Women Non-Slip Bandeau Bras With Comfortable Strapless Bra Seamless Wireless Tube Top Soft Wireless Bra,1731622604082024678,73952.46,"PUFF Sticky Bra – VIRAL No.1 Push-up Sticky Bra, Waterproof & Sweat-proof Invisible Bra, Reusable Silicone Adhesive Bra for Women, Includes Storage Board & Replaceable Pads",1731492372893241632,72261.57,OEAK Women Jelly Bras Wirefree Full Coverage No Underwire Everyday Bras Comfortable Wireless Padded Tshirt Bra,1731406217255686451,59406.84
angela.456789,tarte summer skin essentials - CC color-correcting tinted serum + creaseless setting powder,1732422500087993276,172612.52,"[NEW] [medicube] PDRN Pink Collagen Volume Multi Balm | All In One Volufiline, PDRN, NAD Stick for Youthful-Looking, Helping Look of Fine Lines, Firming Care, Anti-Aging Care | For Under-Eyes, Neck, Forehead, Smile Lines, Lip Care | Korean Skincare",1729508370969629931,"$147,187.62",Bratz x Glamlite Lip Kits,1732039774371222265,96481.23,"【 2026 newly upgraded】Trucozie T350 Cordless Vacuum Cleaner, 8-in-1 Lightweight Upright Vacuum Cleaner, 45-Minute Runtime, Powerful 33 kPa Suction, Suitable for Home , Hardwood Floors, Carpets,  Pet Hair",1729406319708377732,91122.67,tarte colored clay CC undereye corrector,1729734769623929788,87736.12
angelacallisto123,Eleplus 3 Pieces Lightly Lined Wireless Bras for Women Comfy Plunge T Shirt Bra Pack Style Womenswear for Everyday & Bridal Events #SummerVibes,1731831726131155211,206427.86,DOBREVA Women's Unlined Balconette Bra No Padded Underwire Supportive Plus Size Smooth Scoop Neck,1731395246467027235,"$142,331.58","PUFF Sticky Bra – VIRAL No.1 Push-up Sticky Bra, Waterproof & Sweat-proof Invisible Bra, Reusable Silicone Adhesive Bra for Women, Includes Storage Board & Replaceable Pads",1731492372893241632,72261.57,OEAK Women Jelly Bras Wirefree Full Coverage No Underwire Everyday Bras Comfortable Wireless Padded Tshirt Bra,1731406217255686451,59406.84,INLYRIC Women's Inbarely Triangle Bralette Plunge Unlined Seamless Bra No Underwire Sexy Comfortable Everyday Seamless Fit Bra Summer Bra,1731711189670924528,53469.04
anggwells,tarte summer skin essentials - CC color-correcting tinted serum + creaseless setting powder,1732422500087993276,172612.52,"[NEW] [medicube] PDRN Pink Collagen Volume Multi Balm | All In One Volufiline, PDRN, NAD Stick for Youthful-Looking, Helping Look of Fine Lines, Firming Care, Anti-Aging Care | For Under-Eyes, Neck, Forehead, Smile Lines, Lip Care | Korean Skincare",1729508370969629931,"$147,187.62",Bratz x Glamlite Lip Kits,1732039774371222265,96481.23,tarte colored clay CC undereye corrector,1729734769623929788,87736.12,"BellaVita Luxury's CEO Man Eau De Parfum 100ml (3.38 Fl.oz) | Lemon, Lavender, Tonka & Agarwood | Long Lasting Perfume for Men | Vegan Perfume | Perfect Gift for Men",1729413705690223542,86613.4
annaslivka2,"Women's Striped/rhombus/leaf/dot Cloud Handbag, Clip Closure Crossbody Bag, Lightweight Foldable for Daily Use, Gifts for Friends and Valentine's Day",1732227985172828427,116346.7,American Leather Co. Cleveland Leather Backpack,1731010819153499079,"$22,977.06","Tasiso Women's Floating Cubic Zirconia Pendant Necklace on Invisible Transparent Cord, Minimalist Choker Adjustable Length, Everyday Layering Jewelry, For Woman,Gift,summeroutfits,vacationoutfits,beachoutfits,Thick Clear Invisible Fishing Line",1731992960085430403,18113.89,PASCAL Timeless Classic Diamond Watch for Women & Men 31mm & 36mm with White Lab-Grown Diamonds Swiss Ronda 763 Quartz Movement Stainless Steel Bracelet Everyday Luxury Gift,1732063642461639260,13315.26,CEFIRO Uluh Bag with Guard - Stylish Handbag with Gold Hardware and Adjustable Strap for Everyday Use,1732354352924102675,12816.13
aricandchristy,"Medium Firm Hybrid Memory Foam Mattress - 8/10/12/14 in Twin, Full, Queen, King Sizes, Lumbar Support, Ergonomic Design, for Home Rooms, Hotels, Boxed Furniture Gift, Memory Foam Mattresses, Queen Size Mattress,dorm essentials,home decor",1730092261582738160,74456.07,VASAIKO 6-in-1 Portable  Detector with Natural Gas & Temperature Humidity Sensors Plug-and-Play Design High-Definition Display Accurate Alerts Ideal for Kitchen Garage RVs Apartments,1732022410216050952,"$50,568.23","Dowinx Cross egged Office Chair with Pivoting Armrests,Criss Cross Chair with Pocket Spring Seat & Back,Reclining Computer Gaming Chair with Footrest and Metal Base",1731998808395649437,17771.67,"3Pcs 99.99% Pure Copper Bird Bath Cleaner Purification Disks (0.6mm), Physical Water Cleaning for Outdoor Birdbaths, Garden Fountains, All-Season Universal Fit",1729496434684892939,10654.27,"Dowinx Big and Tall office chair, with pocket spring pad and waist support, high back computer game chair, adjustable armrests, executive office chair, foot rest",1729960194504823038,10019.25
arsy_vartanian,tarte summer skin essentials - CC color-correcting tinted serum + creaseless setting powder,1732422500087993276,172612.52,"[NEW] [medicube] PDRN Pink Collagen Volume Multi Balm | All In One Volufiline, PDRN, NAD Stick for Youthful-Looking, Helping Look of Fine Lines, Firming Care, Anti-Aging Care | For Under-Eyes, Neck, Forehead, Smile Lines, Lip Care | Korean Skincare",1729508370969629931,"$147,187.62",Bratz x Glamlite Lip Kits,1732039774371222265,96481.23,tarte colored clay CC undereye corrector,1729734769623929788,87736.12,"BellaVita Luxury's CEO Man Eau De Parfum 100ml (3.38 Fl.oz) | Lemon, Lavender, Tonka & Agarwood | Long Lasting Perfume for Men | Vegan Perfume | Perfect Gift for Men",1729413705690223542,86613.4
ashleyinfl,"Comfrt | The Dreamer Blanket | Oversized, Cozy, Soft Warm Throw",1729931833196778371,41877.81,"【Summer Turn Up】WeCharmer Extra Thick Mattress 1000&500 GSM Topper, Down Alternative Overfill Plush Mattress Pad, Cooling Pillow Top with 8-21Inch Deep Pocket,summerwins,back to school,back to school shopping,home decor",1729457680158658805,"$14,735.28","Bedsure 100% Cooling bamboo Sheet Set, Moody Color Rayon Derived from Bamboo, PureWoven, Breathable & Soft, Deep Pocket Up to 16 Inches, Hotel Luxury Silky Bedding for Hot Sleepers, Wrinkle, Fade Resistant",1731367134008480341,13996.96,"【Summer Sale Deals】Bedsure Summer Cooling Comforter for Hot Sleepers ,Ice Cream Blanket,Breathable Oversized  Design, Lightweight, RayonDerived from Bamboo, Comfy Bedding,  Gifts,  Teenage Bedroom Accessories, Cooling Blanket",1729449121848987894,11772.38,"NEEDOH SQUEEZZA – Doh-Filled Pizza Squishy Toy, Squeezable, Slow-Rise Fill, Fun Sensory Stress Relief for Kids & Adults",1732112605762326884,10263.22
ashleyorganic,"Women's Striped/rhombus/leaf/dot Cloud Handbag, Clip Closure Crossbody Bag, Lightweight Foldable for Daily Use, Gifts for Friends and Valentine's Day",1732227985172828427,116346.7,"【 2026 newly upgraded】Trucozie T350 Cordless Vacuum Cleaner, 8-in-1 Lightweight Upright Vacuum Cleaner, 45-Minute Runtime, Powerful 33 kPa Suction, Suitable for Home , Hardwood Floors, Carpets,  Pet Hair",1729406319708377732,"$91,122.67",Shark PowerPro Flex Reveal Plus Cordless Vacuum - IZ382H,1732268320365777584,29432.76,"【2026 New Arrivals】Trucozie T550 Cordless Vacuum Cleaner, 40kPa Powerful Suction Smart Stick Vacuum with 50 Mins Runtime, 8-in-1 Lightweight Handheld/Upright Vacuum for Hardwood Floor, Carpet, Pet Hair & Car",1731578192195392132,22912.06,Ninja Creami Scoop & Swirl Soft Serve Ice Cream Machine - NC701,1731966267458490453,15989.81
ashleyorganicedits,tarte summer skin essentials - CC color-correcting tinted serum + creaseless setting powder,1732422500087993276,172612.52,Bratz x Glamlite Lip Kits,1732039774371222265,"$96,481.23",tarte colored clay CC undereye corrector,1729734769623929788,87736.12,"BellaVita Luxury's CEO Man Eau De Parfum 100ml (3.38 Fl.oz) | Lemon, Lavender, Tonka & Agarwood | Long Lasting Perfume for Men | Vegan Perfume | Perfect Gift for Men",1729413705690223542,86613.4,"tarte BB blur tinted moisturizer SPF 30 - instantly brightens, hydrates & smooths your skin",1729584174847071164,86458
avas.fav.finds,Eleplus 3 Pieces Lightly Lined Wireless Bras for Women Comfy Plunge T Shirt Bra Pack Style Womenswear for Everyday & Bridal Events #SummerVibes,1731831726131155211,206427.86,tarte summer skin essentials - CC color-correcting tinted serum + creaseless setting powder,1732422500087993276,"$172,612.52","[NEW] [medicube] PDRN Pink Collagen Volume Multi Balm | All In One Volufiline, PDRN, NAD Stick for Youthful-Looking, Helping Look of Fine Lines, Firming Care, Anti-Aging Care | For Under-Eyes, Neck, Forehead, Smile Lines, Lip Care | Korean Skincare",1729508370969629931,147187.62,DOBREVA Women's Unlined Balconette Bra No Padded Underwire Supportive Plus Size Smooth Scoop Neck,1731395246467027235,142331.58,Bratz x Glamlite Lip Kits,1732039774371222265,96481.23
ayeitsanju,"Women's Striped/rhombus/leaf/dot Cloud Handbag, Clip Closure Crossbody Bag, Lightweight Foldable for Daily Use, Gifts for Friends and Valentine's Day",1732227985172828427,116346.7,American Leather Co. Cleveland Leather Backpack,1731010819153499079,"$22,977.06","Tasiso Women's Floating Cubic Zirconia Pendant Necklace on Invisible Transparent Cord, Minimalist Choker Adjustable Length, Everyday Layering Jewelry, For Woman,Gift,summeroutfits,vacationoutfits,beachoutfits,Thick Clear Invisible Fishing Line",1731992960085430403,18113.89,PASCAL Timeless Classic Diamond Watch for Women & Men 31mm & 36mm with White Lab-Grown Diamonds Swiss Ronda 763 Quartz Movement Stainless Steel Bracelet Everyday Luxury Gift,1732063642461639260,13315.26,CEFIRO Uluh Bag with Guard - Stylish Handbag with Gold Hardware and Adjustable Strap for Everyday Use,1732354352924102675,12816.13
az.babe,"Tasiso Women's Floating Cubic Zirconia Pendant Necklace on Invisible Transparent Cord, Minimalist Choker Adjustable Length, Everyday Layering Jewelry, For Woman,Gift,summeroutfits,vacationoutfits,beachoutfits,Thick Clear Invisible Fishing Line",1731992960085430403,18113.89,PASCAL Timeless Classic Diamond Watch for Women & Men 31mm & 36mm with White Lab-Grown Diamonds Swiss Ronda 763 Quartz Movement Stainless Steel Bracelet Everyday Luxury Gift,1732063642461639260,"$13,315.26",Astra - Modern Flat-Lens Cat-Eye Sunglasses Eyewear Shades,1732201295444087593,10061.69,GOO GOO Hair Extensions Clip in Human Hair Natural Straight Remy Hair Easy To Style Soft Clip ins for Women summer hairstyles #TikTokShopSummerSale,1729388698832703923,9932.6,JASGOOD Women Wide Chunky Belt for Dresses Fashion Thick Suede Belt with Gold Buckle,1732071333641097693,8579.39
backnjennaup,tarte summer skin essentials - CC color-correcting tinted serum + creaseless setting powder,1732422500087993276,172612.52,"[NEW] [medicube] PDRN Pink Collagen Volume Multi Balm | All In One Volufiline, PDRN, NAD Stick for Youthful-Looking, Helping Look of Fine Lines, Firming Care, Anti-Aging Care | For Under-Eyes, Neck, Forehead, Smile Lines, Lip Care | Korean Skincare",1729508370969629931,"$147,187.62",Bratz x Glamlite Lip Kits,1732039774371222265,96481.23,tarte colored clay CC undereye corrector,1729734769623929788,87736.12,"BellaVita Luxury's CEO Man Eau De Parfum 100ml (3.38 Fl.oz) | Lemon, Lavender, Tonka & Agarwood | Long Lasting Perfume for Men | Vegan Perfume | Perfect Gift for Men",1729413705690223542,86613.4
baileyyoliverr,Eleplus 3 Pieces Lightly Lined Wireless Bras for Women Comfy Plunge T Shirt Bra Pack Style Womenswear for Everyday & Bridal Events #SummerVibes,1731831726131155211,206427.86,tarte summer skin essentials - CC color-correcting tinted serum + creaseless setting powder,1732422500087993276,"$172,612.52",DOBREVA Women's Unlined Balconette Bra No Padded Underwire Supportive Plus Size Smooth Scoop Neck,1731395246467027235,142331.58,Bratz x Glamlite Lip Kits,1732039774371222265,96481.23,tarte colored clay CC undereye corrector,1729734769623929788,87736.12
becsreview,tarte summer skin essentials - CC color-correcting tinted serum + creaseless setting powder,1732422500087993276,172612.52,"[NEW] [medicube] PDRN Pink Collagen Volume Multi Balm | All In One Volufiline, PDRN, NAD Stick for Youthful-Looking, Helping Look of Fine Lines, Firming Care, Anti-Aging Care | For Under-Eyes, Neck, Forehead, Smile Lines, Lip Care | Korean Skincare",1729508370969629931,"$147,187.62",Bratz x Glamlite Lip Kits,1732039774371222265,96481.23,tarte colored clay CC undereye corrector,1729734769623929788,87736.12,"BellaVita Luxury's CEO Man Eau De Parfum 100ml (3.38 Fl.oz) | Lemon, Lavender, Tonka & Agarwood | Long Lasting Perfume for Men | Vegan Perfume | Perfect Gift for Men",1729413705690223542,86613.4
bestiebriitt,"【Creator’s Pick】Halara 2-Piece Super High Waisted Back Pocket & Side Hidden Pocket 2-in-1 Yoga Shorts 3"" Set",1730762320809595172,57843.35,"Colorfulkoala Women's No Front Seam Yoga Capri 21"" Dreamlux High-Waisted Tummy Control Workout Leggings with Hidden Pocket Petite Length,travel essentials,camping essentials",1731026394568233266,"$48,685.55","MFVIM Women’s Breathable Body-Shaping Yoga Outfit, High-Waisted Quick-Dry Fitness Wear, Versatile Three-Quarter Shorts Sports Set,summerwins,travel essentials,camping essentials",1732388023895625751,40407.27,【Creator’s Pick】Halara 2-Piece Super High Waisted Back Pocket & Side Hidden Pocket 2-in-1 Yoga Shorts Set 5''-Longer Length,1730762001521283364,35900.34,Eomenie Tankini Swimsuit for Women Tummy Control Two Piece Bathing Suit High Waisted Tank Top with Swim Skirt Swimdress #Deals For You Days,1732088850959995217,29084.69
biohackingnutritionist,tarte summer skin essentials - CC color-correcting tinted serum + creaseless setting powder,1732422500087993276,172612.52,"Women's Striped/rhombus/leaf/dot Cloud Handbag, Clip Closure Crossbody Bag, Lightweight Foldable for Daily Use, Gifts for Friends and Valentine's Day",1732227985172828427,"$116,346.70",Bratz x Glamlite Lip Kits,1732039774371222265,96481.23,tarte colored clay CC undereye corrector,1729734769623929788,87736.12,"BellaVita Luxury's CEO Man Eau De Parfum 100ml (3.38 Fl.oz) | Lemon, Lavender, Tonka & Agarwood | Long Lasting Perfume for Men | Vegan Perfume | Perfect Gift for Men",1729413705690223542,86613.4
bkewwwl1507,tarte summer skin essentials - CC color-correcting tinted serum + creaseless setting powder,1732422500087993276,172612.52,Bratz x Glamlite Lip Kits,1732039774371222265,"$96,481.23",tarte colored clay CC undereye corrector,1729734769623929788,87736.12,"BellaVita Luxury's CEO Man Eau De Parfum 100ml (3.38 Fl.oz) | Lemon, Lavender, Tonka & Agarwood | Long Lasting Perfume for Men | Vegan Perfume | Perfect Gift for Men",1729413705690223542,86613.4,"tarte BB blur tinted moisturizer SPF 30 - instantly brightens, hydrates & smooths your skin",1729584174847071164,86458
brandie1234,Eleplus 3 Pieces Lightly Lined Wireless Bras for Women Comfy Plunge T Shirt Bra Pack Style Womenswear for Everyday & Bridal Events #SummerVibes,1731831726131155211,206427.86,DOBREVA Women's Unlined Balconette Bra No Padded Underwire Supportive Plus Size Smooth Scoop Neck,1731395246467027235,"$142,331.58",OEAK Women Non-Slip Bandeau Bras With Comfortable Strapless Bra Seamless Wireless Tube Top Soft Wireless Bra,1731622604082024678,73952.46,"PUFF Sticky Bra – VIRAL No.1 Push-up Sticky Bra, Waterproof & Sweat-proof Invisible Bra, Reusable Silicone Adhesive Bra for Women, Includes Storage Board & Replaceable Pads",1731492372893241632,72261.57,OEAK Women Jelly Bras Wirefree Full Coverage No Underwire Everyday Bras Comfortable Wireless Padded Tshirt Bra,1731406217255686451,59406.84
brandienicole27,Eleplus 3 Pieces Lightly Lined Wireless Bras for Women Comfy Plunge T Shirt Bra Pack Style Womenswear for Everyday & Bridal Events #SummerVibes,1731831726131155211,206427.86,DOBREVA Women's Unlined Balconette Bra No Padded Underwire Supportive Plus Size Smooth Scoop Neck,1731395246467027235,"$142,331.58",Bratz x Glamlite Lip Kits,1732039774371222265,96481.23,"BellaVita Luxury's CEO Man Eau De Parfum 100ml (3.38 Fl.oz) | Lemon, Lavender, Tonka & Agarwood | Long Lasting Perfume for Men | Vegan Perfume | Perfect Gift for Men",1729413705690223542,86613.4,INIA CURVIFY EMS Booty Lift & Sculpting Shorts: Multi-Mode Microcurrent for Glute Sculpting & Pelvic Floor Support (Visible Results in 2-4 Wks),1729479457563251986,75436.56
brando23454,"【Creator’s Pick】Halara 2-Piece Super High Waisted Back Pocket & Side Hidden Pocket 2-in-1 Yoga Shorts 3"" Set",1730762320809595172,57843.35,"Colorfulkoala Women's No Front Seam Yoga Capri 21"" Dreamlux High-Waisted Tummy Control Workout Leggings with Hidden Pocket Petite Length,travel essentials,camping essentials",1731026394568233266,"$48,685.55","MFVIM Women’s Breathable Body-Shaping Yoga Outfit, High-Waisted Quick-Dry Fitness Wear, Versatile Three-Quarter Shorts Sports Set,summerwins,travel essentials,camping essentials",1732388023895625751,40407.27,【Creator’s Pick】Halara 2-Piece Super High Waisted Back Pocket & Side Hidden Pocket 2-in-1 Yoga Shorts Set 5''-Longer Length,1730762001521283364,35900.34,Eomenie Tankini Swimsuit for Women Tummy Control Two Piece Bathing Suit High Waisted Tank Top with Swim Skirt Swimdress #Deals For You Days,1732088850959995217,29084.69
brehyah,"【Creator’s Pick】Halara 2-Piece Super High Waisted Back Pocket & Side Hidden Pocket 2-in-1 Yoga Shorts 3"" Set",1730762320809595172,57843.35,"Colorfulkoala Women's No Front Seam Yoga Capri 21"" Dreamlux High-Waisted Tummy Control Workout Leggings with Hidden Pocket Petite Length,travel essentials,camping essentials",1731026394568233266,"$48,685.55","MFVIM Women’s Breathable Body-Shaping Yoga Outfit, High-Waisted Quick-Dry Fitness Wear, Versatile Three-Quarter Shorts Sports Set,summerwins,travel essentials,camping essentials",1732388023895625751,40407.27,【Creator’s Pick】Halara 2-Piece Super High Waisted Back Pocket & Side Hidden Pocket 2-in-1 Yoga Shorts Set 5''-Longer Length,1730762001521283364,35900.34,Eomenie Tankini Swimsuit for Women Tummy Control Two Piece Bathing Suit High Waisted Tank Top with Swim Skirt Swimdress #Deals For You Days,1732088850959995217,29084.69
brittaniehammershop,"Blowfish Malibu Womens Venice 2 Fashion Boot, Design, Walking Shoes, Decor, Women's Fashion, Shoes For Women, Boot Heels, Modern Boot",1732425400994468545,34299.87,Dr. Scholl's Women's Joplin Fashion Boot,1731896531264573800,"$30,066.19",HEYDUDE Austin Edge - Comfortable Slip on Platform Mules for Women,1731976739616559664,20439.71,Unshelled Sunflower Spicy Red Seeds 12oz,1732220469286507347,14746.72,"The Loaded Tea Shop - 40 Flavors, 1 Packet Makes 32 oz, Zero Sugar, Zero Carbs, Zero Calories, Zero Artificial Colors & Flavors, B-Complex, Vitamins D3 & K2, Aloe, 200mg Natural Caffeine, Build Your Own Bundle, Functional Energy Tea Packs",1729556031006938037,14502.55
brittany.fnp,"NEEDOH SQUEEZZA – Doh-Filled Pizza Squishy Toy, Squeezable, Slow-Rise Fill, Fun Sensory Stress Relief for Kids & Adults",1732112605762326884,10263.22,"Erasable Reusable Watercolor Pen Doodle Set for Toddlers, Toddler Coloring Set 1 2 3 4 Years Old - Unicorn Reusable Drawing Book, 12 Watercolor Markers, 14 Pages of Art, Creative Play & Fun for Kids - Car Activity Travel Coloring Kit for Kids tiktokshopsp",1729476492327489974,"$6,141.75","Resonance Sound Healing Tuning Fork Set – 128Hz, 136.1Hz, 256Hz, 384Hz with Activator – Sound Therapy for Stress Relief, Deep Relaxation & Chakra Balancing",1730835799600697670,4698.51,Vmaisi Baby Proofing Magnetic Cabinet Locks and Mom Tested Child Safety Latches includes Magnet Keys and 2 installation cradles designed for reuse on multiple locks,1729577440749850681,4572.67,"Jool Baby Portable Potty Training Chair with Travel Bag and 30 Liners, Foldable, Indoor/Outdoor Use",1729409286955045735,4302.21
brittnymarch,Eleplus 3 Pieces Lightly Lined Wireless Bras for Women Comfy Plunge T Shirt Bra Pack Style Womenswear for Everyday & Bridal Events #SummerVibes,1731831726131155211,206427.86,tarte summer skin essentials - CC color-correcting tinted serum + creaseless setting powder,1732422500087993276,"$172,612.52","[NEW] [medicube] PDRN Pink Collagen Volume Multi Balm | All In One Volufiline, PDRN, NAD Stick for Youthful-Looking, Helping Look of Fine Lines, Firming Care, Anti-Aging Care | For Under-Eyes, Neck, Forehead, Smile Lines, Lip Care | Korean Skincare",1729508370969629931,147187.62,DOBREVA Women's Unlined Balconette Bra No Padded Underwire Supportive Plus Size Smooth Scoop Neck,1731395246467027235,142331.58,Bratz x Glamlite Lip Kits,1732039774371222265,96481.23
brotherbrad888,Xtra Muse Vlogging Camera with 1'' CMOS 4K/120fps Videos 3-Axis Gimbal Stabilizer Fast Focusing Face/Object Tracking Portable Handycam Camcorder,1731831763391320673,27482.28,Canon PowerShot G7 X Mark III 3637C001 Black (US Plug) by StockX,1732091895743746202,"$20,879.77","JLab JBuds Lux ANC Wireless Bluetooth Noise Cancelling Headphones with Mics, Adjustable Over-Ear Design, Custom EQ, Be Aware Safety Mode, Foldable, Wired Charging Cable, Compatible with iPhone/Android Devices (Tools and Gadgets, Mens Gifts)",1729430076387136161,15272.39,"SHOKZ OpenRun Pro 2 - Open-Ear, Bone Conduction Sport Headphones - Sweat Resistant, Workout Headphones with Deep Bass and Smart Mic",1729658353063203418,12642.91,"SHOKZ OpenRun - Open-Ear Bluetooth Bone Conduction Sport Headphones, Sweat Resistant Wireless Earphones for Workouts and Running, Built-in Mic",1729658080504484442,11793.42
bryttani_mingo,tarte summer skin essentials - CC color-correcting tinted serum + creaseless setting powder,1732422500087993276,172612.52,"[NEW] [medicube] PDRN Pink Collagen Volume Multi Balm | All In One Volufiline, PDRN, NAD Stick for Youthful-Looking, Helping Look of Fine Lines, Firming Care, Anti-Aging Care | For Under-Eyes, Neck, Forehead, Smile Lines, Lip Care | Korean Skincare",1729508370969629931,"$147,187.62",Bratz x Glamlite Lip Kits,1732039774371222265,96481.23,tarte colored clay CC undereye corrector,1729734769623929788,87736.12,"BellaVita Luxury's CEO Man Eau De Parfum 100ml (3.38 Fl.oz) | Lemon, Lavender, Tonka & Agarwood | Long Lasting Perfume for Men | Vegan Perfume | Perfect Gift for Men",1729413705690223542,86613.4
btbeautyx,tarte summer skin essentials - CC color-correcting tinted serum + creaseless setting powder,1732422500087993276,172612.52,"[NEW] [medicube] PDRN Pink Collagen Volume Multi Balm | All In One Volufiline, PDRN, NAD Stick for Youthful-Looking, Helping Look of Fine Lines, Firming Care, Anti-Aging Care | For Under-Eyes, Neck, Forehead, Smile Lines, Lip Care | Korean Skincare",1729508370969629931,"$147,187.62",Bratz x Glamlite Lip Kits,1732039774371222265,96481.23,"【 2026 newly upgraded】Trucozie T350 Cordless Vacuum Cleaner, 8-in-1 Lightweight Upright Vacuum Cleaner, 45-Minute Runtime, Powerful 33 kPa Suction, Suitable for Home , Hardwood Floors, Carpets,  Pet Hair",1729406319708377732,91122.67,tarte colored clay CC undereye corrector,1729734769623929788,87736.12
button.n.bangle,tarte summer skin essentials - CC color-correcting tinted serum + creaseless setting powder,1732422500087993276,172612.52,Bratz x Glamlite Lip Kits,1732039774371222265,"$96,481.23",tarte colored clay CC undereye corrector,1729734769623929788,87736.12,"BellaVita Luxury's CEO Man Eau De Parfum 100ml (3.38 Fl.oz) | Lemon, Lavender, Tonka & Agarwood | Long Lasting Perfume for Men | Vegan Perfume | Perfect Gift for Men",1729413705690223542,86613.4,"tarte BB blur tinted moisturizer SPF 30 - instantly brightens, hydrates & smooths your skin",1729584174847071164,86458
by.bren2,Eleplus 3 Pieces Lightly Lined Wireless Bras for Women Comfy Plunge T Shirt Bra Pack Style Womenswear for Everyday & Bridal Events #SummerVibes,1731831726131155211,206427.86,DOBREVA Women's Unlined Balconette Bra No Padded Underwire Supportive Plus Size Smooth Scoop Neck,1731395246467027235,"$142,331.58",OEAK Women Non-Slip Bandeau Bras With Comfortable Strapless Bra Seamless Wireless Tube Top Soft Wireless Bra,1731622604082024678,73952.46,"PUFF Sticky Bra – VIRAL No.1 Push-up Sticky Bra, Waterproof & Sweat-proof Invisible Bra, Reusable Silicone Adhesive Bra for Women, Includes Storage Board & Replaceable Pads",1731492372893241632,72261.57,OEAK Women Jelly Bras Wirefree Full Coverage No Underwire Everyday Bras Comfortable Wireless Padded Tshirt Bra,1731406217255686451,59406.84
calebrichhh,tarte summer skin essentials - CC color-correcting tinted serum + creaseless setting powder,1732422500087993276,172612.52,"[NEW] [medicube] PDRN Pink Collagen Volume Multi Balm | All In One Volufiline, PDRN, NAD Stick for Youthful-Looking, Helping Look of Fine Lines, Firming Care, Anti-Aging Care | For Under-Eyes, Neck, Forehead, Smile Lines, Lip Care | Korean Skincare",1729508370969629931,"$147,187.62",Bratz x Glamlite Lip Kits,1732039774371222265,96481.23,tarte colored clay CC undereye corrector,1729734769623929788,87736.12,"BellaVita Luxury's CEO Man Eau De Parfum 100ml (3.38 Fl.oz) | Lemon, Lavender, Tonka & Agarwood | Long Lasting Perfume for Men | Vegan Perfume | Perfect Gift for Men",1729413705690223542,86613.4
candidly.betsy,"Comfrt | The Dreamer Blanket | Oversized, Cozy, Soft Warm Throw",1729931833196778371,41877.81,Sand Cloud | Towel Bag 2 in 1,1732221346435469494,"$19,017.83","【Summer Turn Up】WeCharmer Extra Thick Mattress 1000&500 GSM Topper, Down Alternative Overfill Plush Mattress Pad, Cooling Pillow Top with 8-21Inch Deep Pocket,summerwins,back to school,back to school shopping,home decor",1729457680158658805,14735.28,"Bedsure 100% Cooling bamboo Sheet Set, Moody Color Rayon Derived from Bamboo, PureWoven, Breathable & Soft, Deep Pocket Up to 16 Inches, Hotel Luxury Silky Bedding for Hot Sleepers, Wrinkle, Fade Resistant",1731367134008480341,13996.96,Evergreen Set of 3 Lighted Halloween WitchStakes,1731081757354464199,12862.95
carlosesparza,Eleplus 3 Pieces Lightly Lined Wireless Bras for Women Comfy Plunge T Shirt Bra Pack Style Womenswear for Everyday & Bridal Events #SummerVibes,1731831726131155211,206427.86,DOBREVA Women's Unlined Balconette Bra No Padded Underwire Supportive Plus Size Smooth Scoop Neck,1731395246467027235,"$142,331.58",OEAK Women Non-Slip Bandeau Bras With Comfortable Strapless Bra Seamless Wireless Tube Top Soft Wireless Bra,1731622604082024678,73952.46,"PUFF Sticky Bra – VIRAL No.1 Push-up Sticky Bra, Waterproof & Sweat-proof Invisible Bra, Reusable Silicone Adhesive Bra for Women, Includes Storage Board & Replaceable Pads",1731492372893241632,72261.57,OEAK Women Jelly Bras Wirefree Full Coverage No Underwire Everyday Bras Comfortable Wireless Padded Tshirt Bra,1731406217255686451,59406.84
carlymanninggg,tarte summer skin essentials - CC color-correcting tinted serum + creaseless setting powder,1732422500087993276,172612.52,"[NEW] [medicube] PDRN Pink Collagen Volume Multi Balm | All In One Volufiline, PDRN, NAD Stick for Youthful-Looking, Helping Look of Fine Lines, Firming Care, Anti-Aging Care | For Under-Eyes, Neck, Forehead, Smile Lines, Lip Care | Korean Skincare",1729508370969629931,"$147,187.62",Bratz x Glamlite Lip Kits,1732039774371222265,96481.23,"BellaVita Luxury's CEO Man Eau De Parfum 100ml (3.38 Fl.oz) | Lemon, Lavender, Tonka & Agarwood | Long Lasting Perfume for Men | Vegan Perfume | Perfect Gift for Men",1729413705690223542,86613.4,INIA CURVIFY EMS Booty Lift & Sculpting Shorts: Multi-Mode Microcurrent for Glute Sculpting & Pelvic Floor Support (Visible Results in 2-4 Wks),1729479457563251986,75436.56
caro_manning,"[NEW] [medicube] PDRN Pink Collagen Volume Multi Balm | All In One Volufiline, PDRN, NAD Stick for Youthful-Looking, Helping Look of Fine Lines, Firming Care, Anti-Aging Care | For Under-Eyes, Neck, Forehead, Smile Lines, Lip Care | Korean Skincare",1729508370969629931,147187.62,Bratz x Glamlite Lip Kits,1732039774371222265,"$96,481.23","BellaVita Luxury's CEO Man Eau De Parfum 100ml (3.38 Fl.oz) | Lemon, Lavender, Tonka & Agarwood | Long Lasting Perfume for Men | Vegan Perfume | Perfect Gift for Men",1729413705690223542,86613.4,INIA CURVIFY EMS Booty Lift & Sculpting Shorts: Multi-Mode Microcurrent for Glute Sculpting & Pelvic Floor Support (Visible Results in 2-4 Wks),1729479457563251986,75436.56,"Bella Vita Luxury's Honey Oud | Eau de Parfum 100ml (3.4 fl oz) | Patchouli, Vanilla, Bergamot | Floral & Spicy | Made with Clean & Vegan Essentials Oils | Cruelty Free Fragrance Perfume",1729413742968869814,64507.09
carringtonchronicles,tarte summer skin essentials - CC color-correcting tinted serum + creaseless setting powder,1732422500087993276,172612.52,"[NEW] [medicube] PDRN Pink Collagen Volume Multi Balm | All In One Volufiline, PDRN, NAD Stick for Youthful-Looking, Helping Look of Fine Lines, Firming Care, Anti-Aging Care | For Under-Eyes, Neck, Forehead, Smile Lines, Lip Care | Korean Skincare",1729508370969629931,"$147,187.62",Bratz x Glamlite Lip Kits,1732039774371222265,96481.23,tarte colored clay CC undereye corrector,1729734769623929788,87736.12,"BellaVita Luxury's CEO Man Eau De Parfum 100ml (3.38 Fl.oz) | Lemon, Lavender, Tonka & Agarwood | Long Lasting Perfume for Men | Vegan Perfume | Perfect Gift for Men",1729413705690223542,86613.4
cassycass00,"[NEW] [medicube] PDRN Pink Collagen Volume Multi Balm | All In One Volufiline, PDRN, NAD Stick for Youthful-Looking, Helping Look of Fine Lines, Firming Care, Anti-Aging Care | For Under-Eyes, Neck, Forehead, Smile Lines, Lip Care | Korean Skincare",1729508370969629931,147187.62,Bratz x Glamlite Lip Kits,1732039774371222265,"$96,481.23",tarte colored clay CC undereye corrector,1729734769623929788,87736.12,"BellaVita Luxury's CEO Man Eau De Parfum 100ml (3.38 Fl.oz) | Lemon, Lavender, Tonka & Agarwood | Long Lasting Perfume for Men | Vegan Perfume | Perfect Gift for Men",1729413705690223542,86613.4,"tarte BB blur tinted moisturizer SPF 30 - instantly brightens, hydrates & smooths your skin",1729584174847071164,86458
cassymedwards_,"[NEW] [medicube] PDRN Pink Collagen Volume Multi Balm | All In One Volufiline, PDRN, NAD Stick for Youthful-Looking, Helping Look of Fine Lines, Firming Care, Anti-Aging Care | For Under-Eyes, Neck, Forehead, Smile Lines, Lip Care | Korean Skincare",1729508370969629931,147187.62,Bratz x Glamlite Lip Kits,1732039774371222265,"$96,481.23",tarte colored clay CC undereye corrector,1729734769623929788,87736.12,"BellaVita Luxury's CEO Man Eau De Parfum 100ml (3.38 Fl.oz) | Lemon, Lavender, Tonka & Agarwood | Long Lasting Perfume for Men | Vegan Perfume | Perfect Gift for Men",1729413705690223542,86613.4,INIA CURVIFY EMS Booty Lift & Sculpting Shorts: Multi-Mode Microcurrent for Glute Sculpting & Pelvic Floor Support (Visible Results in 2-4 Wks),1729479457563251986,75436.56
cheerockafellaa,tarte summer skin essentials - CC color-correcting tinted serum + creaseless setting powder,1732422500087993276,172612.52,"[NEW] [medicube] PDRN Pink Collagen Volume Multi Balm | All In One Volufiline, PDRN, NAD Stick for Youthful-Looking, Helping Look of Fine Lines, Firming Care, Anti-Aging Care | For Under-Eyes, Neck, Forehead, Smile Lines, Lip Care | Korean Skincare",1729508370969629931,"$147,187.62",Bratz x Glamlite Lip Kits,1732039774371222265,96481.23,tarte colored clay CC undereye corrector,1729734769623929788,87736.12,"BellaVita Luxury's CEO Man Eau De Parfum 100ml (3.38 Fl.oz) | Lemon, Lavender, Tonka & Agarwood | Long Lasting Perfume for Men | Vegan Perfume | Perfect Gift for Men",1729413705690223542,86613.4
chelsleebmoney,tarte summer skin essentials - CC color-correcting tinted serum + creaseless setting powder,1732422500087993276,172612.52,"[NEW] [medicube] PDRN Pink Collagen Volume Multi Balm | All In One Volufiline, PDRN, NAD Stick for Youthful-Looking, Helping Look of Fine Lines, Firming Care, Anti-Aging Care | For Under-Eyes, Neck, Forehead, Smile Lines, Lip Care | Korean Skincare",1729508370969629931,"$147,187.62",Bratz x Glamlite Lip Kits,1732039774371222265,96481.23,"BellaVita Luxury's CEO Man Eau De Parfum 100ml (3.38 Fl.oz) | Lemon, Lavender, Tonka & Agarwood | Long Lasting Perfume for Men | Vegan Perfume | Perfect Gift for Men",1729413705690223542,86613.4,INIA CURVIFY EMS Booty Lift & Sculpting Shorts: Multi-Mode Microcurrent for Glute Sculpting & Pelvic Floor Support (Visible Results in 2-4 Wks),1729479457563251986,75436.56
christinaliddo,Eleplus 3 Pieces Lightly Lined Wireless Bras for Women Comfy Plunge T Shirt Bra Pack Style Womenswear for Everyday & Bridal Events #SummerVibes,1731831726131155211,206427.86,DOBREVA Women's Unlined Balconette Bra No Padded Underwire Supportive Plus Size Smooth Scoop Neck,1731395246467027235,"$142,331.58",OEAK Women Non-Slip Bandeau Bras With Comfortable Strapless Bra Seamless Wireless Tube Top Soft Wireless Bra,1731622604082024678,73952.46,"PUFF Sticky Bra – VIRAL No.1 Push-up Sticky Bra, Waterproof & Sweat-proof Invisible Bra, Reusable Silicone Adhesive Bra for Women, Includes Storage Board & Replaceable Pads",1731492372893241632,72261.57,OEAK Women Jelly Bras Wirefree Full Coverage No Underwire Everyday Bras Comfortable Wireless Padded Tshirt Bra,1731406217255686451,59406.84
christylong40,tarte summer skin essentials - CC color-correcting tinted serum + creaseless setting powder,1732422500087993276,172612.52,"[NEW] [medicube] PDRN Pink Collagen Volume Multi Balm | All In One Volufiline, PDRN, NAD Stick for Youthful-Looking, Helping Look of Fine Lines, Firming Care, Anti-Aging Care | For Under-Eyes, Neck, Forehead, Smile Lines, Lip Care | Korean Skincare",1729508370969629931,"$147,187.62",Bratz x Glamlite Lip Kits,1732039774371222265,96481.23,tarte colored clay CC undereye corrector,1729734769623929788,87736.12,"BellaVita Luxury's CEO Man Eau De Parfum 100ml (3.38 Fl.oz) | Lemon, Lavender, Tonka & Agarwood | Long Lasting Perfume for Men | Vegan Perfume | Perfect Gift for Men",1729413705690223542,86613.4
colleen_fusco,Eleplus 3 Pieces Lightly Lined Wireless Bras for Women Comfy Plunge T Shirt Bra Pack Style Womenswear for Everyday & Bridal Events #SummerVibes,1731831726131155211,206427.86,"[NEW] [medicube] PDRN Pink Collagen Volume Multi Balm | All In One Volufiline, PDRN, NAD Stick for Youthful-Looking, Helping Look of Fine Lines, Firming Care, Anti-Aging Care | For Under-Eyes, Neck, Forehead, Smile Lines, Lip Care | Korean Skincare",1729508370969629931,"$147,187.62",DOBREVA Women's Unlined Balconette Bra No Padded Underwire Supportive Plus Size Smooth Scoop Neck,1731395246467027235,142331.58,Bratz x Glamlite Lip Kits,1732039774371222265,96481.23,"BellaVita Luxury's CEO Man Eau De Parfum 100ml (3.38 Fl.oz) | Lemon, Lavender, Tonka & Agarwood | Long Lasting Perfume for Men | Vegan Perfume | Perfect Gift for Men",1729413705690223542,86613.4
creatorsalley,tarte summer skin essentials - CC color-correcting tinted serum + creaseless setting powder,1732422500087993276,172612.52,"[NEW] [medicube] PDRN Pink Collagen Volume Multi Balm | All In One Volufiline, PDRN, NAD Stick for Youthful-Looking, Helping Look of Fine Lines, Firming Care, Anti-Aging Care | For Under-Eyes, Neck, Forehead, Smile Lines, Lip Care | Korean Skincare",1729508370969629931,"$147,187.62",Bratz x Glamlite Lip Kits,1732039774371222265,96481.23,tarte colored clay CC undereye corrector,1729734769623929788,87736.12,"BellaVita Luxury's CEO Man Eau De Parfum 100ml (3.38 Fl.oz) | Lemon, Lavender, Tonka & Agarwood | Long Lasting Perfume for Men | Vegan Perfume | Perfect Gift for Men",1729413705690223542,86613.4
deniece0110,Eleplus 3 Pieces Lightly Lined Wireless Bras for Women Comfy Plunge T Shirt Bra Pack Style Womenswear for Everyday & Bridal Events #SummerVibes,1731831726131155211,206427.86,DOBREVA Women's Unlined Balconette Bra No Padded Underwire Supportive Plus Size Smooth Scoop Neck,1731395246467027235,"$142,331.58",OEAK Women Non-Slip Bandeau Bras With Comfortable Strapless Bra Seamless Wireless Tube Top Soft Wireless Bra,1731622604082024678,73952.46,"PUFF Sticky Bra – VIRAL No.1 Push-up Sticky Bra, Waterproof & Sweat-proof Invisible Bra, Reusable Silicone Adhesive Bra for Women, Includes Storage Board & Replaceable Pads",1731492372893241632,72261.57,OEAK Women Jelly Bras Wirefree Full Coverage No Underwire Everyday Bras Comfortable Wireless Padded Tshirt Bra,1731406217255686451,59406.84
diaryofamaterialgurl,tarte summer skin essentials - CC color-correcting tinted serum + creaseless setting powder,1732422500087993276,172612.52,"[NEW] [medicube] PDRN Pink Collagen Volume Multi Balm | All In One Volufiline, PDRN, NAD Stick for Youthful-Looking, Helping Look of Fine Lines, Firming Care, Anti-Aging Care | For Under-Eyes, Neck, Forehead, Smile Lines, Lip Care | Korean Skincare",1729508370969629931,"$147,187.62",Bratz x Glamlite Lip Kits,1732039774371222265,96481.23,tarte colored clay CC undereye corrector,1729734769623929788,87736.12,"BellaVita Luxury's CEO Man Eau De Parfum 100ml (3.38 Fl.oz) | Lemon, Lavender, Tonka & Agarwood | Long Lasting Perfume for Men | Vegan Perfume | Perfect Gift for Men",1729413705690223542,86613.4
digitaljinxy,tarte summer skin essentials - CC color-correcting tinted serum + creaseless setting powder,1732422500087993276,172612.52,Bratz x Glamlite Lip Kits,1732039774371222265,"$96,481.23",tarte colored clay CC undereye corrector,1729734769623929788,87736.12,"tarte BB blur tinted moisturizer SPF 30 - instantly brightens, hydrates & smooths your skin",1729584174847071164,86458,INIA CURVIFY EMS Booty Lift & Sculpting Shorts: Multi-Mode Microcurrent for Glute Sculpting & Pelvic Floor Support (Visible Results in 2-4 Wks),1729479457563251986,75436.56
dinakxoxo,Eleplus 3 Pieces Lightly Lined Wireless Bras for Women Comfy Plunge T Shirt Bra Pack Style Womenswear for Everyday & Bridal Events #SummerVibes,1731831726131155211,206427.86,DOBREVA Women's Unlined Balconette Bra No Padded Underwire Supportive Plus Size Smooth Scoop Neck,1731395246467027235,"$142,331.58",OEAK Women Non-Slip Bandeau Bras With Comfortable Strapless Bra Seamless Wireless Tube Top Soft Wireless Bra,1731622604082024678,73952.46,"PUFF Sticky Bra – VIRAL No.1 Push-up Sticky Bra, Waterproof & Sweat-proof Invisible Bra, Reusable Silicone Adhesive Bra for Women, Includes Storage Board & Replaceable Pads",1731492372893241632,72261.57,OEAK Women Jelly Bras Wirefree Full Coverage No Underwire Everyday Bras Comfortable Wireless Padded Tshirt Bra,1731406217255686451,59406.84
ellencherry_,Eleplus 3 Pieces Lightly Lined Wireless Bras for Women Comfy Plunge T Shirt Bra Pack Style Womenswear for Everyday & Bridal Events #SummerVibes,1731831726131155211,206427.86,DOBREVA Women's Unlined Balconette Bra No Padded Underwire Supportive Plus Size Smooth Scoop Neck,1731395246467027235,"$142,331.58",OEAK Women Non-Slip Bandeau Bras With Comfortable Strapless Bra Seamless Wireless Tube Top Soft Wireless Bra,1731622604082024678,73952.46,"PUFF Sticky Bra – VIRAL No.1 Push-up Sticky Bra, Waterproof & Sweat-proof Invisible Bra, Reusable Silicone Adhesive Bra for Women, Includes Storage Board & Replaceable Pads",1731492372893241632,72261.57,OEAK Women Jelly Bras Wirefree Full Coverage No Underwire Everyday Bras Comfortable Wireless Padded Tshirt Bra,1731406217255686451,59406.84
emileys.drafts,tarte summer skin essentials - CC color-correcting tinted serum + creaseless setting powder,1732422500087993276,172612.52,"[NEW] [medicube] PDRN Pink Collagen Volume Multi Balm | All In One Volufiline, PDRN, NAD Stick for Youthful-Looking, Helping Look of Fine Lines, Firming Care, Anti-Aging Care | For Under-Eyes, Neck, Forehead, Smile Lines, Lip Care | Korean Skincare",1729508370969629931,"$147,187.62",Bratz x Glamlite Lip Kits,1732039774371222265,96481.23,tarte colored clay CC undereye corrector,1729734769623929788,87736.12,"BellaVita Luxury's CEO Man Eau De Parfum 100ml (3.38 Fl.oz) | Lemon, Lavender, Tonka & Agarwood | Long Lasting Perfume for Men | Vegan Perfume | Perfect Gift for Men",1729413705690223542,86613.4
errrcat,Eleplus 3 Pieces Lightly Lined Wireless Bras for Women Comfy Plunge T Shirt Bra Pack Style Womenswear for Everyday & Bridal Events #SummerVibes,1731831726131155211,206427.86,tarte summer skin essentials - CC color-correcting tinted serum + creaseless setting powder,1732422500087993276,"$172,612.52","[NEW] [medicube] PDRN Pink Collagen Volume Multi Balm | All In One Volufiline, PDRN, NAD Stick for Youthful-Looking, Helping Look of Fine Lines, Firming Care, Anti-Aging Care | For Under-Eyes, Neck, Forehead, Smile Lines, Lip Care | Korean Skincare",1729508370969629931,147187.62,DOBREVA Women's Unlined Balconette Bra No Padded Underwire Supportive Plus Size Smooth Scoop Neck,1731395246467027235,142331.58,Bratz x Glamlite Lip Kits,1732039774371222265,96481.23
everydayaudur,Eleplus 3 Pieces Lightly Lined Wireless Bras for Women Comfy Plunge T Shirt Bra Pack Style Womenswear for Everyday & Bridal Events #SummerVibes,1731831726131155211,206427.86,DOBREVA Women's Unlined Balconette Bra No Padded Underwire Supportive Plus Size Smooth Scoop Neck,1731395246467027235,"$142,331.58",OEAK Women Non-Slip Bandeau Bras With Comfortable Strapless Bra Seamless Wireless Tube Top Soft Wireless Bra,1731622604082024678,73952.46,"PUFF Sticky Bra – VIRAL No.1 Push-up Sticky Bra, Waterproof & Sweat-proof Invisible Bra, Reusable Silicone Adhesive Bra for Women, Includes Storage Board & Replaceable Pads",1731492372893241632,72261.57,OEAK Women Jelly Bras Wirefree Full Coverage No Underwire Everyday Bras Comfortable Wireless Padded Tshirt Bra,1731406217255686451,59406.84
ez.influence,Eleplus 3 Pieces Lightly Lined Wireless Bras for Women Comfy Plunge T Shirt Bra Pack Style Womenswear for Everyday & Bridal Events #SummerVibes,1731831726131155211,206427.86,tarte summer skin essentials - CC color-correcting tinted serum + creaseless setting powder,1732422500087993276,"$172,612.52","[NEW] [medicube] PDRN Pink Collagen Volume Multi Balm | All In One Volufiline, PDRN, NAD Stick for Youthful-Looking, Helping Look of Fine Lines, Firming Care, Anti-Aging Care | For Under-Eyes, Neck, Forehead, Smile Lines, Lip Care | Korean Skincare",1729508370969629931,147187.62,DOBREVA Women's Unlined Balconette Bra No Padded Underwire Supportive Plus Size Smooth Scoop Neck,1731395246467027235,142331.58,Bratz x Glamlite Lip Kits,1732039774371222265,96481.23
findingbestdeals,tarte summer skin essentials - CC color-correcting tinted serum + creaseless setting powder,1732422500087993276,172612.52,Bratz x Glamlite Lip Kits,1732039774371222265,"$96,481.23",tarte colored clay CC undereye corrector,1729734769623929788,87736.12,"BellaVita Luxury's CEO Man Eau De Parfum 100ml (3.38 Fl.oz) | Lemon, Lavender, Tonka & Agarwood | Long Lasting Perfume for Men | Vegan Perfume | Perfect Gift for Men",1729413705690223542,86613.4,"tarte BB blur tinted moisturizer SPF 30 - instantly brightens, hydrates & smooths your skin",1729584174847071164,86458
foodfashionfun12,"Bears with Benefits Biotin Gummies for Hair Growth, Skin & Nails –  5000 mcg Biotin + Vitamins C & E + Zinc - 30 Gummies - Vegan Wild Berry Flavor - 1 Month Supply",1730755223971074070,38106.37,"Liposomal Glutathione Capsules – Skin Glow, Immune & Detox Support (60 Count) - Rosabella",1732307596354622214,"$15,896.34",Unshelled Sunflower Spicy Red Seeds 12oz,1732220469286507347,14746.72,"The Loaded Tea Shop - 40 Flavors, 1 Packet Makes 32 oz, Zero Sugar, Zero Carbs, Zero Calories, Zero Artificial Colors & Flavors, B-Complex, Vitamins D3 & K2, Aloe, 200mg Natural Caffeine, Build Your Own Bundle, Functional Energy Tea Packs",1729556031006938037,14502.55,"Nello Superbalance Hormonal Support Drink Mix, 20 Travel Packets, SRI-81 Shatavari, Myo-Inositol, Rhodiola Rosea, Vitamin C, Magnesium, Theobromine, Vitamin B6/C",1729499864890250680,13560.14
freekbass,"NEEDOH SQUEEZZA – Doh-Filled Pizza Squishy Toy, Squeezable, Slow-Rise Fill, Fun Sensory Stress Relief for Kids & Adults",1732112605762326884,10263.22,"Erasable Reusable Watercolor Pen Doodle Set for Toddlers, Toddler Coloring Set 1 2 3 4 Years Old - Unicorn Reusable Drawing Book, 12 Watercolor Markers, 14 Pages of Art, Creative Play & Fun for Kids - Car Activity Travel Coloring Kit for Kids tiktokshopsp",1729476492327489974,"$6,141.75","Resonance Sound Healing Tuning Fork Set – 128Hz, 136.1Hz, 256Hz, 384Hz with Activator – Sound Therapy for Stress Relief, Deep Relaxation & Chakra Balancing",1730835799600697670,4698.51,"Sloosh-L/XL Inflatable Tanning Pool Lounge Float With Cup Holder, 70“X46”/85″ x 57″ Extra Large Pool Floats Adult with Pillow, 4 in 1 Suntan Tub Raft Floatie, Sunbathing Bed Lounge for Water Blow Up Kids Ball Pit Party Gifts, inflatable Sofa Summervibes",1729449578219344482,3606.44,"Jar Melo Paint with Water Coloring Books, Kids Watercolor Painting Sets Mess Free Art Craft Drawing Toddler Activities Toy #Summervibes",1730690895593378774,3563.62
gabbrieluh,Eleplus 3 Pieces Lightly Lined Wireless Bras for Women Comfy Plunge T Shirt Bra Pack Style Womenswear for Everyday & Bridal Events #SummerVibes,1731831726131155211,206427.86,DOBREVA Women's Unlined Balconette Bra No Padded Underwire Supportive Plus Size Smooth Scoop Neck,1731395246467027235,"$142,331.58",OEAK Women Non-Slip Bandeau Bras With Comfortable Strapless Bra Seamless Wireless Tube Top Soft Wireless Bra,1731622604082024678,73952.46,"PUFF Sticky Bra – VIRAL No.1 Push-up Sticky Bra, Waterproof & Sweat-proof Invisible Bra, Reusable Silicone Adhesive Bra for Women, Includes Storage Board & Replaceable Pads",1731492372893241632,72261.57,OEAK Women Jelly Bras Wirefree Full Coverage No Underwire Everyday Bras Comfortable Wireless Padded Tshirt Bra,1731406217255686451,59406.84
grayson.finks,Eleplus 3 Pieces Lightly Lined Wireless Bras for Women Comfy Plunge T Shirt Bra Pack Style Womenswear for Everyday & Bridal Events #SummerVibes,1731831726131155211,206427.86,DOBREVA Women's Unlined Balconette Bra No Padded Underwire Supportive Plus Size Smooth Scoop Neck,1731395246467027235,"$142,331.58",OEAK Women Non-Slip Bandeau Bras With Comfortable Strapless Bra Seamless Wireless Tube Top Soft Wireless Bra,1731622604082024678,73952.46,"PUFF Sticky Bra – VIRAL No.1 Push-up Sticky Bra, Waterproof & Sweat-proof Invisible Bra, Reusable Silicone Adhesive Bra for Women, Includes Storage Board & Replaceable Pads",1731492372893241632,72261.57,OEAK Women Jelly Bras Wirefree Full Coverage No Underwire Everyday Bras Comfortable Wireless Padded Tshirt Bra,1731406217255686451,59406.84
hanaisfinechina,Eleplus 3 Pieces Lightly Lined Wireless Bras for Women Comfy Plunge T Shirt Bra Pack Style Womenswear for Everyday & Bridal Events #SummerVibes,1731831726131155211,206427.86,tarte summer skin essentials - CC color-correcting tinted serum + creaseless setting powder,1732422500087993276,"$172,612.52","[NEW] [medicube] PDRN Pink Collagen Volume Multi Balm | All In One Volufiline, PDRN, NAD Stick for Youthful-Looking, Helping Look of Fine Lines, Firming Care, Anti-Aging Care | For Under-Eyes, Neck, Forehead, Smile Lines, Lip Care | Korean Skincare",1729508370969629931,147187.62,DOBREVA Women's Unlined Balconette Bra No Padded Underwire Supportive Plus Size Smooth Scoop Neck,1731395246467027235,142331.58,Bratz x Glamlite Lip Kits,1732039774371222265,96481.23
happyhealthyabbie,"Bears with Benefits Biotin Gummies for Hair Growth, Skin & Nails –  5000 mcg Biotin + Vitamins C & E + Zinc - 30 Gummies - Vegan Wild Berry Flavor - 1 Month Supply",1730755223971074070,38106.37,Sand Cloud | Towel Bag 2 in 1,1732221346435469494,"$19,017.83","Liposomal Glutathione Capsules – Skin Glow, Immune & Detox Support (60 Count) - Rosabella",1732307596354622214,15896.34,"Nello Superbalance Hormonal Support Drink Mix, 20 Travel Packets, SRI-81 Shatavari, Myo-Inositol, Rhodiola Rosea, Vitamin C, Magnesium, Theobromine, Vitamin B6/C",1729499864890250680,13560.14,Evergreen Set of 3 Lighted Halloween WitchStakes,1731081757354464199,12862.95
hayleyyrichardson,"Medium Firm Hybrid Memory Foam Mattress - 8/10/12/14 in Twin, Full, Queen, King Sizes, Lumbar Support, Ergonomic Design, for Home Rooms, Hotels, Boxed Furniture Gift, Memory Foam Mattresses, Queen Size Mattress,dorm essentials,home decor",1730092261582738160,74456.07,"Dowinx Cross egged Office Chair with Pivoting Armrests,Criss Cross Chair with Pocket Spring Seat & Back,Reclining Computer Gaming Chair with Footrest and Metal Base",1731998808395649437,"$17,771.67","Dowinx Big and Tall office chair, with pocket spring pad and waist support, high back computer game chair, adjustable armrests, executive office chair, foot rest",1729960194504823038,10019.25,"SHA CERLIN Storage Bed Frame Modern Linen Upholstered Headboard Lift Up Storage Platform Bed Frame, Two Style Headboard, Heavy Duty Gas Lift Support, No Box Spring Needed,Wood Slats Support, Full Queen King Size,dorm essentials,home decor",1729537141726810464,9147.02,"【Set of 2】Yaheetech 2026 Upgrade Folding Adirondack Chair Set of 2 Outdoor Solid Wood Garden Chair Weather Resistant, Fire Pit Lounge Chairs for Garden/Yard/Patio/Lawn,home decor,camping essentials",1729562399956308291,6335.44
hkapproved,Bratz x Glamlite Lip Kits,1732039774371222265,96481.23,tarte colored clay CC undereye corrector,1729734769623929788,"$87,736.12","BellaVita Luxury's CEO Man Eau De Parfum 100ml (3.38 Fl.oz) | Lemon, Lavender, Tonka & Agarwood | Long Lasting Perfume for Men | Vegan Perfume | Perfect Gift for Men",1729413705690223542,86613.4,"tarte BB blur tinted moisturizer SPF 30 - instantly brightens, hydrates & smooths your skin",1729584174847071164,86458,INIA CURVIFY EMS Booty Lift & Sculpting Shorts: Multi-Mode Microcurrent for Glute Sculpting & Pelvic Floor Support (Visible Results in 2-4 Wks),1729479457563251986,75436.56
hleigh74,Eleplus 3 Pieces Lightly Lined Wireless Bras for Women Comfy Plunge T Shirt Bra Pack Style Womenswear for Everyday & Bridal Events #SummerVibes,1731831726131155211,206427.86,DOBREVA Women's Unlined Balconette Bra No Padded Underwire Supportive Plus Size Smooth Scoop Neck,1731395246467027235,"$142,331.58","Women's Striped/rhombus/leaf/dot Cloud Handbag, Clip Closure Crossbody Bag, Lightweight Foldable for Daily Use, Gifts for Friends and Valentine's Day",1732227985172828427,116346.7,"PUFF Sticky Bra – VIRAL No.1 Push-up Sticky Bra, Waterproof & Sweat-proof Invisible Bra, Reusable Silicone Adhesive Bra for Women, Includes Storage Board & Replaceable Pads",1731492372893241632,72261.57,OEAK Women Jelly Bras Wirefree Full Coverage No Underwire Everyday Bras Comfortable Wireless Padded Tshirt Bra,1731406217255686451,59406.84
honestamandafinds,tarte summer skin essentials - CC color-correcting tinted serum + creaseless setting powder,1732422500087993276,172612.52,"[NEW] [medicube] PDRN Pink Collagen Volume Multi Balm | All In One Volufiline, PDRN, NAD Stick for Youthful-Looking, Helping Look of Fine Lines, Firming Care, Anti-Aging Care | For Under-Eyes, Neck, Forehead, Smile Lines, Lip Care | Korean Skincare",1729508370969629931,"$147,187.62",Bratz x Glamlite Lip Kits,1732039774371222265,96481.23,"【 2026 newly upgraded】Trucozie T350 Cordless Vacuum Cleaner, 8-in-1 Lightweight Upright Vacuum Cleaner, 45-Minute Runtime, Powerful 33 kPa Suction, Suitable for Home , Hardwood Floors, Carpets,  Pet Hair",1729406319708377732,91122.67,tarte colored clay CC undereye corrector,1729734769623929788,87736.12
honeyquiche,"PUFF Sticky Bra – VIRAL No.1 Push-up Sticky Bra, Waterproof & Sweat-proof Invisible Bra, Reusable Silicone Adhesive Bra for Women, Includes Storage Board & Replaceable Pads",1731492372893241632,72261.57,Lacsper Daisy Floral Lace Minimizer Bra Unlined Unpadded Full Coverage Plus Size Underwire Breathable Mesh Cup Comfort Support for Women,1731589895165612280,"$47,630.55",CAKES Body Cleavage Bra™ - Seamless Sculpting Bra with Silicone Cups for Full Cleavage Reusable Matte Finish Ideal for Strapless & Backless Tops Womenswear Basic,1732022163491426879,47344.92,"Tanming Women's Baggy Wide-Leg Pants - Casual, Elastic-Waisted, Bohemian Minimalist Basic Women's Clothes Bottom with Pockets,summerwins,summeroutfits,vacationoutfits,beachoutfits,back to school shopping",1729491434710208659,46304.9,Magic ONESO Mid-low Rise Baggy Jeans Stretchy Wide Leg for Women Distressed Pants Womenswear Bottom 8001 Lady Basic Minimalist Comfortable Denim Tummy Control Curve Hugging Plus Size Regular Size BBL Spring Fashion Daily Outfits,1729445477031121919,41368.79
iamashleyyancy,"【Creator’s Pick】Halara 2-Piece Super High Waisted Back Pocket & Side Hidden Pocket 2-in-1 Yoga Shorts 3"" Set",1730762320809595172,57843.35,"Colorfulkoala Women's No Front Seam Yoga Capri 21"" Dreamlux High-Waisted Tummy Control Workout Leggings with Hidden Pocket Petite Length,travel essentials,camping essentials",1731026394568233266,"$48,685.55","MFVIM Women’s Breathable Body-Shaping Yoga Outfit, High-Waisted Quick-Dry Fitness Wear, Versatile Three-Quarter Shorts Sports Set,summerwins,travel essentials,camping essentials",1732388023895625751,40407.27,【Creator’s Pick】Halara 2-Piece Super High Waisted Back Pocket & Side Hidden Pocket 2-in-1 Yoga Shorts Set 5''-Longer Length,1730762001521283364,35900.34,"Blowfish Malibu Womens Venice 2 Fashion Boot, Design, Walking Shoes, Decor, Women's Fashion, Shoes For Women, Boot Heels, Modern Boot",1732425400994468545,34299.87
itschlospamm,"Bears with Benefits Biotin Gummies for Hair Growth, Skin & Nails –  5000 mcg Biotin + Vitamins C & E + Zinc - 30 Gummies - Vegan Wild Berry Flavor - 1 Month Supply",1730755223971074070,38106.37,"Liposomal Glutathione Capsules – Skin Glow, Immune & Detox Support (60 Count) - Rosabella",1732307596354622214,"$15,896.34","Nello Superbalance Hormonal Support Drink Mix, 20 Travel Packets, SRI-81 Shatavari, Myo-Inositol, Rhodiola Rosea, Vitamin C, Magnesium, Theobromine, Vitamin B6/C",1729499864890250680,13560.14,Wet & Wild Bundle - URO Women's Probiotic Capsules (30 Servings) and URO Moisture & Mood Capsules (30 Servings) with Ashwagandha and Gingko Biloba,1731431398236263126,9616.33,LEEFAR Her Juicy Feminine Probiotics Gummies- All in One Solution with Slippery Elm and Prebiotics&Lactobacillus Probiotic Blend for Women’s pH Balance and Dryness - Hawaiian Pineapple Gummies 60 Count probiotics women,1729890372836496007,6980.15
itsgenise,tarte summer skin essentials - CC color-correcting tinted serum + creaseless setting powder,1732422500087993276,172612.52,"[NEW] [medicube] PDRN Pink Collagen Volume Multi Balm | All In One Volufiline, PDRN, NAD Stick for Youthful-Looking, Helping Look of Fine Lines, Firming Care, Anti-Aging Care | For Under-Eyes, Neck, Forehead, Smile Lines, Lip Care | Korean Skincare",1729508370969629931,"$147,187.62",tarte colored clay CC undereye corrector,1729734769623929788,87736.12,"BellaVita Luxury's CEO Man Eau De Parfum 100ml (3.38 Fl.oz) | Lemon, Lavender, Tonka & Agarwood | Long Lasting Perfume for Men | Vegan Perfume | Perfect Gift for Men",1729413705690223542,86613.4,"tarte BB blur tinted moisturizer SPF 30 - instantly brightens, hydrates & smooths your skin",1729584174847071164,86458
itsivanilsaa,Eleplus 3 Pieces Lightly Lined Wireless Bras for Women Comfy Plunge T Shirt Bra Pack Style Womenswear for Everyday & Bridal Events #SummerVibes,1731831726131155211,206427.86,DOBREVA Women's Unlined Balconette Bra No Padded Underwire Supportive Plus Size Smooth Scoop Neck,1731395246467027235,"$142,331.58",OEAK Women Non-Slip Bandeau Bras With Comfortable Strapless Bra Seamless Wireless Tube Top Soft Wireless Bra,1731622604082024678,73952.46,"PUFF Sticky Bra – VIRAL No.1 Push-up Sticky Bra, Waterproof & Sweat-proof Invisible Bra, Reusable Silicone Adhesive Bra for Women, Includes Storage Board & Replaceable Pads",1731492372893241632,72261.57,OEAK Women Jelly Bras Wirefree Full Coverage No Underwire Everyday Bras Comfortable Wireless Padded Tshirt Bra,1731406217255686451,59406.84
itsjesslaw,"Medium Firm Hybrid Memory Foam Mattress - 8/10/12/14 in Twin, Full, Queen, King Sizes, Lumbar Support, Ergonomic Design, for Home Rooms, Hotels, Boxed Furniture Gift, Memory Foam Mattresses, Queen Size Mattress,dorm essentials,home decor",1730092261582738160,74456.07,"Dowinx Cross egged Office Chair with Pivoting Armrests,Criss Cross Chair with Pocket Spring Seat & Back,Reclining Computer Gaming Chair with Footrest and Metal Base",1731998808395649437,"$17,771.67","Dowinx Big and Tall office chair, with pocket spring pad and waist support, high back computer game chair, adjustable armrests, executive office chair, foot rest",1729960194504823038,10019.25,"SHA CERLIN Storage Bed Frame Modern Linen Upholstered Headboard Lift Up Storage Platform Bed Frame, Two Style Headboard, Heavy Duty Gas Lift Support, No Box Spring Needed,Wood Slats Support, Full Queen King Size,dorm essentials,home decor",1729537141726810464,9147.02,"【Set of 2】Yaheetech 2026 Upgrade Folding Adirondack Chair Set of 2 Outdoor Solid Wood Garden Chair Weather Resistant, Fire Pit Lounge Chairs for Garden/Yard/Patio/Lawn,home decor,camping essentials",1729562399956308291,6335.44
itsmakenzietaylor,Eleplus 3 Pieces Lightly Lined Wireless Bras for Women Comfy Plunge T Shirt Bra Pack Style Womenswear for Everyday & Bridal Events #SummerVibes,1731831726131155211,206427.86,DOBREVA Women's Unlined Balconette Bra No Padded Underwire Supportive Plus Size Smooth Scoop Neck,1731395246467027235,"$142,331.58",OEAK Women Non-Slip Bandeau Bras With Comfortable Strapless Bra Seamless Wireless Tube Top Soft Wireless Bra,1731622604082024678,73952.46,"PUFF Sticky Bra – VIRAL No.1 Push-up Sticky Bra, Waterproof & Sweat-proof Invisible Bra, Reusable Silicone Adhesive Bra for Women, Includes Storage Board & Replaceable Pads",1731492372893241632,72261.57,OEAK Women Jelly Bras Wirefree Full Coverage No Underwire Everyday Bras Comfortable Wireless Padded Tshirt Bra,1731406217255686451,59406.84
itsmekaycee77,Eleplus 3 Pieces Lightly Lined Wireless Bras for Women Comfy Plunge T Shirt Bra Pack Style Womenswear for Everyday & Bridal Events #SummerVibes,1731831726131155211,206427.86,DOBREVA Women's Unlined Balconette Bra No Padded Underwire Supportive Plus Size Smooth Scoop Neck,1731395246467027235,"$142,331.58",OEAK Women Non-Slip Bandeau Bras With Comfortable Strapless Bra Seamless Wireless Tube Top Soft Wireless Bra,1731622604082024678,73952.46,"PUFF Sticky Bra – VIRAL No.1 Push-up Sticky Bra, Waterproof & Sweat-proof Invisible Bra, Reusable Silicone Adhesive Bra for Women, Includes Storage Board & Replaceable Pads",1731492372893241632,72261.57,OEAK Women Jelly Bras Wirefree Full Coverage No Underwire Everyday Bras Comfortable Wireless Padded Tshirt Bra,1731406217255686451,59406.84
itsshaymonet,Eleplus 3 Pieces Lightly Lined Wireless Bras for Women Comfy Plunge T Shirt Bra Pack Style Womenswear for Everyday & Bridal Events #SummerVibes,1731831726131155211,206427.86,DOBREVA Women's Unlined Balconette Bra No Padded Underwire Supportive Plus Size Smooth Scoop Neck,1731395246467027235,"$142,331.58",OEAK Women Non-Slip Bandeau Bras With Comfortable Strapless Bra Seamless Wireless Tube Top Soft Wireless Bra,1731622604082024678,73952.46,"PUFF Sticky Bra – VIRAL No.1 Push-up Sticky Bra, Waterproof & Sweat-proof Invisible Bra, Reusable Silicone Adhesive Bra for Women, Includes Storage Board & Replaceable Pads",1731492372893241632,72261.57,OEAK Women Jelly Bras Wirefree Full Coverage No Underwire Everyday Bras Comfortable Wireless Padded Tshirt Bra,1731406217255686451,59406.84
ivannajackson,tarte summer skin essentials - CC color-correcting tinted serum + creaseless setting powder,1732422500087993276,172612.52,"[NEW] [medicube] PDRN Pink Collagen Volume Multi Balm | All In One Volufiline, PDRN, NAD Stick for Youthful-Looking, Helping Look of Fine Lines, Firming Care, Anti-Aging Care | For Under-Eyes, Neck, Forehead, Smile Lines, Lip Care | Korean Skincare",1729508370969629931,"$147,187.62",Bratz x Glamlite Lip Kits,1732039774371222265,96481.23,tarte colored clay CC undereye corrector,1729734769623929788,87736.12,"BellaVita Luxury's CEO Man Eau De Parfum 100ml (3.38 Fl.oz) | Lemon, Lavender, Tonka & Agarwood | Long Lasting Perfume for Men | Vegan Perfume | Perfect Gift for Men",1729413705690223542,86613.4
izwakeup,Eleplus 3 Pieces Lightly Lined Wireless Bras for Women Comfy Plunge T Shirt Bra Pack Style Womenswear for Everyday & Bridal Events #SummerVibes,1731831726131155211,206427.86,DOBREVA Women's Unlined Balconette Bra No Padded Underwire Supportive Plus Size Smooth Scoop Neck,1731395246467027235,"$142,331.58",OEAK Women Non-Slip Bandeau Bras With Comfortable Strapless Bra Seamless Wireless Tube Top Soft Wireless Bra,1731622604082024678,73952.46,"PUFF Sticky Bra – VIRAL No.1 Push-up Sticky Bra, Waterproof & Sweat-proof Invisible Bra, Reusable Silicone Adhesive Bra for Women, Includes Storage Board & Replaceable Pads",1731492372893241632,72261.57,OEAK Women Jelly Bras Wirefree Full Coverage No Underwire Everyday Bras Comfortable Wireless Padded Tshirt Bra,1731406217255686451,59406.84
jacobien233,tarte summer skin essentials - CC color-correcting tinted serum + creaseless setting powder,1732422500087993276,172612.52,"[NEW] [medicube] PDRN Pink Collagen Volume Multi Balm | All In One Volufiline, PDRN, NAD Stick for Youthful-Looking, Helping Look of Fine Lines, Firming Care, Anti-Aging Care | For Under-Eyes, Neck, Forehead, Smile Lines, Lip Care | Korean Skincare",1729508370969629931,"$147,187.62",Bratz x Glamlite Lip Kits,1732039774371222265,96481.23,tarte colored clay CC undereye corrector,1729734769623929788,87736.12,"tarte BB blur tinted moisturizer SPF 30 - instantly brightens, hydrates & smooths your skin",1729584174847071164,86458
jaimehillathome,"【 2026 newly upgraded】Trucozie T350 Cordless Vacuum Cleaner, 8-in-1 Lightweight Upright Vacuum Cleaner, 45-Minute Runtime, Powerful 33 kPa Suction, Suitable for Home , Hardwood Floors, Carpets,  Pet Hair",1729406319708377732,91122.67,Bottle Buddy - Dual Function lid Water Bottle - Stainless Steel - Double Wall Insulated,1730778201079387018,"$34,215.47",To-Go Buddy - Universal Cup Insulator for to-go cups - Keeps Drinks Hot Cold 12+ Hours - Vacuum Insulated Tumbler,1729430518270038922,31492.14,Shark PowerPro Flex Reveal Plus Cordless Vacuum - IZ382H,1732268320365777584,29432.76,"【2026 New Arrivals】Trucozie T550 Cordless Vacuum Cleaner, 40kPa Powerful Suction Smart Stick Vacuum with 50 Mins Runtime, 8-in-1 Lightweight Handheld/Upright Vacuum for Hardwood Floor, Carpet, Pet Hair & Car",1731578192195392132,22912.06
jakenglish1,"【 2026 newly upgraded】Trucozie T350 Cordless Vacuum Cleaner, 8-in-1 Lightweight Upright Vacuum Cleaner, 45-Minute Runtime, Powerful 33 kPa Suction, Suitable for Home , Hardwood Floors, Carpets,  Pet Hair",1729406319708377732,91122.67,Shark PowerPro Flex Reveal Plus Cordless Vacuum - IZ382H,1732268320365777584,"$29,432.76","【2026 New Arrivals】Trucozie T550 Cordless Vacuum Cleaner, 40kPa Powerful Suction Smart Stick Vacuum with 50 Mins Runtime, 8-in-1 Lightweight Handheld/Upright Vacuum for Hardwood Floor, Carpet, Pet Hair & Car",1731578192195392132,22912.06,"[New Launch] DREAME Aero Lite Wet Dry Vacuum Cleaner, All-in-ONE Vacuum Mop for Wet & Dry Messes, 0 Hair Residue Great for Pet Owners, One-Press Self-Clean, 180° Lie Flat, 35mins Runtime for Hard Floor Cleaning",1732306174840312737,16681.2,Ninja Creami Scoop & Swirl Soft Serve Ice Cream Machine - NC701,1731966267458490453,15989.81
jalisasahm,tarte summer skin essentials - CC color-correcting tinted serum + creaseless setting powder,1732422500087993276,172612.52,Bratz x Glamlite Lip Kits,1732039774371222265,"$96,481.23",tarte colored clay CC undereye corrector,1729734769623929788,87736.12,"BellaVita Luxury's CEO Man Eau De Parfum 100ml (3.38 Fl.oz) | Lemon, Lavender, Tonka & Agarwood | Long Lasting Perfume for Men | Vegan Perfume | Perfect Gift for Men",1729413705690223542,86613.4,"tarte BB blur tinted moisturizer SPF 30 - instantly brightens, hydrates & smooths your skin",1729584174847071164,86458
jaslovesreviews,Eleplus 3 Pieces Lightly Lined Wireless Bras for Women Comfy Plunge T Shirt Bra Pack Style Womenswear for Everyday & Bridal Events #SummerVibes,1731831726131155211,206427.86,DOBREVA Women's Unlined Balconette Bra No Padded Underwire Supportive Plus Size Smooth Scoop Neck,1731395246467027235,"$142,331.58",OEAK Women Non-Slip Bandeau Bras With Comfortable Strapless Bra Seamless Wireless Tube Top Soft Wireless Bra,1731622604082024678,73952.46,"PUFF Sticky Bra – VIRAL No.1 Push-up Sticky Bra, Waterproof & Sweat-proof Invisible Bra, Reusable Silicone Adhesive Bra for Women, Includes Storage Board & Replaceable Pads",1731492372893241632,72261.57,OEAK Women Jelly Bras Wirefree Full Coverage No Underwire Everyday Bras Comfortable Wireless Padded Tshirt Bra,1731406217255686451,59406.84
jasmineashley22,Eleplus 3 Pieces Lightly Lined Wireless Bras for Women Comfy Plunge T Shirt Bra Pack Style Womenswear for Everyday & Bridal Events #SummerVibes,1731831726131155211,206427.86,tarte summer skin essentials - CC color-correcting tinted serum + creaseless setting powder,1732422500087993276,"$172,612.52","[NEW] [medicube] PDRN Pink Collagen Volume Multi Balm | All In One Volufiline, PDRN, NAD Stick for Youthful-Looking, Helping Look of Fine Lines, Firming Care, Anti-Aging Care | For Under-Eyes, Neck, Forehead, Smile Lines, Lip Care | Korean Skincare",1729508370969629931,147187.62,DOBREVA Women's Unlined Balconette Bra No Padded Underwire Supportive Plus Size Smooth Scoop Neck,1731395246467027235,142331.58,Bratz x Glamlite Lip Kits,1732039774371222265,96481.23
jasminebrownie1,Eleplus 3 Pieces Lightly Lined Wireless Bras for Women Comfy Plunge T Shirt Bra Pack Style Womenswear for Everyday & Bridal Events #SummerVibes,1731831726131155211,206427.86,DOBREVA Women's Unlined Balconette Bra No Padded Underwire Supportive Plus Size Smooth Scoop Neck,1731395246467027235,"$142,331.58",OEAK Women Non-Slip Bandeau Bras With Comfortable Strapless Bra Seamless Wireless Tube Top Soft Wireless Bra,1731622604082024678,73952.46,"PUFF Sticky Bra – VIRAL No.1 Push-up Sticky Bra, Waterproof & Sweat-proof Invisible Bra, Reusable Silicone Adhesive Bra for Women, Includes Storage Board & Replaceable Pads",1731492372893241632,72261.57,OEAK Women Jelly Bras Wirefree Full Coverage No Underwire Everyday Bras Comfortable Wireless Padded Tshirt Bra,1731406217255686451,59406.84
jasminekajdic,tarte summer skin essentials - CC color-correcting tinted serum + creaseless setting powder,1732422500087993276,172612.52,"[NEW] [medicube] PDRN Pink Collagen Volume Multi Balm | All In One Volufiline, PDRN, NAD Stick for Youthful-Looking, Helping Look of Fine Lines, Firming Care, Anti-Aging Care | For Under-Eyes, Neck, Forehead, Smile Lines, Lip Care | Korean Skincare",1729508370969629931,"$147,187.62",Bratz x Glamlite Lip Kits,1732039774371222265,96481.23,tarte colored clay CC undereye corrector,1729734769623929788,87736.12,"BellaVita Luxury's CEO Man Eau De Parfum 100ml (3.38 Fl.oz) | Lemon, Lavender, Tonka & Agarwood | Long Lasting Perfume for Men | Vegan Perfume | Perfect Gift for Men",1729413705690223542,86613.4
jaxandbrynco,Bratz x Glamlite Lip Kits,1732039774371222265,96481.23,"BellaVita Luxury's CEO Man Eau De Parfum 100ml (3.38 Fl.oz) | Lemon, Lavender, Tonka & Agarwood | Long Lasting Perfume for Men | Vegan Perfume | Perfect Gift for Men",1729413705690223542,"$86,613.40",INIA CURVIFY EMS Booty Lift & Sculpting Shorts: Multi-Mode Microcurrent for Glute Sculpting & Pelvic Floor Support (Visible Results in 2-4 Wks),1729479457563251986,75436.56,"Bella Vita Luxury's Honey Oud | Eau de Parfum 100ml (3.4 fl oz) | Patchouli, Vanilla, Bergamot | Floral & Spicy | Made with Clean & Vegan Essentials Oils | Cruelty Free Fragrance Perfume",1729413742968869814,64507.09,"Nooni Korean Apple Lip Oil + Lip Stain | Glossy Lip Stain, Tinting & Long Lasting, Moisturizing Lip Care (13 options) Hydrate Lipgloss Lipstick Makeup Glossy Hydrating Moisturizer Plump Transfer-proof",1729440860171702516,36217.63
jdubshopfaves,"【Creator’s Pick】Halara 2-Piece Super High Waisted Back Pocket & Side Hidden Pocket 2-in-1 Yoga Shorts 3"" Set",1730762320809595172,57843.35,"Colorfulkoala Women's No Front Seam Yoga Capri 21"" Dreamlux High-Waisted Tummy Control Workout Leggings with Hidden Pocket Petite Length,travel essentials,camping essentials",1731026394568233266,"$48,685.55","MFVIM Women’s Breathable Body-Shaping Yoga Outfit, High-Waisted Quick-Dry Fitness Wear, Versatile Three-Quarter Shorts Sports Set,summerwins,travel essentials,camping essentials",1732388023895625751,40407.27,【Creator’s Pick】Halara 2-Piece Super High Waisted Back Pocket & Side Hidden Pocket 2-in-1 Yoga Shorts Set 5''-Longer Length,1730762001521283364,35900.34,"Blowfish Malibu Womens Venice 2 Fashion Boot, Design, Walking Shoes, Decor, Women's Fashion, Shoes For Women, Boot Heels, Modern Boot",1732425400994468545,34299.87
jeca050709,Eleplus 3 Pieces Lightly Lined Wireless Bras for Women Comfy Plunge T Shirt Bra Pack Style Womenswear for Everyday & Bridal Events #SummerVibes,1731831726131155211,206427.86,DOBREVA Women's Unlined Balconette Bra No Padded Underwire Supportive Plus Size Smooth Scoop Neck,1731395246467027235,"$142,331.58",OEAK Women Non-Slip Bandeau Bras With Comfortable Strapless Bra Seamless Wireless Tube Top Soft Wireless Bra,1731622604082024678,73952.46,"PUFF Sticky Bra – VIRAL No.1 Push-up Sticky Bra, Waterproof & Sweat-proof Invisible Bra, Reusable Silicone Adhesive Bra for Women, Includes Storage Board & Replaceable Pads",1731492372893241632,72261.57,OEAK Women Jelly Bras Wirefree Full Coverage No Underwire Everyday Bras Comfortable Wireless Padded Tshirt Bra,1731406217255686451,59406.84
jenlashay,"Women's Striped/rhombus/leaf/dot Cloud Handbag, Clip Closure Crossbody Bag, Lightweight Foldable for Daily Use, Gifts for Friends and Valentine's Day",1732227985172828427,116346.7,"Medium Firm Hybrid Memory Foam Mattress - 8/10/12/14 in Twin, Full, Queen, King Sizes, Lumbar Support, Ergonomic Design, for Home Rooms, Hotels, Boxed Furniture Gift, Memory Foam Mattresses, Queen Size Mattress,dorm essentials,home decor",1730092261582738160,"$74,456.07",American Leather Co. Cleveland Leather Backpack,1731010819153499079,22977.06,"Dowinx Cross egged Office Chair with Pivoting Armrests,Criss Cross Chair with Pocket Spring Seat & Back,Reclining Computer Gaming Chair with Footrest and Metal Base",1731998808395649437,17771.67,CEFIRO Uluh Bag with Guard - Stylish Handbag with Gold Hardware and Adjustable Strap for Everyday Use,1732354352924102675,12816.13
jenn_lyles,Eleplus 3 Pieces Lightly Lined Wireless Bras for Women Comfy Plunge T Shirt Bra Pack Style Womenswear for Everyday & Bridal Events #SummerVibes,1731831726131155211,206427.86,DOBREVA Women's Unlined Balconette Bra No Padded Underwire Supportive Plus Size Smooth Scoop Neck,1731395246467027235,"$142,331.58",OEAK Women Non-Slip Bandeau Bras With Comfortable Strapless Bra Seamless Wireless Tube Top Soft Wireless Bra,1731622604082024678,73952.46,"PUFF Sticky Bra – VIRAL No.1 Push-up Sticky Bra, Waterproof & Sweat-proof Invisible Bra, Reusable Silicone Adhesive Bra for Women, Includes Storage Board & Replaceable Pads",1731492372893241632,72261.57,OEAK Women Jelly Bras Wirefree Full Coverage No Underwire Everyday Bras Comfortable Wireless Padded Tshirt Bra,1731406217255686451,59406.84
jennababiolakis,Eleplus 3 Pieces Lightly Lined Wireless Bras for Women Comfy Plunge T Shirt Bra Pack Style Womenswear for Everyday & Bridal Events #SummerVibes,1731831726131155211,206427.86,DOBREVA Women's Unlined Balconette Bra No Padded Underwire Supportive Plus Size Smooth Scoop Neck,1731395246467027235,"$142,331.58",OEAK Women Non-Slip Bandeau Bras With Comfortable Strapless Bra Seamless Wireless Tube Top Soft Wireless Bra,1731622604082024678,73952.46,"PUFF Sticky Bra – VIRAL No.1 Push-up Sticky Bra, Waterproof & Sweat-proof Invisible Bra, Reusable Silicone Adhesive Bra for Women, Includes Storage Board & Replaceable Pads",1731492372893241632,72261.57,OEAK Women Jelly Bras Wirefree Full Coverage No Underwire Everyday Bras Comfortable Wireless Padded Tshirt Bra,1731406217255686451,59406.84
jennamediaco,"【Creator’s Pick】Halara 2-Piece Super High Waisted Back Pocket & Side Hidden Pocket 2-in-1 Yoga Shorts 3"" Set",1730762320809595172,57843.35,"Colorfulkoala Women's No Front Seam Yoga Capri 21"" Dreamlux High-Waisted Tummy Control Workout Leggings with Hidden Pocket Petite Length,travel essentials,camping essentials",1731026394568233266,"$48,685.55","MFVIM Women’s Breathable Body-Shaping Yoga Outfit, High-Waisted Quick-Dry Fitness Wear, Versatile Three-Quarter Shorts Sports Set,summerwins,travel essentials,camping essentials",1732388023895625751,40407.27,【Creator’s Pick】Halara 2-Piece Super High Waisted Back Pocket & Side Hidden Pocket 2-in-1 Yoga Shorts Set 5''-Longer Length,1730762001521283364,35900.34,Eomenie Tankini Swimsuit for Women Tummy Control Two Piece Bathing Suit High Waisted Tank Top with Swim Skirt Swimdress #Deals For You Days,1732088850959995217,29084.69
jon_wicki_,Unshelled Sunflower Spicy Red Seeds 12oz,1732220469286507347,14746.72,"The Loaded Tea Shop - 40 Flavors, 1 Packet Makes 32 oz, Zero Sugar, Zero Carbs, Zero Calories, Zero Artificial Colors & Flavors, B-Complex, Vitamins D3 & K2, Aloe, 200mg Natural Caffeine, Build Your Own Bundle, Functional Energy Tea Packs",1729556031006938037,"$14,502.55","Javvy Cookie Butter Protein Iced Coffee Beverage - Premium Whey Protein Instant Iced Coffee, 100% Natural Cold Brew, 0 Artificial Flavors & Sweeteners, 80mg Caffeine, No Added Sugar, 20 Servings",1732464910525698195,11693.44,Pacsun Men's Evolve Cropped Hoodie,1732213751807382170,8281.66,Mini CRUMBS Spicy Red 5oz,1732242023177360211,6910.79
julie_trimble,Eleplus 3 Pieces Lightly Lined Wireless Bras for Women Comfy Plunge T Shirt Bra Pack Style Womenswear for Everyday & Bridal Events #SummerVibes,1731831726131155211,206427.86,DOBREVA Women's Unlined Balconette Bra No Padded Underwire Supportive Plus Size Smooth Scoop Neck,1731395246467027235,"$142,331.58",OEAK Women Non-Slip Bandeau Bras With Comfortable Strapless Bra Seamless Wireless Tube Top Soft Wireless Bra,1731622604082024678,73952.46,"PUFF Sticky Bra – VIRAL No.1 Push-up Sticky Bra, Waterproof & Sweat-proof Invisible Bra, Reusable Silicone Adhesive Bra for Women, Includes Storage Board & Replaceable Pads",1731492372893241632,72261.57,OEAK Women Jelly Bras Wirefree Full Coverage No Underwire Everyday Bras Comfortable Wireless Padded Tshirt Bra,1731406217255686451,59406.84
justjess111,Eleplus 3 Pieces Lightly Lined Wireless Bras for Women Comfy Plunge T Shirt Bra Pack Style Womenswear for Everyday & Bridal Events #SummerVibes,1731831726131155211,206427.86,DOBREVA Women's Unlined Balconette Bra No Padded Underwire Supportive Plus Size Smooth Scoop Neck,1731395246467027235,"$142,331.58","Women's Striped/rhombus/leaf/dot Cloud Handbag, Clip Closure Crossbody Bag, Lightweight Foldable for Daily Use, Gifts for Friends and Valentine's Day",1732227985172828427,116346.7,OEAK Women Non-Slip Bandeau Bras With Comfortable Strapless Bra Seamless Wireless Tube Top Soft Wireless Bra,1731622604082024678,73952.46,"PUFF Sticky Bra – VIRAL No.1 Push-up Sticky Bra, Waterproof & Sweat-proof Invisible Bra, Reusable Silicone Adhesive Bra for Women, Includes Storage Board & Replaceable Pads",1731492372893241632,72261.57
justjessyxo,Eleplus 3 Pieces Lightly Lined Wireless Bras for Women Comfy Plunge T Shirt Bra Pack Style Womenswear for Everyday & Bridal Events #SummerVibes,1731831726131155211,206427.86,DOBREVA Women's Unlined Balconette Bra No Padded Underwire Supportive Plus Size Smooth Scoop Neck,1731395246467027235,"$142,331.58",OEAK Women Non-Slip Bandeau Bras With Comfortable Strapless Bra Seamless Wireless Tube Top Soft Wireless Bra,1731622604082024678,73952.46,"PUFF Sticky Bra – VIRAL No.1 Push-up Sticky Bra, Waterproof & Sweat-proof Invisible Bra, Reusable Silicone Adhesive Bra for Women, Includes Storage Board & Replaceable Pads",1731492372893241632,72261.57,OEAK Women Jelly Bras Wirefree Full Coverage No Underwire Everyday Bras Comfortable Wireless Padded Tshirt Bra,1731406217255686451,59406.84
kaseyas0920,"Comfrt | The Dreamer Blanket | Oversized, Cozy, Soft Warm Throw",1729931833196778371,41877.81,"【Summer Turn Up】WeCharmer Extra Thick Mattress 1000&500 GSM Topper, Down Alternative Overfill Plush Mattress Pad, Cooling Pillow Top with 8-21Inch Deep Pocket,summerwins,back to school,back to school shopping,home decor",1729457680158658805,"$14,735.28","Bedsure 100% Cooling bamboo Sheet Set, Moody Color Rayon Derived from Bamboo, PureWoven, Breathable & Soft, Deep Pocket Up to 16 Inches, Hotel Luxury Silky Bedding for Hot Sleepers, Wrinkle, Fade Resistant",1731367134008480341,13996.96,"【Summer Sale Deals】Bedsure Summer Cooling Comforter for Hot Sleepers ,Ice Cream Blanket,Breathable Oversized  Design, Lightweight, RayonDerived from Bamboo, Comfy Bedding,  Gifts,  Teenage Bedroom Accessories, Cooling Blanket",1729449121848987894,11772.38,"NEEDOH SQUEEZZA – Doh-Filled Pizza Squishy Toy, Squeezable, Slow-Rise Fill, Fun Sensory Stress Relief for Kids & Adults",1732112605762326884,10263.22
kaseys0920,"Blowfish Malibu Womens Venice 2 Fashion Boot, Design, Walking Shoes, Decor, Women's Fashion, Shoes For Women, Boot Heels, Modern Boot",1732425400994468545,34299.87,Dr. Scholl's Women's Joplin Fashion Boot,1731896531264573800,"$30,066.19",HEYDUDE Austin Edge - Comfortable Slip on Platform Mules for Women,1731976739616559664,20439.71,Sand Cloud | Towel Bag 2 in 1,1732221346435469494,19017.83,Evergreen Set of 3 Lighted Halloween WitchStakes,1731081757354464199,12862.95
kategrauss,tarte summer skin essentials - CC color-correcting tinted serum + creaseless setting powder,1732422500087993276,172612.52,Bratz x Glamlite Lip Kits,1732039774371222265,"$96,481.23","BellaVita Luxury's CEO Man Eau De Parfum 100ml (3.38 Fl.oz) | Lemon, Lavender, Tonka & Agarwood | Long Lasting Perfume for Men | Vegan Perfume | Perfect Gift for Men",1729413705690223542,86613.4,"tarte BB blur tinted moisturizer SPF 30 - instantly brightens, hydrates & smooths your skin",1729584174847071164,86458,INIA CURVIFY EMS Booty Lift & Sculpting Shorts: Multi-Mode Microcurrent for Glute Sculpting & Pelvic Floor Support (Visible Results in 2-4 Wks),1729479457563251986,75436.56
kategrs,"Blowfish Malibu Womens Venice 2 Fashion Boot, Design, Walking Shoes, Decor, Women's Fashion, Shoes For Women, Boot Heels, Modern Boot",1732425400994468545,34299.87,Dr. Scholl's Women's Joplin Fashion Boot,1731896531264573800,"$30,066.19",HEYDUDE Austin Edge - Comfortable Slip on Platform Mules for Women,1731976739616559664,20439.71,"Tasiso Women's Floating Cubic Zirconia Pendant Necklace on Invisible Transparent Cord, Minimalist Choker Adjustable Length, Everyday Layering Jewelry, For Woman,Gift,summeroutfits,vacationoutfits,beachoutfits,Thick Clear Invisible Fishing Line",1731992960085430403,18113.89,PASCAL Timeless Classic Diamond Watch for Women & Men 31mm & 36mm with White Lab-Grown Diamonds Swiss Ronda 763 Quartz Movement Stainless Steel Bracelet Everyday Luxury Gift,1732063642461639260,13315.26
kathryn_scoco,Shark PowerPro Flex Reveal Plus Cordless Vacuum - IZ382H,1732268320365777584,29432.76,"[New Launch] DREAME Aero Lite Wet Dry Vacuum Cleaner, All-in-ONE Vacuum Mop for Wet & Dry Messes, 0 Hair Residue Great for Pet Owners, One-Press Self-Clean, 180° Lie Flat, 35mins Runtime for Hard Floor Cleaning",1732306174840312737,"$16,681.20",Ninja Creami Scoop & Swirl Soft Serve Ice Cream Machine - NC701,1731966267458490453,15989.81,Shark BreatheClear Compact with NeverChange Air Purifier - HP062,1732390271086269104,13756.79,"3Pcs 99.99% Pure Copper Bird Bath Cleaner Purification Disks (0.6mm), Physical Water Cleaning for Outdoor Birdbaths, Garden Fountains, All-Season Universal Fit",1729496434684892939,10654.27
katrinagmoore,Eleplus 3 Pieces Lightly Lined Wireless Bras for Women Comfy Plunge T Shirt Bra Pack Style Womenswear for Everyday & Bridal Events #SummerVibes,1731831726131155211,206427.86,DOBREVA Women's Unlined Balconette Bra No Padded Underwire Supportive Plus Size Smooth Scoop Neck,1731395246467027235,"$142,331.58",OEAK Women Non-Slip Bandeau Bras With Comfortable Strapless Bra Seamless Wireless Tube Top Soft Wireless Bra,1731622604082024678,73952.46,"PUFF Sticky Bra – VIRAL No.1 Push-up Sticky Bra, Waterproof & Sweat-proof Invisible Bra, Reusable Silicone Adhesive Bra for Women, Includes Storage Board & Replaceable Pads",1731492372893241632,72261.57,OEAK Women Jelly Bras Wirefree Full Coverage No Underwire Everyday Bras Comfortable Wireless Padded Tshirt Bra,1731406217255686451,59406.84
kay_caputo,Eleplus 3 Pieces Lightly Lined Wireless Bras for Women Comfy Plunge T Shirt Bra Pack Style Womenswear for Everyday & Bridal Events #SummerVibes,1731831726131155211,206427.86,"[NEW] [medicube] PDRN Pink Collagen Volume Multi Balm | All In One Volufiline, PDRN, NAD Stick for Youthful-Looking, Helping Look of Fine Lines, Firming Care, Anti-Aging Care | For Under-Eyes, Neck, Forehead, Smile Lines, Lip Care | Korean Skincare",1729508370969629931,"$147,187.62",DOBREVA Women's Unlined Balconette Bra No Padded Underwire Supportive Plus Size Smooth Scoop Neck,1731395246467027235,142331.58,Bratz x Glamlite Lip Kits,1732039774371222265,96481.23,"BellaVita Luxury's CEO Man Eau De Parfum 100ml (3.38 Fl.oz) | Lemon, Lavender, Tonka & Agarwood | Long Lasting Perfume for Men | Vegan Perfume | Perfect Gift for Men",1729413705690223542,86613.4
kelliecrowther,"[NEW] [medicube] PDRN Pink Collagen Volume Multi Balm | All In One Volufiline, PDRN, NAD Stick for Youthful-Looking, Helping Look of Fine Lines, Firming Care, Anti-Aging Care | For Under-Eyes, Neck, Forehead, Smile Lines, Lip Care | Korean Skincare",1729508370969629931,147187.62,Bratz x Glamlite Lip Kits,1732039774371222265,"$96,481.23","BellaVita Luxury's CEO Man Eau De Parfum 100ml (3.38 Fl.oz) | Lemon, Lavender, Tonka & Agarwood | Long Lasting Perfume for Men | Vegan Perfume | Perfect Gift for Men",1729413705690223542,86613.4,INIA CURVIFY EMS Booty Lift & Sculpting Shorts: Multi-Mode Microcurrent for Glute Sculpting & Pelvic Floor Support (Visible Results in 2-4 Wks),1729479457563251986,75436.56,"Bella Vita Luxury's Honey Oud | Eau de Parfum 100ml (3.4 fl oz) | Patchouli, Vanilla, Bergamot | Floral & Spicy | Made with Clean & Vegan Essentials Oils | Cruelty Free Fragrance Perfume",1729413742968869814,64507.09
kelsi.campbell,tarte summer skin essentials - CC color-correcting tinted serum + creaseless setting powder,1732422500087993276,172612.52,Bratz x Glamlite Lip Kits,1732039774371222265,"$96,481.23","【 2026 newly upgraded】Trucozie T350 Cordless Vacuum Cleaner, 8-in-1 Lightweight Upright Vacuum Cleaner, 45-Minute Runtime, Powerful 33 kPa Suction, Suitable for Home , Hardwood Floors, Carpets,  Pet Hair",1729406319708377732,91122.67,tarte colored clay CC undereye corrector,1729734769623929788,87736.12,"BellaVita Luxury's CEO Man Eau De Parfum 100ml (3.38 Fl.oz) | Lemon, Lavender, Tonka & Agarwood | Long Lasting Perfume for Men | Vegan Perfume | Perfect Gift for Men",1729413705690223542,86613.4
keyajames,Eleplus 3 Pieces Lightly Lined Wireless Bras for Women Comfy Plunge T Shirt Bra Pack Style Womenswear for Everyday & Bridal Events #SummerVibes,1731831726131155211,206427.86,tarte summer skin essentials - CC color-correcting tinted serum + creaseless setting powder,1732422500087993276,"$172,612.52","[NEW] [medicube] PDRN Pink Collagen Volume Multi Balm | All In One Volufiline, PDRN, NAD Stick for Youthful-Looking, Helping Look of Fine Lines, Firming Care, Anti-Aging Care | For Under-Eyes, Neck, Forehead, Smile Lines, Lip Care | Korean Skincare",1729508370969629931,147187.62,DOBREVA Women's Unlined Balconette Bra No Padded Underwire Supportive Plus Size Smooth Scoop Neck,1731395246467027235,142331.58,Bratz x Glamlite Lip Kits,1732039774371222265,96481.23
khrisskontours,tarte summer skin essentials - CC color-correcting tinted serum + creaseless setting powder,1732422500087993276,172612.52,"[NEW] [medicube] PDRN Pink Collagen Volume Multi Balm | All In One Volufiline, PDRN, NAD Stick for Youthful-Looking, Helping Look of Fine Lines, Firming Care, Anti-Aging Care | For Under-Eyes, Neck, Forehead, Smile Lines, Lip Care | Korean Skincare",1729508370969629931,"$147,187.62",Bratz x Glamlite Lip Kits,1732039774371222265,96481.23,tarte colored clay CC undereye corrector,1729734769623929788,87736.12,"BellaVita Luxury's CEO Man Eau De Parfum 100ml (3.38 Fl.oz) | Lemon, Lavender, Tonka & Agarwood | Long Lasting Perfume for Men | Vegan Perfume | Perfect Gift for Men",1729413705690223542,86613.4
kindafitky,"【Creator’s Pick】Halara 2-Piece Super High Waisted Back Pocket & Side Hidden Pocket 2-in-1 Yoga Shorts 3"" Set",1730762320809595172,57843.35,"Colorfulkoala Women's No Front Seam Yoga Capri 21"" Dreamlux High-Waisted Tummy Control Workout Leggings with Hidden Pocket Petite Length,travel essentials,camping essentials",1731026394568233266,"$48,685.55","MFVIM Women’s Breathable Body-Shaping Yoga Outfit, High-Waisted Quick-Dry Fitness Wear, Versatile Three-Quarter Shorts Sports Set,summerwins,travel essentials,camping essentials",1732388023895625751,40407.27,【Creator’s Pick】Halara 2-Piece Super High Waisted Back Pocket & Side Hidden Pocket 2-in-1 Yoga Shorts Set 5''-Longer Length,1730762001521283364,35900.34,Eomenie Tankini Swimsuit for Women Tummy Control Two Piece Bathing Suit High Waisted Tank Top with Swim Skirt Swimdress #Deals For You Days,1732088850959995217,29084.69
kristinadunnn,Eleplus 3 Pieces Lightly Lined Wireless Bras for Women Comfy Plunge T Shirt Bra Pack Style Womenswear for Everyday & Bridal Events #SummerVibes,1731831726131155211,206427.86,DOBREVA Women's Unlined Balconette Bra No Padded Underwire Supportive Plus Size Smooth Scoop Neck,1731395246467027235,"$142,331.58",OEAK Women Non-Slip Bandeau Bras With Comfortable Strapless Bra Seamless Wireless Tube Top Soft Wireless Bra,1731622604082024678,73952.46,OEAK Women Jelly Bras Wirefree Full Coverage No Underwire Everyday Bras Comfortable Wireless Padded Tshirt Bra,1731406217255686451,59406.84,INLYRIC Women's Inbarely Triangle Bralette Plunge Unlined Seamless Bra No Underwire Sexy Comfortable Everyday Seamless Fit Bra Summer Bra,1731711189670924528,53469.04
kristinanicoletall,Eleplus 3 Pieces Lightly Lined Wireless Bras for Women Comfy Plunge T Shirt Bra Pack Style Womenswear for Everyday & Bridal Events #SummerVibes,1731831726131155211,206427.86,DOBREVA Women's Unlined Balconette Bra No Padded Underwire Supportive Plus Size Smooth Scoop Neck,1731395246467027235,"$142,331.58",OEAK Women Non-Slip Bandeau Bras With Comfortable Strapless Bra Seamless Wireless Tube Top Soft Wireless Bra,1731622604082024678,73952.46,OEAK Women Jelly Bras Wirefree Full Coverage No Underwire Everyday Bras Comfortable Wireless Padded Tshirt Bra,1731406217255686451,59406.84,INLYRIC Women's Inbarely Triangle Bralette Plunge Unlined Seamless Bra No Underwire Sexy Comfortable Everyday Seamless Fit Bra Summer Bra,1731711189670924528,53469.04
kristiscustomcreations,VASAIKO 6-in-1 Portable  Detector with Natural Gas & Temperature Humidity Sensors Plug-and-Play Design High-Definition Display Accurate Alerts Ideal for Kitchen Garage RVs Apartments,1732022410216050952,50568.23,Sand Cloud | Towel Bag 2 in 1,1732221346435469494,"$19,017.83",Evergreen Set of 3 Lighted Halloween WitchStakes,1731081757354464199,12862.95,"【New】LED Illuminated Makeup Mirror with Built-in lights, Small Smart Touch-Controlled Makeup Mirror with Adjustable lighting.",1732471535237501929,7738.19,"Solar Garden Lights, Handwoven Rattan Solar Lantern, Special Design Outdoor Solar Garden Lights, Waterproof Solar Lights Suitable for Patio, Yard, Porch, Pathway, Decorative Lighting Lamps Modern",1730620531549049266,6995.08
kseniasenn,tarte summer skin essentials - CC color-correcting tinted serum + creaseless setting powder,1732422500087993276,172612.52,"[NEW] [medicube] PDRN Pink Collagen Volume Multi Balm | All In One Volufiline, PDRN, NAD Stick for Youthful-Looking, Helping Look of Fine Lines, Firming Care, Anti-Aging Care | For Under-Eyes, Neck, Forehead, Smile Lines, Lip Care | Korean Skincare",1729508370969629931,"$147,187.62",Bratz x Glamlite Lip Kits,1732039774371222265,96481.23,tarte colored clay CC undereye corrector,1729734769623929788,87736.12,"BellaVita Luxury's CEO Man Eau De Parfum 100ml (3.38 Fl.oz) | Lemon, Lavender, Tonka & Agarwood | Long Lasting Perfume for Men | Vegan Perfume | Perfect Gift for Men",1729413705690223542,86613.4
kuhl_finds,"Medium Firm Hybrid Memory Foam Mattress - 8/10/12/14 in Twin, Full, Queen, King Sizes, Lumbar Support, Ergonomic Design, for Home Rooms, Hotels, Boxed Furniture Gift, Memory Foam Mattresses, Queen Size Mattress,dorm essentials,home decor",1730092261582738160,74456.07,VASAIKO 6-in-1 Portable  Detector with Natural Gas & Temperature Humidity Sensors Plug-and-Play Design High-Definition Display Accurate Alerts Ideal for Kitchen Garage RVs Apartments,1732022410216050952,"$50,568.23","Dowinx Cross egged Office Chair with Pivoting Armrests,Criss Cross Chair with Pocket Spring Seat & Back,Reclining Computer Gaming Chair with Footrest and Metal Base",1731998808395649437,17771.67,"3Pcs 99.99% Pure Copper Bird Bath Cleaner Purification Disks (0.6mm), Physical Water Cleaning for Outdoor Birdbaths, Garden Fountains, All-Season Universal Fit",1729496434684892939,10654.27,"Dowinx Big and Tall office chair, with pocket spring pad and waist support, high back computer game chair, adjustable armrests, executive office chair, foot rest",1729960194504823038,10019.25
kylikamiller44,Eleplus 3 Pieces Lightly Lined Wireless Bras for Women Comfy Plunge T Shirt Bra Pack Style Womenswear for Everyday & Bridal Events #SummerVibes,1731831726131155211,206427.86,DOBREVA Women's Unlined Balconette Bra No Padded Underwire Supportive Plus Size Smooth Scoop Neck,1731395246467027235,"$142,331.58",OEAK Women Non-Slip Bandeau Bras With Comfortable Strapless Bra Seamless Wireless Tube Top Soft Wireless Bra,1731622604082024678,73952.46,"PUFF Sticky Bra – VIRAL No.1 Push-up Sticky Bra, Waterproof & Sweat-proof Invisible Bra, Reusable Silicone Adhesive Bra for Women, Includes Storage Board & Replaceable Pads",1731492372893241632,72261.57,OEAK Women Jelly Bras Wirefree Full Coverage No Underwire Everyday Bras Comfortable Wireless Padded Tshirt Bra,1731406217255686451,59406.84
kynleebeau,tarte summer skin essentials - CC color-correcting tinted serum + creaseless setting powder,1732422500087993276,172612.52,"[NEW] [medicube] PDRN Pink Collagen Volume Multi Balm | All In One Volufiline, PDRN, NAD Stick for Youthful-Looking, Helping Look of Fine Lines, Firming Care, Anti-Aging Care | For Under-Eyes, Neck, Forehead, Smile Lines, Lip Care | Korean Skincare",1729508370969629931,"$147,187.62",Bratz x Glamlite Lip Kits,1732039774371222265,96481.23,tarte colored clay CC undereye corrector,1729734769623929788,87736.12,"BellaVita Luxury's CEO Man Eau De Parfum 100ml (3.38 Fl.oz) | Lemon, Lavender, Tonka & Agarwood | Long Lasting Perfume for Men | Vegan Perfume | Perfect Gift for Men",1729413705690223542,86613.4
laurenluto,Eleplus 3 Pieces Lightly Lined Wireless Bras for Women Comfy Plunge T Shirt Bra Pack Style Womenswear for Everyday & Bridal Events #SummerVibes,1731831726131155211,206427.86,DOBREVA Women's Unlined Balconette Bra No Padded Underwire Supportive Plus Size Smooth Scoop Neck,1731395246467027235,"$142,331.58",OEAK Women Non-Slip Bandeau Bras With Comfortable Strapless Bra Seamless Wireless Tube Top Soft Wireless Bra,1731622604082024678,73952.46,"PUFF Sticky Bra – VIRAL No.1 Push-up Sticky Bra, Waterproof & Sweat-proof Invisible Bra, Reusable Silicone Adhesive Bra for Women, Includes Storage Board & Replaceable Pads",1731492372893241632,72261.57,OEAK Women Jelly Bras Wirefree Full Coverage No Underwire Everyday Bras Comfortable Wireless Padded Tshirt Bra,1731406217255686451,59406.84
leahmstapleton,"Comfrt | The Dreamer Blanket | Oversized, Cozy, Soft Warm Throw",1729931833196778371,41877.81,Unshelled Sunflower Spicy Red Seeds 12oz,1732220469286507347,"$14,746.72","【Summer Turn Up】WeCharmer Extra Thick Mattress 1000&500 GSM Topper, Down Alternative Overfill Plush Mattress Pad, Cooling Pillow Top with 8-21Inch Deep Pocket,summerwins,back to school,back to school shopping,home decor",1729457680158658805,14735.28,"The Loaded Tea Shop - 40 Flavors, 1 Packet Makes 32 oz, Zero Sugar, Zero Carbs, Zero Calories, Zero Artificial Colors & Flavors, B-Complex, Vitamins D3 & K2, Aloe, 200mg Natural Caffeine, Build Your Own Bundle, Functional Energy Tea Packs",1729556031006938037,14502.55,"Bedsure 100% Cooling bamboo Sheet Set, Moody Color Rayon Derived from Bamboo, PureWoven, Breathable & Soft, Deep Pocket Up to 16 Inches, Hotel Luxury Silky Bedding for Hot Sleepers, Wrinkle, Fade Resistant",1731367134008480341,13996.96
lesettey,tarte summer skin essentials - CC color-correcting tinted serum + creaseless setting powder,1732422500087993276,172612.52,"[NEW] [medicube] PDRN Pink Collagen Volume Multi Balm | All In One Volufiline, PDRN, NAD Stick for Youthful-Looking, Helping Look of Fine Lines, Firming Care, Anti-Aging Care | For Under-Eyes, Neck, Forehead, Smile Lines, Lip Care | Korean Skincare",1729508370969629931,"$147,187.62",Bratz x Glamlite Lip Kits,1732039774371222265,96481.23,tarte colored clay CC undereye corrector,1729734769623929788,87736.12,"BellaVita Luxury's CEO Man Eau De Parfum 100ml (3.38 Fl.oz) | Lemon, Lavender, Tonka & Agarwood | Long Lasting Perfume for Men | Vegan Perfume | Perfect Gift for Men",1729413705690223542,86613.4
lifewithangiemae,Eleplus 3 Pieces Lightly Lined Wireless Bras for Women Comfy Plunge T Shirt Bra Pack Style Womenswear for Everyday & Bridal Events #SummerVibes,1731831726131155211,206427.86,tarte summer skin essentials - CC color-correcting tinted serum + creaseless setting powder,1732422500087993276,"$172,612.52",DOBREVA Women's Unlined Balconette Bra No Padded Underwire Supportive Plus Size Smooth Scoop Neck,1731395246467027235,142331.58,Bratz x Glamlite Lip Kits,1732039774371222265,96481.23,tarte colored clay CC undereye corrector,1729734769623929788,87736.12
lil.bbykay,tarte summer skin essentials - CC color-correcting tinted serum + creaseless setting powder,1732422500087993276,172612.52,"[NEW] [medicube] PDRN Pink Collagen Volume Multi Balm | All In One Volufiline, PDRN, NAD Stick for Youthful-Looking, Helping Look of Fine Lines, Firming Care, Anti-Aging Care | For Under-Eyes, Neck, Forehead, Smile Lines, Lip Care | Korean Skincare",1729508370969629931,"$147,187.62",Bratz x Glamlite Lip Kits,1732039774371222265,96481.23,tarte colored clay CC undereye corrector,1729734769623929788,87736.12,"BellaVita Luxury's CEO Man Eau De Parfum 100ml (3.38 Fl.oz) | Lemon, Lavender, Tonka & Agarwood | Long Lasting Perfume for Men | Vegan Perfume | Perfect Gift for Men",1729413705690223542,86613.4
lil.mishr00m,tarte summer skin essentials - CC color-correcting tinted serum + creaseless setting powder,1732422500087993276,172612.52,"[NEW] [medicube] PDRN Pink Collagen Volume Multi Balm | All In One Volufiline, PDRN, NAD Stick for Youthful-Looking, Helping Look of Fine Lines, Firming Care, Anti-Aging Care | For Under-Eyes, Neck, Forehead, Smile Lines, Lip Care | Korean Skincare",1729508370969629931,"$147,187.62",Bratz x Glamlite Lip Kits,1732039774371222265,96481.23,tarte colored clay CC undereye corrector,1729734769623929788,87736.12,"BellaVita Luxury's CEO Man Eau De Parfum 100ml (3.38 Fl.oz) | Lemon, Lavender, Tonka & Agarwood | Long Lasting Perfume for Men | Vegan Perfume | Perfect Gift for Men",1729413705690223542,86613.4
lillian_harriss,Eleplus 3 Pieces Lightly Lined Wireless Bras for Women Comfy Plunge T Shirt Bra Pack Style Womenswear for Everyday & Bridal Events #SummerVibes,1731831726131155211,206427.86,tarte summer skin essentials - CC color-correcting tinted serum + creaseless setting powder,1732422500087993276,"$172,612.52","[NEW] [medicube] PDRN Pink Collagen Volume Multi Balm | All In One Volufiline, PDRN, NAD Stick for Youthful-Looking, Helping Look of Fine Lines, Firming Care, Anti-Aging Care | For Under-Eyes, Neck, Forehead, Smile Lines, Lip Care | Korean Skincare",1729508370969629931,147187.62,DOBREVA Women's Unlined Balconette Bra No Padded Underwire Supportive Plus Size Smooth Scoop Neck,1731395246467027235,142331.58,Bratz x Glamlite Lip Kits,1732039774371222265,96481.23
linzbuzzard,"Medium Firm Hybrid Memory Foam Mattress - 8/10/12/14 in Twin, Full, Queen, King Sizes, Lumbar Support, Ergonomic Design, for Home Rooms, Hotels, Boxed Furniture Gift, Memory Foam Mattresses, Queen Size Mattress,dorm essentials,home decor",1730092261582738160,74456.07,"Tasiso Women's Floating Cubic Zirconia Pendant Necklace on Invisible Transparent Cord, Minimalist Choker Adjustable Length, Everyday Layering Jewelry, For Woman,Gift,summeroutfits,vacationoutfits,beachoutfits,Thick Clear Invisible Fishing Line",1731992960085430403,"$18,113.89",PASCAL Timeless Classic Diamond Watch for Women & Men 31mm & 36mm with White Lab-Grown Diamonds Swiss Ronda 763 Quartz Movement Stainless Steel Bracelet Everyday Luxury Gift,1732063642461639260,13315.26,Astra - Modern Flat-Lens Cat-Eye Sunglasses Eyewear Shades,1732201295444087593,10061.69,GOO GOO Hair Extensions Clip in Human Hair Natural Straight Remy Hair Easy To Style Soft Clip ins for Women summer hairstyles #TikTokShopSummerSale,1729388698832703923,9932.6
little__j,Eleplus 3 Pieces Lightly Lined Wireless Bras for Women Comfy Plunge T Shirt Bra Pack Style Womenswear for Everyday & Bridal Events #SummerVibes,1731831726131155211,206427.86,tarte summer skin essentials - CC color-correcting tinted serum + creaseless setting powder,1732422500087993276,"$172,612.52","[NEW] [medicube] PDRN Pink Collagen Volume Multi Balm | All In One Volufiline, PDRN, NAD Stick for Youthful-Looking, Helping Look of Fine Lines, Firming Care, Anti-Aging Care | For Under-Eyes, Neck, Forehead, Smile Lines, Lip Care | Korean Skincare",1729508370969629931,147187.62,DOBREVA Women's Unlined Balconette Bra No Padded Underwire Supportive Plus Size Smooth Scoop Neck,1731395246467027235,142331.58,Bratz x Glamlite Lip Kits,1732039774371222265,96481.23
lizshops,Eleplus 3 Pieces Lightly Lined Wireless Bras for Women Comfy Plunge T Shirt Bra Pack Style Womenswear for Everyday & Bridal Events #SummerVibes,1731831726131155211,206427.86,DOBREVA Women's Unlined Balconette Bra No Padded Underwire Supportive Plus Size Smooth Scoop Neck,1731395246467027235,"$142,331.58",OEAK Women Non-Slip Bandeau Bras With Comfortable Strapless Bra Seamless Wireless Tube Top Soft Wireless Bra,1731622604082024678,73952.46,"PUFF Sticky Bra – VIRAL No.1 Push-up Sticky Bra, Waterproof & Sweat-proof Invisible Bra, Reusable Silicone Adhesive Bra for Women, Includes Storage Board & Replaceable Pads",1731492372893241632,72261.57,OEAK Women Jelly Bras Wirefree Full Coverage No Underwire Everyday Bras Comfortable Wireless Padded Tshirt Bra,1731406217255686451,59406.84
lizzmi45,Eleplus 3 Pieces Lightly Lined Wireless Bras for Women Comfy Plunge T Shirt Bra Pack Style Womenswear for Everyday & Bridal Events #SummerVibes,1731831726131155211,206427.86,DOBREVA Women's Unlined Balconette Bra No Padded Underwire Supportive Plus Size Smooth Scoop Neck,1731395246467027235,"$142,331.58",OEAK Women Non-Slip Bandeau Bras With Comfortable Strapless Bra Seamless Wireless Tube Top Soft Wireless Bra,1731622604082024678,73952.46,"PUFF Sticky Bra – VIRAL No.1 Push-up Sticky Bra, Waterproof & Sweat-proof Invisible Bra, Reusable Silicone Adhesive Bra for Women, Includes Storage Board & Replaceable Pads",1731492372893241632,72261.57,OEAK Women Jelly Bras Wirefree Full Coverage No Underwire Everyday Bras Comfortable Wireless Padded Tshirt Bra,1731406217255686451,59406.84
lizzv23,Eleplus 3 Pieces Lightly Lined Wireless Bras for Women Comfy Plunge T Shirt Bra Pack Style Womenswear for Everyday & Bridal Events #SummerVibes,1731831726131155211,206427.86,DOBREVA Women's Unlined Balconette Bra No Padded Underwire Supportive Plus Size Smooth Scoop Neck,1731395246467027235,"$142,331.58",OEAK Women Non-Slip Bandeau Bras With Comfortable Strapless Bra Seamless Wireless Tube Top Soft Wireless Bra,1731622604082024678,73952.46,"PUFF Sticky Bra – VIRAL No.1 Push-up Sticky Bra, Waterproof & Sweat-proof Invisible Bra, Reusable Silicone Adhesive Bra for Women, Includes Storage Board & Replaceable Pads",1731492372893241632,72261.57,OEAK Women Jelly Bras Wirefree Full Coverage No Underwire Everyday Bras Comfortable Wireless Padded Tshirt Bra,1731406217255686451,59406.84
london_bridges_the_gap,Unshelled Sunflower Spicy Red Seeds 12oz,1732220469286507347,14746.72,"The Loaded Tea Shop - 40 Flavors, 1 Packet Makes 32 oz, Zero Sugar, Zero Carbs, Zero Calories, Zero Artificial Colors & Flavors, B-Complex, Vitamins D3 & K2, Aloe, 200mg Natural Caffeine, Build Your Own Bundle, Functional Energy Tea Packs",1729556031006938037,"$14,502.55","Javvy Cookie Butter Protein Iced Coffee Beverage - Premium Whey Protein Instant Iced Coffee, 100% Natural Cold Brew, 0 Artificial Flavors & Sweeteners, 80mg Caffeine, No Added Sugar, 20 Servings",1732464910525698195,11693.44,"NEEDOH SQUEEZZA – Doh-Filled Pizza Squishy Toy, Squeezable, Slow-Rise Fill, Fun Sensory Stress Relief for Kids & Adults",1732112605762326884,10263.22,Mini CRUMBS Spicy Red 5oz,1732242023177360211,6910.79
lt_finds,Eleplus 3 Pieces Lightly Lined Wireless Bras for Women Comfy Plunge T Shirt Bra Pack Style Womenswear for Everyday & Bridal Events #SummerVibes,1731831726131155211,206427.86,DOBREVA Women's Unlined Balconette Bra No Padded Underwire Supportive Plus Size Smooth Scoop Neck,1731395246467027235,"$142,331.58",OEAK Women Non-Slip Bandeau Bras With Comfortable Strapless Bra Seamless Wireless Tube Top Soft Wireless Bra,1731622604082024678,73952.46,"PUFF Sticky Bra – VIRAL No.1 Push-up Sticky Bra, Waterproof & Sweat-proof Invisible Bra, Reusable Silicone Adhesive Bra for Women, Includes Storage Board & Replaceable Pads",1731492372893241632,72261.57,OEAK Women Jelly Bras Wirefree Full Coverage No Underwire Everyday Bras Comfortable Wireless Padded Tshirt Bra,1731406217255686451,59406.84
lydiaaulozzi_,"Bears with Benefits Biotin Gummies for Hair Growth, Skin & Nails –  5000 mcg Biotin + Vitamins C & E + Zinc - 30 Gummies - Vegan Wild Berry Flavor - 1 Month Supply",1730755223971074070,38106.37,"Liposomal Glutathione Capsules – Skin Glow, Immune & Detox Support (60 Count) - Rosabella",1732307596354622214,"$15,896.34","Nello Superbalance Hormonal Support Drink Mix, 20 Travel Packets, SRI-81 Shatavari, Myo-Inositol, Rhodiola Rosea, Vitamin C, Magnesium, Theobromine, Vitamin B6/C",1729499864890250680,13560.14,"NEEDOH SQUEEZZA – Doh-Filled Pizza Squishy Toy, Squeezable, Slow-Rise Fill, Fun Sensory Stress Relief for Kids & Adults",1732112605762326884,10263.22,Wet & Wild Bundle - URO Women's Probiotic Capsules (30 Servings) and URO Moisture & Mood Capsules (30 Servings) with Ashwagandha and Gingko Biloba,1731431398236263126,9616.33
lyndatrann,tarte summer skin essentials - CC color-correcting tinted serum + creaseless setting powder,1732422500087993276,172612.52,"[NEW] [medicube] PDRN Pink Collagen Volume Multi Balm | All In One Volufiline, PDRN, NAD Stick for Youthful-Looking, Helping Look of Fine Lines, Firming Care, Anti-Aging Care | For Under-Eyes, Neck, Forehead, Smile Lines, Lip Care | Korean Skincare",1729508370969629931,"$147,187.62",Bratz x Glamlite Lip Kits,1732039774371222265,96481.23,"BellaVita Luxury's CEO Man Eau De Parfum 100ml (3.38 Fl.oz) | Lemon, Lavender, Tonka & Agarwood | Long Lasting Perfume for Men | Vegan Perfume | Perfect Gift for Men",1729413705690223542,86613.4,INIA CURVIFY EMS Booty Lift & Sculpting Shorts: Multi-Mode Microcurrent for Glute Sculpting & Pelvic Floor Support (Visible Results in 2-4 Wks),1729479457563251986,75436.56
mahoganylox,tarte summer skin essentials - CC color-correcting tinted serum + creaseless setting powder,1732422500087993276,172612.52,"Women's Striped/rhombus/leaf/dot Cloud Handbag, Clip Closure Crossbody Bag, Lightweight Foldable for Daily Use, Gifts for Friends and Valentine's Day",1732227985172828427,"$116,346.70",Bratz x Glamlite Lip Kits,1732039774371222265,96481.23,"BellaVita Luxury's CEO Man Eau De Parfum 100ml (3.38 Fl.oz) | Lemon, Lavender, Tonka & Agarwood | Long Lasting Perfume for Men | Vegan Perfume | Perfect Gift for Men",1729413705690223542,86613.4,"tarte BB blur tinted moisturizer SPF 30 - instantly brightens, hydrates & smooths your skin",1729584174847071164,86458
mama.of.boys7,Sand Cloud | Towel Bag 2 in 1,1732221346435469494,19017.83,Evergreen Set of 3 Lighted Halloween WitchStakes,1731081757354464199,"$12,862.95","【New】LED Illuminated Makeup Mirror with Built-in lights, Small Smart Touch-Controlled Makeup Mirror with Adjustable lighting.",1732471535237501929,7738.19,4-in-1 Portable Cosmetic Shampoo Dispenser Storage Bottle Plastic Travel Friendly Compact Design for Easy Carrying,1732103690126201091,6134.96,"Umitec Adjustable LED Light 3 Way Mirror, Portable Trifold Mirror for Shaving, Grooming, Hair Styling, Dye Hair, Makeup, Braiding, 360 Degree Mirror campingessentials backtoschool",1729667221625344698,6125.17
mariebriii,"Tasiso Women's Floating Cubic Zirconia Pendant Necklace on Invisible Transparent Cord, Minimalist Choker Adjustable Length, Everyday Layering Jewelry, For Woman,Gift,summeroutfits,vacationoutfits,beachoutfits,Thick Clear Invisible Fishing Line",1731992960085430403,18113.89,PASCAL Timeless Classic Diamond Watch for Women & Men 31mm & 36mm with White Lab-Grown Diamonds Swiss Ronda 763 Quartz Movement Stainless Steel Bracelet Everyday Luxury Gift,1732063642461639260,"$13,315.26",Astra - Modern Flat-Lens Cat-Eye Sunglasses Eyewear Shades,1732201295444087593,10061.69,GOO GOO Hair Extensions Clip in Human Hair Natural Straight Remy Hair Easy To Style Soft Clip ins for Women summer hairstyles #TikTokShopSummerSale,1729388698832703923,9932.6,JASGOOD Women Wide Chunky Belt for Dresses Fashion Thick Suede Belt with Gold Buckle,1732071333641097693,8579.39
mariefloree,"【Creator’s Pick】Halara 2-Piece Super High Waisted Back Pocket & Side Hidden Pocket 2-in-1 Yoga Shorts 3"" Set",1730762320809595172,57843.35,"Colorfulkoala Women's No Front Seam Yoga Capri 21"" Dreamlux High-Waisted Tummy Control Workout Leggings with Hidden Pocket Petite Length,travel essentials,camping essentials",1731026394568233266,"$48,685.55","MFVIM Women’s Breathable Body-Shaping Yoga Outfit, High-Waisted Quick-Dry Fitness Wear, Versatile Three-Quarter Shorts Sports Set,summerwins,travel essentials,camping essentials",1732388023895625751,40407.27,【Creator’s Pick】Halara 2-Piece Super High Waisted Back Pocket & Side Hidden Pocket 2-in-1 Yoga Shorts Set 5''-Longer Length,1730762001521283364,35900.34,Eomenie Tankini Swimsuit for Women Tummy Control Two Piece Bathing Suit High Waisted Tank Top with Swim Skirt Swimdress #Deals For You Days,1732088850959995217,29084.69
mckenzgillespie,Eleplus 3 Pieces Lightly Lined Wireless Bras for Women Comfy Plunge T Shirt Bra Pack Style Womenswear for Everyday & Bridal Events #SummerVibes,1731831726131155211,206427.86,DOBREVA Women's Unlined Balconette Bra No Padded Underwire Supportive Plus Size Smooth Scoop Neck,1731395246467027235,"$142,331.58",OEAK Women Non-Slip Bandeau Bras With Comfortable Strapless Bra Seamless Wireless Tube Top Soft Wireless Bra,1731622604082024678,73952.46,"PUFF Sticky Bra – VIRAL No.1 Push-up Sticky Bra, Waterproof & Sweat-proof Invisible Bra, Reusable Silicone Adhesive Bra for Women, Includes Storage Board & Replaceable Pads",1731492372893241632,72261.57,OEAK Women Jelly Bras Wirefree Full Coverage No Underwire Everyday Bras Comfortable Wireless Padded Tshirt Bra,1731406217255686451,59406.84
meganlouise2319,"VEVOR Portable Dog Blow Dryer, 2000W/2.7HP Pet Grooming Dryer with Metal Housing, Safe Heating, Quick Drying, Adjustable Speed, Temperature Control, 4 Nozzles, Extendable Hose, Auto Shut-Off, Black (Father's Day Gift Option), Easy To Connect",1729433235356618926,8498.03,"Topyangs 2-Pack Cat Litter Box, Extra Large High Anti-Splash Sides, stainless steel litter box, Easy to Clean, Leak-Proof Non-Stick,Comes with 2 Litter Scoops, Ideal for Multi-Cat Families,litter box for cats",1731999342311543122,"$6,499.96",Athletic Tennis Girls Dress,1730779586801931069,5007.32,Hanes Ecosmart Boys' Tank 5-pack Underwear Multi Pack Comfortable Fit Soft Stretch Fabric Breathable Brlta5,1731045157806380004,4987.17,Comfrt Kids | Cloud Zip Hoodie | Soft Cozy Kids Oversized Zip Up With Kanagroo Pockets,1730163854523798403,4216.03
michaelascott20,Eleplus 3 Pieces Lightly Lined Wireless Bras for Women Comfy Plunge T Shirt Bra Pack Style Womenswear for Everyday & Bridal Events #SummerVibes,1731831726131155211,206427.86,tarte summer skin essentials - CC color-correcting tinted serum + creaseless setting powder,1732422500087993276,"$172,612.52",DOBREVA Women's Unlined Balconette Bra No Padded Underwire Supportive Plus Size Smooth Scoop Neck,1731395246467027235,142331.58,tarte colored clay CC undereye corrector,1729734769623929788,87736.12,"BellaVita Luxury's CEO Man Eau De Parfum 100ml (3.38 Fl.oz) | Lemon, Lavender, Tonka & Agarwood | Long Lasting Perfume for Men | Vegan Perfume | Perfect Gift for Men",1729413705690223542,86613.4
michelledemoda,"[NEW] [medicube] PDRN Pink Collagen Volume Multi Balm | All In One Volufiline, PDRN, NAD Stick for Youthful-Looking, Helping Look of Fine Lines, Firming Care, Anti-Aging Care | For Under-Eyes, Neck, Forehead, Smile Lines, Lip Care | Korean Skincare",1729508370969629931,147187.62,Bratz x Glamlite Lip Kits,1732039774371222265,"$96,481.23","BellaVita Luxury's CEO Man Eau De Parfum 100ml (3.38 Fl.oz) | Lemon, Lavender, Tonka & Agarwood | Long Lasting Perfume for Men | Vegan Perfume | Perfect Gift for Men",1729413705690223542,86613.4,INIA CURVIFY EMS Booty Lift & Sculpting Shorts: Multi-Mode Microcurrent for Glute Sculpting & Pelvic Floor Support (Visible Results in 2-4 Wks),1729479457563251986,75436.56,"Bella Vita Luxury's Honey Oud | Eau de Parfum 100ml (3.4 fl oz) | Patchouli, Vanilla, Bergamot | Floral & Spicy | Made with Clean & Vegan Essentials Oils | Cruelty Free Fragrance Perfume",1729413742968869814,64507.09
mish1977,tarte summer skin essentials - CC color-correcting tinted serum + creaseless setting powder,1732422500087993276,172612.52,"[NEW] [medicube] PDRN Pink Collagen Volume Multi Balm | All In One Volufiline, PDRN, NAD Stick for Youthful-Looking, Helping Look of Fine Lines, Firming Care, Anti-Aging Care | For Under-Eyes, Neck, Forehead, Smile Lines, Lip Care | Korean Skincare",1729508370969629931,"$147,187.62",Bratz x Glamlite Lip Kits,1732039774371222265,96481.23,tarte colored clay CC undereye corrector,1729734769623929788,87736.12,"BellaVita Luxury's CEO Man Eau De Parfum 100ml (3.38 Fl.oz) | Lemon, Lavender, Tonka & Agarwood | Long Lasting Perfume for Men | Vegan Perfume | Perfect Gift for Men",1729413705690223542,86613.4
mobilemerchant,"[NEW] [medicube] PDRN Pink Collagen Volume Multi Balm | All In One Volufiline, PDRN, NAD Stick for Youthful-Looking, Helping Look of Fine Lines, Firming Care, Anti-Aging Care | For Under-Eyes, Neck, Forehead, Smile Lines, Lip Care | Korean Skincare",1729508370969629931,147187.62,Bratz x Glamlite Lip Kits,1732039774371222265,"$96,481.23",tarte colored clay CC undereye corrector,1729734769623929788,87736.12,"BellaVita Luxury's CEO Man Eau De Parfum 100ml (3.38 Fl.oz) | Lemon, Lavender, Tonka & Agarwood | Long Lasting Perfume for Men | Vegan Perfume | Perfect Gift for Men",1729413705690223542,86613.4,INIA CURVIFY EMS Booty Lift & Sculpting Shorts: Multi-Mode Microcurrent for Glute Sculpting & Pelvic Floor Support (Visible Results in 2-4 Wks),1729479457563251986,75436.56
mommarynn,"Tasiso Women's Floating Cubic Zirconia Pendant Necklace on Invisible Transparent Cord, Minimalist Choker Adjustable Length, Everyday Layering Jewelry, For Woman,Gift,summeroutfits,vacationoutfits,beachoutfits,Thick Clear Invisible Fishing Line",1731992960085430403,18113.89,PASCAL Timeless Classic Diamond Watch for Women & Men 31mm & 36mm with White Lab-Grown Diamonds Swiss Ronda 763 Quartz Movement Stainless Steel Bracelet Everyday Luxury Gift,1732063642461639260,"$13,315.26",Astra - Modern Flat-Lens Cat-Eye Sunglasses Eyewear Shades,1732201295444087593,10061.69,GOO GOO Hair Extensions Clip in Human Hair Natural Straight Remy Hair Easy To Style Soft Clip ins for Women summer hairstyles #TikTokShopSummerSale,1729388698832703923,9932.6,JASGOOD Women Wide Chunky Belt for Dresses Fashion Thick Suede Belt with Gold Buckle,1732071333641097693,8579.39
momsapprovedfinds,Sand Cloud | Towel Bag 2 in 1,1732221346435469494,19017.83,Evergreen Set of 3 Lighted Halloween WitchStakes,1731081757354464199,"$12,862.95","【New】LED Illuminated Makeup Mirror with Built-in lights, Small Smart Touch-Controlled Makeup Mirror with Adjustable lighting.",1732471535237501929,7738.19,"Random 20Pcs Mini Multicolor Pens in One 4-in-1 Cute Pens Bulk for Kids, Fun Kawaii Ballpoint Pen for Birthdays and Children's Party Favors Gifts, Teacher School Supplies Gift Student Gift mid year sale deals for you restock",1731220844494426246,7122.72,4-in-1 Portable Cosmetic Shampoo Dispenser Storage Bottle Plastic Travel Friendly Compact Design for Easy Carrying,1732103690126201091,6134.96
nataleezyy,tarte summer skin essentials - CC color-correcting tinted serum + creaseless setting powder,1732422500087993276,172612.52,"[NEW] [medicube] PDRN Pink Collagen Volume Multi Balm | All In One Volufiline, PDRN, NAD Stick for Youthful-Looking, Helping Look of Fine Lines, Firming Care, Anti-Aging Care | For Under-Eyes, Neck, Forehead, Smile Lines, Lip Care | Korean Skincare",1729508370969629931,"$147,187.62",Bratz x Glamlite Lip Kits,1732039774371222265,96481.23,"【 2026 newly upgraded】Trucozie T350 Cordless Vacuum Cleaner, 8-in-1 Lightweight Upright Vacuum Cleaner, 45-Minute Runtime, Powerful 33 kPa Suction, Suitable for Home , Hardwood Floors, Carpets,  Pet Hair",1729406319708377732,91122.67,tarte colored clay CC undereye corrector,1729734769623929788,87736.12
nataleezyyirl,Eleplus 3 Pieces Lightly Lined Wireless Bras for Women Comfy Plunge T Shirt Bra Pack Style Womenswear for Everyday & Bridal Events #SummerVibes,1731831726131155211,206427.86,DOBREVA Women's Unlined Balconette Bra No Padded Underwire Supportive Plus Size Smooth Scoop Neck,1731395246467027235,"$142,331.58",OEAK Women Non-Slip Bandeau Bras With Comfortable Strapless Bra Seamless Wireless Tube Top Soft Wireless Bra,1731622604082024678,73952.46,"PUFF Sticky Bra – VIRAL No.1 Push-up Sticky Bra, Waterproof & Sweat-proof Invisible Bra, Reusable Silicone Adhesive Bra for Women, Includes Storage Board & Replaceable Pads",1731492372893241632,72261.57,OEAK Women Jelly Bras Wirefree Full Coverage No Underwire Everyday Bras Comfortable Wireless Padded Tshirt Bra,1731406217255686451,59406.84
natalieporretta,Eleplus 3 Pieces Lightly Lined Wireless Bras for Women Comfy Plunge T Shirt Bra Pack Style Womenswear for Everyday & Bridal Events #SummerVibes,1731831726131155211,206427.86,DOBREVA Women's Unlined Balconette Bra No Padded Underwire Supportive Plus Size Smooth Scoop Neck,1731395246467027235,"$142,331.58",OEAK Women Non-Slip Bandeau Bras With Comfortable Strapless Bra Seamless Wireless Tube Top Soft Wireless Bra,1731622604082024678,73952.46,"PUFF Sticky Bra – VIRAL No.1 Push-up Sticky Bra, Waterproof & Sweat-proof Invisible Bra, Reusable Silicone Adhesive Bra for Women, Includes Storage Board & Replaceable Pads",1731492372893241632,72261.57,OEAK Women Jelly Bras Wirefree Full Coverage No Underwire Everyday Bras Comfortable Wireless Padded Tshirt Bra,1731406217255686451,59406.84
natalietucc,"[NEW] [medicube] PDRN Pink Collagen Volume Multi Balm | All In One Volufiline, PDRN, NAD Stick for Youthful-Looking, Helping Look of Fine Lines, Firming Care, Anti-Aging Care | For Under-Eyes, Neck, Forehead, Smile Lines, Lip Care | Korean Skincare",1729508370969629931,147187.62,Bratz x Glamlite Lip Kits,1732039774371222265,"$96,481.23","BellaVita Luxury's CEO Man Eau De Parfum 100ml (3.38 Fl.oz) | Lemon, Lavender, Tonka & Agarwood | Long Lasting Perfume for Men | Vegan Perfume | Perfect Gift for Men",1729413705690223542,86613.4,INIA CURVIFY EMS Booty Lift & Sculpting Shorts: Multi-Mode Microcurrent for Glute Sculpting & Pelvic Floor Support (Visible Results in 2-4 Wks),1729479457563251986,75436.56,"Bella Vita Luxury's Honey Oud | Eau de Parfum 100ml (3.4 fl oz) | Patchouli, Vanilla, Bergamot | Floral & Spicy | Made with Clean & Vegan Essentials Oils | Cruelty Free Fragrance Perfume",1729413742968869814,64507.09
nicoashleyyy,tarte summer skin essentials - CC color-correcting tinted serum + creaseless setting powder,1732422500087993276,172612.52,"[NEW] [medicube] PDRN Pink Collagen Volume Multi Balm | All In One Volufiline, PDRN, NAD Stick for Youthful-Looking, Helping Look of Fine Lines, Firming Care, Anti-Aging Care | For Under-Eyes, Neck, Forehead, Smile Lines, Lip Care | Korean Skincare",1729508370969629931,"$147,187.62",Bratz x Glamlite Lip Kits,1732039774371222265,96481.23,tarte colored clay CC undereye corrector,1729734769623929788,87736.12,"BellaVita Luxury's CEO Man Eau De Parfum 100ml (3.38 Fl.oz) | Lemon, Lavender, Tonka & Agarwood | Long Lasting Perfume for Men | Vegan Perfume | Perfect Gift for Men",1729413705690223542,86613.4
official.ally.a.54,Athletic Tennis Girls Dress,1730779586801931069,5007.32,Hanes Ecosmart Boys' Tank 5-pack Underwear Multi Pack Comfortable Fit Soft Stretch Fabric Breathable Brlta5,1731045157806380004,"$4,987.17","balabala Girls' Casual Trainers, Retro Bow-Knot Low Top Sneakers with Hook-and-Loop Strap, Lightweight Nonslip Shoes for Back to School, Nonslip Trainers, Athletic Sneaker Footwear, Trendy Trainers",1732106026751726328,3417.45,"UPORPOR Girls' Princess Costume - RGB Light-Up Toddler Dress Up with App-Controlled Music Sync, Costume Decoration Accessories, Summer Outfits for 3-10 Years Old Girls (Batteries Not Included), Princess Costumes",1731831028250546663,2719.84,Crocs Kids' Crocband Gum Clogs,1732359183673037758,2685.87
ohheyitsabbie,"【Creator’s Pick】Halara 2-Piece Super High Waisted Back Pocket & Side Hidden Pocket 2-in-1 Yoga Shorts 3"" Set",1730762320809595172,57843.35,"Colorfulkoala Women's No Front Seam Yoga Capri 21"" Dreamlux High-Waisted Tummy Control Workout Leggings with Hidden Pocket Petite Length,travel essentials,camping essentials",1731026394568233266,"$48,685.55","MFVIM Women’s Breathable Body-Shaping Yoga Outfit, High-Waisted Quick-Dry Fitness Wear, Versatile Three-Quarter Shorts Sports Set,summerwins,travel essentials,camping essentials",1732388023895625751,40407.27,【Creator’s Pick】Halara 2-Piece Super High Waisted Back Pocket & Side Hidden Pocket 2-in-1 Yoga Shorts Set 5''-Longer Length,1730762001521283364,35900.34,Eomenie Tankini Swimsuit for Women Tummy Control Two Piece Bathing Suit High Waisted Tank Top with Swim Skirt Swimdress #Deals For You Days,1732088850959995217,29084.69
ohkrista,Eleplus 3 Pieces Lightly Lined Wireless Bras for Women Comfy Plunge T Shirt Bra Pack Style Womenswear for Everyday & Bridal Events #SummerVibes,1731831726131155211,206427.86,DOBREVA Women's Unlined Balconette Bra No Padded Underwire Supportive Plus Size Smooth Scoop Neck,1731395246467027235,"$142,331.58",OEAK Women Non-Slip Bandeau Bras With Comfortable Strapless Bra Seamless Wireless Tube Top Soft Wireless Bra,1731622604082024678,73952.46,"PUFF Sticky Bra – VIRAL No.1 Push-up Sticky Bra, Waterproof & Sweat-proof Invisible Bra, Reusable Silicone Adhesive Bra for Women, Includes Storage Board & Replaceable Pads",1731492372893241632,72261.57,OEAK Women Jelly Bras Wirefree Full Coverage No Underwire Everyday Bras Comfortable Wireless Padded Tshirt Bra,1731406217255686451,59406.84
ohsoitsjocelyn,Eleplus 3 Pieces Lightly Lined Wireless Bras for Women Comfy Plunge T Shirt Bra Pack Style Womenswear for Everyday & Bridal Events #SummerVibes,1731831726131155211,206427.86,DOBREVA Women's Unlined Balconette Bra No Padded Underwire Supportive Plus Size Smooth Scoop Neck,1731395246467027235,"$142,331.58","PUFF Sticky Bra – VIRAL No.1 Push-up Sticky Bra, Waterproof & Sweat-proof Invisible Bra, Reusable Silicone Adhesive Bra for Women, Includes Storage Board & Replaceable Pads",1731492372893241632,72261.57,OEAK Women Jelly Bras Wirefree Full Coverage No Underwire Everyday Bras Comfortable Wireless Padded Tshirt Bra,1731406217255686451,59406.84,"【Creator’s Pick】Halara 2-Piece Super High Waisted Back Pocket & Side Hidden Pocket 2-in-1 Yoga Shorts 3"" Set",1730762320809595172,57843.35
oinetta,"Tasiso Women's Floating Cubic Zirconia Pendant Necklace on Invisible Transparent Cord, Minimalist Choker Adjustable Length, Everyday Layering Jewelry, For Woman,Gift,summeroutfits,vacationoutfits,beachoutfits,Thick Clear Invisible Fishing Line",1731992960085430403,18113.89,PASCAL Timeless Classic Diamond Watch for Women & Men 31mm & 36mm with White Lab-Grown Diamonds Swiss Ronda 763 Quartz Movement Stainless Steel Bracelet Everyday Luxury Gift,1732063642461639260,"$13,315.26",Astra - Modern Flat-Lens Cat-Eye Sunglasses Eyewear Shades,1732201295444087593,10061.69,GOO GOO Hair Extensions Clip in Human Hair Natural Straight Remy Hair Easy To Style Soft Clip ins for Women summer hairstyles #TikTokShopSummerSale,1729388698832703923,9932.6,JASGOOD Women Wide Chunky Belt for Dresses Fashion Thick Suede Belt with Gold Buckle,1732071333641097693,8579.39
ollie999,"Bears with Benefits Biotin Gummies for Hair Growth, Skin & Nails –  5000 mcg Biotin + Vitamins C & E + Zinc - 30 Gummies - Vegan Wild Berry Flavor - 1 Month Supply",1730755223971074070,38106.37,"Liposomal Glutathione Capsules – Skin Glow, Immune & Detox Support (60 Count) - Rosabella",1732307596354622214,"$15,896.34","Nello Superbalance Hormonal Support Drink Mix, 20 Travel Packets, SRI-81 Shatavari, Myo-Inositol, Rhodiola Rosea, Vitamin C, Magnesium, Theobromine, Vitamin B6/C",1729499864890250680,13560.14,"NEEDOH SQUEEZZA – Doh-Filled Pizza Squishy Toy, Squeezable, Slow-Rise Fill, Fun Sensory Stress Relief for Kids & Adults",1732112605762326884,10263.22,Wet & Wild Bundle - URO Women's Probiotic Capsules (30 Servings) and URO Moisture & Mood Capsules (30 Servings) with Ashwagandha and Gingko Biloba,1731431398236263126,9616.33
petitewithjessy,Eleplus 3 Pieces Lightly Lined Wireless Bras for Women Comfy Plunge T Shirt Bra Pack Style Womenswear for Everyday & Bridal Events #SummerVibes,1731831726131155211,206427.86,DOBREVA Women's Unlined Balconette Bra No Padded Underwire Supportive Plus Size Smooth Scoop Neck,1731395246467027235,"$142,331.58",OEAK Women Non-Slip Bandeau Bras With Comfortable Strapless Bra Seamless Wireless Tube Top Soft Wireless Bra,1731622604082024678,73952.46,"PUFF Sticky Bra – VIRAL No.1 Push-up Sticky Bra, Waterproof & Sweat-proof Invisible Bra, Reusable Silicone Adhesive Bra for Women, Includes Storage Board & Replaceable Pads",1731492372893241632,72261.57,OEAK Women Jelly Bras Wirefree Full Coverage No Underwire Everyday Bras Comfortable Wireless Padded Tshirt Bra,1731406217255686451,59406.84
peytonxblack,Eleplus 3 Pieces Lightly Lined Wireless Bras for Women Comfy Plunge T Shirt Bra Pack Style Womenswear for Everyday & Bridal Events #SummerVibes,1731831726131155211,206427.86,"[NEW] [medicube] PDRN Pink Collagen Volume Multi Balm | All In One Volufiline, PDRN, NAD Stick for Youthful-Looking, Helping Look of Fine Lines, Firming Care, Anti-Aging Care | For Under-Eyes, Neck, Forehead, Smile Lines, Lip Care | Korean Skincare",1729508370969629931,"$147,187.62",DOBREVA Women's Unlined Balconette Bra No Padded Underwire Supportive Plus Size Smooth Scoop Neck,1731395246467027235,142331.58,Bratz x Glamlite Lip Kits,1732039774371222265,96481.23,"BellaVita Luxury's CEO Man Eau De Parfum 100ml (3.38 Fl.oz) | Lemon, Lavender, Tonka & Agarwood | Long Lasting Perfume for Men | Vegan Perfume | Perfect Gift for Men",1729413705690223542,86613.4
peytonxshops,tarte summer skin essentials - CC color-correcting tinted serum + creaseless setting powder,1732422500087993276,172612.52,"[NEW] [medicube] PDRN Pink Collagen Volume Multi Balm | All In One Volufiline, PDRN, NAD Stick for Youthful-Looking, Helping Look of Fine Lines, Firming Care, Anti-Aging Care | For Under-Eyes, Neck, Forehead, Smile Lines, Lip Care | Korean Skincare",1729508370969629931,"$147,187.62",Bratz x Glamlite Lip Kits,1732039774371222265,96481.23,tarte colored clay CC undereye corrector,1729734769623929788,87736.12,"BellaVita Luxury's CEO Man Eau De Parfum 100ml (3.38 Fl.oz) | Lemon, Lavender, Tonka & Agarwood | Long Lasting Perfume for Men | Vegan Perfume | Perfect Gift for Men",1729413705690223542,86613.4
pinspo.girl,Eleplus 3 Pieces Lightly Lined Wireless Bras for Women Comfy Plunge T Shirt Bra Pack Style Womenswear for Everyday & Bridal Events #SummerVibes,1731831726131155211,206427.86,DOBREVA Women's Unlined Balconette Bra No Padded Underwire Supportive Plus Size Smooth Scoop Neck,1731395246467027235,"$142,331.58",OEAK Women Non-Slip Bandeau Bras With Comfortable Strapless Bra Seamless Wireless Tube Top Soft Wireless Bra,1731622604082024678,73952.46,"PUFF Sticky Bra – VIRAL No.1 Push-up Sticky Bra, Waterproof & Sweat-proof Invisible Bra, Reusable Silicone Adhesive Bra for Women, Includes Storage Board & Replaceable Pads",1731492372893241632,72261.57,OEAK Women Jelly Bras Wirefree Full Coverage No Underwire Everyday Bras Comfortable Wireless Padded Tshirt Bra,1731406217255686451,59406.84
prettygirlglaze,"Dowinx Cross egged Office Chair with Pivoting Armrests,Criss Cross Chair with Pocket Spring Seat & Back,Reclining Computer Gaming Chair with Footrest and Metal Base",1731998808395649437,17771.67,"The Loaded Tea Shop - 40 Flavors, 1 Packet Makes 32 oz, Zero Sugar, Zero Carbs, Zero Calories, Zero Artificial Colors & Flavors, B-Complex, Vitamins D3 & K2, Aloe, 200mg Natural Caffeine, Build Your Own Bundle, Functional Energy Tea Packs",1729556031006938037,"$14,502.55","Javvy Cookie Butter Protein Iced Coffee Beverage - Premium Whey Protein Instant Iced Coffee, 100% Natural Cold Brew, 0 Artificial Flavors & Sweeteners, 80mg Caffeine, No Added Sugar, 20 Servings",1732464910525698195,11693.44,"Dowinx Big and Tall office chair, with pocket spring pad and waist support, high back computer game chair, adjustable armrests, executive office chair, foot rest",1729960194504823038,10019.25,"SHA CERLIN Storage Bed Frame Modern Linen Upholstered Headboard Lift Up Storage Platform Bed Frame, Two Style Headboard, Heavy Duty Gas Lift Support, No Box Spring Needed,Wood Slats Support, Full Queen King Size,dorm essentials,home decor",1729537141726810464,9147.02
ragdollmanor,"[NEW] [medicube] PDRN Pink Collagen Volume Multi Balm | All In One Volufiline, PDRN, NAD Stick for Youthful-Looking, Helping Look of Fine Lines, Firming Care, Anti-Aging Care | For Under-Eyes, Neck, Forehead, Smile Lines, Lip Care | Korean Skincare",1729508370969629931,147187.62,Bratz x Glamlite Lip Kits,1732039774371222265,"$96,481.23","BellaVita Luxury's CEO Man Eau De Parfum 100ml (3.38 Fl.oz) | Lemon, Lavender, Tonka & Agarwood | Long Lasting Perfume for Men | Vegan Perfume | Perfect Gift for Men",1729413705690223542,86613.4,INIA CURVIFY EMS Booty Lift & Sculpting Shorts: Multi-Mode Microcurrent for Glute Sculpting & Pelvic Floor Support (Visible Results in 2-4 Wks),1729479457563251986,75436.56,"Bella Vita Luxury's Honey Oud | Eau de Parfum 100ml (3.4 fl oz) | Patchouli, Vanilla, Bergamot | Floral & Spicy | Made with Clean & Vegan Essentials Oils | Cruelty Free Fragrance Perfume",1729413742968869814,64507.09
rebecca.becca.b,"VEVOR Portable Dog Blow Dryer, 2000W/2.7HP Pet Grooming Dryer with Metal Housing, Safe Heating, Quick Drying, Adjustable Speed, Temperature Control, 4 Nozzles, Extendable Hose, Auto Shut-Off, Black (Father's Day Gift Option), Easy To Connect",1729433235356618926,8498.03,"Topyangs 2-Pack Cat Litter Box, Extra Large High Anti-Splash Sides, stainless steel litter box, Easy to Clean, Leak-Proof Non-Stick,Comes with 2 Litter Scoops, Ideal for Multi-Cat Families,litter box for cats",1731999342311543122,"$6,499.96","CATPICK Interactive cat toys for indoor cats—automatic feather toy that flutters like a bird, USB-rechargeable electric cat teaser with a suction cup base, 360° rotating cat toy, and smart, sensor-activated self-play puzzle toys designed for bored cats",1731871756732240238,3850.74,Comfrt Paws | Camo Hoodie | Soft Matching Camo Pet Hoodie,1730274052968649603,3716.89,"Fifth and Fido Turkey Tail+ Grain-Free Dog Food Topper - Bacon Flavor, Limited Ingredient, Probiotics, Puppy Food Supplement, 100 Servings, Aids Lipomas, Supports Immune & Gut Health, Natural Allergy Relief, Bacon‑Loved",1729659428916663199,3117.09
revyungme,tarte summer skin essentials - CC color-correcting tinted serum + creaseless setting powder,1732422500087993276,172612.52,"[NEW] [medicube] PDRN Pink Collagen Volume Multi Balm | All In One Volufiline, PDRN, NAD Stick for Youthful-Looking, Helping Look of Fine Lines, Firming Care, Anti-Aging Care | For Under-Eyes, Neck, Forehead, Smile Lines, Lip Care | Korean Skincare",1729508370969629931,"$147,187.62",Bratz x Glamlite Lip Kits,1732039774371222265,96481.23,tarte colored clay CC undereye corrector,1729734769623929788,87736.12,"BellaVita Luxury's CEO Man Eau De Parfum 100ml (3.38 Fl.oz) | Lemon, Lavender, Tonka & Agarwood | Long Lasting Perfume for Men | Vegan Perfume | Perfect Gift for Men",1729413705690223542,86613.4
riannapepe,tarte summer skin essentials - CC color-correcting tinted serum + creaseless setting powder,1732422500087993276,172612.52,DOBREVA Women's Unlined Balconette Bra No Padded Underwire Supportive Plus Size Smooth Scoop Neck,1731395246467027235,"$142,331.58",tarte colored clay CC undereye corrector,1729734769623929788,87736.12,"BellaVita Luxury's CEO Man Eau De Parfum 100ml (3.38 Fl.oz) | Lemon, Lavender, Tonka & Agarwood | Long Lasting Perfume for Men | Vegan Perfume | Perfect Gift for Men",1729413705690223542,86613.4,"tarte BB blur tinted moisturizer SPF 30 - instantly brightens, hydrates & smooths your skin",1729584174847071164,86458
risingwithcristina,"【Creator’s Pick】Halara 2-Piece Super High Waisted Back Pocket & Side Hidden Pocket 2-in-1 Yoga Shorts 3"" Set",1730762320809595172,57843.35,"Colorfulkoala Women's No Front Seam Yoga Capri 21"" Dreamlux High-Waisted Tummy Control Workout Leggings with Hidden Pocket Petite Length,travel essentials,camping essentials",1731026394568233266,"$48,685.55","MFVIM Women’s Breathable Body-Shaping Yoga Outfit, High-Waisted Quick-Dry Fitness Wear, Versatile Three-Quarter Shorts Sports Set,summerwins,travel essentials,camping essentials",1732388023895625751,40407.27,"Bears with Benefits Biotin Gummies for Hair Growth, Skin & Nails –  5000 mcg Biotin + Vitamins C & E + Zinc - 30 Gummies - Vegan Wild Berry Flavor - 1 Month Supply",1730755223971074070,38106.37,【Creator’s Pick】Halara 2-Piece Super High Waisted Back Pocket & Side Hidden Pocket 2-in-1 Yoga Shorts Set 5''-Longer Length,1730762001521283364,35900.34
rondadaly,Eleplus 3 Pieces Lightly Lined Wireless Bras for Women Comfy Plunge T Shirt Bra Pack Style Womenswear for Everyday & Bridal Events #SummerVibes,1731831726131155211,206427.86,DOBREVA Women's Unlined Balconette Bra No Padded Underwire Supportive Plus Size Smooth Scoop Neck,1731395246467027235,"$142,331.58",OEAK Women Non-Slip Bandeau Bras With Comfortable Strapless Bra Seamless Wireless Tube Top Soft Wireless Bra,1731622604082024678,73952.46,"PUFF Sticky Bra – VIRAL No.1 Push-up Sticky Bra, Waterproof & Sweat-proof Invisible Bra, Reusable Silicone Adhesive Bra for Women, Includes Storage Board & Replaceable Pads",1731492372893241632,72261.57,OEAK Women Jelly Bras Wirefree Full Coverage No Underwire Everyday Bras Comfortable Wireless Padded Tshirt Bra,1731406217255686451,59406.84
sam_joness_,tarte summer skin essentials - CC color-correcting tinted serum + creaseless setting powder,1732422500087993276,172612.52,"[NEW] [medicube] PDRN Pink Collagen Volume Multi Balm | All In One Volufiline, PDRN, NAD Stick for Youthful-Looking, Helping Look of Fine Lines, Firming Care, Anti-Aging Care | For Under-Eyes, Neck, Forehead, Smile Lines, Lip Care | Korean Skincare",1729508370969629931,"$147,187.62",Bratz x Glamlite Lip Kits,1732039774371222265,96481.23,tarte colored clay CC undereye corrector,1729734769623929788,87736.12,"BellaVita Luxury's CEO Man Eau De Parfum 100ml (3.38 Fl.oz) | Lemon, Lavender, Tonka & Agarwood | Long Lasting Perfume for Men | Vegan Perfume | Perfect Gift for Men",1729413705690223542,86613.4
samanthasingsit,tarte summer skin essentials - CC color-correcting tinted serum + creaseless setting powder,1732422500087993276,172612.52,"[NEW] [medicube] PDRN Pink Collagen Volume Multi Balm | All In One Volufiline, PDRN, NAD Stick for Youthful-Looking, Helping Look of Fine Lines, Firming Care, Anti-Aging Care | For Under-Eyes, Neck, Forehead, Smile Lines, Lip Care | Korean Skincare",1729508370969629931,"$147,187.62",Bratz x Glamlite Lip Kits,1732039774371222265,96481.23,tarte colored clay CC undereye corrector,1729734769623929788,87736.12,"BellaVita Luxury's CEO Man Eau De Parfum 100ml (3.38 Fl.oz) | Lemon, Lavender, Tonka & Agarwood | Long Lasting Perfume for Men | Vegan Perfume | Perfect Gift for Men",1729413705690223542,86613.4
samshops_beauty,tarte summer skin essentials - CC color-correcting tinted serum + creaseless setting powder,1732422500087993276,172612.52,"[NEW] [medicube] PDRN Pink Collagen Volume Multi Balm | All In One Volufiline, PDRN, NAD Stick for Youthful-Looking, Helping Look of Fine Lines, Firming Care, Anti-Aging Care | For Under-Eyes, Neck, Forehead, Smile Lines, Lip Care | Korean Skincare",1729508370969629931,"$147,187.62",Bratz x Glamlite Lip Kits,1732039774371222265,96481.23,tarte colored clay CC undereye corrector,1729734769623929788,87736.12,"BellaVita Luxury's CEO Man Eau De Parfum 100ml (3.38 Fl.oz) | Lemon, Lavender, Tonka & Agarwood | Long Lasting Perfume for Men | Vegan Perfume | Perfect Gift for Men",1729413705690223542,86613.4
saoirse.simons,Bottle Buddy - Dual Function lid Water Bottle - Stainless Steel - Double Wall Insulated,1730778201079387018,34215.47,To-Go Buddy - Universal Cup Insulator for to-go cups - Keeps Drinks Hot Cold 12+ Hours - Vacuum Insulated Tumbler,1729430518270038922,"$31,492.14",Thicc Buddy - Leak Proof - Double Wall Vacuum Sealed Tumbler - Handle Fits Lip Balm & Keys - Drinkware,1729443646612673418,22719.79,Sand Cloud | Towel Bag 2 in 1,1732221346435469494,19017.83,Evergreen Set of 3 Lighted Halloween WitchStakes,1731081757354464199,12862.95
sarahhill920,Eleplus 3 Pieces Lightly Lined Wireless Bras for Women Comfy Plunge T Shirt Bra Pack Style Womenswear for Everyday & Bridal Events #SummerVibes,1731831726131155211,206427.86,tarte summer skin essentials - CC color-correcting tinted serum + creaseless setting powder,1732422500087993276,"$172,612.52","[NEW] [medicube] PDRN Pink Collagen Volume Multi Balm | All In One Volufiline, PDRN, NAD Stick for Youthful-Looking, Helping Look of Fine Lines, Firming Care, Anti-Aging Care | For Under-Eyes, Neck, Forehead, Smile Lines, Lip Care | Korean Skincare",1729508370969629931,147187.62,DOBREVA Women's Unlined Balconette Bra No Padded Underwire Supportive Plus Size Smooth Scoop Neck,1731395246467027235,142331.58,Bratz x Glamlite Lip Kits,1732039774371222265,96481.23
sashamarielovesshopping,Eleplus 3 Pieces Lightly Lined Wireless Bras for Women Comfy Plunge T Shirt Bra Pack Style Womenswear for Everyday & Bridal Events #SummerVibes,1731831726131155211,206427.86,tarte summer skin essentials - CC color-correcting tinted serum + creaseless setting powder,1732422500087993276,"$172,612.52","[NEW] [medicube] PDRN Pink Collagen Volume Multi Balm | All In One Volufiline, PDRN, NAD Stick for Youthful-Looking, Helping Look of Fine Lines, Firming Care, Anti-Aging Care | For Under-Eyes, Neck, Forehead, Smile Lines, Lip Care | Korean Skincare",1729508370969629931,147187.62,DOBREVA Women's Unlined Balconette Bra No Padded Underwire Supportive Plus Size Smooth Scoop Neck,1731395246467027235,142331.58,Bratz x Glamlite Lip Kits,1732039774371222265,96481.23
savi_trends,Xtra Muse Vlogging Camera with 1'' CMOS 4K/120fps Videos 3-Axis Gimbal Stabilizer Fast Focusing Face/Object Tracking Portable Handycam Camcorder,1731831763391320673,27482.28,Canon PowerShot G7 X Mark III 3637C001 Black (US Plug) by StockX,1732091895743746202,"$20,879.77","JLab JBuds Lux ANC Wireless Bluetooth Noise Cancelling Headphones with Mics, Adjustable Over-Ear Design, Custom EQ, Be Aware Safety Mode, Foldable, Wired Charging Cable, Compatible with iPhone/Android Devices (Tools and Gadgets, Mens Gifts)",1729430076387136161,15272.39,"SHOKZ OpenRun Pro 2 - Open-Ear, Bone Conduction Sport Headphones - Sweat Resistant, Workout Headphones with Deep Bass and Smart Mic",1729658353063203418,12642.91,"SHOKZ OpenRun - Open-Ear Bluetooth Bone Conduction Sport Headphones, Sweat Resistant Wireless Earphones for Workouts and Running, Built-in Mic",1729658080504484442,11793.42
seasonaldiariess,"【Summer Turn Up】WeCharmer Extra Thick Mattress 1000&500 GSM Topper, Down Alternative Overfill Plush Mattress Pad, Cooling Pillow Top with 8-21Inch Deep Pocket,summerwins,back to school,back to school shopping,home decor",1729457680158658805,14735.28,"Bedsure 100% Cooling bamboo Sheet Set, Moody Color Rayon Derived from Bamboo, PureWoven, Breathable & Soft, Deep Pocket Up to 16 Inches, Hotel Luxury Silky Bedding for Hot Sleepers, Wrinkle, Fade Resistant",1731367134008480341,"$13,996.96","Etekcity ESN00 AI Smart Food Scale | 19 Nutrient Facts Auto Scan | Digital Calorie Counter for Meal Prep & Fitness | Compact Stainless Design, Summer Sale,home essentials",1729408268190847371,12276.26,Mellow Sleep |  Cooling EasyFit Sheet - Silky Soft Breathable Fitted Sheet Stays Wrinkle-Free Trusted By Top Hotels,1732177854905815121,8324.29,"LocknLock 12-pc Nestable Bowl, Square & Zen Storage Set",1732177716842566599,7508.17
shilohstemple,tarte summer skin essentials - CC color-correcting tinted serum + creaseless setting powder,1732422500087993276,172612.52,"[NEW] [medicube] PDRN Pink Collagen Volume Multi Balm | All In One Volufiline, PDRN, NAD Stick for Youthful-Looking, Helping Look of Fine Lines, Firming Care, Anti-Aging Care | For Under-Eyes, Neck, Forehead, Smile Lines, Lip Care | Korean Skincare",1729508370969629931,"$147,187.62",Bratz x Glamlite Lip Kits,1732039774371222265,96481.23,tarte colored clay CC undereye corrector,1729734769623929788,87736.12,"BellaVita Luxury's CEO Man Eau De Parfum 100ml (3.38 Fl.oz) | Lemon, Lavender, Tonka & Agarwood | Long Lasting Perfume for Men | Vegan Perfume | Perfect Gift for Men",1729413705690223542,86613.4
shopaholicallee,Eleplus 3 Pieces Lightly Lined Wireless Bras for Women Comfy Plunge T Shirt Bra Pack Style Womenswear for Everyday & Bridal Events #SummerVibes,1731831726131155211,206427.86,DOBREVA Women's Unlined Balconette Bra No Padded Underwire Supportive Plus Size Smooth Scoop Neck,1731395246467027235,"$142,331.58",OEAK Women Non-Slip Bandeau Bras With Comfortable Strapless Bra Seamless Wireless Tube Top Soft Wireless Bra,1731622604082024678,73952.46,"PUFF Sticky Bra – VIRAL No.1 Push-up Sticky Bra, Waterproof & Sweat-proof Invisible Bra, Reusable Silicone Adhesive Bra for Women, Includes Storage Board & Replaceable Pads",1731492372893241632,72261.57,OEAK Women Jelly Bras Wirefree Full Coverage No Underwire Everyday Bras Comfortable Wireless Padded Tshirt Bra,1731406217255686451,59406.84
shopaholicallee2,Eleplus 3 Pieces Lightly Lined Wireless Bras for Women Comfy Plunge T Shirt Bra Pack Style Womenswear for Everyday & Bridal Events #SummerVibes,1731831726131155211,206427.86,DOBREVA Women's Unlined Balconette Bra No Padded Underwire Supportive Plus Size Smooth Scoop Neck,1731395246467027235,"$142,331.58",OEAK Women Non-Slip Bandeau Bras With Comfortable Strapless Bra Seamless Wireless Tube Top Soft Wireless Bra,1731622604082024678,73952.46,"PUFF Sticky Bra – VIRAL No.1 Push-up Sticky Bra, Waterproof & Sweat-proof Invisible Bra, Reusable Silicone Adhesive Bra for Women, Includes Storage Board & Replaceable Pads",1731492372893241632,72261.57,OEAK Women Jelly Bras Wirefree Full Coverage No Underwire Everyday Bras Comfortable Wireless Padded Tshirt Bra,1731406217255686451,59406.84
shopjulesm,Eleplus 3 Pieces Lightly Lined Wireless Bras for Women Comfy Plunge T Shirt Bra Pack Style Womenswear for Everyday & Bridal Events #SummerVibes,1731831726131155211,206427.86,DOBREVA Women's Unlined Balconette Bra No Padded Underwire Supportive Plus Size Smooth Scoop Neck,1731395246467027235,"$142,331.58",OEAK Women Non-Slip Bandeau Bras With Comfortable Strapless Bra Seamless Wireless Tube Top Soft Wireless Bra,1731622604082024678,73952.46,"PUFF Sticky Bra – VIRAL No.1 Push-up Sticky Bra, Waterproof & Sweat-proof Invisible Bra, Reusable Silicone Adhesive Bra for Women, Includes Storage Board & Replaceable Pads",1731492372893241632,72261.57,OEAK Women Jelly Bras Wirefree Full Coverage No Underwire Everyday Bras Comfortable Wireless Padded Tshirt Bra,1731406217255686451,59406.84
shopwithangiemae,"【Creator’s Pick】Halara 2-Piece Super High Waisted Back Pocket & Side Hidden Pocket 2-in-1 Yoga Shorts 3"" Set",1730762320809595172,57843.35,"Colorfulkoala Women's No Front Seam Yoga Capri 21"" Dreamlux High-Waisted Tummy Control Workout Leggings with Hidden Pocket Petite Length,travel essentials,camping essentials",1731026394568233266,"$48,685.55","MFVIM Women’s Breathable Body-Shaping Yoga Outfit, High-Waisted Quick-Dry Fitness Wear, Versatile Three-Quarter Shorts Sports Set,summerwins,travel essentials,camping essentials",1732388023895625751,40407.27,【Creator’s Pick】Halara 2-Piece Super High Waisted Back Pocket & Side Hidden Pocket 2-in-1 Yoga Shorts Set 5''-Longer Length,1730762001521283364,35900.34,Eomenie Tankini Swimsuit for Women Tummy Control Two Piece Bathing Suit High Waisted Tank Top with Swim Skirt Swimdress #Deals For You Days,1732088850959995217,29084.69
shopwithrisah,Sand Cloud | Towel Bag 2 in 1,1732221346435469494,19017.83,Evergreen Set of 3 Lighted Halloween WitchStakes,1731081757354464199,"$12,862.95","【New】LED Illuminated Makeup Mirror with Built-in lights, Small Smart Touch-Controlled Makeup Mirror with Adjustable lighting.",1732471535237501929,7738.19,4-in-1 Portable Cosmetic Shampoo Dispenser Storage Bottle Plastic Travel Friendly Compact Design for Easy Carrying,1732103690126201091,6134.96,"Umitec Adjustable LED Light 3 Way Mirror, Portable Trifold Mirror for Shaving, Grooming, Hair Styling, Dye Hair, Makeup, Braiding, 360 Degree Mirror campingessentials backtoschool",1729667221625344698,6125.17
skylerbaseballmom,Eleplus 3 Pieces Lightly Lined Wireless Bras for Women Comfy Plunge T Shirt Bra Pack Style Womenswear for Everyday & Bridal Events #SummerVibes,1731831726131155211,206427.86,DOBREVA Women's Unlined Balconette Bra No Padded Underwire Supportive Plus Size Smooth Scoop Neck,1731395246467027235,"$142,331.58",OEAK Women Non-Slip Bandeau Bras With Comfortable Strapless Bra Seamless Wireless Tube Top Soft Wireless Bra,1731622604082024678,73952.46,"PUFF Sticky Bra – VIRAL No.1 Push-up Sticky Bra, Waterproof & Sweat-proof Invisible Bra, Reusable Silicone Adhesive Bra for Women, Includes Storage Board & Replaceable Pads",1731492372893241632,72261.57,OEAK Women Jelly Bras Wirefree Full Coverage No Underwire Everyday Bras Comfortable Wireless Padded Tshirt Bra,1731406217255686451,59406.84
skylerclarkk,Eleplus 3 Pieces Lightly Lined Wireless Bras for Women Comfy Plunge T Shirt Bra Pack Style Womenswear for Everyday & Bridal Events #SummerVibes,1731831726131155211,206427.86,DOBREVA Women's Unlined Balconette Bra No Padded Underwire Supportive Plus Size Smooth Scoop Neck,1731395246467027235,"$142,331.58",OEAK Women Non-Slip Bandeau Bras With Comfortable Strapless Bra Seamless Wireless Tube Top Soft Wireless Bra,1731622604082024678,73952.46,"PUFF Sticky Bra – VIRAL No.1 Push-up Sticky Bra, Waterproof & Sweat-proof Invisible Bra, Reusable Silicone Adhesive Bra for Women, Includes Storage Board & Replaceable Pads",1731492372893241632,72261.57,OEAK Women Jelly Bras Wirefree Full Coverage No Underwire Everyday Bras Comfortable Wireless Padded Tshirt Bra,1731406217255686451,59406.84
southern_wellness,tarte summer skin essentials - CC color-correcting tinted serum + creaseless setting powder,1732422500087993276,172612.52,"[NEW] [medicube] PDRN Pink Collagen Volume Multi Balm | All In One Volufiline, PDRN, NAD Stick for Youthful-Looking, Helping Look of Fine Lines, Firming Care, Anti-Aging Care | For Under-Eyes, Neck, Forehead, Smile Lines, Lip Care | Korean Skincare",1729508370969629931,"$147,187.62",Bratz x Glamlite Lip Kits,1732039774371222265,96481.23,tarte colored clay CC undereye corrector,1729734769623929788,87736.12,"BellaVita Luxury's CEO Man Eau De Parfum 100ml (3.38 Fl.oz) | Lemon, Lavender, Tonka & Agarwood | Long Lasting Perfume for Men | Vegan Perfume | Perfect Gift for Men",1729413705690223542,86613.4
southernlakemom,Eleplus 3 Pieces Lightly Lined Wireless Bras for Women Comfy Plunge T Shirt Bra Pack Style Womenswear for Everyday & Bridal Events #SummerVibes,1731831726131155211,206427.86,tarte summer skin essentials - CC color-correcting tinted serum + creaseless setting powder,1732422500087993276,"$172,612.52","[NEW] [medicube] PDRN Pink Collagen Volume Multi Balm | All In One Volufiline, PDRN, NAD Stick for Youthful-Looking, Helping Look of Fine Lines, Firming Care, Anti-Aging Care | For Under-Eyes, Neck, Forehead, Smile Lines, Lip Care | Korean Skincare",1729508370969629931,147187.62,DOBREVA Women's Unlined Balconette Bra No Padded Underwire Supportive Plus Size Smooth Scoop Neck,1731395246467027235,142331.58,Bratz x Glamlite Lip Kits,1732039774371222265,96481.23
soyabundanciaa,Eleplus 3 Pieces Lightly Lined Wireless Bras for Women Comfy Plunge T Shirt Bra Pack Style Womenswear for Everyday & Bridal Events #SummerVibes,1731831726131155211,206427.86,DOBREVA Women's Unlined Balconette Bra No Padded Underwire Supportive Plus Size Smooth Scoop Neck,1731395246467027235,"$142,331.58",OEAK Women Non-Slip Bandeau Bras With Comfortable Strapless Bra Seamless Wireless Tube Top Soft Wireless Bra,1731622604082024678,73952.46,"PUFF Sticky Bra – VIRAL No.1 Push-up Sticky Bra, Waterproof & Sweat-proof Invisible Bra, Reusable Silicone Adhesive Bra for Women, Includes Storage Board & Replaceable Pads",1731492372893241632,72261.57,OEAK Women Jelly Bras Wirefree Full Coverage No Underwire Everyday Bras Comfortable Wireless Padded Tshirt Bra,1731406217255686451,59406.84
spankifarris,Eleplus 3 Pieces Lightly Lined Wireless Bras for Women Comfy Plunge T Shirt Bra Pack Style Womenswear for Everyday & Bridal Events #SummerVibes,1731831726131155211,206427.86,DOBREVA Women's Unlined Balconette Bra No Padded Underwire Supportive Plus Size Smooth Scoop Neck,1731395246467027235,"$142,331.58",OEAK Women Non-Slip Bandeau Bras With Comfortable Strapless Bra Seamless Wireless Tube Top Soft Wireless Bra,1731622604082024678,73952.46,"PUFF Sticky Bra – VIRAL No.1 Push-up Sticky Bra, Waterproof & Sweat-proof Invisible Bra, Reusable Silicone Adhesive Bra for Women, Includes Storage Board & Replaceable Pads",1731492372893241632,72261.57,OEAK Women Jelly Bras Wirefree Full Coverage No Underwire Everyday Bras Comfortable Wireless Padded Tshirt Bra,1731406217255686451,59406.84
specificallyketchup,tarte summer skin essentials - CC color-correcting tinted serum + creaseless setting powder,1732422500087993276,172612.52,"[NEW] [medicube] PDRN Pink Collagen Volume Multi Balm | All In One Volufiline, PDRN, NAD Stick for Youthful-Looking, Helping Look of Fine Lines, Firming Care, Anti-Aging Care | For Under-Eyes, Neck, Forehead, Smile Lines, Lip Care | Korean Skincare",1729508370969629931,"$147,187.62",Bratz x Glamlite Lip Kits,1732039774371222265,96481.23,tarte colored clay CC undereye corrector,1729734769623929788,87736.12,"BellaVita Luxury's CEO Man Eau De Parfum 100ml (3.38 Fl.oz) | Lemon, Lavender, Tonka & Agarwood | Long Lasting Perfume for Men | Vegan Perfume | Perfect Gift for Men",1729413705690223542,86613.4
stephanie_stimson,tarte summer skin essentials - CC color-correcting tinted serum + creaseless setting powder,1732422500087993276,172612.52,Bratz x Glamlite Lip Kits,1732039774371222265,"$96,481.23",tarte colored clay CC undereye corrector,1729734769623929788,87736.12,"BellaVita Luxury's CEO Man Eau De Parfum 100ml (3.38 Fl.oz) | Lemon, Lavender, Tonka & Agarwood | Long Lasting Perfume for Men | Vegan Perfume | Perfect Gift for Men",1729413705690223542,86613.4,"tarte BB blur tinted moisturizer SPF 30 - instantly brightens, hydrates & smooths your skin",1729584174847071164,86458
stephsharesitall,"NEEDOH SQUEEZZA – Doh-Filled Pizza Squishy Toy, Squeezable, Slow-Rise Fill, Fun Sensory Stress Relief for Kids & Adults",1732112605762326884,10263.22,"Nicpro Iridescent Acrylic Paint, 8.45oz/250ml Large Bulk Metallic Acrylic Paint, Color Shifting & Non-Toxic Art Painting Supplies For Canvas Fabric Rock Wood with Paint Knife Color Wheel Artist Bundle,back to school,back to school shopping",1729543101527069005,"$5,877.19","Resonance Sound Healing Tuning Fork Set – 128Hz, 136.1Hz, 256Hz, 384Hz with Activator – Sound Therapy for Stress Relief, Deep Relaxation & Chakra Balancing",1730835799600697670,4698.51,"Sloosh-L/XL Inflatable Tanning Pool Lounge Float With Cup Holder, 70“X46”/85″ x 57″ Extra Large Pool Floats Adult with Pillow, 4 in 1 Suntan Tub Raft Floatie, Sunbathing Bed Lounge for Water Blow Up Kids Ball Pit Party Gifts, inflatable Sofa Summervibes",1729449578219344482,3606.44,"Children's Video Walkie-Talkies with Camera, Two-Way Real-Time HD Screen Walkie-Talkie Toys, Long-Range Smart Walkie-Talkie Set, Ideal for Outdoor Adventures, Camping, and Hiking, Great for Birthday Gifts, (Pink/Blue/Purple)",1731546139059459016,3366.76
stephsimons,"Comfrt | The Dreamer Blanket | Oversized, Cozy, Soft Warm Throw",1729931833196778371,41877.81,Sand Cloud | Towel Bag 2 in 1,1732221346435469494,"$19,017.83","【Summer Turn Up】WeCharmer Extra Thick Mattress 1000&500 GSM Topper, Down Alternative Overfill Plush Mattress Pad, Cooling Pillow Top with 8-21Inch Deep Pocket,summerwins,back to school,back to school shopping,home decor",1729457680158658805,14735.28,"Bedsure 100% Cooling bamboo Sheet Set, Moody Color Rayon Derived from Bamboo, PureWoven, Breathable & Soft, Deep Pocket Up to 16 Inches, Hotel Luxury Silky Bedding for Hot Sleepers, Wrinkle, Fade Resistant",1731367134008480341,13996.96,"【Summer Sale Deals】Bedsure Summer Cooling Comforter for Hot Sleepers ,Ice Cream Blanket,Breathable Oversized  Design, Lightweight, RayonDerived from Bamboo, Comfy Bedding,  Gifts,  Teenage Bedroom Accessories, Cooling Blanket",1729449121848987894,11772.38
strawbxrrymilkx,Sand Cloud | Towel Bag 2 in 1,1732221346435469494,19017.83,Evergreen Set of 3 Lighted Halloween WitchStakes,1731081757354464199,"$12,862.95","Etekcity ESN00 AI Smart Food Scale | 19 Nutrient Facts Auto Scan | Digital Calorie Counter for Meal Prep & Fitness | Compact Stainless Design, Summer Sale,home essentials",1729408268190847371,12276.26,"【New】LED Illuminated Makeup Mirror with Built-in lights, Small Smart Touch-Controlled Makeup Mirror with Adjustable lighting.",1732471535237501929,7738.19,"LocknLock 12-pc Nestable Bowl, Square & Zen Storage Set",1732177716842566599,7508.17
styledwithmorgs,tarte summer skin essentials - CC color-correcting tinted serum + creaseless setting powder,1732422500087993276,172612.52,"[NEW] [medicube] PDRN Pink Collagen Volume Multi Balm | All In One Volufiline, PDRN, NAD Stick for Youthful-Looking, Helping Look of Fine Lines, Firming Care, Anti-Aging Care | For Under-Eyes, Neck, Forehead, Smile Lines, Lip Care | Korean Skincare",1729508370969629931,"$147,187.62",Bratz x Glamlite Lip Kits,1732039774371222265,96481.23,tarte colored clay CC undereye corrector,1729734769623929788,87736.12,"BellaVita Luxury's CEO Man Eau De Parfum 100ml (3.38 Fl.oz) | Lemon, Lavender, Tonka & Agarwood | Long Lasting Perfume for Men | Vegan Perfume | Perfect Gift for Men",1729413705690223542,86613.4
stylevaultverdicts,Eleplus 3 Pieces Lightly Lined Wireless Bras for Women Comfy Plunge T Shirt Bra Pack Style Womenswear for Everyday & Bridal Events #SummerVibes,1731831726131155211,206427.86,DOBREVA Women's Unlined Balconette Bra No Padded Underwire Supportive Plus Size Smooth Scoop Neck,1731395246467027235,"$142,331.58",OEAK Women Non-Slip Bandeau Bras With Comfortable Strapless Bra Seamless Wireless Tube Top Soft Wireless Bra,1731622604082024678,73952.46,"PUFF Sticky Bra – VIRAL No.1 Push-up Sticky Bra, Waterproof & Sweat-proof Invisible Bra, Reusable Silicone Adhesive Bra for Women, Includes Storage Board & Replaceable Pads",1731492372893241632,72261.57,OEAK Women Jelly Bras Wirefree Full Coverage No Underwire Everyday Bras Comfortable Wireless Padded Tshirt Bra,1731406217255686451,59406.84
sylviavanhoeven,Eleplus 3 Pieces Lightly Lined Wireless Bras for Women Comfy Plunge T Shirt Bra Pack Style Womenswear for Everyday & Bridal Events #SummerVibes,1731831726131155211,206427.86,DOBREVA Women's Unlined Balconette Bra No Padded Underwire Supportive Plus Size Smooth Scoop Neck,1731395246467027235,"$142,331.58",OEAK Women Non-Slip Bandeau Bras With Comfortable Strapless Bra Seamless Wireless Tube Top Soft Wireless Bra,1731622604082024678,73952.46,"PUFF Sticky Bra – VIRAL No.1 Push-up Sticky Bra, Waterproof & Sweat-proof Invisible Bra, Reusable Silicone Adhesive Bra for Women, Includes Storage Board & Replaceable Pads",1731492372893241632,72261.57,OEAK Women Jelly Bras Wirefree Full Coverage No Underwire Everyday Bras Comfortable Wireless Padded Tshirt Bra,1731406217255686451,59406.84
sylviavanhoevenbeauty,tarte summer skin essentials - CC color-correcting tinted serum + creaseless setting powder,1732422500087993276,172612.52,"[NEW] [medicube] PDRN Pink Collagen Volume Multi Balm | All In One Volufiline, PDRN, NAD Stick for Youthful-Looking, Helping Look of Fine Lines, Firming Care, Anti-Aging Care | For Under-Eyes, Neck, Forehead, Smile Lines, Lip Care | Korean Skincare",1729508370969629931,"$147,187.62",Bratz x Glamlite Lip Kits,1732039774371222265,96481.23,"BellaVita Luxury's CEO Man Eau De Parfum 100ml (3.38 Fl.oz) | Lemon, Lavender, Tonka & Agarwood | Long Lasting Perfume for Men | Vegan Perfume | Perfect Gift for Men",1729413705690223542,86613.4,"tarte BB blur tinted moisturizer SPF 30 - instantly brightens, hydrates & smooths your skin",1729584174847071164,86458
tarynupmyheart__,"Bears with Benefits Biotin Gummies for Hair Growth, Skin & Nails –  5000 mcg Biotin + Vitamins C & E + Zinc - 30 Gummies - Vegan Wild Berry Flavor - 1 Month Supply",1730755223971074070,38106.37,"Liposomal Glutathione Capsules – Skin Glow, Immune & Detox Support (60 Count) - Rosabella",1732307596354622214,"$15,896.34","Nello Superbalance Hormonal Support Drink Mix, 20 Travel Packets, SRI-81 Shatavari, Myo-Inositol, Rhodiola Rosea, Vitamin C, Magnesium, Theobromine, Vitamin B6/C",1729499864890250680,13560.14,"NEEDOH SQUEEZZA – Doh-Filled Pizza Squishy Toy, Squeezable, Slow-Rise Fill, Fun Sensory Stress Relief for Kids & Adults",1732112605762326884,10263.22,Wet & Wild Bundle - URO Women's Probiotic Capsules (30 Servings) and URO Moisture & Mood Capsules (30 Servings) with Ashwagandha and Gingko Biloba,1731431398236263126,9616.33
taxicabbbbbbb,Eleplus 3 Pieces Lightly Lined Wireless Bras for Women Comfy Plunge T Shirt Bra Pack Style Womenswear for Everyday & Bridal Events #SummerVibes,1731831726131155211,206427.86,DOBREVA Women's Unlined Balconette Bra No Padded Underwire Supportive Plus Size Smooth Scoop Neck,1731395246467027235,"$142,331.58",OEAK Women Non-Slip Bandeau Bras With Comfortable Strapless Bra Seamless Wireless Tube Top Soft Wireless Bra,1731622604082024678,73952.46,"PUFF Sticky Bra – VIRAL No.1 Push-up Sticky Bra, Waterproof & Sweat-proof Invisible Bra, Reusable Silicone Adhesive Bra for Women, Includes Storage Board & Replaceable Pads",1731492372893241632,72261.57,OEAK Women Jelly Bras Wirefree Full Coverage No Underwire Everyday Bras Comfortable Wireless Padded Tshirt Bra,1731406217255686451,59406.84
tayloradis,Eleplus 3 Pieces Lightly Lined Wireless Bras for Women Comfy Plunge T Shirt Bra Pack Style Womenswear for Everyday & Bridal Events #SummerVibes,1731831726131155211,206427.86,DOBREVA Women's Unlined Balconette Bra No Padded Underwire Supportive Plus Size Smooth Scoop Neck,1731395246467027235,"$142,331.58",OEAK Women Non-Slip Bandeau Bras With Comfortable Strapless Bra Seamless Wireless Tube Top Soft Wireless Bra,1731622604082024678,73952.46,"PUFF Sticky Bra – VIRAL No.1 Push-up Sticky Bra, Waterproof & Sweat-proof Invisible Bra, Reusable Silicone Adhesive Bra for Women, Includes Storage Board & Replaceable Pads",1731492372893241632,72261.57,OEAK Women Jelly Bras Wirefree Full Coverage No Underwire Everyday Bras Comfortable Wireless Padded Tshirt Bra,1731406217255686451,59406.84
thatgenxlesbianmomof3,"【 2026 newly upgraded】Trucozie T350 Cordless Vacuum Cleaner, 8-in-1 Lightweight Upright Vacuum Cleaner, 45-Minute Runtime, Powerful 33 kPa Suction, Suitable for Home , Hardwood Floors, Carpets,  Pet Hair",1729406319708377732,91122.67,"【Creator’s Pick】Halara 2-Piece Super High Waisted Back Pocket & Side Hidden Pocket 2-in-1 Yoga Shorts 3"" Set",1730762320809595172,"$57,843.35","Colorfulkoala Women's No Front Seam Yoga Capri 21"" Dreamlux High-Waisted Tummy Control Workout Leggings with Hidden Pocket Petite Length,travel essentials,camping essentials",1731026394568233266,48685.55,"MFVIM Women’s Breathable Body-Shaping Yoga Outfit, High-Waisted Quick-Dry Fitness Wear, Versatile Three-Quarter Shorts Sports Set,summerwins,travel essentials,camping essentials",1732388023895625751,40407.27,【Creator’s Pick】Halara 2-Piece Super High Waisted Back Pocket & Side Hidden Pocket 2-in-1 Yoga Shorts Set 5''-Longer Length,1730762001521283364,35900.34
thatgirlkaty2,"[NEW] [medicube] PDRN Pink Collagen Volume Multi Balm | All In One Volufiline, PDRN, NAD Stick for Youthful-Looking, Helping Look of Fine Lines, Firming Care, Anti-Aging Care | For Under-Eyes, Neck, Forehead, Smile Lines, Lip Care | Korean Skincare",1729508370969629931,147187.62,"Women's Striped/rhombus/leaf/dot Cloud Handbag, Clip Closure Crossbody Bag, Lightweight Foldable for Daily Use, Gifts for Friends and Valentine's Day",1732227985172828427,"$116,346.70",Bratz x Glamlite Lip Kits,1732039774371222265,96481.23,"BellaVita Luxury's CEO Man Eau De Parfum 100ml (3.38 Fl.oz) | Lemon, Lavender, Tonka & Agarwood | Long Lasting Perfume for Men | Vegan Perfume | Perfect Gift for Men",1729413705690223542,86613.4,INIA CURVIFY EMS Booty Lift & Sculpting Shorts: Multi-Mode Microcurrent for Glute Sculpting & Pelvic Floor Support (Visible Results in 2-4 Wks),1729479457563251986,75436.56
thatmombeth,Eleplus 3 Pieces Lightly Lined Wireless Bras for Women Comfy Plunge T Shirt Bra Pack Style Womenswear for Everyday & Bridal Events #SummerVibes,1731831726131155211,206427.86,DOBREVA Women's Unlined Balconette Bra No Padded Underwire Supportive Plus Size Smooth Scoop Neck,1731395246467027235,"$142,331.58",OEAK Women Non-Slip Bandeau Bras With Comfortable Strapless Bra Seamless Wireless Tube Top Soft Wireless Bra,1731622604082024678,73952.46,"PUFF Sticky Bra – VIRAL No.1 Push-up Sticky Bra, Waterproof & Sweat-proof Invisible Bra, Reusable Silicone Adhesive Bra for Women, Includes Storage Board & Replaceable Pads",1731492372893241632,72261.57,"【Creator’s Pick】Halara 2-Piece Super High Waisted Back Pocket & Side Hidden Pocket 2-in-1 Yoga Shorts 3"" Set",1730762320809595172,57843.35
thatnordicblonde,Bratz x Glamlite Lip Kits,1732039774371222265,96481.23,"BellaVita Luxury's CEO Man Eau De Parfum 100ml (3.38 Fl.oz) | Lemon, Lavender, Tonka & Agarwood | Long Lasting Perfume for Men | Vegan Perfume | Perfect Gift for Men",1729413705690223542,"$86,613.40",INIA CURVIFY EMS Booty Lift & Sculpting Shorts: Multi-Mode Microcurrent for Glute Sculpting & Pelvic Floor Support (Visible Results in 2-4 Wks),1729479457563251986,75436.56,"Medium Firm Hybrid Memory Foam Mattress - 8/10/12/14 in Twin, Full, Queen, King Sizes, Lumbar Support, Ergonomic Design, for Home Rooms, Hotels, Boxed Furniture Gift, Memory Foam Mattresses, Queen Size Mattress,dorm essentials,home decor",1730092261582738160,74456.07,"Bella Vita Luxury's Honey Oud | Eau de Parfum 100ml (3.4 fl oz) | Patchouli, Vanilla, Bergamot | Floral & Spicy | Made with Clean & Vegan Essentials Oils | Cruelty Free Fragrance Perfume",1729413742968869814,64507.09
thattiktoklady3,Eleplus 3 Pieces Lightly Lined Wireless Bras for Women Comfy Plunge T Shirt Bra Pack Style Womenswear for Everyday & Bridal Events #SummerVibes,1731831726131155211,206427.86,DOBREVA Women's Unlined Balconette Bra No Padded Underwire Supportive Plus Size Smooth Scoop Neck,1731395246467027235,"$142,331.58",OEAK Women Non-Slip Bandeau Bras With Comfortable Strapless Bra Seamless Wireless Tube Top Soft Wireless Bra,1731622604082024678,73952.46,"PUFF Sticky Bra – VIRAL No.1 Push-up Sticky Bra, Waterproof & Sweat-proof Invisible Bra, Reusable Silicone Adhesive Bra for Women, Includes Storage Board & Replaceable Pads",1731492372893241632,72261.57,OEAK Women Jelly Bras Wirefree Full Coverage No Underwire Everyday Bras Comfortable Wireless Padded Tshirt Bra,1731406217255686451,59406.84
thatwardrobewhisperer,Eleplus 3 Pieces Lightly Lined Wireless Bras for Women Comfy Plunge T Shirt Bra Pack Style Womenswear for Everyday & Bridal Events #SummerVibes,1731831726131155211,206427.86,DOBREVA Women's Unlined Balconette Bra No Padded Underwire Supportive Plus Size Smooth Scoop Neck,1731395246467027235,"$142,331.58",OEAK Women Non-Slip Bandeau Bras With Comfortable Strapless Bra Seamless Wireless Tube Top Soft Wireless Bra,1731622604082024678,73952.46,"PUFF Sticky Bra – VIRAL No.1 Push-up Sticky Bra, Waterproof & Sweat-proof Invisible Bra, Reusable Silicone Adhesive Bra for Women, Includes Storage Board & Replaceable Pads",1731492372893241632,72261.57,OEAK Women Jelly Bras Wirefree Full Coverage No Underwire Everyday Bras Comfortable Wireless Padded Tshirt Bra,1731406217255686451,59406.84
the.real.deal.d,tarte summer skin essentials - CC color-correcting tinted serum + creaseless setting powder,1732422500087993276,172612.52,"[NEW] [medicube] PDRN Pink Collagen Volume Multi Balm | All In One Volufiline, PDRN, NAD Stick for Youthful-Looking, Helping Look of Fine Lines, Firming Care, Anti-Aging Care | For Under-Eyes, Neck, Forehead, Smile Lines, Lip Care | Korean Skincare",1729508370969629931,"$147,187.62",Bratz x Glamlite Lip Kits,1732039774371222265,96481.23,tarte colored clay CC undereye corrector,1729734769623929788,87736.12,"BellaVita Luxury's CEO Man Eau De Parfum 100ml (3.38 Fl.oz) | Lemon, Lavender, Tonka & Agarwood | Long Lasting Perfume for Men | Vegan Perfume | Perfect Gift for Men",1729413705690223542,86613.4
theashleywill,"【Creator’s Pick】Halara 2-Piece Super High Waisted Back Pocket & Side Hidden Pocket 2-in-1 Yoga Shorts 3"" Set",1730762320809595172,57843.35,"Colorfulkoala Women's No Front Seam Yoga Capri 21"" Dreamlux High-Waisted Tummy Control Workout Leggings with Hidden Pocket Petite Length,travel essentials,camping essentials",1731026394568233266,"$48,685.55","MFVIM Women’s Breathable Body-Shaping Yoga Outfit, High-Waisted Quick-Dry Fitness Wear, Versatile Three-Quarter Shorts Sports Set,summerwins,travel essentials,camping essentials",1732388023895625751,40407.27,【Creator’s Pick】Halara 2-Piece Super High Waisted Back Pocket & Side Hidden Pocket 2-in-1 Yoga Shorts Set 5''-Longer Length,1730762001521283364,35900.34,"Blowfish Malibu Womens Venice 2 Fashion Boot, Design, Walking Shoes, Decor, Women's Fashion, Shoes For Women, Boot Heels, Modern Boot",1732425400994468545,34299.87
theeverhopefulgardener,VASAIKO 6-in-1 Portable  Detector with Natural Gas & Temperature Humidity Sensors Plug-and-Play Design High-Definition Display Accurate Alerts Ideal for Kitchen Garage RVs Apartments,1732022410216050952,50568.23,"3Pcs 99.99% Pure Copper Bird Bath Cleaner Purification Disks (0.6mm), Physical Water Cleaning for Outdoor Birdbaths, Garden Fountains, All-Season Universal Fit",1729496434684892939,"$10,654.27","VEVOR Portable Dog Blow Dryer, 2000W/2.7HP Pet Grooming Dryer with Metal Housing, Safe Heating, Quick Drying, Adjustable Speed, Temperature Control, 4 Nozzles, Extendable Hose, Auto Shut-Off, Black (Father's Day Gift Option), Easy To Connect",1729433235356618926,8498.03,"Solar Garden Lights, Handwoven Rattan Solar Lantern, Special Design Outdoor Solar Garden Lights, Waterproof Solar Lights Suitable for Patio, Yard, Porch, Pathway, Decorative Lighting Lamps Modern",1730620531549049266,6995.08,"Topyangs 2-Pack Cat Litter Box, Extra Large High Anti-Splash Sides, stainless steel litter box, Easy to Clean, Leak-Proof Non-Stick,Comes with 2 Litter Scoops, Ideal for Multi-Cat Families,litter box for cats",1731999342311543122,6499.96
thejaydonwalker,"【Creator’s Pick】Halara 2-Piece Super High Waisted Back Pocket & Side Hidden Pocket 2-in-1 Yoga Shorts 3"" Set",1730762320809595172,57843.35,"Colorfulkoala Women's No Front Seam Yoga Capri 21"" Dreamlux High-Waisted Tummy Control Workout Leggings with Hidden Pocket Petite Length,travel essentials,camping essentials",1731026394568233266,"$48,685.55","MFVIM Women’s Breathable Body-Shaping Yoga Outfit, High-Waisted Quick-Dry Fitness Wear, Versatile Three-Quarter Shorts Sports Set,summerwins,travel essentials,camping essentials",1732388023895625751,40407.27,【Creator’s Pick】Halara 2-Piece Super High Waisted Back Pocket & Side Hidden Pocket 2-in-1 Yoga Shorts Set 5''-Longer Length,1730762001521283364,35900.34,Eomenie Tankini Swimsuit for Women Tummy Control Two Piece Bathing Suit High Waisted Tank Top with Swim Skirt Swimdress #Deals For You Days,1732088850959995217,29084.69
themagicalmillennial_,"Blowfish Malibu Womens Venice 2 Fashion Boot, Design, Walking Shoes, Decor, Women's Fashion, Shoes For Women, Boot Heels, Modern Boot",1732425400994468545,34299.87,Dr. Scholl's Women's Joplin Fashion Boot,1731896531264573800,"$30,066.19",Xtra Muse Vlogging Camera with 1'' CMOS 4K/120fps Videos 3-Axis Gimbal Stabilizer Fast Focusing Face/Object Tracking Portable Handycam Camcorder,1731831763391320673,27482.28,Canon PowerShot G7 X Mark III 3637C001 Black (US Plug) by StockX,1732091895743746202,20879.77,HEYDUDE Austin Edge - Comfortable Slip on Platform Mules for Women,1731976739616559664,20439.71
thenursethattoks,tarte summer skin essentials - CC color-correcting tinted serum + creaseless setting powder,1732422500087993276,172612.52,"[NEW] [medicube] PDRN Pink Collagen Volume Multi Balm | All In One Volufiline, PDRN, NAD Stick for Youthful-Looking, Helping Look of Fine Lines, Firming Care, Anti-Aging Care | For Under-Eyes, Neck, Forehead, Smile Lines, Lip Care | Korean Skincare",1729508370969629931,"$147,187.62",Bratz x Glamlite Lip Kits,1732039774371222265,96481.23,tarte colored clay CC undereye corrector,1729734769623929788,87736.12,"BellaVita Luxury's CEO Man Eau De Parfum 100ml (3.38 Fl.oz) | Lemon, Lavender, Tonka & Agarwood | Long Lasting Perfume for Men | Vegan Perfume | Perfect Gift for Men",1729413705690223542,86613.4
theraysfinds,tarte summer skin essentials - CC color-correcting tinted serum + creaseless setting powder,1732422500087993276,172612.52,Bratz x Glamlite Lip Kits,1732039774371222265,"$96,481.23","BellaVita Luxury's CEO Man Eau De Parfum 100ml (3.38 Fl.oz) | Lemon, Lavender, Tonka & Agarwood | Long Lasting Perfume for Men | Vegan Perfume | Perfect Gift for Men",1729413705690223542,86613.4,"tarte BB blur tinted moisturizer SPF 30 - instantly brightens, hydrates & smooths your skin",1729584174847071164,86458,INIA CURVIFY EMS Booty Lift & Sculpting Shorts: Multi-Mode Microcurrent for Glute Sculpting & Pelvic Floor Support (Visible Results in 2-4 Wks),1729479457563251986,75436.56
therestadfam,Eleplus 3 Pieces Lightly Lined Wireless Bras for Women Comfy Plunge T Shirt Bra Pack Style Womenswear for Everyday & Bridal Events #SummerVibes,1731831726131155211,206427.86,DOBREVA Women's Unlined Balconette Bra No Padded Underwire Supportive Plus Size Smooth Scoop Neck,1731395246467027235,"$142,331.58","Women's Striped/rhombus/leaf/dot Cloud Handbag, Clip Closure Crossbody Bag, Lightweight Foldable for Daily Use, Gifts for Friends and Valentine's Day",1732227985172828427,116346.7,OEAK Women Non-Slip Bandeau Bras With Comfortable Strapless Bra Seamless Wireless Tube Top Soft Wireless Bra,1731622604082024678,73952.46,"PUFF Sticky Bra – VIRAL No.1 Push-up Sticky Bra, Waterproof & Sweat-proof Invisible Bra, Reusable Silicone Adhesive Bra for Women, Includes Storage Board & Replaceable Pads",1731492372893241632,72261.57
thisblondieee,"Comfrt | The Dreamer Blanket | Oversized, Cozy, Soft Warm Throw",1729931833196778371,41877.81,Bottle Buddy - Dual Function lid Water Bottle - Stainless Steel - Double Wall Insulated,1730778201079387018,"$34,215.47",To-Go Buddy - Universal Cup Insulator for to-go cups - Keeps Drinks Hot Cold 12+ Hours - Vacuum Insulated Tumbler,1729430518270038922,31492.14,Thicc Buddy - Leak Proof - Double Wall Vacuum Sealed Tumbler - Handle Fits Lip Balm & Keys - Drinkware,1729443646612673418,22719.79,"【Summer Turn Up】WeCharmer Extra Thick Mattress 1000&500 GSM Topper, Down Alternative Overfill Plush Mattress Pad, Cooling Pillow Top with 8-21Inch Deep Pocket,summerwins,back to school,back to school shopping,home decor",1729457680158658805,14735.28
thrivewithlolita,tarte summer skin essentials - CC color-correcting tinted serum + creaseless setting powder,1732422500087993276,172612.52,"[NEW] [medicube] PDRN Pink Collagen Volume Multi Balm | All In One Volufiline, PDRN, NAD Stick for Youthful-Looking, Helping Look of Fine Lines, Firming Care, Anti-Aging Care | For Under-Eyes, Neck, Forehead, Smile Lines, Lip Care | Korean Skincare",1729508370969629931,"$147,187.62",Bratz x Glamlite Lip Kits,1732039774371222265,96481.23,tarte colored clay CC undereye corrector,1729734769623929788,87736.12,"BellaVita Luxury's CEO Man Eau De Parfum 100ml (3.38 Fl.oz) | Lemon, Lavender, Tonka & Agarwood | Long Lasting Perfume for Men | Vegan Perfume | Perfect Gift for Men",1729413705690223542,86613.4
tikitytokexpress,tarte summer skin essentials - CC color-correcting tinted serum + creaseless setting powder,1732422500087993276,172612.52,"[NEW] [medicube] PDRN Pink Collagen Volume Multi Balm | All In One Volufiline, PDRN, NAD Stick for Youthful-Looking, Helping Look of Fine Lines, Firming Care, Anti-Aging Care | For Under-Eyes, Neck, Forehead, Smile Lines, Lip Care | Korean Skincare",1729508370969629931,"$147,187.62",Bratz x Glamlite Lip Kits,1732039774371222265,96481.23,tarte colored clay CC undereye corrector,1729734769623929788,87736.12,"BellaVita Luxury's CEO Man Eau De Parfum 100ml (3.38 Fl.oz) | Lemon, Lavender, Tonka & Agarwood | Long Lasting Perfume for Men | Vegan Perfume | Perfect Gift for Men",1729413705690223542,86613.4
tonya.wellness.np,tarte summer skin essentials - CC color-correcting tinted serum + creaseless setting powder,1732422500087993276,172612.52,"[NEW] [medicube] PDRN Pink Collagen Volume Multi Balm | All In One Volufiline, PDRN, NAD Stick for Youthful-Looking, Helping Look of Fine Lines, Firming Care, Anti-Aging Care | For Under-Eyes, Neck, Forehead, Smile Lines, Lip Care | Korean Skincare",1729508370969629931,"$147,187.62",Bratz x Glamlite Lip Kits,1732039774371222265,96481.23,tarte colored clay CC undereye corrector,1729734769623929788,87736.12,"BellaVita Luxury's CEO Man Eau De Parfum 100ml (3.38 Fl.oz) | Lemon, Lavender, Tonka & Agarwood | Long Lasting Perfume for Men | Vegan Perfume | Perfect Gift for Men",1729413705690223542,86613.4
tonyashomefinds,"Medium Firm Hybrid Memory Foam Mattress - 8/10/12/14 in Twin, Full, Queen, King Sizes, Lumbar Support, Ergonomic Design, for Home Rooms, Hotels, Boxed Furniture Gift, Memory Foam Mattresses, Queen Size Mattress,dorm essentials,home decor",1730092261582738160,74456.07,"Dowinx Cross egged Office Chair with Pivoting Armrests,Criss Cross Chair with Pocket Spring Seat & Back,Reclining Computer Gaming Chair with Footrest and Metal Base",1731998808395649437,"$17,771.67","Dowinx Big and Tall office chair, with pocket spring pad and waist support, high back computer game chair, adjustable armrests, executive office chair, foot rest",1729960194504823038,10019.25,"SHA CERLIN Storage Bed Frame Modern Linen Upholstered Headboard Lift Up Storage Platform Bed Frame, Two Style Headboard, Heavy Duty Gas Lift Support, No Box Spring Needed,Wood Slats Support, Full Queen King Size,dorm essentials,home decor",1729537141726810464,9147.02,"【Set of 2】Yaheetech 2026 Upgrade Folding Adirondack Chair Set of 2 Outdoor Solid Wood Garden Chair Weather Resistant, Fire Pit Lounge Chairs for Garden/Yard/Patio/Lawn,home decor,camping essentials",1729562399956308291,6335.44
tonyaskoreanskincarefavs,Unshelled Sunflower Spicy Red Seeds 12oz,1732220469286507347,14746.72,"The Loaded Tea Shop - 40 Flavors, 1 Packet Makes 32 oz, Zero Sugar, Zero Carbs, Zero Calories, Zero Artificial Colors & Flavors, B-Complex, Vitamins D3 & K2, Aloe, 200mg Natural Caffeine, Build Your Own Bundle, Functional Energy Tea Packs",1729556031006938037,"$14,502.55","Javvy Cookie Butter Protein Iced Coffee Beverage - Premium Whey Protein Instant Iced Coffee, 100% Natural Cold Brew, 0 Artificial Flavors & Sweeteners, 80mg Caffeine, No Added Sugar, 20 Servings",1732464910525698195,11693.44,Mini CRUMBS Spicy Red 5oz,1732242023177360211,6910.79,Iron Hammer Herbal Tea,1729412598545289712,5649.84
toreefromtennessee,Eleplus 3 Pieces Lightly Lined Wireless Bras for Women Comfy Plunge T Shirt Bra Pack Style Womenswear for Everyday & Bridal Events #SummerVibes,1731831726131155211,206427.86,DOBREVA Women's Unlined Balconette Bra No Padded Underwire Supportive Plus Size Smooth Scoop Neck,1731395246467027235,"$142,331.58",OEAK Women Non-Slip Bandeau Bras With Comfortable Strapless Bra Seamless Wireless Tube Top Soft Wireless Bra,1731622604082024678,73952.46,"PUFF Sticky Bra – VIRAL No.1 Push-up Sticky Bra, Waterproof & Sweat-proof Invisible Bra, Reusable Silicone Adhesive Bra for Women, Includes Storage Board & Replaceable Pads",1731492372893241632,72261.57,OEAK Women Jelly Bras Wirefree Full Coverage No Underwire Everyday Bras Comfortable Wireless Padded Tshirt Bra,1731406217255686451,59406.84
torineu04,tarte summer skin essentials - CC color-correcting tinted serum + creaseless setting powder,1732422500087993276,172612.52,"[NEW] [medicube] PDRN Pink Collagen Volume Multi Balm | All In One Volufiline, PDRN, NAD Stick for Youthful-Looking, Helping Look of Fine Lines, Firming Care, Anti-Aging Care | For Under-Eyes, Neck, Forehead, Smile Lines, Lip Care | Korean Skincare",1729508370969629931,"$147,187.62",Bratz x Glamlite Lip Kits,1732039774371222265,96481.23,"BellaVita Luxury's CEO Man Eau De Parfum 100ml (3.38 Fl.oz) | Lemon, Lavender, Tonka & Agarwood | Long Lasting Perfume for Men | Vegan Perfume | Perfect Gift for Men",1729413705690223542,86613.4,INIA CURVIFY EMS Booty Lift & Sculpting Shorts: Multi-Mode Microcurrent for Glute Sculpting & Pelvic Floor Support (Visible Results in 2-4 Wks),1729479457563251986,75436.56
torivofficial,Pacsun Men's Evolve Cropped Hoodie,1732213751807382170,8281.66,Pacsun Men's Subliminal Racing Full Zip Hoodie,1729612734629450394,"$4,724.23","The Moon and Stars Dog Breeds Tee | Dog Breed Portrait | Comfort Colors 1717 Black | Dog Mom Shirt | 50+ Breeds, Comfort Colors Tshirt, Men's Tee",1732388304387412755,4660.61,Arssm 3-Pack Acid Wash Tank Tops – Unisex Sleeveless Cotton Muscle Tee & Cut-Off Loose Fit Vintage Streetwear for Summer Layering & Casual Outfits,1731504744844136911,3699.16,Loiter Sketch Book Long Sleeve T-Shirt White,1731862514337943910,3563.58
trinity.blair,Eleplus 3 Pieces Lightly Lined Wireless Bras for Women Comfy Plunge T Shirt Bra Pack Style Womenswear for Everyday & Bridal Events #SummerVibes,1731831726131155211,206427.86,tarte summer skin essentials - CC color-correcting tinted serum + creaseless setting powder,1732422500087993276,"$172,612.52","[NEW] [medicube] PDRN Pink Collagen Volume Multi Balm | All In One Volufiline, PDRN, NAD Stick for Youthful-Looking, Helping Look of Fine Lines, Firming Care, Anti-Aging Care | For Under-Eyes, Neck, Forehead, Smile Lines, Lip Care | Korean Skincare",1729508370969629931,147187.62,DOBREVA Women's Unlined Balconette Bra No Padded Underwire Supportive Plus Size Smooth Scoop Neck,1731395246467027235,142331.58,Bratz x Glamlite Lip Kits,1732039774371222265,96481.23
trintries,tarte summer skin essentials - CC color-correcting tinted serum + creaseless setting powder,1732422500087993276,172612.52,"[NEW] [medicube] PDRN Pink Collagen Volume Multi Balm | All In One Volufiline, PDRN, NAD Stick for Youthful-Looking, Helping Look of Fine Lines, Firming Care, Anti-Aging Care | For Under-Eyes, Neck, Forehead, Smile Lines, Lip Care | Korean Skincare",1729508370969629931,"$147,187.62",Bratz x Glamlite Lip Kits,1732039774371222265,96481.23,tarte colored clay CC undereye corrector,1729734769623929788,87736.12,"BellaVita Luxury's CEO Man Eau De Parfum 100ml (3.38 Fl.oz) | Lemon, Lavender, Tonka & Agarwood | Long Lasting Perfume for Men | Vegan Perfume | Perfect Gift for Men",1729413705690223542,86613.4
ttsdani25,"【 2026 newly upgraded】Trucozie T350 Cordless Vacuum Cleaner, 8-in-1 Lightweight Upright Vacuum Cleaner, 45-Minute Runtime, Powerful 33 kPa Suction, Suitable for Home , Hardwood Floors, Carpets,  Pet Hair",1729406319708377732,91122.67,VASAIKO 6-in-1 Portable  Detector with Natural Gas & Temperature Humidity Sensors Plug-and-Play Design High-Definition Display Accurate Alerts Ideal for Kitchen Garage RVs Apartments,1732022410216050952,"$50,568.23",Shark PowerPro Flex Reveal Plus Cordless Vacuum - IZ382H,1732268320365777584,29432.76,"【2026 New Arrivals】Trucozie T550 Cordless Vacuum Cleaner, 40kPa Powerful Suction Smart Stick Vacuum with 50 Mins Runtime, 8-in-1 Lightweight Handheld/Upright Vacuum for Hardwood Floor, Carpet, Pet Hair & Car",1731578192195392132,22912.06,"[New Launch] DREAME Aero Lite Wet Dry Vacuum Cleaner, All-in-ONE Vacuum Mop for Wet & Dry Messes, 0 Hair Residue Great for Pet Owners, One-Press Self-Clean, 180° Lie Flat, 35mins Runtime for Hard Floor Cleaning",1732306174840312737,16681.2
ugcwithbrii,Eleplus 3 Pieces Lightly Lined Wireless Bras for Women Comfy Plunge T Shirt Bra Pack Style Womenswear for Everyday & Bridal Events #SummerVibes,1731831726131155211,206427.86,tarte summer skin essentials - CC color-correcting tinted serum + creaseless setting powder,1732422500087993276,"$172,612.52",DOBREVA Women's Unlined Balconette Bra No Padded Underwire Supportive Plus Size Smooth Scoop Neck,1731395246467027235,142331.58,Bratz x Glamlite Lip Kits,1732039774371222265,96481.23,tarte colored clay CC undereye corrector,1729734769623929788,87736.12
vanessaanaya30,Eleplus 3 Pieces Lightly Lined Wireless Bras for Women Comfy Plunge T Shirt Bra Pack Style Womenswear for Everyday & Bridal Events #SummerVibes,1731831726131155211,206427.86,OEAK Women Non-Slip Bandeau Bras With Comfortable Strapless Bra Seamless Wireless Tube Top Soft Wireless Bra,1731622604082024678,"$73,952.46","PUFF Sticky Bra – VIRAL No.1 Push-up Sticky Bra, Waterproof & Sweat-proof Invisible Bra, Reusable Silicone Adhesive Bra for Women, Includes Storage Board & Replaceable Pads",1731492372893241632,72261.57,OEAK Women Jelly Bras Wirefree Full Coverage No Underwire Everyday Bras Comfortable Wireless Padded Tshirt Bra,1731406217255686451,59406.84,"【Creator’s Pick】Halara 2-Piece Super High Waisted Back Pocket & Side Hidden Pocket 2-in-1 Yoga Shorts 3"" Set",1730762320809595172,57843.35
victoriaperciballi,"Women's Striped/rhombus/leaf/dot Cloud Handbag, Clip Closure Crossbody Bag, Lightweight Foldable for Daily Use, Gifts for Friends and Valentine's Day",1732227985172828427,116346.7,American Leather Co. Cleveland Leather Backpack,1731010819153499079,"$22,977.06","Tasiso Women's Floating Cubic Zirconia Pendant Necklace on Invisible Transparent Cord, Minimalist Choker Adjustable Length, Everyday Layering Jewelry, For Woman,Gift,summeroutfits,vacationoutfits,beachoutfits,Thick Clear Invisible Fishing Line",1731992960085430403,18113.89,PASCAL Timeless Classic Diamond Watch for Women & Men 31mm & 36mm with White Lab-Grown Diamonds Swiss Ronda 763 Quartz Movement Stainless Steel Bracelet Everyday Luxury Gift,1732063642461639260,13315.26,CEFIRO Uluh Bag with Guard - Stylish Handbag with Gold Hardware and Adjustable Strap for Everyday Use,1732354352924102675,12816.13
vitulls,Eleplus 3 Pieces Lightly Lined Wireless Bras for Women Comfy Plunge T Shirt Bra Pack Style Womenswear for Everyday & Bridal Events #SummerVibes,1731831726131155211,206427.86,tarte summer skin essentials - CC color-correcting tinted serum + creaseless setting powder,1732422500087993276,"$172,612.52","[NEW] [medicube] PDRN Pink Collagen Volume Multi Balm | All In One Volufiline, PDRN, NAD Stick for Youthful-Looking, Helping Look of Fine Lines, Firming Care, Anti-Aging Care | For Under-Eyes, Neck, Forehead, Smile Lines, Lip Care | Korean Skincare",1729508370969629931,147187.62,DOBREVA Women's Unlined Balconette Bra No Padded Underwire Supportive Plus Size Smooth Scoop Neck,1731395246467027235,142331.58,Bratz x Glamlite Lip Kits,1732039774371222265,96481.23
wesleyrbarker,tarte summer skin essentials - CC color-correcting tinted serum + creaseless setting powder,1732422500087993276,172612.52,"[NEW] [medicube] PDRN Pink Collagen Volume Multi Balm | All In One Volufiline, PDRN, NAD Stick for Youthful-Looking, Helping Look of Fine Lines, Firming Care, Anti-Aging Care | For Under-Eyes, Neck, Forehead, Smile Lines, Lip Care | Korean Skincare",1729508370969629931,"$147,187.62",DOBREVA Women's Unlined Balconette Bra No Padded Underwire Supportive Plus Size Smooth Scoop Neck,1731395246467027235,142331.58,Bratz x Glamlite Lip Kits,1732039774371222265,96481.23,tarte colored clay CC undereye corrector,1729734769623929788,87736.12
yourpassportpal,"Women's Striped/rhombus/leaf/dot Cloud Handbag, Clip Closure Crossbody Bag, Lightweight Foldable for Daily Use, Gifts for Friends and Valentine's Day",1732227985172828427,116346.7,PAVOI 14K Gold Plated Station Necklace for Women - Dainty Choker Simulated Diamond Necklace - Lightweight Womens CZ Chain Necklace,1729555020284072456,"$23,385.58",American Leather Co. Cleveland Leather Backpack,1731010819153499079,22977.06,PAVOI 14K Gold Plated Adjustable Matching Bracelets for Women – Heart Charm and BFF Friendship Styles,1730595722208973320,14814.34,"NEWBELLA Marella M Size Collapsible Top Handle Tote Bag - Women's Elegant PU Leather Purse, Detachable Charm, Magnetic Closure, 23.6""x12.6""x5.5""x11"", Mothers Day Gift, Mom Gift, Work Bags for Women, Summer Everyday Tote Bags",1729477606392238202,8664.2