Creator,Top 1 Category,Top 1 Category GMV,Top 2 Category,Top 2 Category GMV,Top 1 Product,Top 1 Product ID,Top 1 Product GMV,Top 2 Product,Top 2 Product ID,Top 2 Product GMV,Top 3 Product,Top 3 Product ID,Top 3 Product GMV,Top 4 Product,Top 4 Product ID,Top 4 Product GMV,Top 5 Product,Top 5 Product ID,Top 5 Product GMV
_alanacalvs,Womenswear & Underwear,"$90,121.84",Sports & Outdoor,"$75,624.49","【Creator’s Pick】Halara 2-Piece Super High Waisted Back Pocket & Side Hidden Pocket 2-in-1 Yoga Shorts 3"" Set",1730762320809595172,47302.3,Magic ONESO Mid-low Rise Baggy Jeans Stretchy Wide Leg for Women Distressed Pants Womenswear Bottom 8001 Lady Basic Minimalist Comfortable Denim Tummy Control Curve Hugging Plus Size Regular Size BBL Spring Fashion Daily Outfits,1729445477031121919,"$39,213.84",【Creator’s Pick】Halara 2-Piece Super High Waisted Back Pocket & Side Hidden Pocket 2-in-1 Yoga Shorts Set 5''-Longer Length,1730762001521283364,5940.78,【Creator’s Pick】Halara Flex High Waisted Tummy Control Curved Hem Skinny Denim Casual Shorts with Pockets,1732413691125404510,4336.85,Comfrt | Cloud Zip Hoodie | Soft Mega Oversized Zip Up Hoodie For Men & Women,1729417808759264131,4232.92
_karina.michelle,Beauty & Personal Care,"$65,806.58",Kitchenware,"$2,971.83",Too Faced Sexy Eyes Rain or Shine 2.0 Set,1730983990628618524,9720.9,Never Thirsty Shampoo & Conditioner: Moisturize + Strengthen in One Set,1732436624532803875,"$6,187.16",Summer Essentials Terry Pouch,1732466712817668854,3785.48,"3-in-Wonder Styling Cream & Wand Duo: The Set That Styles, Protects & Smooths Frizz - Any Look, Anywhere, Anytime",1732436631579562275,3124.73,tarte x FINNSUL flutter & focus set + CC undereye - FREE tartelette tubing black mascara & FINNSUL electrolyte supplement,1732304110560121788,3044.02
ababyandabulldog,Sports & Outdoor,"$80,033.72",Womenswear & Underwear,"$64,146.76","Tanming Women's Baggy Wide-Leg Pants - Casual, Elastic-Waisted, Bohemian Minimalist Basic Women's Clothes Bottom with Pockets,summerwins,summeroutfits,vacationoutfits,beachoutfits,back to school shopping",1729491434710208659,35595.17,PAVOI 14K Gold Plated Adjustable Matching Bracelets for Women – Heart Charm and BFF Friendship Styles,1730595722208973320,"$12,180.44",【Creator’s Pick】Halara UltraSculpt High Waisted Tummy Control Pocket Shaping Training Capri Leggings,1731269947944768350,11444.04,【Creator’s Pick】Halara 2-Piece Super High Waisted Back Pocket & Side Hidden Pocket 2-in-1 Yoga Shorts Set 5''-Longer Length,1730762001521283364,8060.06,Halara UltraSculpt™ High Waisted Butt Lifting Tummy Control Pocket Shaping Workout Leggings,1730069349916840228,6143.84
abbey.kline,Beauty & Personal Care,"$141,828.50",Kitchenware,"$9,191.25",tarte glow wardrobe eye & cheek palette - eyeshadow and highlighter makeup,1729570012796261308,21805.83,On 'Til Dawn Bronze Veil Waterproof Setting Spray,1732455657267630903,"$19,385.43","tarte BB blur tinted moisturizer SPF 30 - instantly brightens, hydrates & smooths your skin",1729584174847071164,13959.08,HUELIGHTER Multi-Dimensional Highlighter,1732307682052772635,10317.53,tarte maracuja juicy multi-stick + brush - double-ended cream blush & bronzer stick,1732418830638027708,9732.75
alexagiacinto,Womenswear & Underwear,$30.80,,,"6-Piece Women's Summer Crop Top & Shorts Set, Seamless Shaping Sportswear For Gym, Strong Support, High Elasticity, Sexy Slim-Fit Style, Bodycon Workout Set, Gym Workout Sets",1732364788095685084,30.8,,,,,,,,,,,,
alexandraarosee,Womenswear & Underwear,"$7,714.32",Baby & Maternity,"$1,080.39",Modal Cotton Foldover Wide-Leg Pants,1732401825526682144,5689,Danysu V Neck Cotton Tank Tops with Built-in Shelf Bra Sleeveless Racerback Fitted Basic Cami Shirts campingessentials,1731397819019989366,"$1,167.79",Vitality Cloud II™ Maternity Pant,1732211039095197736,581.36,MOMANDA Cropped Maternity Tops Summer Short Sleeve Modal Cotton Loose Maternity Tshirts Ultra Soft,1732401819480592928,499.03,"SKY & SOL Face & Body Mineral Sunscreen– Non-Nano Zinc Oxide, Sensitive Skin Safe 3oz",1729478272808882302,377.18
alexandracaste,Phones & Electronics,$25.99,Food & Beverages,$25.80,Missair Love&Luck Band 316L Stainless Steel Compatible with Apple Watch Series 1-11 SE Ultra (38-49mm) – Fashionable Luxury Watchband for iWatch Wearable Accessories,1729533863313379445,25.99,Don Beto's Beef Jerky - Fuego,1729719309656297668,$13.10,NEW LOOK - RED POWDER HOT Beef Jerky - Carne Seca,1729411601718546929,12.7,"LANBENA Blackhead Remover Peel Off Mask V2.0 with 60 Sheets Paper Strip for Face and Nose Deep Cleansing Nose Strips, Skincare Comfort",1729397127030084309,3.69,,,
aliciamariecacho,Womenswear & Underwear,$134.59,,,"Women’s Seamless Shaping Bodysuit – Long Sleeve V-Neck Tummy Control Thong Shapewear, Sculpting Body Suit, Arm Shaper, Lightweight Compression Top, Fashion Nova Style, Body Leggings Look, Spring Wear",1731784970783789181,94.86,"Women's Solid Square Neck Long Sleeve Shapewear Bodysuit, Casual Comfy Tummy Control Butt Lift Shaper, Ladies Shapewear for All Seasons Faja Body Shaper",1729614179939750063,$39.73,,,,,,,,,
alisammarie,Sports & Outdoor,"$1,481.22",Furniture,$893.32,Halara Adjustable Straps Ruched Wide Leg Heathered Casual Jumpsuit with Pockets-Easy Peezy,1732255696408843102,1050.61,"【2026 New Arrivals】Trucozie T550 Cordless Vacuum Cleaner, 40kPa Powerful Suction Smart Stick Vacuum with 50 Mins Runtime, 8-in-1 Lightweight Handheld/Upright Vacuum for Hardwood Floor, Carpet, Pet Hair & Car",1731578192195392132,$593.34,The Mini Discovery Set,1730273546600747017,583.26,Halara U Neck Pocket Harem Casual Jumpsuit-Easy Peezy Edition,1730196177300328740,351.72,[Summervibes] Tribesigns 63-Inch Long French Country Style Wooden Sofa Table for Living Room & Entryway Natural Finish Modern Farmhouse Decor with Sturdy MDF Construction & Foot Pads for Stability,1731489542250795771,328.34
allthings_andrea,Sports & Outdoor,$76.40,,,"Foldable Travel Yoga Mat with Storage Bag, 1 Count Portable Exercise Mat, Fitness Equipment for Home Gym Workout Mat Pilates Home",1729408794300748065,41.22,"NBR Yoga Mat - 8mm Thick, Non-Slip, Eco-Friendly, Odorless, Ideal for Yoga, Pilates, Home Fitness",1732458123710468448,$35.18,,,,,,,,,
alwayzlele2019,Health,$29.91,,,"Zero Sugar Best Seller Trio - World's First 3-in-1 Pre, Post, Probiotic, Apple Cider Vinegar with Vitamin B12 and Probiotics To Address Bloating, Ashwagandha & L-Theanine, Vitamin D gummies. Gluten-Free, Vegan, Non-GMO & Gelatin-Free",1731194857673101831,29.91,,,,,,,,,,,,
alykate97,Fashion Accessories,"$21,858.68",Furniture,"$5,467.93","Tasiso Women's Floating Cubic Zirconia Pendant Necklace on Invisible Transparent Cord, Minimalist Choker Adjustable Length, Everyday Layering Jewelry, For Woman,Gift,summeroutfits,vacationoutfits,beachoutfits,Thick Clear Invisible Fishing Line",1731992960085430403,18113.89,"【2Packages Shipping】Queen/Full Size Murphy Bed with 2 LED Lights, Farmhouse Wood Hidden Foldable Wall Bed Frame w/Gas Struts, Storage Bed Cabinet for Bedroom, Office, Space-Saving, No Box Spring Needed, Rustic White/Brown",1731495075783873003,"$5,075.93",AUSELILY Babydoll Dress for Women Short Sleeve Button Down Textured Non-clingy Loose Fit Flowy Mini Dress with Pockets 2026 New Summer Dress,1732071775099523793,2089.36,"8 Sizes Invisible Ring Adjuster, Soft Silicone Ring Sizer for Loose Rings, Comfortable Ring Spacer Fits Most Women's & Men's Rings",1730483699312398396,971.2,Madrid Necklace - White,1732329966061851096,894.76
amanda_hadzimichalis,Womenswear & Underwear,"$20,473.47",Sports & Outdoor,"$1,546.80","TANKANEO Women's Plus-Size 2-Piece Polyester Shorts Set, Lightweight Short-Sleeve Color Block Shirt & Adjustable Skort, Comfortable Fit Casual Matching Set",1732269584850457312,4964.53,FeelinGirl Wireless Bra Women's Seamless Full Coverage Bra Cozy Wide Shoulder Strap Wireless T-Shirt Bra Comfortable Fit Everyday #SummerVibes,1730503134732653217,"$3,465.06","Vertvie｜GRACE Classic T-Shirt Bra, Jelly Bras, Wireless Full Coverage for All Day Comfort",1731578445279630251,2187.95,Eytino Womens Plus Size Wide Leg Pants Elastic Waist Drawstring Casual Palazzo Pants Cotton Lounge Trouser with Pockets(1X-5X),1732348493015519327,1799.55,Soft Intention Women's Classic Jelly Bra Seamless Wireless Bra Full Coverage Push Up No Underwire Tshirt Comfortable Everyday Plus Size Friendly Jelly,1729472053932167298,1091.79
amanda_pac,Womenswear & Underwear,"$9,373.15",Health,"$8,747.90","Cider Elegant Vacation Halter Neckline Dress for Wedding Guest, Sexy Floral Maxi Dresses, Ladies Jacquard Sundress, Summer Party Gowns, Lady Sun Dress SummerFinds",1731969456805744727,3758.37,Sand Cloud | Towel Bag 2 in 1,1732221346435469494,"$3,681.05","KIMMOO 4-in-1 Portable Handheld Turbo Fan with 199 Speed Settings, 21,000 RPM Powerful Airflow, 12H Runtime, Digital Display, 120° Foldable Personal Mini Desk Fan for Travel, Home, and Office",1732215991575417153,3414.7,"arrae Tone Variety Creatine Gummies | Assorted Sour Flavors (Watermelon, Green Apple, Mixed Berry)| Gut-Friendly Formula for Energy, Cognitive Health, Post-Workout Recovery",1732470880469881469,3330.68,"Arrae MB-1 | Natural Energy, Cholesterol, & Overall Health Support 20-Day Supply| Organic Nutrition Dietary Supplement Healthcare Vitamins Probiotic Blend Edible Fitness",1729560041868333693,2532.73
amandaaaapac,Beauty & Personal Care,"$8,502.46",Health,$519.72,[medicube] Body Gommage Exfoliating Pad 8ea for bumpy skin flaky skin body scrub,1731233913351344363,3942.42,Self-Tanning - Milky Essence,1732314195951063680,"$3,219.33",Arrae Bloat Gummies | Fast-Acting Bloating Relief Peach Lemon Gummies | Clinically Proven| 28 ct| Natural Healthcare Dietary Supplement Edible Fiber Bathroom Fitness Fitness,1732388889503634045,519.72,"[NEW] [medicube] PDRN Pink Collagen Volume Multi Balm | All In One Volufiline, PDRN, NAD Stick for Youthful-Looking, Helping Look of Fine Lines, Firming Care, Anti-Aging Care | For Under-Eyes, Neck, Forehead, Smile Lines, Lip Care | Korean Skincare",1729508370969629931,478.9,DR.DENT The Purple Duo - Purple Mouthwash [20 Uses] + Purple Teeth Whitening Strips - [7 Whitening Sessions],1732418783948083710,221.31
amandaathome1,Home Supplies,$848.48,Toys & Hobbies,$405.61,"Automatic Folding Umbrella, 1 Count/60pcs Portable Rain Umbrella with Loop Buckle, Windproof & Waterproof Umbrella for Men & Women",1729532560217314285,848.48,"DIY 3D Wooden Magic Ring House Miniature Kit - Lighted Led Dollhouse Book Nook, Handmade Crafts Unisex Making Set, Handmade Gifts Collectibles Wood Look Bookshelf House Decoration for Holidays & Birthdays",1732381209627759505,$405.61,"LEVOIT 2026 New Windi Tower Fan, Portable, Up to 20H Runtime, 5 Speeds + Turbo, 0–90° Oscillation, 20dB Quiet DC Motor, 23 ft/s Airflow, Night Light, Foldable Charging Base, Timer 2/4/8/12H, Cooling Fan, Cordless Fan, SummerSale",1729502840618128398,99.78,"Peter Thomas Roth Instant FIRMx Collagen Infusion Tightening Eye Patches (8 Pairs), Color Changing Collagen Mask, Hydrating Gel Patches with Niacinamide & Hyaluronic Acid, Brightening, Serum",1731292720472167056,72,Rechargeable Mosquito Repeller Refills,1732357667740684806,54.6
amandaburbank131,Sports & Outdoor,"$2,295.98",Beauty & Personal Care,$971.07,"ADDWIN 2026 New Fascia Ring R10 Mini Muscle Recovery Fascia Device upgraded adjustable strap fits Up to 55in waist, Cordless Rechargeable, Designed for Waist & Back Muscle Recovery portable massager parents gift summervibes",1731284232420626805,2246,"Tideway Prowaver 6-in-1 Ionic Hot Air Styler, Hair Dryer Brush with Auto Wrap Curlers for Smooth Blowout & Curly Hair Styles, Dual Voltage Travel Set, Gifts for Women",1731711806746563453,$503.51,"[EPAIS Official Shop] Essential Eyelash Growth Serum, Jumbo Size 0.5fl.oz - Safe & Gentle Lashes Care, Fuller, Thicker in 2 Weeks, Non-Prostaglandin",1729583305380172048,207.86,"Rechargeable electric facial massager for reducing puffiness and promoting blood circulation, a wireless facial care tool with a compact design ideal for travel and daily home use, comes with rechargeable battery and charging cable., Facial Care Tools, Co",1729478261824984423,110.79,"LOVEVOOK Colorblock Carry-On Travel Backpack with 3 Packing Cubes and Laptop Compartment - Personal Item,TSA-Friendly, Travel Essentials, Airline Approved Travel Bag for Hiking, Weekend, TikTokShopBackToSchool",1729417326447727282,61.74
amy.e.schmidt,Womenswear & Underwear,"$5,477.40",Beauty & Personal Care,$386.39,"Songling Women Mid Rise Barrel Work Trousers Elastic Back Waist Tapered Baggy Lounge Pants With Side Pockets True To Size Solid Daily Travel Bottoms, back to school shopping",1732216018534372167,2604.3,Flamingals Wash Pleated Roll Hem High Rise Straight Leg Jeans Womenswear,1732439443459641429,$548.57,Bsubseach Kaftan Dresses for Women Plus Size Beach Swimsuit Cover Up V Neck Caftan Dress Loungewear Maxi,1729609383984009701,526.21,Gap Women's Heavyweight Baggy Sweatpant Jeans,1731190897624322678,487.31,PASCAL Timeless Classic Diamond Watch for Women & Men 31mm & 36mm with White Lab-Grown Diamonds Swiss Ronda 763 Quartz Movement Stainless Steel Bracelet Everyday Luxury Gift,1732063642461639260,275
anastasiya_ray,Shoes,"$8,354.38",Womenswear & Underwear,"$8,326.50",Project Cloud Women's | Eco-Leather Women Flip Flops | Memory Foam | Lightweight | Non-Slip - Foundations,1731581867039560248,6611.34,Halara UltraSculpt High Waisted Tummy Control Pocket Shaping Training Leggings,1729406821413261604,"$2,928.58","Hitienx Smart Ring 3, Fitness Tracker with 24/7 Sleep Tracking, Heart Rate, Temperature Monitoring, Stress & Cycle Insights, Family Care Mode, No Subscription for Men & Women, Android & iOS Compatible, Wearable, Waterproof #SummerFinds, Wearable Devices,",1731319831943090834,2520.24,"Songling Women's High-Waist Wide-Leg Cropped Trouser - Bohemian Casual Women's Fashion Bottoms with Lace Hem, Drawstring, Pockets for Everyday Summery Wear, Basic, Women's Clothes,back to school shopping",1732360204849746759,2431.32,TRTL TRAVEL PILLOW,1729472069440934578,2134.64
andrea_costanzo,Womenswear & Underwear,"$4,671.98",Sports & Outdoor,"$1,609.16",Imily Bela Women's Summer Mini Dress Casual Workout Tennis Dress with Shorts Sleeveless Althletic Dresses,1729428284144587566,3334.69,CHICME Built-in Bra Tank Top Ribbed Racerback Tops Women Going Out Tops Everyday Basic Tanks Padded Tops,1729484235456352758,$926.18,"Women's Plants Print V Neck Swimdress & Tankini Set, Casual Sleeveless Swim Dress & Swim Top Two-piece Swimsuit for Beach Holiday Vacation, Ladies Swimwear, Beachwear Swimsuits",1730840513403195504,765.53,FLAXMAKER Women's V Neck Side Drawstring Brown Mesh Sheer Printed One Piece Swimsuit Beachwear Swimdress Bathing Suit Swimwear Sleeveless Bathing Suit Stylish Beachwear #Summervibes #SwimWeek,1731639794304062332,517.4,Bsubseach Crochet Cover Ups for Swimwear Women Beach Blouse Sheer Swim Coverups Mesh Knitted Dress,1729469192764887450,187.86
andthatsthelipton,Womenswear & Underwear,"$46,429.88",Fashion Accessories,"$3,274.95",Women’s V Neck Poncho Tops Batwing Sleeve Solid Color Loose Fit T-Shirts Blouses,1731080116594839788,8892.45,Scene Stealer Faux Fur Crop Denim Jacket,1731843430611456713,"$3,984.01","Women's Summer Chiffon Lace Shawl, Loose Fit, Perfect For Vacations, Summer Activities, Weddings, And The Beach. Bohemian Style, New For 2026. Love Island Outfit, Trinity Outfit. Available As A Single Piece Or As A Two-Piece Set.",1729486296325003239,3406.53,Zaida Asymmetric Denim Strapless Top,1729501095264228514,2588.03,Women's Dress With Lace Splicing Spaghetti Strap Dress For Summer,1732371057479749868,2335.63
angela.456789,Household Appliances,$79.13,Beauty & Personal Care,$48.90,"Jack&Rose 2-in-1 Steam Iron& Clothes Steamer - Handheld Portable Garment Wrinkle Remover, Large Soleplate, 150ml Water Tank - Lightweight for Home, Travel, Summervibes",1731368483960623870,79.13,Amp (k)It by Point of View Beauty:  Lip Liner + Gloss Bundle,1732398169014309636,$48.90,〖Summer Vibes〗3 PCS Retro Oval Sunglasses for Women Chic Cat Eye 90s Sunnies Lightweight Narrow Shades Trendy UV Protection Sunglasses Vintage Rich Girl Sunglasses Women Sunglasseswomen,1731169892210610297,12.99,,,,,,
angelacallisto123,Womenswear & Underwear,"$161,220.04",Phones & Electronics,"$8,568.86",PrettyGarden Women's Oversized Cardigan Sweater Fall Long Lantern Sleeve Knit Open Front Lightweight Sweater Knitwear Tops#DealsForYouDays,1731208195967717743,29226.01,"Tanming Womens Baggy Barrel Wide Leg Yoga Lounge Pants Drawstring Waist Pockets Athleisure Style Casual Sweatpants Comfortable Loose Fit Bottoms for Women Summer Casual Wear,back to school shopping",1731229445891395731,"$18,157.93",【3 Lengths】Freya ONESO Women's Tummy Control Raw Hem Baggy Denim Pants Mid Rise Wide Leg Denim Jeans  Retro Streetwear Style Comfortable Jeans Commuter Style Baggy High Stretchy Soft Breathable Spring& Summer #SummerVibes,1732431922183573781,16200.12,"Tanming Womens Cotton Linen Pants Casual Button Up High Waisted Wide Leg Trousers Minimalist Basic Breathable Fabric Casual Loose Comfy Summer Beach Trousers,summerwins,summeroutfits,vacationoutfits,beachoutfits,back to school shopping",1732301686597849235,15526.85,Freya ONESO Women Mid Rise High Stretchy BBL Jeans Butt Lifting Wide Leg Raw Hem Denim Pants Tummy Control Spring Basic Minimalist Woman Denim Bottom Comfortable Denim Jeans OSW8019 Plus Size Regular Size Fashion Daily Outfits DIY Inseams #SummerVibes,1731273402271240469,10876.65
anggwells,Beauty & Personal Care,"$4,274.63",Fashion Accessories,$213.60,"Wavytalk Blowout Boost Ionic Thermal Brush 1 1/2 Inch with LED Display, 300℉-420℉ for Different Hair Types, 120-240V Universal Voltage",1729403338518794392,1476.14,Kitsch Ceramic Thermal Rollers 8pc Set,1729388686108692530,"$1,263.76","Wavytalk Multi-Curl 5-in-1 Ceramic Curling Wand Set, Fast Heat Up Curling Wand from 1/2 to 1 1/4 Inch and a Thermal Brush, Dual Voltage Curling Iron",1729388432827060376,1151.03,"Kitsch Satin Heatless Curling Set - Heatless Hair Curler To Sleep In, Heat Free Curls Overnight, Frizz-Free, Soft Curls - For All Hair Types - Sunset",1729388618950217778,116.4,"Glimmr 10-Minute Vitamin-Infusion Hair Mask for Hydrating and Moisturizing Hair - Conditioner with Bonding Protein, Castor Oil & Superfood Extracts",1729438048963760929,114.1
annaslivka2,Fashion Accessories,"$7,006.43",Luggage & Bags,$16.09,YoungSee Micro Loop Hair Extensions Human Hair micro ring pre bonded Soft and Silky Hair Extensions for Women Micro Ring Extension Human Hair 100% Real Human Hair Summer braids half wig summer hair style glueless wig#summerwins #DealsForYouDays,1731915004731495134,4600,Youngsee 16-28 inches butterfly weft hair extensions ovo weft genius pu weft  hole butterfly  hair extensions human hair XO weft human hair extensions straight hair real human glueless wig #summerwins #DealsForYouDays,1731548152031122142,"$1,391.88",YoungSee 14-28 inches Micro Loop Hair Extensions Human Hair Soft and Silky Hair Extensions for Women Micro Ring Extension Human Hair 100% Real Human Hair #summerwins #DealsForYouDays Raw Hair Bundles Natural Wavy Hair,1730893574771741406,748.21,"GOO GOO Micro Link Remy Human Hair Extensions 14-24Inch 30-100g, Cold Fusion, Glueless Micro Loop Micro Ring Invisible Hair Extensions Natural Straight Micro Bead Hair Extensions summer hairstyles #TikTokShopSummerSale",1731165349082927539,164.9,YoungSee Nano Beads Hair Extensions Human Hair Silky Hair Extensions for Women Nano Link to Change Your Look #Summerwins #Dealforyourdays #SummerVibes Natural Looking Hair Summer braids half wig summer hair style glueless wig,1730893563461669598,101.44
aricandchristy,Furniture,"$2,886.06",Home Improvement,$510.26,"VINGLI Tall Adirondack Chairs Set of 2, All Weather HDPE Bar Height Adirondack Chair with Double Trays, Adirondack Barstools for Balcony, Poolside, Backyard and Patio",1732305297869345183,2270.12,"Set of 2 HDPE Wood Grain Outdoor Chaise Lounge Chairs, 6-Position Adjustable Patio Reclining Sun Loungers for Pool, Beach & Backyard, Black/White/Grey",1732312324529230669,$459.98,"Solar Pool Lights for Inground & Above Ground Pools, 80 LED RGBIC Underwater Pool Lights, Dual-Color, 4 Dynamic & 3 Radiant Modes, Solar & USB Rechargeable with Remote, IP68 Waterproof",1732414552528425928,277.72,"BRIOPAWS  Side Table HDPE Weather Resistant Outdoor Table, 2-Shelf Plastic End Table for Poolside Indoor Outside Front Porch Living Room Patio Backyard Campfire, 14 x 13 inch",1732293971019928000,155.96,"Best Choice Products Lighted Penguin Family w/ LED Lights, XL Pop Up Large Outdoor Christmas Yard Decoration",1732449046514078378,109.44
arsy_vartanian,Beauty & Personal Care,"$12,022.00",Computers & Office Equipment,"$1,099.28","PUFF Tape Ultra-Moisturizing Sleep Strips – Designed for Beauty Sleep – Collagen, Hyaluronic Acid & Vitamin E for Overnight Lip Hydration, Plumper Lips & Refined Facial Appearance (30 Count)",1732149210223644960,6934.36,"DailyDocs Organizer – Life Binder for Important Documents & Family Records, Binders",1732031893622591598,"$1,067.68",NuDerma Clinical High Frequency Wand with Fusion Neon-Argon Applicators Anti-Aging Anti-Acne by Pure Daily Care  Facial Beauty Instrument,1729401883679232365,908.88,"Blonbar Sunrise Alarm Clock with Sound Machine - Home Accessory, White Noise Machine for Sleep, Moonlight Lamp, Meteor Lights, Dimmable Night Light for Heavy Sleepers, Adults, Star, Room",1731235395980858264,801.1,"Reviv R2 Flat Mouthguard - Firmer Than R1, Natural Curve, Unscented Night Mouth Guard for Jaw Comfort, Sleep Support, Mouth Guard for Grinding Teeth at Night, Nightguards for Grinding Teeth, Mouthpiece, Silicone, Night Wear",1731199398804820501,715.28
ashleyinfl,Toys & Hobbies,"$1,465.45",Textiles & Soft Furnishings,$390.47,"SLOOSH Inflatable Pool Floats Adult, 2 Packs / 1 Pack Floating Lounge Chairs , Blow up Pool Noodles for Adult Heavy Duty, Floating Chair for Party Summer Water Beach Lake Fun   DealsForYouDays",1729449581672632930,1449.45,"Ninja SLUSHi MAX Slushie Machine, 12+ Servings - FS605",1732016671031726165,$369.99,"dealsforyoudays WARMOUNTS Floating Water Mat - 7/8/9/13 FT Lily Pad Floating Mat, 3-Layer Tear-Resistant XPE Foam Floating Pad for Multiple Users, Water Floating Mat for Pool, Lake, Ocean, Boat, Beach, River",1730469615112393505,303.23,"Upholstered Dining Chairs Set,Mid-Century Modern Kitchen & Dining Room Chairs with Nailhead Trim,Linen Fabric Side Chairs with Curved Wingback&Solid Wood Legs",1731329318280335949,221.13,QUAY - PRESS TOUR Square Sunglasses - Classic Oversized Vintage Glam with Elevated Metal Details & Universal Nose Pads,1731709933949325339,136
ashleyorganic,Luggage & Bags,"$53,307.04",Household Appliances,"$18,071.34",American Leather Co. Cleveland Leather Backpack,1731010819153499079,22892.11,"[New Launch] DREAME Aero Lite Wet Dry Vacuum Cleaner, All-in-ONE Vacuum Mop for Wet & Dry Messes, 0 Hair Residue Great for Pet Owners, One-Press Self-Clean, 180° Lie Flat, 35mins Runtime for Hard Floor Cleaning",1732306174840312737,"$16,681.20","SHA CERLIN Storage Bed Frame Modern Linen Upholstered Headboard Lift Up Storage Platform Bed Frame, Two Style Headboard, Heavy Duty Gas Lift Support, No Box Spring Needed,Wood Slats Support, Full Queen King Size,dorm essentials,home decor",1729537141726810464,9147.02,"NEWBELLA Marella M Size Collapsible Top Handle Tote Bag - Women's Elegant PU Leather Purse, Detachable Charm, Magnetic Closure, 23.6""x12.6""x5.5""x11"", Mothers Day Gift, Mom Gift, Work Bags for Women, Summer Everyday Tote Bags",1729477606392238202,8583.29,Pom Pom London Leather City Lite Crossbody w/ Shoulder Strap & Wallet,1732268211905860551,4458.59
ashleyorganicedits,Beauty & Personal Care,"$21,893.71",Household Appliances,"$1,474.78","[medicube] Hypochlorous Acid Rice Peel Shot Duo For Face & Body | Gentle Exfoliating Serum for Dead Skin Cells & Pore Care, Blackheads & Excess Sebum Control | Rice Extract, Hypochlorous, Panthenol for Hydrating & Smoothing Care",1731738460512030955,7337.67,"[medicube] Kojic Acid Turmeric Peel Shot Duo For Face & Body | Brightening Reset Gentle Exfoliating Serum with BHA, LHA & PHA for Dead Skin Cells, Blackheads & Excess Sebum | For Dull, Rough & Troubled Skin",1732182201234002155,"$2,952.93","L'ANGE HAIR - Adjustable Titanium Waver - 2-in-1 Adjustable Titanium Hair Waver & Crimper, 19mm & 32mm Barrels for Beach Waves & Defined Crimps, 3 Barrel Hair Tool with Heat Glove & Mat, Dual Voltage",1730755240804520432,2932.14,"L'ANGE HAIR - Curl Power Value Set - Le Duo 2-in-1 360° Airflow Titanium Curling & Straightening Tool, Salt + Sea Texturizing Spray (4oz), Thermal Magique Heat & Humidity Tamer (4oz)",1730841910648607216,1881.41,"【 2026 newly upgraded】Trucozie T350 Cordless Vacuum Cleaner, 8-in-1 Lightweight Upright Vacuum Cleaner, 45-Minute Runtime, Powerful 33 kPa Suction, Suitable for Home , Hardwood Floors, Carpets,  Pet Hair",1729406319708377732,1161.65
avas.fav.finds,Beauty & Personal Care,"$5,316.12",Womenswear & Underwear,$181.86,No Limits Cream Bronzer Stick,1729385764072624843,3962.83,Higher Standard Cream Glow Blush Stick,1729442305345688267,$669.96,"Slopehill 2-in-1 Hair Straightener & Dryer - High-Speed Airflow, Rapid Heat-Up, Portable Pink Curler for Straightening Curly Hair - Co, Us Gifts for Women (Black Friday), Hair Dryer",1730158403748532872,273.82,"sacheu Contour STAY-N - All-Day Liquid Contour - Long-lasting, buildable, ultra-blendable contour Effortless Smooth Bronzer makeup products",1731001036376085279,94.01,"AELFRIC EDEN Sweatpants for Men, Sporty Chic Streetwear Joggers with Double Stripes, Loose Fit Baggy Clothes with Elastic Drawstring Waist, Baggy Sweatpants, Streetwear Clothing",1731764241757737570,50.5
ayeitsanju,Fashion Accessories,$691.15,Luggage & Bags,$208.27,"Women's Solid Color Straw Beach Hat, Casual Outdoor Sun Protection Cap for Women & Girls, Fashion Accessories for Daily Wear, Breathable Head Cover",1730691917901959683,691.15,"Women's Solid Color Shoulder Bag, Back To School, Fashionable Large Capacity Crossbody Bag for Daily Used, Casual Trendy Versatile High-quality Daily Commuting Bag",1729496373355844345,$208.27,QINSEN Sexy Womens Sweetheart Neck Sleeveless Tank Spaghetti Strap Slim Fit Crop Tops Basic Comfort,1729479072203838009,90.04,Vanilla Verve Nutrient-Rich Body Cream - Replenishes Skin With Intense Hydration.,1730162339867366016,52.6,Dew Blush Liquid Cream Blush,1729410131972952947,33.95
az.babe,Fashion Accessories,$32.38,,,Oufer 14G 100PCS Tongue Ring Ball Colorful Acrylic Tongue Barbells Random Colors 316L Stainless Steel External Threaded 16mm Bar Length - Vertical Labret Jewelry,1729480628696224070,32.38,,,,,,,,,,,,
backnjennaup,Beauty & Personal Care,"$3,447.53",Furniture,"$2,847.66","75.2"" Tall Pantry Cabinet, Kitchen Pantry Storage Cabinets with 2 Door and 5 Adjustable Shelves, White Metal Pantry Storage Cabinet, Cupboard for Kitchen, Dining Room, Living Room and Bathroom Organizer",1731459666424271005,2474.67,"Westmore Beauty Shadow Edit - Instantly Conceals Dark Circles, Shadows & Age Spots - Concealer Foundation Flawless Makeup",1729453082652283063,$988.32,Portland Leather Classic Leather Tote – Premium Leather Work Tote Bag for Travel & Everyday Carry – Shoulder Bag with Interior Pockets Durable Commute Bag,1732050483194073260,747.53,"Portland Leather Koala Sling Bag – Premium Leather Crossbody Shoulder Bag for Travel & Everyday Carry – Adjustable Strap, Magnetic Closure",1732046851932983468,665.19,"Portland Leather Women's Bifold Cow Hide Leather Wallet, Everyday Carry Wallets for Women That Fits Easily in Handbags",1732046870653472940,518.74
baileyyoliverr,Beauty & Personal Care,"$31,428.49",Womenswear & Underwear,"$17,956.22","[NEW] [medicube] Ultra Light PDRN Pink Peptide Serum | Lightweight Hydrating Serum with Salmon PDRN & Hyaluronic Acid | Fast-Absorbing Glow Care for Skin Clarity | K-Beauty, Korean Skincare (30ml / 1.01 fl. oz.) (110ml / 3.72 oz)",1732311456669012203,15622.49,Eomenie Swimsuit Women's One Piece Swimsuit Tummy Control Slimming Bathing Suit Color Block Spaghetti Strap 1 Piece Swim Suit Swimwear Outdoorfun,1730785368625025361,"$6,825.25",[medicube] Red Succinic Acid Panthenol Pads |  Niacinamide + Salicylic Acid Skincare,1729478699850043627,2776.1,Good Behavior Supreme Seal Smoothing Serum,1731140506275910127,2359.32,"[Clearance] baleaf Women's Pleated Tennis Skorts, High Waisted Flowy Athletic with Pockets for Golf, Gym & Casual Wear, Tennis Attire",1729387636236456189,1743.03
becsreview,Beauty & Personal Care,"$2,537.78",Furniture,$469.31,"JUDYDOLL Ultra-Fine Liquid Eyeliner, Waterproof Liquid Eye Liner, Hooded Eyes, Sharp Winged Lines, Long-Lasting, Beginner Friendly, Lasting Satin Finish, Smudge-Proof, Transfer-Resistant, Suitable For Sensitive Eyes, Summerwins",1730235179727360529,849.73,"【Deal】SweetFurniture Filing Cabinet, 3-Drawer File Cabinet for Home Office, Mobile Lateral Filing Cabinet, Printer Stand with Open Storage Shelves dressers",1729385490165371016,$469.31,"CARSLAN PINK Limited Edition 3.0 Black Magnet Soft Focus Powder, Replaceable Container, 24H Longlasting Translucent Pressed Setting Powder, Oil Control, Waterproof, Sweatproof, Blurring Pore Face Powder, Matte Flawless Finsh, Travel-Friendly Touch Up",1732422067841765474,421.21,"JUDYDOLL 2 In 1 Highlighter Contour Palette, Powder Highlighter & Contour Duo, Face Shaping, Makeup, Cosmetic, Bronzer, Long-Lasting, 2-In-1 Makeup Bronzer Powder, Summerwins",1731159981009310225,209.95,"CARSLAN 3.0 Update Version Black Magnet Soft Focus Powder, Replaceable Powder Container, 24H Longlasting Translucent Pressed Setting Powder, Oil Control, Waterproof, Sweatproof, Blurring Pore Face Powder, Matte Flawless Finsh, Travel-Friendly Touch Up",1732348246540587106,155.24
bestiebriitt,Household Appliances,"$198,262.07",Sports & Outdoor,"$43,078.80","【 2026 newly upgraded】Trucozie T350 Cordless Vacuum Cleaner, 8-in-1 Lightweight Upright Vacuum Cleaner, 45-Minute Runtime, Powerful 33 kPa Suction, Suitable for Home , Hardwood Floors, Carpets,  Pet Hair",1729406319708377732,74355.67,Shark PowerPro Flex Reveal Plus Cordless Vacuum - IZ382H,1732268320365777584,"$29,037.25",Merach Vibration Plate Exercise Machine with Lymphatic Drainage Feature Compact Design for Full Body Workout Max User Weight 400LBS Home Gym Equipment Summervibes,1729438841571218111,25425.06,"【2026 New Arrivals】Trucozie T550 Cordless Vacuum Cleaner, 40kPa Powerful Suction Smart Stick Vacuum with 50 Mins Runtime, 8-in-1 Lightweight Handheld/Upright Vacuum for Hardwood Floor, Carpet, Pet Hair & Car",1731578192195392132,17626.63,"[EPAIS Official Shop] Essential Eyelash Growth Serum, Jumbo Size 0.5fl.oz - Safe & Gentle Lashes Care, Fuller, Thicker in 2 Weeks, Non-Prostaglandin",1729583305380172048,17166.19
biohackingnutritionist,Beauty & Personal Care,"$48,511.69",Luggage & Bags,$588.93,"[NEW] [medicube] PDRN Pink Collagen Volume Multi Balm | All In One Volufiline, PDRN, NAD Stick for Youthful-Looking, Helping Look of Fine Lines, Firming Care, Anti-Aging Care | For Under-Eyes, Neck, Forehead, Smile Lines, Lip Care | Korean Skincare",1729508370969629931,41343.52,"[NEW] [medicube] PDRN Collagen Gua Sha Neck Wrinkle Cream | Built-In Gua Sha Massager with Volufiline 5% + PDRN | Firming, Contour Care for the Look of Fine Lines, Jawline, Neck, Décolleté,Underarms, Chest, Legs, Shoulder | Massage Cream | Korean Skincare",1732399179294806251,"$2,523.82","[NEW] [medicube] Gatekeeping My Real Age Set | 5-step Longevity, Anti- Aging Routine l PDRN & Volufiline & Collagen & NAD+ EGF Complex l Cares for Look of Fine Lines, Firming Care, Radiant & Youthful Looking, Plumping | Korean Skincare, K-Beauty",1732363645554692331,798.99,"[NEW] [medicube] Youth-Lock Gua Sha Routine Set l Firming, Sculpting, De-Puffing Care for Face & Body l Volufiline, PDRN, Retinol, NAD, Collagen, l  Fine Lines, Jawline, Neck, Dark Circles, Underarms, Chest, Décolleté, Legs, Shoulder l Korean Skincare",1732463578397708523,777.6,"[NEW] [medicube] NAD+ EGF Firming Serum | NAD+, EGF, Collagen Extract, Anti-aging, Plumping, Radiance Boosting Serum | Cares for Look of Fine Lines, Skin Elasticity & Firmness For Youthful-looking Skin (30ml / 1.01 fl. oz.) | Korean Skincare, K-Beauty",1732293553906094315,573.16
bkewwwl1507,Beauty & Personal Care,"$83,001.96",Fashion Accessories,"$26,432.96",[medicube] Body Gommage Exfoliating Pad 8ea for bumpy skin flaky skin body scrub,1731233913351344363,21024.11,Micro-Infusion System: Facial Serum for All Skin Types - 2 Months Mixed (For Wrinkles + Dark Spots),1730973352148243047,"$16,672.83","sacheu DoubleDown Lip Definer - 2-in-1 Lip Liner & Balm, Long-Lasting K-Beauty Lipstick with Satin Finish, Avocado Oil & Vitamin E",1732391432586367775,16202.99,GOO GOO Hair Extensions Clip in Human Hair Natural Straight Remy Hair Easy To Style Soft Clip ins for Women summer hairstyles #TikTokShopSummerSale,1729388698832703923,9932.6,Mellow Sleep |  Cooling EasyFit Sheet - Silky Soft Breathable Fitted Sheet Stays Wrinkle-Free Trusted By Top Hotels,1732177854905815121,8209.43
brandie1234,Womenswear & Underwear,"$18,976.48",Menswear & Underwear,"$9,701.31",Birkenstock Arizona EVA Lightweight Sandal,1732388724695273756,4916.36,Arssm 3-Pack Acid Wash Tank Tops – Unisex Sleeveless Cotton Muscle Tee & Cut-Off Loose Fit Vintage Streetwear for Summer Layering & Casual Outfits,1731504744844136911,"$3,699.16","Women's Plain Basic Button-Front Drop-Shoulder Fitted Denim Jacket Coats, Casual Long-Sleeve Collared Pocket Outerwear for Daily Wear, Aesthetic Womenswear",1729589173787988987,3191.99,RSQ Mens Oversized Hoodie,1731486375534825909,2966.12,"PinkyMoor Women's Retro Camouflage Cargo Pants, 98% Cotton Baggy Straight-Leg Trousers, Trending Low Rise Streetwear for a Party, Sizes S, M, L",1729657470747579336,1755.44
brandienicole27,Beauty & Personal Care,"$141,981.71",Womenswear & Underwear,"$29,503.30",tarte timeless hydrating foundation & serum foundation brush - full coverage serum foundation + FREE brush,1732289079425471420,34485.49,tarte summer skin essentials - CC color-correcting tinted serum + creaseless setting powder,1732422500087993276,"$26,255.06",The Precision Brightening Set | Soft Focus Under Eye Powder and Brush,1729504703639819641,23775.28,"[NEW] [medicube] PDRN Pink Collagen Volume Multi Balm | All In One Volufiline, PDRN, NAD Stick for Youthful-Looking, Helping Look of Fine Lines, Firming Care, Anti-Aging Care | For Under-Eyes, Neck, Forehead, Smile Lines, Lip Care | Korean Skincare",1729508370969629931,17565.46,"utcoco Women's Sleeveless Bodycon Denim Midi Dress - Lady's Casual Wear with Side Slit, Elegance-Focused Fit, Chic 2026 Design, Women's Clothes, Trending Clothes, Stylish Women's Wear",1732202457133715937,9277.17
brando23454,Pet Supplies,"$9,113.83",Sports & Outdoor,"$7,525.26","VEVOR Portable Dog Blow Dryer, 2000W/2.7HP Pet Grooming Dryer with Metal Housing, Safe Heating, Quick Drying, Adjustable Speed, Temperature Control, 4 Nozzles, Extendable Hose, Auto Shut-Off, Black (Father's Day Gift Option), Easy To Connect",1729433235356618926,8498.03,Soft Artificial Fishing Lures Set Simulation Sea Urchin Bait & Soft Worms Water Balloon Floats Fishing Bait for Bass Mandarin Fish Snakehead Catfish,1729499726968886565,"$1,863.15","WARSUN T7 EDC Flashlight, Pocket LED Work Light with Magnetic Base & Clip, USB-C Rechargeable, Compact Everyday Carry Tool for Camping, Car Repair and Outdoor Use",1729541227726476256,1399.81,"Sanlida Archery Dragon X8 RTH Compound Bow Package for Adults and Teens,18”-31” Draw Length,0-70 Lbs Draw Weight,up to IBO 310 fps,No Bow Press Needed,Limbs Made in USA,Limited Life-time Warranty (RH Only)",1731580219092013834,1337.16,Ridge Tracker Card | Apple FindMy Compatible | Credit Card Size Wallet Tracker | AirTag Alternative | Never Lose Your Wallet | Slim EDC Accessory | Works with iPhone | Best Tech Gift,1729496156303627882,1151.35
brehyah,Phones & Electronics,"$8,751.55",Sports & Outdoor,"$1,820.87","JLab JBuds Lux ANC Wireless Bluetooth Noise Cancelling Headphones with Mics, Adjustable Over-Ear Design, Custom EQ, Be Aware Safety Mode, Foldable, Wired Charging Cable, Compatible with iPhone/Android Devices (Tools and Gadgets, Mens Gifts)",1729430076387136161,6528.73,"JLab Epic Lux Lab Edition ANC Over-Ear Headphones, 32mm Drivers, Adaptive Noise Cancellation, Hi-Res Audio, Bluetooth & Wired Connection, Cable Included, Chargeable, Wireless Charging Dock, Headphone Case, Manufacturer Warranty",1730308689466987169,"$1,115.39",EHPlabs OxyShred Energy Drink | Ready-to-Drink RTD | On-The-Go Energy & Focus Support | Daily Performance Routine | Zero Sugar | Better For You Energy Drink | 12 Pack,1729433039799751674,1101.58,"DEZI MIAMI Square Aviator Sunglasses, Fashion Eyewear, Modern Trendy Sunglasses, Lightweight Eases All-Day Wear, Indoor/Outdoor Use, See-Through Finish",1730826871502246486,960.21,"Gymreapers Infinity Women's Seamless Leggings 3-Pack, Stretchy High Waist Tummy Control & Scrunch Butt, Squat Proof Breathable Activewear for Gym & Yoga, Scrunch Sports Leggings",1730445650967892039,742.61
brittaniehammershop,Food & Beverages,"$3,109.85",Shoes,$61.68,"Farmer Hydrate - Electrolytes Made From Real Fruit, French Salt, & Organic Coconut Water",1731884296251281946,2344.85,Farmer Hydrate Single Serve Variety Pack,1732413914727354906,$245.12,Farmer Protein Powder - Third Party Tested,1730763996470809114,139.98,Farmer Protein + Farmer Hydrate Bundle,1732223035130286618,103,Farmer Protein + Weck Jar Bundle,1731618834404708890,58.97
brittany.fnp,Baby & Maternity,"$1,358.40",Toys & Hobbies,"$1,290.25",ECOFANTASY Kids Travel Tray - Waterproof Carseat Table Top - Car Seat Tray for Toddler - Travel and Road Trip Essentials Kids - Lap Desk with Storage - Best Toddler Christmas Gift - Black Friday Cyber Monday,1729618142199517850,1291.24,"Dreamon Kids Pretend Foot Spa & Nail Kit - Kids Pretend Spa Day Kit for Girls with Mask Foot Bath and Nail Dryer, Manicures Pedicure Toy Kit & Nail Art,  Role Playing Accessories, Summervibes",1730846339971322454,$789.90,Michael Coloring Book,1732387379775443062,321.69,"Cows In Space By Relatable, The Kid-Friendly Extraterrestrial Game, Fun Games And 2 Player Games, Great For Space Games, Includes 2 UFO Headbands, 1 Electronic Spinning Base, 21 Cows, and Instructions",1731283943900483699,304.39,HYZ Women's Pearl Beaded Halter Twist Sleeveless Tie Back Dress A Line Dress,1732160119251832875,223.94
brittnymarch,Beauty & Personal Care,$755.04,Womenswear & Underwear,$420.83,Scentual Luxury Perfume Oil Ultra-Concentrated Handcrafted in USA 10ml Roller with Vanilla Gourmand Floral Fruity Notes,1731248492514480638,499.48,DELIMIRA Women's Inbarely Plus Full Coverage Bra No Padded Plus Size Underwire Unlined Seamless Bras,1731378392447357219,$284.05,NEW Pick a Scent: Ultra-Concentrated Perfume Mist,1731114039936193022,100.61,FeelinGirl Bodysuit for Women Slimming Bodysuits Snatched Waist Body Suit Shaping Thong Sleeveless Minimalist Skinny Vneck #summervibes,1729463439149863585,75.34,NEW Pick a Scent: Luxury Perfume Oil Roller summervibes,1732299608620765694,47.79
brotherbrad888,Toys & Hobbies,"$1,025.97",Phones & Electronics,$48.99,It's a Date! - 40 Romantic Scratch Off Date Night Cards for Couples,1731819365313581222,1025.97,Techpod RePod Aluminum Alloy Protective Case for Watch Series The Classic iPod Reborn on Your Watch with Retro Scroll Wheel,1732287039971365107,$48.99,,,,,,,,,
bryttani_mingo,Beauty & Personal Care,$501.38,Furniture,$99.99,"TYMO ROVY COMPACT - 1-Inch Deep Wave Hair Crimper and Curling Wand, Negative-Ionic Ceramic Styling Tool for Smooth Hollywood and Mermaid Waves, Dual Voltage, Lightweight, Anti-Frizz, Travel Friendly,dorm essentials",1729442199827812830,368.82,"【Solar Led Lights】COSTWAY 13/15ft Large Patio Umbrella, Extra Large Outdoor Double-Sided Twin Umbrella with Base & 36 LED Lights & Crank Handle for Garden, Deck, Poolside, Patio, 4th of july decor, dad gift",1729441561622713098,$99.99,"Wavytalk Blown Away Ionic Hair Dryer | 1875W Quick-Dry, Ceramic Coating Heat Damage Protection, Diffuser & Styling Comb Accessories, Lightweight & Quiet, Adaptable to All Hairstyles",1729388492356489368,69.35,"SKNBODY Hair Identifier Spray & Dermaplaning Razor Set – Facial Hair Removal Kit for Peach Fuzz, Smooth & Radiant Skin, Gentle Face Spray, Comfort Cosmetic Body Care",1729439516743340129,63.21,"Race Track Car Vehicles Toy Set for Kids - Colorful Cars, Durable Materials, Suitable for Ages 3-4 Years, Non-Toxic, Easy to Assemble",1729392834399671197,33.54
btbeautyx,Beauty & Personal Care,"$3,836.54",Household Appliances,$408.96,"Brightup 5 in 1 Air Styler, Hairstyle, Automatic Hair Curling Iron with Detachable Brush Head, Blow-Dry,Straightening Wrap  Negative Ions Ergonomic Rose Gold,dorm essentials",1729478886449255048,2739.32,"GuruNanda Retainer & Denture Cleaning Pod with UV for Dentures, Retainers, Mouthguards with One Touch Timer Lightweight Daily",1730721120930205959,$526.21,"Desk Fan, Portable USB Rechargeable Fan, 180° Tilt Folding Cooling Personal Fan With Power Display, 5 Speeds Adjustable Ultra-quiet Table Fan for Desktop, Home, Travel",1729465510140482043,408.96,"Ergonomic Home Office Chair - High Back Reclining Mesh Material Desk Chair with 360-Degree Swivel Rolling Base, Adjustable Headrest (Footrest Optional), Reclining Office Chair",1729550655709549029,160.96,V4 - Lifestance Waxing Kit- L2 Digital Wax Warmer Hair Removal Machine- 4 Packs of Wax Beads(14.1 oz total) with 42 Items- Wax Pots Professional for All Hair Types- Eyebrow- Facial- Bikini,1729444538252300581,146.74
button.n.bangle,Beauty & Personal Care,"$2,389.72",Pet Supplies,"$1,843.55","PETLIBRO Automatic Cat Feeder, Refrigerated wet food dispenser with WiFi control, 3 days freshness, 3 timed meals,  quick cooling Feeding",1729470851761017331,1011.53,"PETLIBRO Automatic Litter Box with AI-Camera Waste Analysis, Auto Odor-Control Self Cleaning Litter Box, Large Open-Top Luma Smart Litterbox with Multi-Cats Recognition, Usage Tracking, Safety Sensors",1732051121525658099,$466.99,"[NEW] [medicube] Gatekeeping My Real Age Set | 5-step Longevity, Anti- Aging Routine l PDRN & Volufiline & Collagen & NAD+ EGF Complex l Cares for Look of Fine Lines, Firming Care, Radiant & Youthful Looking, Plumping | Korean Skincare, K-Beauty",1732363645554692331,277.7,"PETLIBRO Automatic Cat Feeder, Refrigerated wet food dispenser with WiFi control, 3 days freshness, 3 timed meals,  quick cooling",1729833163609117171,191.35,The Bigger Carry-On,1729505422262572469,178.07
by.bren2,Womenswear & Underwear,"$1,149.21",Kids' Fashion,$838.64,Hanes Ecosmart Boys' Tank 5-pack Underwear Multi Pack Comfortable Fit Soft Stretch Fabric Breathable Brlta5,1731045157806380004,838.64,"klassy Ribbed Dainty Boat Neck Brami - Casual Top for Women, Stretchy Fabric, Essential Womenswear",1729532610105348133,$359.32,"Cider Women's Sleeveless Minimalist Square Neck Solid Bowknot Mini Dress, Size 0-26, Lady's Casual Womenswear SummerFinds",1730099040780456023,292.08,FAIABLE Men´s Hoodies Unisex Oversized Zip-Up Hoodie for Women Plain Acid Wash Long Sleeve Pullover Basic Minimalist Tops Heavyweight Fleeced Cotton Zipper Hoodie Vintage Casual Menswear Sweatshirts,1729773126172578149,245.76,ANRABESS  Womens Crochet Swimsuit Beach Cover Up 2026 Sleeveless Mesh Knit Bathing Suit Swim Coverups Mini Dress,1729498649558487369,194.95
calebrichhh,Beauty & Personal Care,"$5,947.76",Home Supplies,$323.69,"Lumiellé Glass Skin Liquid Exfoliant with Salicylic Acid (BHA) | Pore Minimizing, Skin Resurfacing & Brightening Treatment for Smooth, Clear, Glowing Skin",1729399294440607900,2004.38,Opalescence Go 15% Hydrogen Peroxide Prefilled Teeth Whitening Trays - (10 Treatments) Oral Gel Ultradent Products. Teeth Whitening Kit - Mint,1729964032893227419,$779.18,"[Biodance Official] Rejuvenating Caviar PDRN Serum | Skin-Boosting Serum, Targeted Serum for Loss of Elasticity, Fine Lines, Weakened Skin Barrier, Rough Texture & Radiance, Korea Skincare",1732490035808080650,698.51,"304 Stainless Steel Gua Sha Facial Tools. Comfort Guasha Tool for Face or Body Massage. Relieve Tensions and Reduce Redness Skin Care Tool for Body Treatment, Metal Beauty Essentials mothersdaygift,beachoutfits,travel essentials",1730204030341845076,677.54,Self-Tanning - Milky Essence,1732314195951063680,411
candidly.betsy,Home Supplies,"$6,826.20",Textiles & Soft Furnishings,$484.56,"Cute Halloween scary ghost Maruko squeeze toy set, portable stress-relief hand squeeze toys, perfect Halloween party treat bag fillers and holiday gifts",1732478987179168329,5590.52,"UFORU 4-Layer Tall Narrow Plastic Cabinet - Slim Design, Doors, Adjustable Shelves, Wheels, Stackable, Foldable, Toilet Storage Cabinet, Organizer for Small Spaces, Bathroom Upgrade, Laundry Hacks, Bath Hacks (Midyear Sale Deals)",1730911760401470021,$580.82,"2pcs/4pcs Hotel Collection Deep Sleep Pillow - Neck Support Non-Collapse Design Hypoallergenic  for Side Supine Prone Sleepers pillows,Deals For You,Summerwins",1732148271857177214,463.57,"8 Pcs  Malt Sugar Squishy Box, Slow-Rising Stress Relief Fidget Toys, Sensory Play Bundle, Assorted Styles for Party Favors & Gifts",1732431608279700041,283.42,"UFORU Ultra-thin bathroom locker, waterproof narrow bathroom locker, floor cabinet with wheels and toilet paper holder, suitable for small space, living room, bathroom, bedroom 2/3/4 floor,dealsforyou#SummerWins",1730717792444191301,118.93
carlosesparza,Menswear & Underwear,"$3,517.03",Womenswear & Underwear,$575.16,"VICTORIOUS SUMMIT Men's Oversized Baggy Jean Shorts - 100% Cotton Denim with a Loose Fit, Below-the-Knee Length for Streetwear, Menswear",1729639068551844488,1004.69,"AELFRIC EDEN Men's Gothic Streetwear Sweatpants - Baggy Barrel Leg Athleisure Joggers with Blade Graphic, Drawstring Waist, Fashion Apparel, Mens Clothing, Clothes, Trending Graphic Clothing, Trending Clothes, Men's Wear, Vintage Clothing",1732253469021737570,$766.76,Aelfric Eden Patchwork Distressed Baggy Wide-Leg Jeans with Pockets Soft Denim Casual Streetwear Vintage Y2K Pantstressed Pants,1731311857230516834,373.41,Haus | Premium Ultra-Soft Cotton Fitted Tanks 3 Pack / 6 Pack,1729440960491066026,343.82,"Akunbem Bikini Trimmer for Women, Electric Shaver and Razor Rechargeable 2-in-1 Body and Facial Epilator, Dual Heads for Painless Trimming of Pubic Hair, Face, Underarms and Legs, IPX7 Waterproof. Christmas Gift New Year Gift Shaving Grooming",1729496049825452336,288.2
carlymanninggg,Beauty & Personal Care,"$1,349.07",Fashion Accessories,$3.17,tarte Big Stick Energy duo – shape tape concealer stick & brush,1730956811325510588,626.38,On 'Til Dawn Bronze Veil Waterproof Setting Spray,1732455657267630903,$530.40,tarte colored clay CC undereye corrector,1729734769623929788,138.84,"tarte BB blur tinted moisturizer SPF 30 - instantly brightens, hydrates & smooths your skin",1729584174847071164,53.45,"Portable Folding Pocket Hair Comb, Hair Styling Comb, Hair Detangling Comb, Hair Care Comb for Women, Girls, Men, Stylists, Barber, Foldable Comb, Grooming Comb",1729421728386421280,3.17
caro_manning,Phones & Electronics,"$19,830.14",Beauty & Personal Care,"$15,093.51","SHOKZ OpenRun - Open-Ear Bluetooth Bone Conduction Sport Headphones, Sweat Resistant Wireless Earphones for Workouts and Running, Built-in Mic",1729658080504484442,11613.52,tarte colored clay CC undereye corrector,1729734769623929788,"$8,500.79","SHOKZ OpenRun Pro 2 - Open-Ear, Bone Conduction Sport Headphones - Sweat Resistant, Workout Headphones with Deep Bass and Smart Mic",1729658353063203418,4332.23,"tarte BB blur tinted moisturizer SPF 30 - instantly brightens, hydrates & smooths your skin",1729584174847071164,3748.42,JLab GO Sport+ True Wireless Earbuds with Integrated Charging Case 35+ Hour Playtime 3 EQ Sound Settings IPX4 Bluetooth 5.3 Cable Rechargeable Headphones Audio - Electronic,1729397398907556513,2195.18
carringtonchronicles,Beauty & Personal Care,$452.82,,,"KimChi Chic GIANT Puff Puff Pass Set & Bake Powder with Rice Powder & Vitamin-E, Lightweight & Translucent Makeup",1729397392476771174,237.81,NuDerma Professional High Frequency Wand by Pure Daily Care with Argon & Neon Applicators Anti-Aging and Anti-Acne,1729401883758137709,$103.49,"KimChi Chic A Really Good Foundation: Buildable & Creamy, Cosmetic Makeup for a Flawless Finish",1729384266644886374,48.76,Arctic Fox Vegan and Cruelty Free OG Hair Perfume & UV Protectant,1730948675093107478,26.99,"Pixi Endless Silky Eye Pen - Waterproof, Super-Long-Wear Eyeliner",1729410122727330654,26.38
cassycass00,Beauty & Personal Care,"$15,299.99",Home Supplies,"$3,181.73","Electric Ear Cleaning Kit with 2-in-1 Integrated Waste Tank - Rechargeable Earwax Removal Tool with 4 Pressure Settings, IP67 Waterproof Irrigation System, Ear Wax Earwax Removal Products, Soothing Earwax Removal Products",1731065506959561622,9695.12,"【New Arrival】Vtopmart 2-6 Pack 4.5 Qt Board Game Storage with Handle and Snap-Tight Latch Lid, Craft Organizer Box Fit 12"" x 12"" Papers, Stackable Clear Storage Box for Art Supply Storage, Paper Storage, Puzzle Storage fathersdaygift, DealsForYouDays",1732387465896694342,"$2,914.57","[ELROEL Official Store] ELROEL Blanc Cover Cream Stick V White - Korean Color-Changing Foundation Stick with Volufiline - Medium to Full Coverage Dewy Finish Base Makeup - Dual-Ended with Detachable Brush (13g, 0.04 oz)",1732244344172417451,2704.33,Crayon Youth Shorts,1731517725782151633,1640.23,"Reduce Gogos 12oz Kids Tumbler Party Packs - Scavenger-Friendly, Spill-Proof, Stackable, Washable Reusable Toddler Drink Cups with Straws",1731823488943034696,1310.46
cassymedwards_,Beauty & Personal Care,"$19,052.03",Fashion Accessories,$136.87,tarte smolderEYES shadow liner duo,1731479846982685628,2452.32,tarte quick stick double-ended shadow liner trio,1732387343493403580,"$2,329.55",tarte shape tape dab & go hair concealer,1732404473502667708,2084.99,tarte sculpt tape & blush tape duo - blush and bronzer,1729417067781002172,1693.49,COVERGIRL TruBlend Skin Enhancer Baked Luminous Finishing Face Powder,1732356199721439998,1327.42
cheerockafellaa,Fashion Accessories,"$2,898.18",Beauty & Personal Care,$242.75,【Hot Sale】VIPbeauty Half Wig Human Hair 200 Density Burmese Curly Half Wig Spiral Curly Ends 3 In 1 Seamless Flip Over Glueless Wigs Human Hair with Drawstring Beginner Friendly Curly Wig Headband Wig for Women Daily Wear,1730723192437445202,2257.97,Tahikie 99J Burgundy Colored 200% Density Deep Wave 13x6 Full Frontal HD Lace Front Curly Wave FB30 Highlight /Natural Black Human Hair Wigs For Women TikTokShopBlackFriday#SummerWins #DealsForYouDays,1729438956644831236,$612.50,Fenty Beauty Body Glow Essentials: Body Lava Body Luminizer + Face & Body Kabuki Brush 160,1731196145667314478,115.74,"Bikini Pain-Free Hair Removal Cream for Sensitive Skin, Hypoallergenic Formula-Gentle & Fast-Acting Depilatory with Citrus Scent, Aloe & Hyaluronic Acid for Soothing Care, Suitable for Men & Women",1731625997827871273,108.82,"Chic Gold XOXO Love Symbol Necklace for Women, Sparkling Gemstone Heart Pendant, Adjustable Hypoallergenic & Tarnish-Resistant Jewelry, Necklaces, Accessories For Women, Gifts For Women",1731894494988046624,59.25
chelsleebmoney,Phones & Electronics,"$14,800.20",Beauty & Personal Care,"$13,359.14","SHOKZ OpenRun Pro 2 - Open-Ear, Bone Conduction Sport Headphones - Sweat Resistant, Workout Headphones with Deep Bass and Smart Mic",1729658353063203418,7671.24,"YITAHOME 1/2 pcs Raised Garden Bed Kit, with Gloves & Tension Bar, Outdoor Patio Planter Box for Plants Vegetables Flowers",1732253056543723696,"$2,689.09","JLab JBuds Lux ANC Wireless Bluetooth Noise Cancelling Headphones with Mics, Adjustable Over-Ear Design, Custom EQ, Be Aware Safety Mode, Foldable, Wired Charging Cable, Compatible with iPhone/Android Devices (Tools and Gadgets, Mens Gifts)",1729430076387136161,2531.09,"Sweetcrispy LED Lighted Vanity Mirror - Adjustable Lighted, 3 Dimmable Color Modes, Touch Screen Control, Square White Modern Home Decor Item for Aesthetic Room & Bathroom Supplies, Adjustable Lighted Mirror, Modern Mirror",1731633881696866841,2428.98,Sunny Side Up Marvel Spidey & His Amazing Friends Throw Blanket,1731636411001573839,2373.14
christinaliddo,Womenswear & Underwear,$151.45,Textiles & Soft Furnishings,$59.15,"Wetkiss Knee High Cowboy Cowgirl Boots for Women, with Unique Embroidery, Side Zipper and Chunky Heel Design, Women's Shoes,Women's Boots Beige Casual #WeeklyDeals#tiktokshopbacktoschool #tiktokshopsummersale",1729412819500634176,54.84,"Comfort Colors 90s Bears Halloween Shirt, Trick or Treat Tee, Haunted House Graphic T-Shirt, Pumpkin Lover Spooky Season Gift",1732482339623899522,$49.45,SOJOS Polarized Narrow Square Cateye Sunglasses for Women Retro Trendy Driving Glasses,1729457314765902168,45.07,"BROWNLILY Handwoven Rattan Cable Management Box and Wicker Cord Organizer with Lockable Lid, Decorative Cable Hider for Power Strips, Under Desk, TV Stand, Home Office and Toilet Tank, Faux Rattan Basket",1731220836508930927,35.17,"IM HOME Waffle Bath Mat Rugs 1/2/3 Piece, Boho Woven Modern Carpet, Absorbent Non Slip Bathroom Rugs, Soft Washable Bath Rugs with Tassels for Bathroom, Bedroom, Kitchen, Shower, Tub",1732358581129417659,34.98
christylong40,Kitchenware,"$12,886.85",Beauty & Personal Care,"$10,547.16","LocknLock 12-pc Nestable Bowl, Square & Zen Storage Set",1732177716842566599,7508.17,Berkshire Velvetsoft Watercolor Meadow Wearable Throw,1732428858642830279,"$4,362.88",Temp-tations Set of 2 25oz Meal Mugs w/Lid-Its,1732444461422711751,3795.15,Home Reflections 2pk Double Brushed Sheet Sets with Extra Cases,1732406117611180999,3337.32,"GOPURE Firming Butt & Thigh Cream - Nourishing Hydrating Bodybutter for Stretch Marks & Dimpled Texture - Clinically Tested, Dermatologist Recommended, Cruelty-Free",1730896729453531545,2623.69
colleen_fusco,Beauty & Personal Care,"$38,635.96",Womenswear & Underwear,$899.09,"[NEW] Fluff & Snatch Brow Powder Pen, 24H Wear, Cream To Powder Eyebrow, Transfer-Resistant Formula, NYX Professional Makeup",1732313729432392008,11768.55,Soft Pinch Lip Oil Stick,1732457042637722153,"$6,569.36",BellaVita Luxury Colleen Perfume - Eau de Parfum 100ml - In Your Element with Colleen Highly Fragrant Daily Summer Fragrance,1732253917108081590,5112.5,"[NEW]:  Peel Off Liner Lip Stain, Up to 24H, Tattoo-like Wear, Maybelline New York",1732356123453198994,2675.07,sacheu Lip Liner STAY-N - Peel-Off Lip Liner Stain - All Day & Night Lip Liner with Hyaluronic Acid & Vitamin E - Long Lasting Formula - 0.12 fl oz / 3.5 ml,1729385088934777631,2613.94
creatorsalley,Furniture,"$1,328.22",Beauty & Personal Care,$367.09,"[SummerSale] AMERLIFE Modern Bed Frame with Wingback Headboard, Upholstered Bed Frame with Handmade Button Tufted & Nailhead, Wooden Slats Support/Luxury Bedroom Furniture/Queen/King/California King Size/Best Gift Ideas/Christmas Gifts",1729387167109255982,334.99,"AMERLIFE Bed Frame Lift Up Storage Bed, Velet Upholstered BedFrame with Storage Underneath/No Box Spring Needed/Easy Assembly,Best Gift Ideas/Christmas Gifts",1729440007994315520,$266.79,High value bundle men’s fragrance | Club de Nuit intense man + Lattafa Asad + Afnan 9 PM + Fakhar men + Hayaati + Rave now men | 3.4 fl.oz | value bundle,1731400151457632442,265.8,"80 Inch Modern Wood Fireplace TV Stand Entertainment Center, Built-in 36"" Electric Fireplace Insert, Plug-in Custom LED Ambient Lights & Decorative Accent Storage Cabinets, Wide Wood Media Console Compatible with Televisions Up to 90 Inches, Cozy Modern L",1732469709002281463,228.59,Ninja Double Oven Pro Smart XL Countertop Oven & Air Fryer - DCT801 / DCT821,1732321206735900757,224.99
deniece0110,Womenswear & Underwear,"$60,024.79",Shoes,"$45,951.24","Blowfish Malibu Womens Venice 2 Fashion Boot, Design, Walking Shoes, Decor, Women's Fashion, Shoes For Women, Boot Heels, Modern Boot",1732425400994468545,31974.51,"Tanming Women's Casual Baggy Linen Blend Pants, High Waisted Pull On Wide Leg Style with Pockets for Summer, Bottom, Cotton, Zip, Ankle, Lightweight, Lo, Plain",1732454056617349267,"$11,025.30",YeeZaa 2 Piece Linen Skirt Set for Women 85%Cotton & 15%Linen Summer Outfits Sandshell Linen Skirt Set Sleeveless Halter Open Back Top Maxi Skirt Two Piece Sets with Pockets Cotton Blend Resort Vacation Casual Beach Travel Wear,1732454638305316908,9212.6,Pacsun Men's Evolve Cropped Hoodie,1732213751807382170,8281.66,Women Fashion Denim Shorts Solid Color Six Pockets Drawstring Elastic Waist Jeans Shorts Summer Oversized Cargo Shorts,1732387583318331661,5738.83
diaryofamaterialgurl,Shoes,"$1,583.69",Beauty & Personal Care,$625.76,"Athlefit Women's Wedge Sandals, Dressy Square Toe Thong Slip On Flip Flops with a Cushioned Low 2.4-Inch Heel for Summer Parties, Black Sandal, Flipflop, Casual Outdoor Sandals",1732218838576042516,1583.69,Dyson HushJet Mini Cool Handheld Fan,1732455626862662599,$411.87,AOA Dewy Blend Foundation,1729484640410439825,315.88,BEACH BABY BODY + HAIR MIST,1731648952486039679,72.3,BUR BUR Growing Season Nourishing Shampoo & Conditioner,1732039689242251662,68
digitaljinxy,Beauty & Personal Care,"$198,461.74",Furniture,"$6,959.88","BellaVita Luxury's CEO Man Eau De Parfum 100ml (3.38 Fl.oz) | Lemon, Lavender, Tonka & Agarwood | Long Lasting Perfume for Men | Vegan Perfume | Perfect Gift for Men",1729413705690223542,86593.51,"Bella Vita Luxury's Honey Oud | Eau de Parfum 100ml (3.4 fl oz) | Patchouli, Vanilla, Bergamot | Floral & Spicy | Made with Clean & Vegan Essentials Oils | Cruelty Free Fragrance Perfume",1729413742968869814,"$63,525.20","[NEW] [medicube] Gatekeeping My Real Age Set | 5-step Longevity, Anti- Aging Routine l PDRN & Volufiline & Collagen & NAD+ EGF Complex l Cares for Look of Fine Lines, Firming Care, Radiant & Youthful Looking, Plumping | Korean Skincare, K-Beauty",1732363645554692331,26027.16,"【Set of 2】Yaheetech 2026 Upgrade Folding Adirondack Chair Set of 2 Outdoor Solid Wood Garden Chair Weather Resistant, Fire Pit Lounge Chairs for Garden/Yard/Patio/Lawn,home decor,camping essentials",1729562399956308291,6335.44,Reliant Pet Mouse Repellent Pouches - Rodent Repellent Made in USA (12 Pouches) - Keep Rodents Out of Cars - Mouse Deterrents with Peppermint Oil,1729662519422718968,3901
dinakxoxo,Fashion Accessories,"$4,919.38",Womenswear & Underwear,"$2,591.58",〖Summer Vibes〗3 PCS Retro Oval Sunglasses for Women Chic Cat Eye 90s Sunnies Lightweight Narrow Shades Trendy UV Protection Sunglasses Vintage Rich Girl Sunglasses Women Sunglasseswomen,1731169892210610297,4548.36,Farmer Protein Powder - Third Party Tested,1730763996470809114,"$1,529.40",H&M Fine-knit one-shoulder top,1732417424863760689,1157.41,"Squishy Cheese Block - Yellow, moldable fidget Toy with Squeeze Feature, Ideal for Play and Relaxation Giant Cheese Squishy Moldable Non-Rebound & Slow Rebound Fidget Toy| Viral ASMR Stress Ball Glutinous",1732443188156207689,951.19,Halara Flex High Waisted Pockets Rolled Hem Wide Leg Washed Casual Jeans #SwimWeek,1729541335060091172,843.13
ellencherry_,Womenswear & Underwear,"$4,845.91",Menswear & Underwear,"$3,050.26","3 pack sports shorts, breathable running exercise, workouts, and everyday casual Seven quarter pants",1729482331289785797,2964.28,"Inno Mint Women's High Waisted Booty Lifting Shorts, 4-Way Stretchy Nylon Spandex with BBL Effect for Gym Workouts, Gym Clothes Women, Elastic Waist Shorts",1732309284824846435,"$1,770.75","EVALESS Women's High Waisted Shorts Jean Stretchy Casual Fashion Trendy Double Button Fly Denim Shorts  Deals For You Days summer outfits,back to school shopping",1732327405008228514,589.77,"Hanes Originals Comfywear Women's Pajamas Set, Sleep Top & Shorts, Loungewear",1732287349150553060,526.78,"Women's Circular Folded Metal Cuff Bracelet - Irregular Wavy Design, Minimalist Elegance, Versatile Distinctive Accessory, Bracelets Jewelry, Elegant Jewelry, Minimalist Bangles, Elegant Jewelry Bracelet",1732199720004063308,366.46
emileys.drafts,Beauty & Personal Care,"$1,565.69",Sports & Outdoor,$106.51,NuDerma Professional High Frequency Wand by Pure Daily Care with Argon & Neon Applicators Anti-Aging and Anti-Acne,1729401883758137709,594.64,"Lattafa Yara Women's Perfume, 3.4oz(100ml) Oriental Mix Fragrance, Fresh Long-Lasting Perfumes for Women with Tropical, Fruity & Vanilla Bean Notes, Fragrances",1729392338954654602,$286.30,"Soft by Al-Rehab EDP Spray, 35ml",1729409282815661014,200.51,PHLUR Vanilla & Cream Duo - Vanilla Skin + Heavy Cream Full Size Body Mist Set (2 x 8 fl oz),1730389890004193537,136,"Kabuer Women's High-Stretch Knit Sleeveless Workout Dress - Crew Neck, Solid Color, Ruffle Side Slit, Built-in Shorts, Machine Washable, Sporty Chic Women's Dresses for Yoga, Tennis, Short Dress For Women, Knit Fabric",1729593772489216836,106.51
errrcat,Womenswear & Underwear,"$140,698.69",Beauty & Personal Care,$436.01,Lacsper Daisy Floral Lace Minimizer Bra Unlined Unpadded Full Coverage Plus Size Underwire Breathable Mesh Cup Comfort Support for Women,1731589895165612280,47630.55,HSIA Mermaid Scales Sexy Lace Plus Size Unlined Underwire Bra for Women Full Coverage Minimizer Bra Lifting Daily Large Bust Bras Lightweight Breathable Comfort Back Smoothing Bra,1729413206647607494,"$15,377.28",HSIA Seraphina Air Light Breathable Sheer Mesh Halter Bra Plus Size Summer Unlined Full Coverage Bra Underwire Support Non Padded Bra Lightweight Convertible Multiway 5-Way Wear Front Adjustable Detachable Straps Comfort Everyday Womenswear,1731847863188230342,11664.08,HSIA Enchante Floral Lace Plus Size Underwire Unlined Unpadded Minimizer Full Coverage Bra Women's Wear Comfortable Breathable Mesh Cup,1729416814995542214,10705.99,Lacsper Daisy Floral Lace Comfort Bra Plus Size Minimizer Full Coverage Underwire Supportive Under Band Non-Padded Unlined,1729488258047710456,7308.05
everydayaudur,Computers & Office Equipment,$369.45,Womenswear & Underwear,$315.74,"TIMETOME Reusable Grooved Handwriting Workbook for Kids, Learning Materials, 6 Books–Early Elementary, Covers Math, Words, Drawing –Gift for Children Preschool Alphabet Tool Classroom Supplies，summer learning workbook",1731199102360326543,369.45,"SNOWY Sticky Inserts - Instant Lift & Boost, Washable & Reusable, Outfit Enhancer",1729420460993712801,$315.74,Zulay Kitchen Cozy Throw Blanket for Lounging with Gift Box,1729408004716859453,310.56,"Musky Musk, Dossier, Women, 50ml-100ml, Eau De Parfum, Musk",1729436417962316512,144.7,"Montessori Busy Board for Toddlers Ages 3-5, Portable Sensory Activity Board with Buckles, Zippers & Life Skills, Screen-Free Travel Toy for Airplane, Road Trip & Preschool Learning",1729680469600015157,98.96
ez.influence,Beauty & Personal Care,$628.81,Womenswear & Underwear,$302.19,Honeylove SuperPower Short - Level 5 Maximum Compression Shapewear,1732150410088911260,220.96,"Wavytalk Jet Brush Dual Voltage Ionic Hair Dryer Brush, Reduces Damage, Anti-Frizz Straight Hair, Curls and Blowouts",1731711049245954200,$147.78,"[KNEMO Official] LipLock Duo - Vegan Rose PDRN, Carrot Collagen, & Pillow Peptides - Long Lasting Hydrating Plumping Glossy Mask - 15 mL in Peach Muse, Grape Crush, Pink Flan, Crystal Clear",1731320855693791687,128.08,"ALOHA Key Lime Protein Bar | 12 Bars | 14g Plant Protein, 4g Sugar | Certified USDA Organic, Vegan, Gluten-Free | Tastes Like Dessert + Healthy Snack",1732353000921076078,126.37,Honeylove SuperPower Girl-Short - Level 5 Maximum Compression Shapewear,1732150419561419164,81.23
findingbestdeals,Beauty & Personal Care,"$40,132.40",Home Supplies,"$2,716.02",BellaVita Luxury's Too Sweet Too Sexy | 2x100ml Perfumes | Honey Oud & White Oud | Perfume for Men & Women | Long Lasting | Eau De Parfum | Super Brand Day Exclusive,1729914551358952374,15784.5,Bellavita Luxury White Oud Eau De Parfum 100ML | Elegant Unisex Perfume for Women & Men | Fresh Spicy Oud Fragrance | Long Lasting Luxury Scent | Women Perfume Gift Set,1729413119628710838,"$10,014.83","[Laka] Magic Lip Fixer — 2-Min Transfer-Proof Glow Lip Top Coat with Lightweight, Non-Sticky Hydration",1732480894978592873,3731.24,Aqua Eve Women Two Piece Bikini High Cut Swimsuit Triangle Bathing Suit Sexy Bikini Set,1729484867211006303,2466.99,Women's Retro Y2K Oval Cat Eye Sunglasses Fashion UV Protection Trendy Sun Glasses,1732348339701846789,2383.73
foodfashionfun12,Food & Beverages,"$6,305.29",Health,"$1,462.94","Upline Instant Loaded Tea Mix - Single Pack Multi Flavor, High Caffeine Content, Low Calorie, Low Carb, Sugar-Free, Aspartame-Free, Lightly Carbonated",1730095662343492362,1505.5,6 Pack - Drizzilicious Lemon Cake Mini Rice Cakes - New Flavor,1732273380351316759,"$1,020.57",Liquid I.V. Sugar-Free Hydration Multiplier - Lychee Sorbet - Hydration Powder Packets | Electrolyte Powder Drink Mix | Convenient Single-Serving Sticks | 8 Vitamins & Nutrients | 1 Pack (14 Servings),1732438362134843607,645.15,Pokemon Pokopia for Nintendo Switch 2,1732276119730885575,608.07,Swag & Swig Mystery Bag,1732511404663411637,340.54
freekbass,Toys & Hobbies,$134.04,,,"【Crazy Discounts】LEKATO JA-05G Mini Electric Guitar Amp 5W Upgraded, Portable Guitar Audio Amplifier Bluetooth with Built-in 4 Effects, Clean Distortion Overdrive Reverb, Rechargeable Small Guitar Amp for Practice, A Must-Have for Professional Guitarists",1729458600032440947,109.61,"【Guitarist Must Have】LEKATO LGS-2 Adjustable 3"" Wide Padded Guitar Strap with 6 Picks,2 Safety Strap Locks & Pick Holder Set,Comfortable  Nylon Memory Foam Protect Back & Shoulder, Electric Bass Guitar Strap Belt, Music Player Lover Singer Christmas Gift",1729436307417371251,$24.43,,,,,,,,,
gabbrieluh,Home Supplies,"$1,820.60",Womenswear & Underwear,$928.47,"Clear Acrylic Stackable Storage Box – 13 Drawers or 26 Drawers Bundle – Dustproof for Bathroom, Vanity, Pantry, Office, Laundry",1732415277732761833,658.04,"Ommig Women's Parachute Wideleg Pants Baggy Y2K Elastic Waist Wide Leg Track Pants Trousers Casual,summerwins,back to school shopping",1729585507777548858,$451.11,"Foldable Stone Bath Mat Super Absorbent Diatomaceous Earth Mats Non-Slip 23.6 x 15.5 Inch Quick Drying Mat Compact Easy to Store Grey - Pad, Light, #SummerVibes",1729496554588247125,353.89,"MontVoo Floral Pattern Decorative Rug Mat, Washable Bohemian Area Rug, Vintage Cottage Style, Non-Slip TPR Backing, Soft & Easy-to-Vacuum for Living Room and Bedroom summerwins,back to school,dorm essentials,home decor,home essentials",1731076224681808045,280.94,"LEVAO Women’s Seamless Panties Set - 3/6 Pack Breatheable Thongs, No Show G-String, Built-in Padded Strap Anti-Cameltoe Underwear for Workout Yoga, Fabric, Fashion Comfy Underwear, Built-In Padded Strap Thongs, 6 Pack Multicolor B, Minimalist",1731458253242208366,265.76
grayson.finks,Luggage & Bags,"$116,376.41",Womenswear & Underwear,"$25,750.78","Women's Striped/rhombus/leaf/dot Cloud Handbag, Clip Closure Crossbody Bag, Lightweight Foldable for Daily Use, Gifts for Friends and Valentine's Day",1732227985172828427,116162.84,Women’s V Neck Poncho Tops Batwing Sleeve Solid Color Loose Fit T-Shirts Blouses,1731080116594839788,"$2,699.84","FDR Big Hood Eases Social Anxiety Hoodie for Men & Women High Neck Zip-up Sweatshirt Essentials Minimalist Heavyweight Hoodies Casual Longsleeves Top Embroidered Unisex Vintage Pullover Perfect for Daily Wear,Sports, Zip Up Hoodies, Plus Size",1731792281832821214,2607.9,"Women Vintage Camo Print Drawstring Waist Capri Cargo Bermuda Shorts, Multi Flap Side Pocket Loose Baggy Calf Length Utility Cropped Pants, Adjustable Ankle Tie Cuff Wide Leg Camouflage",1732455339904897293,2560.46,FAIABLE Unisex Hoodies Pullover Oversized Hoodie Plush Fleece Hooded Sweatshirt Vintage Heavyweight Hoodie Cotton Big and Tall Hoodies for Men Couples Winter Autumn Workout College Streetwear Sweaters Casual Long Sleeve,1729439597925077349,890.1
hanaisfinechina,Womenswear & Underwear,"$44,045.39",Beauty & Personal Care,"$6,411.86",LUCKMEEY Womens Strapless Front Closure Bra Push Up Lift Bra Padded Add Cup Non Slip  Anti-Slip Grip & Removable Straps Fit Outfits Wireless Supportive  Seamless Comfortable,1732282937141662165,24749.92,BOOMBA Magic Padded Sticky Bra - Patented Sticky Fashion Bra Inserts,1729459877607019435,"$5,330.46",tarte colored clay CC undereye corrector,1729734769623929788,4732.84,LUCKMEEY Womens Strapless Front Closure Bra Push Up Lift Bra Padded Add Cup Non Slip Anti-Slip Grip Wireless Supportive  Seamless Comfortable Tube Jelly Bra A B C Cup Spandex,1732453577414382037,2998.45,HSIA Starry Night Balconette Bra with Wider Padded Straps for Women Plus Size Shimmer Underwire Bra 4mm Lightly Padded Demi Bra Full Coverage Lifting Support Back Smoothing Natural Push Up Daily Large Bust Bras,1729596177708650694,1939.21
happyhealthyabbie,Home Supplies,$620.08,Health,$310.72,"Sima Japanese Hexagon Silver Ion Antibacterial Bath Tool - Shower Back Loofah, Body Exfoliating Scrubber, Cleaning Towel, Bath Sponge for Deep Clean, Smooth Skin, All Skin Types",1729444042329723095,601.17,"SEEQ Clear Protein Powder - 22g Whey Isolate Per Serving - Zero Sugar & 0 Lactose - Post Workout Fitness Nutrition - On-The-Go Sticks - Blue Razz Freeze, Strawberry Lemonade, Watermelon Wave - Healthcare - Muscle Supplement- Gluten Free, Caffeine Free,sum",1731241322014675806,$207.38,SEEQ Trial Bundle 2-count - Clear Protein Powder - 22g Whey Isolate Per Serving - Zero Sugar & 0 Lactose - Post Workout Fitness Nutrition - On-The-Go Sticks,1732073972480709470,70.56,Cookie Granola Variety Pack (4),1731749367316517691,65.64,Brooklyn Brownie Baking Pan,1729491522968851142,63.97
hayleyyrichardson,Furniture,$159.29,,,"Modern Criss Cross Armless Ergonomic Chair - Wide Swivel Seat, Adjustable Height, No Wheels, Cross Legged Design, Home Office Desk Use, Ideal Christmas Gift",1731192577614058154,159.29,,,,,,,,,,,,
hkapproved,Beauty & Personal Care,"$39,417.94",Health,"$27,231.65",Sand Cloud | Towel Bag 2 in 1,1732221346435469494,13418.72,"[Jeffree Star Pick] Oganacell PDRN Peptide Gua Sha Lifting Gel Cream for Jawline Definition, Face Sculpting & De-Puffing, Firming & Elasticity Care for Dry and Sagging Skin, Glass Skin Glow, At-Home Facial Care | Korean Skincare",1732256192563614654,"$13,082.74","Nello Superbalance Hormonal Support Drink Mix, 20 Travel Packets, SRI-81 Shatavari, Myo-Inositol, Rhodiola Rosea, Vitamin C, Magnesium, Theobromine, Vitamin B6/C",1729499864890250680,12934.72,"[Beauty of Joseon Official] Daily Tinted Fluid Sunscreen 50mL | OTC Certified, SPF, Broad Spectrum Protection, Mineral based Sunscreen, Makeup",1730890891608691121,9708.18,Sand Cloud | Cover Up,1732266221280202934,9287.03
hleigh74,Womenswear & Underwear,"$9,492.51",Luggage & Bags,"$2,356.82",Wenrine Women's Summer Mini Dress Casual Short Puff Sleeve V Neck Color Block Loose Beach A Line Dresses with Pockets,1729478358881703700,3375.5,Halara Flex™ High Waisted Back Side Pocket Slight Flare Work Pants,1730610175817126015,"$1,989.44","Tacvasen Women's Basic Cardigan Sweater, Lightweight Fitted Solid Knit Zip-Up with Crew Neck and Longsleeves,back to school,back to school shopping, Knitwear, Piece",1732194110400270350,1472.02,LikeMyChoice 2-Piece Elegant Set Chic Mock Neck Halter Top & High-Waisted Wide-Leg Pants | Trendy Old Money Aesthetic Outfit for Summer Vacation & Office Womenswear Clothes,1732348442832900253,956.32,"EVALESS Women's Boho T Shirts Tops Casual Loose Stretchy Ribbed Shirts Crew Neck 3/4 Sleeve Floral Print Patchwork Blouses 2026 Trendy Spring Summer Outfits  Deals For You Days summer outfits,back to school,back to school shopping",1729474401476514978,812.57
honestamandafinds,Household Appliances,"$7,056.45",Beauty & Personal Care,"$6,174.62","【Deal】Office Chair, Mid Back Computer Ergonomic Mesh Desk with Larger Seat, Executive Height Adjustable Swivel Task with Lumbar Support and Armrests",1729410623605084883,2748.45,"Portable Mesh Nebulizer with Auto-Cleaning, Whisper-Quiet Operation & LED Interface, Rechargeable Handheld Mist Device for Adults & Kids, Rechargeable Mesh Nebulizer, Usb Rechargeable Nebulizer",1732030002800857779,"$2,704.44","ARTFLAMM Propane Torch Weed Burner Kit with Storage Bag, Weed Torch with 10 FT Hose, Self Igniter Weed Flame Torch for Fire Pit, Roofing(Propane Tank Not Included)",1729713954472104357,2283.15,"31-Gallon Outdoor Trash Can, A Concealed Trash Can with A Lid and Drip Tray, Made of Easy-To-Clean Resin, Suitable for Home and Garden Use, Black,Summervibes Plastic Bin Waterproof Garbage Bin",1732294873886921071,2223.6,"Educational Insights Dice of Fury Fast Paced Family Dice Game, Toy Gift for Boys & Girls, Teens & Adults, Ages 7-107",1729410552033153862,2132.25
honeyquiche,Womenswear & Underwear,"$760,706.68",,,Eleplus 3 Pieces Lightly Lined Wireless Bras for Women Comfy Plunge T Shirt Bra Pack Style Womenswear for Everyday & Bridal Events #SummerVibes,1731831726131155211,205596.23,DOBREVA Women's Unlined Balconette Bra No Padded Underwire Supportive Plus Size Smooth Scoop Neck,1731395246467027235,"$142,302.07",OEAK Women Non-Slip Bandeau Bras With Comfortable Strapless Bra Seamless Wireless Tube Top Soft Wireless Bra,1731622604082024678,72485.15,OEAK Women Jelly Bras Wirefree Full Coverage No Underwire Everyday Bras Comfortable Wireless Padded Tshirt Bra,1731406217255686451,58446.14,INLYRIC Women's Inbarely Triangle Bralette Plunge Unlined Seamless Bra No Underwire Sexy Comfortable Everyday Seamless Fit Bra Summer Bra,1731711189670924528,53206.08
iamashleyyancy,Shoes,$82.42,Sports & Outdoor,$53.30,AZALEA WANG HALINA BLACK SNAKE THIGH HIGH BOOT,1731586314527412483,82.42,CUPSHE Hourglass Sculpting Mesh One-Piece Swimsuit | Deep V Neck Tummy Control Monokini  swimwear | Chic Halter Back Sheer Bathing Suit for Pool Party Glam Bathing suit #summerfinds,1729433878131282648,$33.31,Aleumdr Women's One Piece Swimsuit Ruffle Cutout Swimdress Tummy Control V Neck Wrap Swimwear Swimming Sport Clothing Beach SwimWeek Vacationoutfits Summerstyle,1730138223027655054,19.99,Project SuperHuman DreamOn Sleep Optimization Gummies 8-in-1 Formula for Restorative Sleep & Stress Relief Natural Mushroom Wellness Gummies Raspberry Flavor 60 Gummies,1731442853999055530,19.14,Comfrt | Minimalist Hoodie | Super Soft Slightly Weighted Mega Hoodie,1729505773514822531,0.01
itschlospamm,Health,$15.03,,,"Xero Picks Sugar-Free Sweet-Flavored Toothpicks - Healthy Snacks with Strawberry, Peanut, Cotton Flavors for Candy Cravings (Health & Wellness Supplement Alternative)",1729746521242374199,15.03,,,,,,,,,,,,
itsgenise,Beauty & Personal Care,"$35,554.53",Virtual Products,"$5,116.88",Bratz x Glamlite Lip Kits,1732039774371222265,22770.76,"Icon Rechargeable Travel Power Toothbrush - Oral Electric with Soft-Touch Handle, Travel Case, Smart Timers, Mint Green, ADA Approved - Dental Cleaner | AquaSonic",1729442291598922514,"$5,279.98","PlayStation eGift Card | PS5 & PS4 Games, PS Plus, DLC & PSN Wallet Funds",1732347574006223439,5116.88,"Bellanomi Kiddies African Net Sponge soft texture for gentle daily cleansing, quick drying, mini size",1732223023251951793,2355.93,One A Day Women's Multivitamin Gummies Dietary Supplement 170ct,1732207945768276017,1152.96
itsivanilsaa,Phones & Electronics,"$3,848.80",Womenswear & Underwear,"$2,694.52",Xtra Muse Vlogging Camera with 1'' CMOS 4K/120fps Videos 3-Axis Gimbal Stabilizer Fast Focusing Face/Object Tracking Portable Handycam Camcorder,1731831763391320673,3194.65,Xtra Muse Vlogging Camera  with 1'' CMOS 4K/120fps Videos 3-Axis Gimbal Stabilizer Fast Focusing Face/Object Tracking Portable Handycam Camcorder,1732295657254392417,$654.15,MASKERT Women's Sports Jumpsuit Tummy Control Butt Lifting Fitness Activewear Sports Outfits for Yoga & Gym summerwins,1731534753129664936,642.49,"Naturium The Exfoliating Body Bundle, KP Body Scrub & Mask and The Smoother Glycolic Acid Body Wash",1729790610478043542,534.16,"GLOWMODE 2PCS Slim-It BBL Jacket & 4""3 Crossover Bike Shorts Bundle Set",1730933987551318435,484.82
itsjesslaw,Furniture,$699.78,,,"[SummerSale]【Ships in 2 Boxes】AMERLIFE Murphy Bed with Storage & Charging Station, Farmhouse Murphy Cabinet with Foldable Panel, Noisy Free, for Guest Bedroom, Living Room, Office",1729891448764404480,699.78,,,,,,,,,,,,
itsmakenzietaylor,Sports & Outdoor,"$3,099.00",Womenswear & Underwear,$959.45,【Creator’s Pick】Halara Flex DayStretch High Waisted Pocket Straight Leg Work Pants #SwimWeek,1729418999352693028,1539.6,【Creator’s Pick】Halara Flex High Waisted Pocket Wide Leg Waffle Work Pants,1729408758258766116,"$1,016.54",UANEO Women's Cotton Linen Summer Palazzo Pants Flowy Wide Leg Beach Trousers with Pockets Casual Womenswear SummerVibes,1729500171796910389,483.21,Halara Flex DayStretch High Waisted Pocket Straight Leg Work Pants #SwimWeek,1729535261465612580,170.57,Gazelle Denim Skort Mid Wash,1729545235822318181,91
itsmekaycee77,Womenswear & Underwear,"$19,501.82",Shoes,"$9,982.13",Fisoew Quarter Zip Pullover Women Moisture-Wicking Oversized Sweatshirt Lightweight Workout Athletic Pullover Jacket #SummerVibes Sun Protection Jacket Gym Sweatwear Casual Sporty Top and set,1732097229565562930,6141.22,Travel Glasses Case,1731689486158565813,"$5,810.14",Gap Women's VintageSoft Terry Relaxed Joggers,1732269269965181558,4379.55,"PAVOI 14K Gold Plated Pear Cubic Zirconia Tennis Necklace for Women – Tennis Chain Necklaces – Sizes 15"" and 18""",1732047024211857928,3864.54,Naturalizer Womens Tressa Flip-Flop - Medium & Wide Width,1732210623064674780,2843.92
itsshaymonet,Womenswear & Underwear,$96.10,,,2-Pieces Womens Steampunk Corset Skirt Set MILALEE Retro Corset Top with Matching Skirt Perfect for Halloween Pirate  Renaissance Themed Parties 8105/2836/8103/2837/8107/7056,1732220591177110402,53.99,Leaving Now Skirt Set - White,1730026309811934056,$42.11,,,,,,,,,
ivannajackson,Beauty & Personal Care,$31.59,Health,$22.34,"Salud 2-in-1 [Hydration + Immunity - Piña Colada] Electrolytes Powder, Agua Fresca Drink Mix, Elderberry, Dairy & Soy Free, Non-GMO, Gluten Free, Vegan, Low Calorie, 1g Sugar (15 Servings)",1732217669961683946,22.34,"Z:SEA Peptide Neck Firming Cream with Cooling Roller, Fast-Absorbing Moisturizer for Crepey-Looking Skin, Fine Lines, Neck & Décolletage, 5.29 oz,travel essentials,sunscreen",1730766537478083564,$21.84,"summervibes Men’s solid color shorts, men’s bermuda shorts, athletic casual shorts with a belt and pockets, breathable summer casual wear for men, summer shorts, spring new release",1732299450415354599,18.99,COLORGRAM NUDE BLUR TINT | K-Beauty Makeup | Soft Matte Lip Stain | Powdery Finish | 2-in-1 Lip & Cheek | Lightweight & Buildable I summervibes,1732203813452157169,9.75,,,
izwakeup,Womenswear & Underwear,"$2,389.92",Sports & Outdoor,$271.70,"BOOMBA Ultra Boost Inserts | Patented Sticky Fashion Bra Inserts | Increase 2 Cups | Outfit enhancer | Perfect For Dresses, Bikinis, Tops | 40+ Uses Per Pair",1729536675865924523,2139.75,"Women's Solid Wireless Sports Bra, Strappy Workout Bra, Sporty Breathable Comfortable Bra, Ladies Sportswear for Yoga Gym",1729621169378725931,$250.54,BOOMBA Invisible Lift - Patented Sticky Fashion Bra Inserts Prevents Nipple Slips No Sewing Required Low Cut Tops Womenswear,1729451034361697195,155.19,Plunge Perfection Padded Bra,1731927015181161387,55,FeelinGirl Seamless Covered Bust Jumpsuit Thong Bodysuit Fit Comfort Slimming  Womenswear 1 Breathable Hip Tops Soft  Deals For You Days Body Hugging bodysuit shapewear Summervibes,1729385924624749041,39.98
jacobien233,Fashion Accessories,"$4,033.43",Beauty & Personal Care,"$2,711.24","2 pair Earring  18K Gold Plated Set for Men and Women. Features VVS - cut round and square gemstone earrings. These delicate, elegant and stylish accessories are for pierced ears.TikTokShopBlackFriday",1731134599855640824,2874.5,"Be Bodywise Advanced Hair Density Roll-On Serum 25 ml | 5% Saw Palmetto, 3% Rosemary, 1% Caffeine Herbasome & 3% Fenugreek | Scalp Serum for Reduced Hair Fall | Men & Women",1730986220018765913,"$1,278.61",YADOCA Hypoallergenic Stud Earrings for Women Men Silver Earrings for Sensitive Ears - 6/8/10mm Cubic Zirconia Earrings Studs-Gold Plated Simulated Diamond CZ Halo Earrings 2/4Pairs Flat Pierced Jewelry accessories,1731138348768661693,1143.15,Hard Bottom Backseat Extenders for Dogs with Door Protection,1731884838482449080,1041.75,"Night Light, Night Lights Plug into Wall 6-Pack, Plug in Night Light, Dusk to Dawn Nightlight Led Night Lights for Bedroom, Bathroom, Hallway Warm White Home Lighting",1731513459800576890,728.1
jaimehillathome,Household Appliances,"$14,235.61",Kitchenware,"$10,608.97",DynaTrap 1/4 Acre Solar Mosquito & Insect Trap,1732395147583656903,9696.86,"5 Pack Fridge Organizers and Storage - Stackable Fruit Storage Containers for Fridge with Removable Colander, BPA-Free Food Storage Container for Salad Berry Lettuce Vegetables Meat Keeper Fresh",1729625334552039750,"$6,315.00","SONGMICS Polyester Modern Laundry Basket - Easy Assembly, with Lid and Handles, Removable Inner Bags, Home Accessory, Household Items, Laundry Organization Containers",1731615390955115066,4812.59,Comfrt Paws | Camo Hoodie | Soft Matching Camo Pet Hoodie,1730274052968649603,3694.89,"【Summer Sales Deals】Monbix Queen Comforter Set - 7 Pieces Cationic Dyeing Olive Green Bed in a Bag Comforter Sets with Double Sided Storage Pockets, Sheets, Pillowcases & Shams, microfiber,Reversible Bedding Comforters Sets",1731734059290890871,3070.71
jakenglish1,Household Appliances,"$2,693.15",,,"Antarctic Star Countertop Nugget Ice Maker, Self-Cleaning Portable Ice Machine, 33 lb/24H, 1.8L Water Tank, 1.5 lb Ice Storage, Touch Screen & Auto Ice Drop, for Home/Office/Kitchen",1732193577098711459,2693.15,,,,,,,,,,,,
jalisasahm,Phones & Electronics,"$27,823.72",Beauty & Personal Care,"$25,760.53",Xtra Muse Vlogging Camera with 1'' CMOS 4K/120fps Videos 3-Axis Gimbal Stabilizer Fast Focusing Face/Object Tracking Portable Handycam Camcorder,1731831763391320673,23584.39,PASCAL Timeless Classic Diamond Watch for Women & Men 31mm & 36mm with White Lab-Grown Diamonds Swiss Ronda 763 Quartz Movement Stainless Steel Bracelet Everyday Luxury Gift,1732063642461639260,"$12,779.26","[TikTok Exclusive Offers] HANYWIL New upgrade Body Glitter, Glitter Spray for Hair and Body, Spray, Hairspray Clothes, Long-Lasting Shimmer Suitable Stage, Festival Rave Makeup Prom 2.11 Fl Oz Cosmetic Daily",1729611338809577595,10223.28,"Noledome Cruise Essentials 2026- Cruise Must Haves Kit with Non-Surge Protector Power Strip, Lanyard with  ID Holder, Magnetic Hooks, Luggage Tag Set, Towel Bands, Waterproof Phone Holder - Travel  Essentials,back to school shopping",1731440518098620786,8003.28,"Westmore Beauty Body Coverage Perfector Twin Pack + X-Large Body Brush - Flawless Body Makeup, Concealer for Scars, Spots, Veins, Tattoos and More Blend Cosmetic",1732306312011354295,6064.59
jaslovesreviews,Sports & Outdoor,"$1,891.16",Womenswear & Underwear,$453.17,"New Barefoot Magic Claw Five Finger Shoes Home Essentials Sock Shoes Multi-Purpose & Ultra-Portable Water Footwear,back to school,back to school shopping,travel essentials,camping essentials",1732415676725891077,586.81,Highly Motivated Stretch Bootcut Jeans - Tan,1731835467496788840,$377.06,Divra High Heel Sandal in Cherry Mahogany,1732436536178151947,356.32,Vibram FiveFingers Yoga Shoes Women's V-Soul Sneaker,1732391244363043835,332.59,Women's Five Finger Shoes Indoor Fitness Running Yoga Pilates Dance Soft Bottom Non‑Slip Quick‑Dry Breathable Mesh Shoes,1732413881348690412,268.2
jasmineashley22,Beauty & Personal Care,"$82,704.40",Womenswear & Underwear,$569.76,INIA CURVIFY EMS Booty Lift & Sculpting Shorts: Multi-Mode Microcurrent for Glute Sculpting & Pelvic Floor Support (Visible Results in 2-4 Wks),1729479457563251986,75436.56,[medicube] PDRN Pink Collagen Gel Mask 4 Sheets Salmon DNA Color Changing Pink Glow Collagen Facial Mask Korean Skincare,1729573439193649387,"$3,890.42",Blackhead Remover Pore Vacuum USB Rechargeable Blackhead extractor Boyfriend Gifts Men gifts Best Gift Ideas Skin Facial Cleaning Silicone Face Cleaning   Electric Acne Removal Tool,1730289864096518527,847.43,"INIA TURBO All-in-One Wearable Body Sculpting Belt, 3-Engine Synergy: 1000+ RPM Vibration, Bipolar EMS, Red/NIR Light & Heat for Core Toning & Waistline Sculpting, Smart Wellness Gift for Women",1732374097092907282,829.14,"Floura Variety Pack Fiber Bar 12-Pack - 15g Fiber, Fruit-Forward, Gluten-Free, Snack for Wellness On-The-Go",1730802950933090640,402.57
jasminebrownie1,Sports & Outdoor,"$16,880.95",Womenswear & Underwear,"$2,021.37","New Five-toe Yoga Shoes with soft soles, non-slip, for dance training, indoor fitness, Pilates, women's balance, breathable split-toe shoes shopping, travel essentials, camping essentials",1732512308100436343,4740.05,VV-you knowFivefingers Men Shoes for Dance Gym Fitness Workout Yoga Pilates Summer Vibes Home Equipment Capacity Lightweight Breathable Non Slip Barefoot Training Athletic Running Walking Casual Outdoor Indoor Use,1732513507935818574,"$4,727.19",Highly Motivated Stretch Bootcut Jeans - Tan,1731835467496788840,1939.56,Vibram FiveFingers Yoga Shoes Women's V-Soul Sneaker,1732391244363043835,1615.88,"Five Fingers Barefoot Yoga Shoes, Wide Toe BoxMinimalist Training Footwear For Men & Women. Soft Flexiblesplit Toe Design Offers Great Comfort. Perfect For Pilates,Dance, Fitness Workouts, Gym Training And All Indoor Sportsactivities.,porta,slip-resistant",1732524433929506923,1465.33
jasminekajdic,Beauty & Personal Care,$4.56,,,"Volumized False Eyelashes, Easy Diy Eyelashes, Diy Dramatic Lashes, 7 Pairs Faux Cluster Lashes, Diy Lashes Cluster, Natural Curling Eye Makeup Strip Lashes, Full Volume Eyelash, Lash Clusters for Eye Makeup Enhancement Cosmetic, False Eyelash Extensions",1729425814053621883,4.56,,,,,,,,,,,,
jaxandbrynco,Beauty & Personal Care,"$59,446.74",Jewelry Accessories & Derivatives,$300.39,No Limits Cream Bronzer Stick,1729385764072624843,7350.84,tarte x FINNSUL flutter & focus set + CC undereye - FREE tartelette XL tubing brown mascara & FINNSUL electrolyte supplement,1732304102086054844,"$3,201.99",HAUS LABS Triclone Skin Tech Foundation | Medium Coverage Hydrating Longwear Foundation,1729459054639420316,3137.64,"e.l.f. Prep, Set, Glow Trio - Grip Primer + Rosé Setting Spray + Brightening Powder Quad for Long-Lasting Radiance",1732423768039330083,3042.06,Mario's Essential Brush Kit,1732025198420267276,2686
jdubshopfaves,Shoes,"$53,365.88",Sports & Outdoor,"$17,982.51",HEYDUDE Austin Edge - Comfortable Slip on Platform Mules for Women,1731976739616559664,19763.45,NIKE V5 RNR Womens Shoes,1731375385380360629,"$13,907.36",Womens Carolina Lace-Up Espadrille Natural Leopard Spots,1732322892893622578,11729.83,Dr. Scholl's Women's Joplin Fashion Boot,1731896531264573800,6310.71,Womens Marin Slide Sandal Almond Crochet,1732322892582916402,3912.95
jeca050709,Womenswear & Underwear,$346.72,Home Supplies,$250.50,"Women's 2-Piece New Cotton Floral Print Short-Sleeved Fitted Pajama Set with Pockets, Elegant and Casual Loungewear, Fashionable and Comfortable Shirt and Pants for All-Season",1731429587015340904,289.32,"2 Pcs 3ft Artificial Hydrangea Flower Pot, Realistic Silk Hydrangea Flower Tree with Decorative Pebbles and Planter, Suitable for Home, Office, Patio, Porch, Indoor and Outdoor Decoration",1729503378327246628,$117.56,"2 Pcs 3ft Artificial Hydrangea Flower Pot, Realistic Silk Hydrangea Flower Tree with Decorative Pebbles and Planter, Suitable for Home, Office, Patio, Porch, Indoor and Outdoor Decoration",1729503360119576356,94.98,"Two-piece Women's Patchwork Bikini Set, Casual Fashion Chic Swimsuit Set for Beach Vacation, Ladies Swimwear for All Seasons, Swimsuit Style Bikini, String Swimsuits, Swimwear Sets",1731022338204995959,81.72,"Women's 2-Piece Crab Print Collared Pajama Set, Short-Sleeve Button-Up Top & Elastic Shorts, Casual All-Season Sleepwear, Homewear and Loungewear Set for Home and Party, Pyjamas, Lounge Pajama Style",1732304152881434848,44.67
jenlashay,Luggage & Bags,$985.44,Furniture,$601.82,"4 Piece Luggage Set, Expandable TSA Lock Hardshell Durable Traveling Bag Travel Suitcase Set with Double Spinner Wheels, Luggage Sets (13/20/26/28in) Gift for Back to School summervibes, vacationoutfits,beachoutfits,back to school shopping",1731417503274275134,953.13,"Leopard Print 23"" Stadium Seat with Armrests",1729466611841012572,$601.82,Gurunanda Kid's Water Flosser 200mL - Compact Design for Easy Use,1730664905383710983,506.11,"Home Reflections Indoor/Outdoor S/2 8"" Hanging Lanterns",1731252188274004935,99.96,"Ktc Waterproof Canvas Business Computer Bag - Lightweight, Hangable 25-Inch Laptop Carryall, 23.23x2.36x14.17 In Work Laptop Bag for Office & Travel Use",1731384220184384241,63.98
jenn_lyles,Womenswear & Underwear,"$106,816.43",Sports & Outdoor,"$55,755.13",UANEO Women's Cotton Linen Wide Leg Pants Casual Button Up High Waisted Trousers Loose Comfy Spring Summer Womenswear SummerVibes Bohemian Bottoms Minimalist,1732327476504138037,27873.35,PAVOI 14K Gold Plated Station Necklace for Women - Dainty Choker Simulated Diamond Necklace - Lightweight Womens CZ Chain Necklace,1729555020284072456,"$23,230.57",OYS Women's Elegant Sleeveless Off Shoulder Bodycon Long Formal Party Evening Dress Fabric Polyester,1729580359847875173,17545.51,ATTRACO Women's Seamless High Neck Workout Tank Top with Built-in Bra & Removable Padding for Yoga & Gym Training,1732090036520981103,8350.99,Blooming Jelly Womens Bikini High Waisted Sets Tummy Control Swimsuits 2 Piece Sexy Modest Bathing Suit Swimwear Top #SwimWeek #Summervibes,1732145905502949590,8111.83
jennababiolakis,Sports & Outdoor,$145.80,Womenswear & Underwear,$34.52,"CADMUS Outdoorfun 2 in 1 Women's Spandex Athletic Shorts, Gym Yoga Shorts with Pockets",1729417841849110564,145.8,"Women's Floral Embroidery Contrast Mesh Sheer Sexy Lingerie Set, Sexy Elegant Underwire Bra & Thong Set, Ladies Sexy Underwear Set",1729493255903547450,$34.52,"Naoki Matcha Superior Ceremonial Blend – Authentic Japanese First Harvest Ceremonial Grade Matcha Green Tea Powder from Uji, Kyoto",1729497816305145116,15.73,"Sockerbit Swedish Candy Variety Pack, 5 Bags, Sweet & Sour Gummy Candy Mixes, Foamy Strawberry Dream, Sour Cherry Cola Bottles & Fruity Hearts, Vegan Options & Non GMO, 2.82oz Each Bag",1732424109942411334,11.99,,,
jennamediaco,Sports & Outdoor,$38.15,,,【Creator’s Pick】Halara 2-piece SoftlyZero Airy Square Neck Backless Crisscross Cropped InstantCool Yoga Tank Top-UPF50+ & Super High Waisted InstantCool Yoga Shorts with Pockets Set,1732334422006665508,38.15,,,,,,,,,,,,
jon_wicki_,Menswear & Underwear,$361.50,Food & Beverages,$209.97,Farmer Protein Powder - Third Party Tested,1730763996470809114,209.97,"G Gradual Men's 11"" Inseam Golf Shorts - 4 Pockets, Stretch, Sun Protection, Dry-Fit, Fast Drying, Breathable Wear - Athletic Sports Shorts for Summer Casual Use, Men's Wear, Dry-Fit Men's Sports Shorts",1731584434727719633,$146.95,"6 Counts Men's Premium Ice Silk Quick Dry Athletic Shorts, Luxury Performance Cooling Drawstring Elastic cure Zipper Pockets & Reflective Detail, Designer Loose Fit Breathable Lightweight Workout Shorts for Gym,Quick-Dry Elastic Athletic Shorts Set",1732350122619081191,98.56,"JUNBAOSS Men's Slim Fit Stretch Denim Shorts Ripped Skinny Jean Shorts for Men, Distressed Fashion Straight Comfort Flex Waist Short Denim Jean, Menswear Classic Street Style Cotton Fabric Jean Natural Hipster Personalized Stylish Jeans with Pockets fathe",1729539041067963108,60.99,4-Pack Men's Joggers with Zipper Pockets Lightweight Cuffed Stretch Sweatpants Athleisure Outfit Big Guy Pants Athletic Workout Running Gym Fit for Spring & Summer Fashion,1730805819608699219,41.7
julie_trimble,Womenswear & Underwear,"$26,929.61",Sports & Outdoor,"$12,810.44",YSENTO Women's Camo Cargo Pants Lightweight Hiking Pants Outdoor Quick Dry Casual Travel Sweatpants Joggers Elastic Waist Button Pockets  #Monther's DAY #summervibes #outdoorfun,1732356316412219820,4407.06,"Flamingals Solid Stitch Detail Mid Waist Baby Barrel Fit Deep Pockets Pants High Stretch 26.4"" Inseam Casual Women's Fashion Elevated Basic",1731791880565592149,"$3,492.99","HIITAVE Women's 5 Wide-Toe Lightweight Breathable Water Footwear for Swim, Beach, Yoga - Quick-Dry Barefoot Shoes for Women, Sports Outdoor Sneakers tiktokshopbacktoschool, Swimming Shoes, Pilates, Volleyball, Pool",1729436876485399187,3471.26,WIHOLL SwimWeek Womens Short Sleeve V Neck Dolman Tops with Side Shirring Loose Fit Shirts,1730667156747620726,2151.92,"BALEAF Women's 7'' High Waisted Elastic Waist Hiking Cargo Shorts - Zipper Pockets, Tummy Control, Water Resistant, Quick Dry, Lightweight Stretch, UPF50+ Sun Protection - Athleisure Wear for Camping, Travel, Elastic Waist Shorts, Women's Shorts",1732301450157527881,2038.95
justjess111,Womenswear & Underwear,$276.47,Luggage & Bags,$110.00,Fastlane Wide Leg Cargo,1732299790091391148,202.43,The Vitalize™ Backpack | 30.9 QT,1732430094711558473,$110.00,Women Summer Daily French Fresh Resort Style Ruched Multi-layer V Neck Halter Dress Womenswear Home Outdoor City Regular Trend Casual Elegant Youthful Simple Versatile Textured Temperament Artistic Fit,1732409145563648208,41.86,"COLORLOMO Bye Bye Yellow Color Depositing Purple Shampoo (350ml) - Sulfate-Free Neutralizing Haircare for Blonde Hair, Removes Brassiness, Revives Cool Tones, Cleansing, Floral Scent, Sensitive Skin Safe, Color Depositing Shampoo, Liquid, Huesync Tech, Be",1729503764133286653,36.89,BTFBM Two-Piece Sets For Women Summer Ribbed Strapless Twist Knot Tube Top Pants Set Casual 2026 Beach Vacation Outfits,1732183047282725885,32.18
justjessyxo,Womenswear & Underwear,"$207,521.82",Shoes,"$5,163.49",UTCOCO Women Floral Print Denim Overalls Baggy Barrel Jeans Patchwork Denim Pants Y2k Straps Wide Leg Jumpsuit One Piece,1732448527320977889,38992.31,BTFBM Women's Leopard Print Long Sleeve Sweater Cardigan Loose Knit Open Front Fall Winter Outwear Coats,1729580342280033277,"$16,168.35","Yeokou Womens Baggy Wide Leg Pants Casual Summer Palazzo Pants Drawstring Waist Lounge Pants with Pockets,summerwins Trouser,back to school shopping",1731289192903905778,12927.16,Chouyatou women's wide-leg denim overalls Y2k loose straight overalls jumpsuit,1731887412557484425,11632.48,"Fisoew Womens Pullover Sweatshirt Soft Oversized V-Neck with a Criss Cross Wrap Hem, Long Balloon Sleeve Cropped Casual Loungewear,back to school,back to school shopping, Women's Tops And Blouses",1732416156470251751,9905.26
kaseyas0920,Toys & Hobbies,"$3,433.42",Textiles & Soft Furnishings,"$1,666.15","Boxer Gifts Overstimulated Button – Funny Mom Gifts, Gag for Coworkers or Friends, Silly Novelty for Women, Joke Present for the Easily Overwhelmed Survival Relatable",1731937449440940593,3210.3,Mystery Machine Weekender Bag,1729413004347282266,"$1,326.41","Funny Cow Print Flannel Throw Blanket - Soft, Warm, Breathable Bedding for Office & Couch, Rustic Look Home Decor, Ideal Flannel Blankets Gift for Your Girlfriend, Gf Gift",1732120273123381450,707.79,"Jay Franco Official Harry Potter Honeydukes Chocolate Frog Pillow - 16in Soft Padded Cushion, Blue Plush Pillow, Whimsical Room Decor, Fun Size Unique Gift for Harry Potter Fans",1732276299006448079,251.69,"Dinosaur Design Plush Toy Set, 1 Stegosaurus Stuffed Toy with 3 Small Dinosaurs, Super Soft Fluffy, Cute Plushies for Teens, Pets and Adults, Fluffy Stuffed Cushion, Gift Men and Women, Soft Stuffed Animal",1729427561840742623,207.13
kaseys0920,Home Supplies,"$1,380.82",Shoes,"$1,234.62","Screaming Ghost Sponge Holder with Drainage - Fits Scrub Daddy & Scrub Mommy, Horror Character Figurines, Spooky Kitchen Decor, Gift for Scream Fans",1732303683096384125,1028.77,Western Cowboy Boots For Women Embroidered Over The Knee Tall Boot Pointed Toe Block Heel Side Zipper Lace Up Cowgirl Boots Retro Country Fashion Wedding Party Festival Shoes,1732205631166648845,$784.69,"Jay Franco Official Harry Potter Honeydukes Chocolate Frog Pillow - 16in Soft Padded Cushion, Blue Plush Pillow, Whimsical Room Decor, Fun Size Unique Gift for Harry Potter Fans",1732276299006448079,456.7,Mystery Machine Weekender Bag,1729413004347282266,412.41,Put A Finger Down - Hilarious Card Game for Big & Small Groups | Fun Icebreaker for 2+ Players,1729738436329444209,378.28
kategrauss,Beauty & Personal Care,"$128,919.09",Health,"$8,441.39","[NEW] [medicube] PDRN Pink Collagen Volume Multi Balm | All In One Volufiline, PDRN, NAD Stick for Youthful-Looking, Helping Look of Fine Lines, Firming Care, Anti-Aging Care | For Under-Eyes, Neck, Forehead, Smile Lines, Lip Care | Korean Skincare",1729508370969629931,82035.15,"[NEW] [medicube] NAD+ EGF Firming Gel Mask (4 sheets) | Color Changing Red Jelly Mask | NAD+, EGF, Anti-aging, Plumping, Radiance Boosting |  Hydrogel Mask for Skin Elasticity & Volume |  Overnight Face Mask for Youthful-Looking Skin | Korean Skincare",1732472696408609003,"$28,220.74","[NEW] [medicube] PDRN Pink Collagen Jelly Eye Mask | Hydrogel Eye Patches with PDRN, Collagen, NAD | Refreshing for Puffy, Tired Eyes | Firming for Look of Wrinkles, Fine Lines | Korean Skincare (6/28/50 Pairs)",1732397931521020139,7454.16,Nello Supercalm Calming Drink Mix with KSM-66 Ashwagandha Vitamin D3 Magnesium & L-Theanine Supports Cortisol Balance Mood Sleep 20 Servings Travel Packets Dietary Supplement,1729413027751104952,2662.63,"Arrae MB-1 | Natural Energy, Cholesterol, & Overall Health Support 20-Day Supply| Organic Nutrition Dietary Supplement Healthcare Vitamins Probiotic Blend Edible Fitness",1729560041868333693,2184.4
kategrs,Shoes,$451.19,Fashion Accessories,$10.99,Project Cloud Women's Genuine Leather Sandals | Casual Summer Walking Shoes Footwear | Plush Soft Insole Lightweight Non-Slip – Mayvy,1731581876303794744,451.19,"Unisex Oval Flat-Top Non-Prescription Eyeglasses, Lightweight PC Frame, AC Lens, Fashion Accessory,summer outifit,travel essentials",1731305789720466336,$10.99,,,,,,,,,
kathryn_scoco,Home Improvement,"$56,659.63",Household Appliances,"$31,324.25",VASAIKO 6-in-1 Portable  Detector with Natural Gas & Temperature Humidity Sensors Plug-and-Play Design High-Definition Display Accurate Alerts Ideal for Kitchen Garage RVs Apartments,1732022410216050952,50568.23,"【 2026 newly upgraded】Trucozie T350 Cordless Vacuum Cleaner, 8-in-1 Lightweight Upright Vacuum Cleaner, 45-Minute Runtime, Powerful 33 kPa Suction, Suitable for Home , Hardwood Floors, Carpets,  Pet Hair",1729406319708377732,"$15,605.35","SUSTEAS Manual Cheese Shredder & Rotary Grater with Handle, 5 Well-Designed Stainless Steel Blades, Strong Suction Cup Base, Kitchen Accessories Vegetable Cutting Slicer Tools and Gadgets, Smooth",1729386633884898245,4744.71,"Homemade Coffee Syrup Kit | 4 Embossed Vintage Glass Syrup Dispensers, Saucepan & Recipe Book for Vanilla, Caramel, Brown Sugar & Seasonal Syrups | Coffee Bar Essentials & Gift for Coffee Lovers",1731428280582902292,4599.46,"SOLIGT Glass Salad Jars with Lids, 4 Pack 32oz, Leakproof Container for Lunch - Two Small Built-in Boxes with Wet/Dry Separation for Salad Dressing and Dry Ingredients, Mason Jars for Meal Prep Christmas Gift Ideas #DealsForYouDays",1731141117967504273,4338.59
katrinagmoore,Womenswear & Underwear,"$247,741.07",Shoes,"$14,011.30",Fisoew Women's Bohemian-Inspired Beige Crochet Top with V-Neck #Springtok #summervibes Casual Chic Womenswear Lightweight costco finds this week tops women's clothes flash sale summer tops,1732170110744956978,8518.01,Yimoon 3 Pack Oversized T-Shirts for Women And Men Cotton Long Sleeve Vintage Acid Wash Baggy T Shirts Casual Comfy Tee,1731969225915601915,"$6,478.27","EVALESS Women's Boho T Shirts Tops Casual Loose Stretchy Ribbed Shirts Crew Neck 3/4 Sleeve Floral Print Patchwork Blouses 2026 Trendy Spring Summer Outfits  Deals For You Days summer outfits,back to school,back to school shopping",1729474401476514978,5563.18,Imily Bela Women's Summer Lapel Collared V Neck Striped Dress Casual Puff Short Sleeve Polo Tshirt Dresses with Pockets,1730999348283281599,5432.73,"Women’s Ribbed 2 Piece Lounge Set Short Sleeve Top & Shorts Matching Set for Casual Summer Outfits Soft Knit Fabric with Pockets SummerVibes Womenswear Clothes, Women's Clothes, 2 Piece Sets, Loose, Everyday ,Suits",1732159053397922626,4552.2
kay_caputo,Womenswear & Underwear,"$4,917.39",Beauty & Personal Care,"$4,907.10",LikeMyChoice 2-Piece Boho Lace Set Sexy Halter Crop Top with Bell Sleeves & High-Waisted Wide-Leg Pants Trendy Eyelash Lace Outfit for Summer Festival & Beach Vacation,1732309511639175325,3743.06,"【Star Furniture】Height Adjustable Criss Cross Chair Office Wide Swivel Home Office Desk Chairs Reading Chair,dorm essentials,home decor",1729408738017907174,"$2,355.02","PAVOI 14K Gold Plated Interlocked Stackable Statement Ring for Women – Chunky Multi-Band Double & Triple Ring, Two-Tone Mixed Metals with Cubic Zirconia",1730896012450828808,932.57,Hanes Ecosmart Boys' Tank 5-pack Underwear Multi Pack Comfortable Fit Soft Stretch Fabric Breathable Brlta5,1731045157806380004,895.31,"nuorganic Eyelash Growth Serum (8ML) - Developed by Anti-Aging Scientists, Clean, Prostaglandin-Free Formula for Thicker, Longer Lashes, Daily, Repair, Hydrating, Soothing, Suitable for All Skin Types, Eye Treatment Skincare",1729385520686076431,778.43
kelliecrowther,Beauty & Personal Care,"$169,705.62",Jewelry Accessories & Derivatives,$257.54,tarte summer skin essentials - CC color-correcting tinted serum + creaseless setting powder,1732422500087993276,87012.39,tarte colored clay CC undereye corrector,1729734769623929788,"$49,602.64",tarte Big Stick Energy duo – shape tape concealer stick & brush,1730956811325510588,12659.86,"tarte BB blur tinted moisturizer SPF 30 - instantly brightens, hydrates & smooths your skin",1729584174847071164,5609.94,MONAT Scalp to Ends Duo – Hair Thinning Defense Serum & Split End Repair Treatment Set Pomegranate Fragrance Lightweight Haircare,1731316357881566128,1877.37
kelsi.campbell,Beauty & Personal Care,"$10,154.24",Household Appliances,"$5,592.57","EUHOMY Nugget Ice Maker Countertop, 35Lbs/24H&44Lbs/24H Pebble Ice Maker Machine, Self-Cleaning Pellet Ice Machine with Ice Scoop&basket, Sonic Countertop Ice Machine for Home/Kitchen/Office(Black)",1729533815583904255,5473.59,[Dr.Melaxin Official] Gifted Collagen Boost Set Pore Spot Skin Care Calcium Collagen Volume Firming Balm for Enhanced Skin Health routine,1731997246433955867,"$3,264.99",[Dr.Melaxin Official] Peel Shot Keratin Care Kojic Acid Turmeric Spray 200ml Pore Clearing Exfoliating Formula Skin Repair Scrub,1731572915654201371,1679.25,"[VT COSMETICS] #1 viral PDRN Reedle Shot Hair Brush Serum with Original Liquid Microneedling & PDRN | Large-Capacity Full Scalp Care, Hair Thickening, Fuller-Looking Hair & Daily Root Care | Hairline, Roots, Baby Hair & Dry Scalp | Korean Haircare",1732329137764667781,1112.62,[Dr.Melaxin Official] Radiant Blowout Routine Set | Dark Spot & Peeling Care for a Radiant Korean Glow in a week,1731997189863477275,1037.27
keyajames,Womenswear & Underwear,"$19,769.55",Beauty & Personal Care,"$13,187.61",ANRABESS Women Summer Casual Sleeveless Maxi Dress 2026 Crewneck Loose Split Wrinkle-Free Beach Travel Vacation Long Sundress,1732212292471525705,5042.43,Bur Bur Mermaid Brush - Essential Brush with Ethically Sourced Bristles & Natural Rubber Cushion for Medium to Thick Hair,1729964731527696782,"$3,432.10",Glycolic Acid 7% Exfoliating Toner,1729389167562035209,3134.54,"Women's Knitted Round Neck Drop Shoulder Sleeve T-Shirt, Knitwear, Fashion Casual Asymmetrical Criss Cross Back Tie Top, Spring & Fall Wear",1731474823556141530,3059.02,"Women's Stylish 2 Piece Set - Long Sleeve Zippered Top and Shorts, Fitted Casual Streetwear Outfit with Contrast Stripe, Plussize, Women's Clothes, Tops For Women tiktokshopbacktoschool",1732309899328721260,2567.56
khrisskontours,Beauty & Personal Care,$30.82,,,Mini Easy Bake Loose Baking & Setting Powder,1732455595850568509,30.82,,,,,,,,,,,,
kindafitky,Pet Supplies,$762.77,Sports & Outdoor,$35.98,"【Geoorood】 Geoorood Dog Grooming All-in-One Kit with Vacuum Brush 2.5L Large Pog, Stainless Steel Blades Lightweight Design 13KPa Suction Force Portable Cleaning Set#DealsforYouDays #SummerWins",1729409406800270078,762.77,"MFVIM Women's 2-Piece Sporty Tracksuit Set - Long Sleeve Top & Shorts, Comfortable Athletic Athleisure Wear Sets, Women's Clothes Outfits for Daily Spring & Fall Use,travel essentials,camping essentials",1731913834405924887,$35.98,,,,,,,,,
kristinadunnn,Womenswear & Underwear,"$73,186.27",Sports & Outdoor,"$54,755.63","PUFF Sticky Bra – VIRAL No.1 Push-up Sticky Bra, Waterproof & Sweat-proof Invisible Bra, Reusable Silicone Adhesive Bra for Women, Includes Storage Board & Replaceable Pads",1731492372893241632,23754.25,Aleumdr Women Retro Tankini Swimdress Bathing Suits Two Piece Tankini Tops with Bikini Bottoms Twist Swimwear Sport Swimming Clothing Beach Open Back Halter Tankiniswimwear SwimWeek Vacationoutfits Summerstyle,1730155708834156942,"$11,678.77",Yonique Women Two Piece Swimsuit - Knot Twist Bikini Set V Cut Bathing Suit Teen Bikini,1729491485678212708,6720.83,AnotherChill Women's Low Waist Micro Mini Skorts Skirt with Built-in Shorts Sexy Stretch Black Skirts Basic Outfits Elastic Waist,1730745796940960224,6278.7,Tall Seawalk Striped Pull On Wide Leg Jeans - Light Blue,1732403228588020584,6037.55
kristinanicoletall,Womenswear & Underwear,"$98,286.15",Sports & Outdoor,"$78,101.06","PUFF Sticky Bra – VIRAL No.1 Push-up Sticky Bra, Waterproof & Sweat-proof Invisible Bra, Reusable Silicone Adhesive Bra for Women, Includes Storage Board & Replaceable Pads",1731492372893241632,48325.27,Eomenie Tankini Swimsuit for Women Tummy Control Two Piece Bathing Suit High Waisted Tank Top with Swim Skirt Swimdress #Deals For You Days,1732088850959995217,"$27,406.87",【Creator’s Pick】Halara Flex High Waisted Pocket Wide Leg Waffle Work Pants,1729408758258766116,16543.06,CAKES Body Cleavage Bra™ - Seamless Sculpting Bra with Silicone Cups for Full Cleavage Reusable Matte Finish Ideal for Strapless & Backless Tops Womenswear Basic,1732022163491426879,13759.73,Aleumdr Women Retro Tankini Swimdress Bathing Suits Two Piece Tankini Tops with Bikini Bottoms Twist Swimwear Sport Swimming Clothing Beach Open Back Halter Tankiniswimwear SwimWeek Vacationoutfits Summerstyle,1730155708834156942,6447.82
kristiscustomcreations,Home Improvement,"$11,431.97",Home Supplies,"$9,580.63","3Pcs 99.99% Pure Copper Bird Bath Cleaner Purification Disks (0.6mm), Physical Water Cleaning for Outdoor Birdbaths, Garden Fountains, All-Season Universal Fit",1729496434684892939,10654.27,4-in-1 Portable Cosmetic Shampoo Dispenser Storage Bottle Plastic Travel Friendly Compact Design for Easy Carrying,1732103690126201091,"$6,095.24","Nicpro Iridescent Acrylic Paint, 8.45oz/250ml Large Bulk Metallic Acrylic Paint, Color Shifting & Non-Toxic Art Painting Supplies For Canvas Fabric Rock Wood with Paint Knife Color Wheel Artist Bundle,back to school,back to school shopping",1729543101527069005,5877.19,"Fireworks Romantic Castle 5D Sparkling Beads Painting Set, DIY Acrylic Round Hole Fashion Embroidery Handicraft Art Set, Stress-Relief Handcraft for Parent-Child Activities, Framed Home Decoration Festival Gift (Requires Handmade)",1732473693970797313,5087.32,"JONPONY Power Lift Recliner Chair Recliners for Elderly with Heat and Massage Recliner Chair for Living Room with Infinite Position and Side Pocket,USB Charge Port",1732413293314544239,3684.48
kseniasenn,Beauty & Personal Care,"$7,983.84",Health,"$1,065.06",Color Wow Money Mist Leave in Conditioner,1729441093035987589,2407.45,sacheu Lip Liner STAY-N - Peel-Off Lip Liner Stain - All Day & Night Lip Liner with Hyaluronic Acid & Vitamin E - Long Lasting Formula - 0.12 fl oz / 3.5 ml,1729385088934777631,"$1,358.33","[BB LAB] Good Night Low Molecular Collagen Powder Stick Supplement, Halal Certified, Korean Marine Collagen, Fish Collagen Peptides, Vitamin C, Glycine, Fast Absorption, Mix Berry Flavor (2g x 30 sticks)",1731927448370385734,1065.06,[medicube] Body Gommage Exfoliating Pad 8ea for bumpy skin flaky skin body scrub,1731233913351344363,768.88,"sacheu Eyeshadow STAY-N, buildable and long-lasting eye makeup, crease-proof smooth liquid eyeshadow, Tan eyeshadow palette",1731173975669838623,589.46
kuhl_finds,Home Improvement,$111.37,Furniture,$77.99,"VEVOR PVC Garage Slat Wall Paneling, 8x4 ft Rectangular 3D Wall Panels with Fireproof Feature, Coupling Structure, Strong Load-Bearing Capacity, Easy-Install Adjustable DIY-Cut for Home Interior & Commercial Space Storage Display",1730855951689552046,111.37,"Giratree Shoe Cabinet, Shoe Cabinet Freestanding Tipping Bucket Shoe Rack Organizer with 2 3 4 Flip Drawers, Modern Entryway Narrow Shoe Rack for Entryway, Hallway, Bedroom",1729717330726327123,$77.99,Knee High Rhinestone Cowgirl Boots Sparkly Bling Cowboy Boots for Women Western Chunky Heel Fashion Comfortable Side Zipper,1730414872902865244,56.99,,,,,,
kylikamiller44,Sports & Outdoor,"$57,906.73",Womenswear & Underwear,"$23,027.23","MFVIM Women’s Breathable Body-Shaping Yoga Outfit, High-Waisted Quick-Dry Fitness Wear, Versatile Three-Quarter Shorts Sports Set,summerwins,travel essentials,camping essentials",1732388023895625751,34272.94,【Creator’s Pick】Halara 2-Piece Super High Waisted Back Pocket & Side Hidden Pocket 2-in-1 Yoga Shorts Set 5''-Longer Length,1730762001521283364,"$10,309.03",【Creator’s Pick】Halara Flex Low Rise Zipper Pockets Washed Baggy Wide Leg Casual Jeans,1729571062218723620,4900.22,"Women's Jewelry Mystery Box, 2/3/5 PCS Assorted Trendy Western & Boho Style Fashion Accessories, May Include Earrings, Bracelets, Necklaces, Rings, Great Gift for Women, Women's Fashion, Accessories For Women",1732458133439549653,4372.44,"Colorfulkoala Women's No Front Seam Yoga Capri 21"" Dreamlux High-Waisted Tummy Control Workout Leggings with Hidden Pocket Petite Length,travel essentials,camping essentials",1731026394568233266,4148.05
kynleebeau,Beauty & Personal Care,$87.00,,,R+Co BADLANDS Dry Shampoo Paste Texture Enhancer for Volume & Blow-Out Extender,1729533649409249735,87,,,,,,,,,,,,
laurenluto,Womenswear & Underwear,"$2,090.11",Home Supplies,"$1,199.44","7-Tier Rotating Shoe Rack, 360-Degree Lazy Susan Carousel Organizer Tower for 28-32 Pairs, Round Storage Cabinet for Shoes & Handbags, Home Organizer for Closet, Bedroom (Pink)",1732444806760731636,1199.44,Soft Pinch Lip Oil Stick,1732457042637722153,$855.66,Tied Up In Elegance Halter Midi Dress,1731686315698197193,778.77,All The Attention Draped Mesh Mini Dress,1732382531701805769,726.26,"VOWNER Vanity with 10×Magnifying Mirror, With Glass Top&Power Outlet, 3 Color Light Options, 43"" Vanity Table with 11 Drawers&Stool, Bedroom, White",1730443769784799869,275.49
leahmstapleton,Food & Beverages,"$1,273.78",Textiles & Soft Furnishings,"$1,246.76",Cozy Earth Bamboo Sheet Set | Premium Bamboo Viscose Sheets with Cooling & Breathable Comfort,1729481804813209866,1246.76,BonBon's Sour S-Patch Mix,1732061996472046411,$679.12,Freezball - Durable Fillable Dog Chew Bone,1729404133237756254,396.12,BonBon's TikTok Exclusive Swedish Candy Mix (Gluten-Free),1729710059368125259,277.95,10 Styles Versatile Case - Vintage Card Holder Trinkets Stash Tin Box Metal Wallet Business Card ID Holder,1731983569310814732,230.51
lesettey,Shoes,"$30,967.83",Beauty & Personal Care,"$17,877.08",Dr. Scholl's Women's Joplin Fashion Boot,1731896531264573800,22120.26,Astra - Modern Flat-Lens Cat-Eye Sunglasses Eyewear Shades,1732201295444087593,"$8,619.34","JUDYDOLL Ultra-Fine Liquid Eyeliner, Waterproof Liquid Eye Liner, Hooded Eyes, Sharp Winged Lines, Long-Lasting, Beginner Friendly, Lasting Satin Finish, Smudge-Proof, Transfer-Resistant, Suitable For Sensitive Eyes, Summerwins",1730235179727360529,8072.68,Bur Bur Mermaid Bundle Featuring Growing Season Hair & Scalp Treatment and Your Choice of Mermaid Brush - Essential Boar Bristle or Wet Detangling Brush,1729964781015241102,4121.92,Ray-Ban RB3757 Kai Bio-Based,1732115033505894451,3920.55
lifewithangiemae,Womenswear & Underwear,"$22,573.43",Beauty & Personal Care,"$1,283.88",【SS26 Collection】TARSE Womens  Wide Leg Gingham Striped Plaid Pants Casual Barrel Loose Drawstring Low Waist Palazzo Harem Pants with Pockets,1732083405212193416,4370.1,"Florboom Women's Boho Sheer Lace Mini Dress – Deep V-Neck with Bow Tie & Ruffle Sleeves , Polka Dot Vintage Western Style Party Dress for Festivals & Date Nights Womenswear,Summervibes",1729492499455776379,"$2,554.32","Chicovar Women's Oversized Vintage Denim Mini Dress ,Sleeveless V-Neck Tie Front Ruffle Layered A-Line Tunic with Pockets & Front Pleats, Casual Outfit,Fashion, Summervibes",1732164026488885733,1882.16,ZESICA Women's 2025 Boho Sexy Off Shoulder Long Sleeve Smocked High Waist Side Split Flowy A Line Tiered Long Maxi Dress,1731972238990741746,971.2,Yimoon 3 Pack Women's Oversized T Shirts Acid Wash Cotton Crew Neck Half Short Sleeve Summer Unisex Tees Casual Loose Fit Solid Streetwear Comfortable Tops Basic Womenswear Plain Tshirt,1731233204970623995,921.18
lil.bbykay,Beauty & Personal Care,"$11,208.46",Shoes,"$1,546.01","nuorganic Eyelash Growth Serum (8ML) - Developed by Anti-Aging Scientists, Clean, Prostaglandin-Free Formula for Thicker, Longer Lashes, Daily, Repair, Hydrating, Soothing, Suitable for All Skin Types, Eye Treatment Skincare",1729385520686076431,10690.63,"Unisex PU Leather Medium Width Mule Shoes Mules Slippers, Comfortable Breathable Rubber Sole, All-Season Wear",1731762605438046446,"$1,546.01",Dr. Groot Scalp Revitalizing Solution Hair Thickening Roll On Serum,1729790930336912241,407.01,"Arrae Constipation | Natural Constipation Relief, Regularity Support, Harsh Laxative-Free, 30-Day Supply Healthcare Dietary Supplement Vitamin Fitness",1729738531113636477,202.55,"Lemme Grow Hair Growth Capsules for Women, Clinically Studied Keratin Complex, Visibly Thicker Hair & Reduced Shedding, Nourish Thinning Hair, Biotin-Free, 30 Count, 30-Day Supply",1730043703930360679,191.93
lil.mishr00m,Shoes,"$1,273.40",Beauty & Personal Care,$725.15,"Women's 2026 Colorblock Patchwork Bootlace Worm Lace Up Low Top Sneakers, Casual Comfortable Sports Shoes, Designer Casual Sneakers for Women for Daily Walking Fall.",1730860897989989202,1273.4,Think Smarter Products 8oz HOCl hypochlorous spray | multi-use spray with Himalayan minerals | fragrance-free daily spray,1729385662156346324,$462.96,Eyelet Ruffle Babydoll Mini Dress,1729501095264425122,324.27,(NEW) BODY GLAZE: Pick your favorite scent!,1729387547217662415,152.83,"Glow Recipe Watermelon Glow PHA + BHA Pore-Tight Toner - Unisex, Alcohol-Free Glycerin-Infused Toner for Cleansing, Hydrating, Smoothing Skin & Dewy Peel Effect",1730000564471108409,35
lillian_harriss,Beauty & Personal Care,"$4,843.81",Womenswear & Underwear,"$3,796.06",MINDBODYSKIN® 2 Supplement (No 5-HTP),1729614704826684183,4707.09,JASGOOD Women Leather Belt for Jeans Pants Fashion Ladies Skinny Faux Leather Belt with Gold Buckle,1730352411482231261,$884.96,"MINDBODYSKIN® Hormonal Acne Supplement - Digestive Support, Liver Detoxifiers, Hormone Balancing, Mood Support, Reduces Stress, PMS Acne, Excess Oil, 90 Capsules",1729397121852085015,528.83,Emryn Sequin Mini Skort,1732390288447279266,450.07,Beach Babe Scoop Tank Top,1731281121680986274,430.46
linzbuzzard,Furniture,"$35,070.81",Fashion Accessories,"$5,193.54","Dowinx Cross egged Office Chair with Pivoting Armrests,Criss Cross Chair with Pocket Spring Seat & Back,Reclining Computer Gaming Chair with Footrest and Metal Base",1731998808395649437,17771.67,"Dowinx Big and Tall office chair, with pocket spring pad and waist support, high back computer game chair, adjustable armrests, executive office chair, foot rest",1729960194504823038,"$10,019.25","Stylish Aviator Sunglasses for Men and Women , Trendy Rectangle, Fashionable Design, Perfect for Outdoor Activities and Daily Wear",1732251463080579931,5175.82,"【Summerfinds】Ovios Oversized Home Office Chair, Extra-Wide Seat, Built for Big & Tall Comfort, Mid-Century Modern Faux Leather Chairs with Thickened Cushions, Comfy High Back Swivel Rolling Executive Computer Armchair",1729765354823521118,2279.33,"Dowinx High Office Chair, with Pocket Spring Pad and waist Rest, High Back Computer Game Chair, Adjustable Armrests, Footrested",1729864514876444926,2210.82
little__j,Womenswear & Underwear,"$31,779.16",Beauty & Personal Care,"$3,494.98",CAKES Body Cleavage Bra™ - Seamless Sculpting Bra with Silicone Cups for Full Cleavage Reusable Matte Finish Ideal for Strapless & Backless Tops Womenswear Basic,1732022163491426879,17271.84,CAKES OG Size Sticky Starter Pack - Sizes MED & LRG,1732088453048603199,"$6,299.00","Renewing Lash Serum, Babe Lash Eyelash Serum, Prostaglandin-Free, Peptide-Powered Lash Serum, Support Fuller, Longer-Looking Lashes, Gentle & Effective, Easy To Use",1730818714696127032,2832.32,Cider [size 0-10] Cotton V-neck Floral Shirred Maxi Dress SummerFinds,1730944395219210327,1775.7,401 Essential Jacked Tees,1729419173207970295,1643.25
lizshops,Womenswear & Underwear,"$4,315.86",Sports & Outdoor,$939.90,"Aleumdr Women's Plus Size Oversized Corduroy Sweatshirt, Casual Crewneck Long Sleeve Lightweight Pullover, Baggy, Longsleeves",1731739774455353742,618.66,Asvivid Women's Summer Short Sleeve Twisted Thread Shirt & Shorts with Pockets Casual Pajamas Ribbed Textured Outfit Matching Lounge Set,1730717553251553705,$566.74,"PINSPARK Golf Skirts for Women High Elastic Waisted Athletic Skort 2 Pockets Curved Hem Tennis Skirt for Pickleball Workout Runs small thin SwimWeek summerwins,travel essentials,camping essentials tiktokshopbacktoschool",1730677564404044208,451.46,Dokotoo Women's Summer Casual Short Sleeve Solid Color Loose Texture Knit Tunic Tops Blouses with Crew Neck & Side Slits,1729445533294433269,326.72,SCUSTY Women's Summer Summervibes Mini Dress Casual Short Sleeve Loose V Neck Flowy Sundress Vacation Tshirt Sun Dress,1729492514186301683,277.67
lizzmi45,Womenswear & Underwear,"$210,804.62",Sports & Outdoor,"$186,983.30","Colorfulkoala Women's No Front Seam Yoga Capri 21"" Dreamlux High-Waisted Tummy Control Workout Leggings with Hidden Pocket Petite Length,travel essentials,camping essentials",1731026394568233266,44537.5,"Seamless Workout Sets for Women, Halter Tank Top & Gym Scrunched Shorts Sports Set, Sporty Breathable Quick Drying Outfits for Yoga Gym Workout Running, Ladies Sportswear for Summer, Exercise Clothing Set",1731202921961787612,"$15,123.02",【Creator’s Pick】Halara High Waisted Drawstring Pocket Wide Leg Baggy Casual Linen-Feel Pants,1731230647792800036,10773.49,Jadan Striped Off Shoulder Top,1732292287885447330,10188.07,"Women's Quick-Dry Sports Tank Top, Casual High-Waisted Bell Bottoms, Comfortable Sporty, All-Season Plain Style, Casual Sportswear Set, Casual Sportswear Outfit",1731172880999683011,9557.28
lizzv23,Womenswear & Underwear,"$1,638.02",Sports & Outdoor,$73.84,QINSEN Womens Zip Front Tennis Dress Polo Collar Racer Back Workout Golf Dresses Build in Shorts with Pockets,1729507870543353401,1226.95,QINSEN Womens Zip Front Tennis Dress Polo Collar Racer Back Workout Golf Dresses Build in Shorts with Pockets,1729506923078784569,$160.02,Arach&Cloz Women's Soft Wool Blend Polo Sweater Top Short Sleeve Chic Summer Outfit SummerVibes 2026,1730776777710997864,88.17,"TIMEOFF Women's Athleisure Halter Jumpsuit, Solid Color Flared Leg Workout Activewear with Butt Lifting & Tummy Control, Athleisure Style, Workout Jumpsuit, Stretchable Activewear, Solid Color Jumpsuit",1731126108714472176,73.84,Leaving Now Skirt Set - White,1730026309811934056,69.04
london_bridges_the_gap,Food & Beverages,"$5,729.94",Toys & Hobbies,"$4,698.51",Iron Hammer Herbal Tea,1729412598545289712,5649.84,"Resonance Sound Healing Tuning Fork Set – 128Hz, 136.1Hz, 256Hz, 384Hz with Activator – Sound Therapy for Stress Relief, Deep Relaxation & Chakra Balancing",1730835799600697670,"$4,698.51","Prasky Portable Blender, Type-C Rechargeable blender, Mini Blender, Personal Blender for Fresh Juice, Smoothies & Protein Shakes with Extra Lid and Shoulder Strap, Dishwasher Safe Parts, Ideal for Gym/Travel/Kitchen/School/Driving Plastic cup",1730614079112581699,1130.8,"HIITAVE Women's 5 Wide-Toe Lightweight Breathable Water Footwear for Swim, Beach, Yoga - Quick-Dry Barefoot Shoes for Women, Sports Outdoor Sneakers tiktokshopbacktoschool, Swimming Shoes, Pilates, Volleyball, Pool",1729436876485399187,984.66,"Women's Plain Notched Neck Fitted Blouse, Shirts, Casual Fashion Fitted Classy Elegant Minimalist Basic Top for Summer, Ladies Clothes for Daily Wear, casual comfy classy, Womenswear",1731271695899988177,900.06
lt_finds,Menswear & Underwear,$266.06,Womenswear & Underwear,$204.40,"Men's Solid Plain Textured Long Sleeve Polo Shirt & Drawstring Waist Pants Set, Regular Fit Comfort Casual Zipper Top & Pocket Trousers, Men's Two-piece Outfit, Minimalist",1729499620996387015,266.06,"AUTOMET Women's 3-Piece Polyester Short-Sleeve Slim-Fit Crop T-Shirt Set, Stylish Women's Wear Matching Tops, Y2K Summer clothes Casual Going-Out Party Outfit with Elastic Fabric women",1730233145011638743,$204.40,"【On Sale】Yaheetech Lift Top Coffee Table Hidden Compartment & 2 Open Shelves Multipurpose Design Gas Lift  Small Space Friendly Living Room/Office/Home Use,dorm essentials,home decor",1729386879809131843,129.83,"Pritech Rechargeable Portable Electric Feet Callus Remover, Great for Dry Skin Dead Skin, Severely Cracked Dry Skin, Suitable for Home and Nail Salon, Foot File Pedicure Kit, Ideal Spring and Summer Gift.SummerWins  DealsForYouDays",1729428102994956699,111.92,【Baby Registry】Yoofoss Muslin Burp Cloths for Baby 10 Pack 100% Cotton Baby Washcloths for Boys Girls Large 20''X10'' Super Soft and Absorbent White,1729449544857718872,64.97
lydiaaulozzi_,Health,"$7,154.77",Toys & Hobbies,"$4,904.92",Advanced Food Intolerance Labs Food Sensitivity Vitamins & Gut Health Test 1000+ Items Tested for Sensitivities Nutrient Imbalances & Heavy Metals,1730664019526258810,2990.67,"Eu Natural Conception For Him – Fertility Supplements for Men, Male Fertility Booster & Prenatal – Optimal Sperm Count, Motility, Strength – Ashwagandha, Folate, Folic Acid, Magnesium & Zinc Healthy Dietary Fitness",1731480691647484489,"$2,987.08",Rainbow Loom Auto Loom Bundles,1730980482360119942,1853.58,"Sofia Dopamine Necklace - Rainbow Beaded Choker - UV Reactive Necklace Waterproof - Summer Jewelry Stainless Steel, Stackable",1732316857163092167,1619.01,"Hismile iD Stain Whitening Mouthwash for White Teeth, Freshens Breath with Essential Oils 237ml",1732164626458252048,1509.13
lyndatrann,Beauty & Personal Care,"$90,380.68",Sports & Outdoor,$196.00,"Nooni Korean Apple Lip Oil + Lip Stain | Glossy Lip Stain, Tinting & Long Lasting, Moisturizing Lip Care (13 options) Hydrate Lipgloss Lipstick Makeup Glossy Hydrating Moisturizer Plump Transfer-proof",1729440860171702516,34925.95,[TIRTIR Official] MOOD GLIDER LIP & BLUSH STICK - Dual Function Compact Makeup Stick for Lips and Cheeks,1732023290298864218,"$32,444.37","Serum Lipstick, Satin & Matte, 8H Moisture, Oil-Blend + Hyaluronic Acid, Maybelline New York",1731756086010286738,3640.35,"Nooni Korean Apple Lip Tint Stain Duo/Trio Bundle | Glossy Lip Stain, Tinting & Long Lasting, Moisturizing Lip Care, Hydrate Lipgloss, Travel-Friendly, Smooth Oil Moisture, All Skin Types Travelfriendly Smoothing",1729619454557917428,2720.17,HAUS LABS Shaping Duo | Precision Sculpt Shaping Balm & Sculpting Brush - Contour Kit,1731681818432148380,2265.79
mahoganylox,Luggage & Bags,"$6,613.37",Beauty & Personal Care,"$2,029.54","Angel Kiss High Quality Fashionable Elegant Large Hobo(13.2"" x 4.5"" x 10.7"") Crossbody Shoulder Bag for Women - Soft PU Leather, Adjustable Shoulder Strap, Multiple Pockets, Anti-Theft Back Zipper, Casual Hobo Crossbody Purse, Crossbody Shoulder Bags",1730613073505849344,6506.72,Philips Norelco OneBlade Intimate Pubic Groomer Smooth Steel  Stainless Comfort,1729507549372977453,"$1,396.80",Gemzeez DIY Temporary Tooth Gem Kit – Cosmetic Use Only; Temporary Short-Term Wear Only. Results are not guaranteed and vary based on application and technique. Not permanent or long-lasting. Not intended for those seeking permanent results.,1729385072427700778,271,"Lemme Sleep Gummies with 5mg Melatonin, Magnesium, L-Theanine, Elderberry, Chamomile & Lavender, Berry Flavor, 60 Count, 30-Day Supply",1729441955742782311,191.97,BOOMBA Magic Padded Sticky Bra - Patented Sticky Fashion Bra Inserts,1729459877607019435,141.03
mama.of.boys7,Home Supplies,"$5,977.24",Baby & Maternity,"$3,467.04","5oz Crystal Plastic Dessert Cups with Lids & Spoons - Disposable Square Parfait Cups for Mousse, Tiramisu, Pudding, Party & Catering eco-friendly",1729492625946415307,4793.1,"CHILLING HOME Plain J-Shaped Maternity Pillow, 58x63in Ergonomic Bed Accessory for Back, Legs, Belly, Hips, Pregnancy Support, Postpartum Nursing, Mom Gift, Hospital Bag Essential, Womens Gifts, Bed Accessories, Casual, Polyester, Corduroy, Sleep Aid, Mum",1729600385954910596,"$3,166.14","Katie's Limited Edition Chrome Shimmer Silver Rose Cosmetic Set - 25 Beginner-Friendly Items, Glossy Eyeshadow Palette, Lip Glosses, Eyeliner Pens in Pink Gift Box, Easy Glam for Birthdays and Parties, Gift Sets for Women, Makeup, Gifts For Girly Girls",1732149394387538488,1101.57,"FEPPO Vacuum Sealer for Food with Visual Water Storage Tank, Handheld Saver Vacuum Sealer Machine with 10 Reusable Bags for 5X Preservation & Fresh",1730761078943159009,790.31,"Men's Solid Socks Pairs, Casual Comfortable Breathable Soft Socks for Daily Wear, Men's Clothes for All Seasons, Breathable Minimalist Socks",1729536879940375407,633.94
mariebriii,Fashion Accessories,$193.84,Pet Supplies,$136.10,"Tewiky Easter Gifts Upgraded Crown Cross Necklace for Women, Crown Cross Pendant Necklace, Non-Tarnish Faith Jewelry for Women, Christian Religious Gifts for Her",1729460580021605131,193.84,Hard Bottom Backseat Extenders for Dogs with Door Protection,1731884838482449080,$136.10,True Sea Moss Gel 2-Jar Bundle: Mango-Pineapple & Strawberry – Rich in Essential Minerals & Vitamins – supports overall vitality,1731352834691994260,44.35,"iMethod Original 4D Brush Tip Waterproof Microblading Eyebrow Pen, 2-in-1 Dual-Ended, Natural Hair-Like Strokes, Long-Lasting",1731126622905668574,34.2,"iMethod Eyebrow Pencil, Hair-like  2-in-1 Waterproof Eyebrow Pen with 4 Tip Brow Pen, with Dual-ended Eyebrow Brush, Cosmetic Makeup",1729552402085613929,29.97
mariefloree,"Books, Magazines & Audio","$7,919.75",Sports & Outdoor,"$6,279.63",Claire Monroe - Systematic Theology for Kids Aged 6-9 (FULL COLOUR) | 88 Visual Concepts towards Knowing God with NLT Bible Verses & Reflection Questions,1732273429270925737,7835.39,"Night Light, Night Lights Plug into Wall 6-Pack, Plug in Night Light, Dusk to Dawn Nightlight Led Night Lights for Bedroom, Bathroom, Hallway Warm White Home Lighting",1731513459800576890,"$4,585.64","ERMNOIS Bar Stools, Swivel Counter Height Barstools with Back, Adjustable Anti-Scratch Fabric Bar Chairs, Modern Armless Kitchen Island Stool",1730899796842746143,4312.32,"BabyBond 3-in-1 Baby Bassinet Bedside Sleeper, 6-Height Adjustable Crib with Mattress & Soft Breathable Sheet, Full-Mesh Sides and Ventilated Net, Easy-to-Fold Portable Style & Wheels, Safe and Steady Bassinet for Newborns,  Mothersdaygift, #Summervibes",1731777839504855465,2018.41,Baby Trend® Morph Versatile Single to Double Modular Stroller Travel System w/ EZ-Lift™ PLUS Infant Car Seat,1730771211856810851,974.79
mckenzgillespie,Womenswear & Underwear,$20.38,,,"Women's Elegant Striped Knitted Top for Summer, Fashion Versatile Round Neck Cap Sleeve Loose-Fit Knitwear, Casual Womenswear",1729454530684490502,20.38,,,,,,,,,,,,
meganlouise2319,Kids' Fashion,"$4,906.56",Pet Supplies,$870.42,"UPORPOR Girls' Princess Costume - RGB Light-Up Toddler Dress Up with App-Controlled Music Sync, Costume Decoration Accessories, Summer Outfits for 3-10 Years Old Girls (Batteries Not Included), Princess Costumes",1731831028250546663,2719.84,"UPORPOR Girls' White Soft Breathable Fabric Light-Up Princess Costume - 100+ LED Modes, Music Sync Kid Outfit, Elegant Cosplay Gear with Accessories (Ages 3-9, No Battery Included) for Christmas, Halloween,back to school,back to school shopping",1731585838264127975,$931.15,"3pcs Classic Blue Plaid Bedding Set, Soft Ruffled Duvet Cover and Pillowcases (no filling included), Zipper Design, Easy to Wash, Comfortable All‑Season Bedroom Bedding Set #GLOBAL PICKS",1732354904698163660,742.23,"MIXJOY XL Dog Car Seat Cover for Large Medium Dogs, Backseat Hammock, Waterproof & Breathable Storage Pocket For Cars/SUV/Truck interior accessory,Pet travelessentials Black Dirt-resistant Non-Slip Accessories",1729418578938531847,631.1,"10-Pack PP Material Showerhead Filter Cartridge - High Output Replacement for Handheld Showerheads, Chlorine, Fluoride & Hard Water Removal, Ideal for Indoor Bathing, Impurity Free Water",1730129179444941382,591.23
michaelascott20,Beauty & Personal Care,"$76,342.09",Womenswear & Underwear,"$2,577.09","[NEW] [medicube] PDRN Collagen Gua Sha Neck Wrinkle Cream | Built-In Gua Sha Massager with Volufiline 5% + PDRN | Firming, Contour Care for the Look of Fine Lines, Jawline, Neck, Décolleté,Underarms, Chest, Legs, Shoulder | Massage Cream | Korean Skincare",1732399179294806251,18329.77,"JOOCYEE Velvet Rouge Matte Lipstick, 2-in-1 Lip & Cheek Color with a Silky Blur Finish, Long-Lasting, Waterproof, and Lightweight Formula for All Skin Types, 3g, Beauty Products campingessentials, Adults, Silky-Smooth Glide Feels Barely There, Waterproof,",1730932520433651999,"$15,340.06",Queen Tape - Hydrating & Moisturizing Mouth Tape For Sleep - Royal Plump Edition - Lip Plumping - Mouth tape with Collagen Hyaluronic Acid & Vitamin E - Built in Lip Mask - Royal Lips - One Month Supply,1731633751615705442,12593.29,Baby Go Dewy Water Resistant Freckle Liquid Makeup Daily Concealer Evening,1729408601176642255,3620.13,[medicube] Affordable Glass Glow Skincare Set | Includes 8 products for Gentle Skin Glow Routine,1729606769780232427,2900.05
michelledemoda,Beauty & Personal Care,"$110,072.75",Baby & Maternity,$870.62,tarte summer skin essentials - CC color-correcting tinted serum + creaseless setting powder,1732422500087993276,51226.75,tarte maracuja juicy multi-stick + brush - double-ended cream blush & bronzer stick,1732418830638027708,"$15,210.54",HAUS LABS Atomic Shake Lip Lacquer,1732495606530347932,5685.87,"TYMO CURLPRO PLUS - Upgraded Automatic Rotating 1-Inch Ceramic Long-Barrel Curling Iron for Long Hair, Negative Ion Technology for Flawless Curls, Gift Box Ready Adjustable Temp, Swivel Cord Dual Heaters for Beachy Waves Summer Vibes,dorm essentials",1730891536459010526,5163.8,tarte sculpt tape & blush tape duo - blush and bronzer,1729417067781002172,3201.02
mish1977,Fashion Accessories,"$3,039.56",Beauty & Personal Care,"$1,971.05","Women's 100% Mulberry Silk Sleeping Bonnet, Double-Layer Haircare Cap with Elastic Tie Band, Reversible Heatless Hair Styling Nightcap Gift for Females, Hair Styling Cap, Smoothing, Thanksgiving, Anniversary, Valentine's Day",1729575267737440404,2771.63,"[YCZ] Magnetic Nights Fragrance Duo | 2-Piece Men's Eau de Parfum Collection, Long-Lasting for Dates, Parties & Everyday Wear, From Quiet Confidence to Nightlife Energy,summer outifit",1731176260817031589,"$1,329.57",Wind-Powered beach Shade Canopy  150 Sq. Ft.of Shade New Classic with Quiet Canopy Portable Lightweight Outdoor Tent for Family Outdoor Relaxation 3-4 Person Portable  Wind Shade Canopy Easy Setup Family  Sun Shade Tent camping essentials protection,1732410005990445332,872.58,"Bohemian Long Kimono , Long Flowy  Robes for Women, Printed Paisley Kimono Duster with Pockets,  Bridesmaid  Robe, Gift For Her",1729466363537887917,665.18,"Dual-Layer Hydrating Gel Socks (1 Pair, Blue/Pink) - Moisture-Locking Self Care Products for Dry Cracked Heels, Calluses - Spa & Pedicure Repair Socks, Christmas Gift",1731661923978547632,344.77
mobilemerchant,Beauty & Personal Care,"$24,883.72",Computers & Office Equipment,"$1,869.91",tarte CC color-correcting tinted serum,1732403113516372924,13428.76,Harry Potter Return to Hogwarts 2027 Spiral Wall Calendar,1732480472796926431,"$1,825.31",The Original Dry Shampoo Duo | TikTok Exclusive,1732296356580004770,1481.15,The Advanced Clean Duo | TikTok Exclusive,1732296370109387682,1442.5,Dewy Travel Trio,1732159694844564214,1132.78
mommarynn,Fashion Accessories,$2.07,,,"22pcs Boho Style Hollow Out Flower Design Unique Rings, Fashion Accessories for Women & Girls, Retro Jewelry for Party and Daily Wear Accessory, Trendy Versatile Exquisite Jewelry Gift for Birthday, Imitation Pearl Ring",1729458387589566542,2.07,,,,,,,,,,,,
momsapprovedfinds,Computers & Office Equipment,$517.70,Home Supplies,$235.81,Kringle Express 100-Piece All Season's Gift Bags & Tags Set,1732491710416131015,517.7,Mr. Christmas Set of 4 Mini Nostalgic Tree Ornaments with Gift Bags,1731567822236455879,$196.65,e.l.f  Main Stain Lipliner Marker - Long-Lasting Lip Color Tool for Precise Lip Definition (Beauty & Personal Care Makeup Accessory),1732413417772650787,151.5,"Toniebox Adventure Bundle with Purple Starter Set and 8 Tonies | Includes: Moana, Moana 2: Simea, Mirabel from Encanto, Elsa, Anna, Princess Jasmine, Merida from Brave, and Playtime Puppy",1730962506493890584,99.99,The All Day Julienne Mini Cooler | 7.4 QT,1732372234552774985,71
nataleezyy,Beauty & Personal Care,"$83,158.48",Household Appliances,"$3,268.72",Philips Norelco OneBlade Intimate Pubic Groomer Smooth Steel  Stainless Comfort,1729507549372977453,20494.24,Plume Eyeshadow - Orchidée Céleste,1732357431278932473,"$10,689.44","[Laka] Healthy Glow Blush Balm - Multi-Use Color Balm, Seamless Blending & Natural Glow Blush Stick",1732412674508820585,7155.84,MERIT Solo Shadow - Buildable Cream to Powder Eyeshadow,1729675032193503994,4192.8,"[Summer Must-Haves] Flamingo 200ml Body Hair Removal Cream, Designed for Sensitive Skin, Unisex Gentle Formula, Smooth Results Last Up to 7 days, Body hair remover for women",1729479818174107764,4157.22
nataleezyyirl,Fashion Accessories,$176.08,Womenswear & Underwear,$9.99,"OIDEA Ring Watch for Women, Modern Elegant Stainless Steel Watch with a Shell Dial and Elastic Band, Modern Watches",1731367706291573267,151.35,"OIDEA Luminous Finger Ring Watch - Gold Silver Plated Stretchy Elastic Band, Round Quartz Analogue Retro Novelty, Casual Analog Watch, Elegant Unisex Appeal Quartz Wristwatch for Men's and Women's Use, Fashionable Watch, Gold Watches summerwins",1732109171064803859,$12.74,"OIDEA Women's Gold Tone Fashionable Wristwatch - Round Quartz Dial, Adjustable Stainless Steel Elastic Stretch Band, Novelty Fashion Accessory for Women, Gold Tone Watch, Watches For Women",1732093361387180563,11.99,"Women's Casual Soft Comfy Warm Socks for Fall & Winter, Solid Mid-calf Socks,Women's Socks for Daily Wear",1731752751104888912,9.99,,,
natalieporretta,Womenswear & Underwear,"$2,875.23",Menswear & Underwear,$217.58,Comfrt | The Camo Hoodie | Oversized Camo Print Hoodie Cotton,1729931371633742723,1001.57,Comfrt | The Camo Sweatpants | Relaxed Fit Soft Camo Joggers,1729931882991096707,$886.72,Comfrt | Pastel Shorts | Limited Edition Soft Pastel Lounge Shorts,1729571492780479363,187.83,Comfrt | Waffle Lounge Relaxed Sweatpants,1729492716483416963,113.1,Comfrt | Waffle Lounge Long Sleeve | Crewneck Lightweight Cotton Blend Textured Lounge Top,1729492717978227587,110.04
natalietucc,Beauty & Personal Care,"$50,769.62",Toys & Hobbies,"$14,199.47",Flawless On The Fly Spray Icons Mini Trio,1732491651441333047,24154.53,"NEEDOH SQUEEZZA – Doh-Filled Pizza Squishy Toy, Squeezable, Slow-Rise Fill, Fun Sensory Stress Relief for Kids & Adults",1732112605762326884,"$10,231.57","Crocs Classic Nylon Backpack, Ready to Personalize Travel and School Bag, Back To School Haul, School Supplies",1732235009025020862,5403.97,Sol de Janeiro Rio Shower Ritual,1732504016154628510,3982.01,"【3 Packages Delivery】Yaheetech 5/7/9-Piece Patio Furniture Set, Outdoor Dining Table with 6 Chairs, Rattan Conversation Set with Soft Cushions for Backyard Deck Garden,,home decor,camping essentials",1730893895594905923,3029.92
nicoashleyyy,Sports & Outdoor,$479.78,Beauty & Personal Care,$161.10,"P.band by PVOLVE | Resistance Band for Arms, Back + Posture | Exercise Anywhere",1729607972836970560,270.04,"New Two-Piece Bikini Set, Summer Beach Swimwear Bikini, Retro Vibrant Color Striped Swimsuit, Sexy Triangle Top & Low Waist Shorts, Perfect for Beach & Casual Scenery",1729488277258802652,$159.59,IGK EXPENSIVE Clear Gloss Top Coat | High Shine Gloss Treatment | Hair Gloss | Amla Oil Hi-Shine Topcoat Glaze | Vegan + Cruelty Free | 124ml | 4.2 oz,1729411352247439855,122.64,"BAGSMART Reiki Mini Gym Compact Duffle Bag (9.84"" x 5.9"" x 6.69"") 5.5L Capacity, Waterproof PVC Pocket, Adjustable Bottom Straps, Elastic side pockets, Ideal for Gym & Daily Use Summer Sale &Spotlight Day",1730726643016569543,92.04,"Vegan Protein Powder with Prebiotic Fiber, Plant Based, Low Sugar, Gluten Free & Dairy Free - IHOP Pancakes, Dole Whip Pineapple & Brown Sugar Oatmeal | Be Amazing",1729404586763653782,69.99
official.ally.a.54,Kids' Fashion,$21.25,,,Comfrt Kids | Cloud Zip Hoodie | Soft Cozy Kids Oversized Zip Up With Kanagroo Pockets,1730163854523798403,21.25,,,,,,,,,,,,
ohheyitsabbie,Baby & Maternity,$239.24,Sports & Outdoor,$236.95,Charmo One Piece Swimdress Swimsuits for Women Tummy Control Swim Dress Tie Knot Skirt Swimming Bathing Suit Girls,1730409594104156740,236.95,"Pumpkin Spice Fall 17oz Glass Mug with Lid and Straw, Iced Coffee Drinkware, Gift for Her, water bottle for women, fall gifts, Multicolor, Thick, Silicone, Insulated Water Bottle",1729621743570490065,$143.75,WildBird Linen Ring Sling Baby Carrier for infant to toddlers,1730954774052377111,104.1,PatPat Bamboo Baby Boy Girl Footie Pajamas Anti Slip Sleeper Romper with 2-Way Zipper Soft Breathable Sleepwear for Newborn Infant Toddler 2-Pack 3-Pack,1732164301800510420,89.78,"Legendairy Milk 8 oz Silicone Collection Cups - Hands-Free, BPA-Free Plastic, Food-Grade Frosted Silicone, Portable Breast Care Milk Collection Cups",1731846112092393716,74.29
ohkrista,Health,"$2,079.91",Womenswear & Underwear,$617.47,"Happy V Vaginal Prebiotic + Probiotic for Women – Clinically Proven pH Balance & BV Treatment, Natural Yeast Infection Support, 60 Vegan Capsules Dietary Gut Health Supplement",1729571589157524085,762.89,Happy V Fresh Start Kit: Vaginal Prebiotic + Probiotic for Women + Happy V Liquid Chlorophyll Natural Dietary Supplement Boost Mint Healthcare Wellness Edible,1731898727935283829,$718.20,Delilah Distressed Romper - Black,1732482823970394984,436.23,"Demonia Women's Black Vegan Leather Camel-203 Chunky Heel 5"" Platform Lace-Up Ankle Boot with Metal Back Zip Closure",1729435692458218392,422.1,NeoCell Collagen Peptides Powder 20oz - Grassfed Protein Supplement - Advanced with 18 Essential Amino Acids,1731006372333326477,211.85
ohsoitsjocelyn,Womenswear & Underwear,"$111,571.89",Sports & Outdoor,"$17,606.94","Women's Floral Bohemian Deep V Neck Crop Top & Fish Tail Skirt Set, Sexy Two-Piece, Back-To-School Fashion, All-Over Print Design",1732222169951277353,27273.58,"Women's Solid Color Cami Lounge Dress, Elegant Sleeveless Long Dress for Summer, Ladies Sleepwear for Indoor Wear",1732190561309462824,"$8,662.62","Women's Summer Holiday Off-Shoulder Top and Stylish Chic Bodycon Skirt Set, Breathable Beachwear for Casual Vacations Outfit Clothes, Skirts Set",1731433230082871614,6450.46,"Women's Backless Bodycon Dress, Elegant Solid Color Sleeveless Dress, Ladies Summer Clothes, Elegant Evening Gown",1731446639837876664,6238.38,SHAPELLX Deep V Shapewear with Chest Support Breathable High-Waisted Tummy Control Jumpsuit,1731461210302091904,5376.21
oinetta,Fashion Accessories,"$1,789.06",Pet Supplies,$183.52,Tewiky 14K Gold Plated Waterproof Bracelets for Women Jewelry Sets Trendy Thin Dainty Stackable Cuban Link Paperclip Chain Bracelet Pack Fashion Accessories Gifts  Maximalist Jewelry,1730385229390975793,1789.06,"FUMOI Automatic Litter Box for Multi-Cat Homes - Open-Top Self-Cleaning Litter Cleaner with APP Control, 2.4G WiFi, Safety Sensors, Odor Lock, 10.5L Large Waste Bin, Automatic Litter Boxes #Summervibes #petLovers#",1732262271257776791,$183.52,monkey tail cactus  4 inch pot  plant,1730672198779638497,73.48,Authentic African Exfoliating Net Bath Sponge,1729585521977103260,9.94,,,
ollie999,Toys & Hobbies,$105.48,Health,$39.99,"Luna Bean Original Hand Casting Kit – Keepsake Mold for Couples, Family, Anniversary & Milestone Gifts",1729436078970475149,105.48,Super Mushroom Chill Gummies®,1729404581550920579,$39.99,STATIK HyperMount: Phone Mount | NanoSuction & MagSafe | 360 Degree Adjustable | Holds Up to 66lbs | Never Blocks Air Vents | iPhone 12 and Newer & Android,1732073519524451241,19.89,,,,,,
petitewithjessy,Womenswear & Underwear,"$2,808.96",Sports & Outdoor,$32.98,"Tanming Womens Cotton Linen Pants Casual Button Up High Waisted Wide Leg Trousers Minimalist Basic Breathable Fabric Casual Loose Comfy Summer Beach Trousers,summerwins,summeroutfits,vacationoutfits,beachoutfits,back to school shopping",1732301686597849235,2055.94,"Chouyatou Women's Cute Sexy Thick Chic High-Waisted A-Line Cowboy Denim Skirt, Bohemian Style with Flowing Ruffle, Button Closure, and Tiered Design, Elegant, Women Fashion, Skirts For Women,back to school shopping",1731894392498983305,$304.32,Rudy Risen Jeans - Vintage Black,1730050294177501974,76.8,"Fisoew Womens Pullover Sweatshirt Soft Oversized V-Neck with a Criss Cross Wrap Hem, Long Balloon Sleeve Cropped Casual Loungewear,back to school,back to school shopping, Women's Tops And Blouses",1732416156470251751,58.81,CHOUYATOU Women's Printed Wide-Leg Jeans Y2k Loose Mid-Rise Jeans in Soft Pink with Boho Floral Pattern Casual Denim Trousers,1731887610286870921,58.2
peytonxblack,Beauty & Personal Care,"$105,038.74",Womenswear & Underwear,$247.62,"tarte BB blur tinted moisturizer SPF 30 - instantly brightens, hydrates & smooths your skin",1729584174847071164,53335.1,On 'Til Dawn Bronze Veil Waterproof Setting Spray,1732455657267630903,"$32,352.16","Palladio Under Eye Brightener, Conceal & Brighten Dark Circles, With Caffeine Peptides & Vitamin E, Brightens Dull, Tired Skin Color Correcting Brightener & Primer Reduces Appearance of Dark Circles",1729881829798023357,5373.09,tarte Big Stick Energy duo – shape tape concealer stick & brush,1730956811325510588,3570.17,tarte colored clay CC undereye corrector,1729734769623929788,3103.5
peytonxshops,Beauty & Personal Care,$64.35,,,Pout Clout Lip Plumping Gloss Pen,1729436365218091299,51.35,"e.l.f. Glow Reviver Lip Oil, Nourishing Lip Oil High-Gloss Finish 0.25 oz (7.6 mL)",1729407202568147235,$8.00,e.l.f. Sheer For It Cosmetic Blush Tint and Lip Stain,1731162610730111267,5,,,,,,
pinspo.girl,Phones & Electronics,"$22,149.88",Womenswear & Underwear,"$20,150.08",Canon PowerShot G7 X Mark III 3637C001 Black (US Plug) by StockX,1732091895743746202,20879.77,"Etekcity ESN00 AI Smart Food Scale | 19 Nutrient Facts Auto Scan | Digital Calorie Counter for Meal Prep & Fitness | Compact Stainless Design, Summer Sale,home essentials",1729408268190847371,"$12,242.07",CAKES Body Sticky CAKES Circles Non-Toxic Silicone Medical-Grade Adhesive Adhesive-Free Nip Nook Reusable for 10 Wears Seamless Coverage Womenswear Bra,1731036579930346047,11357.45,Comfrt | Travel Essentials Zip Up Hoodie | Sweatshirt With Zip Pockets For Travel,1730729878577714051,2865.75,Ray-Ban Meta Skyler (Gen 2) Shiny Transparent Peach Transitions® Brown Lenses,1732349111337717963,2714
prettygirlglaze,Furniture,"$74,800.86",Food & Beverages,"$38,416.06","Medium Firm Hybrid Memory Foam Mattress - 8/10/12/14 in Twin, Full, Queen, King Sizes, Lumbar Support, Ergonomic Design, for Home Rooms, Hotels, Boxed Furniture Gift, Memory Foam Mattresses, Queen Size Mattress,dorm essentials,home decor",1730092261582738160,74456.07,Unshelled Sunflower Spicy Red Seeds 12oz,1732220469286507347,"$14,746.72",Mini CRUMBS Spicy Red 5oz,1732242023177360211,6910.79,SHAPSHE Waist Shapewear Corset for Women Sport Workout Vest for Women Gym Zipper and Hooks,1732027199022469228,5546.72,【Runs Small】Popilush Leopard Print Corset Top Women Detachable Strap Lace Up Bustier Sculpting Shapewear Tank Top Party Club Streetwear,1731223145403945796,4973.01
ragdollmanor,Health,"$39,147.51",Beauty & Personal Care,"$32,208.30","Bears with Benefits Biotin Gummies for Hair Growth, Skin & Nails –  5000 mcg Biotin + Vitamins C & E + Zinc - 30 Gummies - Vegan Wild Berry Flavor - 1 Month Supply",1730755223971074070,38106.37,tarte colored clay CC undereye corrector,1729734769623929788,"$12,593.41",Evergreen Set of 3 Lighted Halloween WitchStakes,1731081757354464199,11176.27,"NEW! GOPURE Instant Lift Eye Gel - For the look of Puffiness & Bags, Wrinkles, Fine Lines and Dark Circles, Anti Aging Skin Care for Men & Women with Collagen Targeting Biotech Under Eye Brightener",1732268349317747097,3750.85,tarte Big Stick Energy duo – shape tape concealer stick & brush,1730956811325510588,3605.8
rebecca.becca.b,Pet Supplies,$32.62,,,"Native Pet The Daily Dog Vitamins & Supplements - 11-in-1 Vitamin Powder for Dog Food Topper - Collagen, Glucosamine, Probiotics, Omega & More- Supports Healthy Gut, Mobility & Overall Health",1729674900414501641,32.62,,,,,,,,,,,,
revyungme,Beauty & Personal Care,"$7,406.47",Food & Beverages,"$1,540.29","[Centellian24] Signature Edition | 2x Madeca Cream Time Reverse + 2x Intensive Formula Sheet Mask | Daily Hydrating Repair with Cica, Hyaluronic Acid & Radiance Boost | Korean Skincare",1732117474071843741,3112.65,"Hormone Balance Tea with 8 Organic Herbal Ingredients - Support Women's Overall Reproductive Health (PCOS, PMS, Menstrual Cycle) Ginseng Beverage | iTREE · Vital-Tea Herbal Drink",1730352184097346352,"$1,172.23",[Centellian24] Madeca Cream Time Reverse | Anti-Aging Moisturizer for Wrinkles & Dry Skin | Cica + Hyaluronic Acid | Korean Skincare | 1.69 fl.oz,1730778421952156573,864.55,Top Sellers Duo: A313 Vitamin A Pommade + Ialuset Hyaluronic Acid Anti-Wrinkle Cream,1730013755722797989,660.4,"[Sungboon]  No Cast Blur-Filter Sunscreen SPF40 | Broad Spectrum Face Sunscreen | Lightweight, Non-Sticky, No White Cast| Sunscreen for Daily Use, Korean Sunscreen, Watery and Creamy Texture, Sunscreen for Sensitive Skin",1731333613735613052,642.51
riannapepe,Beauty & Personal Care,"$96,527.80",Womenswear & Underwear,$342.14,Bratz x Glamlite Lip Kits,1732039774371222265,73558.6,BellaVita Luxury Colleen Perfume - Eau de Parfum 100ml - In Your Element with Colleen Highly Fragrant Daily Summer Fragrance,1732253917108081590,"$4,032.36",Barbie x Glamlite Lip Kits,1732369753148658425,2552.2,"Glamlite Cafe: Coffee Lip Kits, Horchata Lip Gloss",1730532900486943481,1690.08,"Glamlite’s #1 Best-Selling Lip Kits – Lipstick, Gloss & Liner",1729446402673316601,1598.61
risingwithcristina,Sports & Outdoor,"$1,601.40",Health,$280.09,"5 or 2 High Capacity Emergency Survival Water Straws - Personal Filter for Camping, Hiking, Travel Biking, Survival Preparedness, Lightweight Reusable",1729419146074362732,1601.4,"I Am Joy: Ormus Gold Oil Monoatomic Helps to Decalcify Pineal Gland, Repair DNA, Increase Manifestation Speed - Rich with Minerals Platinum, Iridium Using Non Chemical Solvent Extraction 4oz",1729407118584156350,$280.09,,,,,,,,,
rondadaly,Womenswear & Underwear,"$7,958.30",Sports & Outdoor,"$5,265.75","TIMEOFF Women's Short Sleeve Zip-Up Mock Neck Athletic Romper with Flared Skirt - Sporty Chic Dress, Athleisure Tennis Attire, Women's Clothing for Summer Fitness,summerwins,travel essentials,camping essentials",1731131763555144432,3092.66,【Creator’s Pick】Halara Ribbed Knit Off Shoulder Long Sleeve 2-in-1 Casual Top#TikTokShopSpringGlowUp,1732205256768394078,"$1,858.69","[Pre-Order] Scacto Women's Classic Long Denim Trench Coat, Collared Button-Front Outerwear for Elegant Basic Outfits, Lady,back to school,back to school shopping, Long Sleeve",1732067582857941866,1700.9,"2-Piece Black & White Stripe Cross Back Crop Top & High Waist Wide Leg Pants Set - Soft Loungewear & Casual Outfit for Home and Daily Wear , Striped Cutout Top & Pants Matching Set - Ideal for Lounging, Casual Outings, and Brunch",1729479925562053719,954.65,SerenTouch Pointed Toe Heeled Pump,1732379729401385872,468.71
sam_joness_,Beauty & Personal Care,"$21,855.71",Sports & Outdoor,"$16,340.83","SEESE Cordless Pressure Washer and Single Port Charger Base, Bottle Portable Washer for Car,Home Cleaning & Garden Watering",1731236289885213002,14197.22,NEW BALANCE 530 Womens Shoes,1730843455865524661,"$13,551.32",Flamingo Light Hydrating Spray for Skin Repair & Moisture - Nourishing Formula with Papaya Fruit Extract & Sunflower Seed Oil - 6.7 oz Radiant Lotion Hydrate Moisturizing,1729470340006121588,7791.66,"LOVEVOOK Colorblock Carry-On Travel Backpack with 3 Packing Cubes and Laptop Compartment - Personal Item,TSA-Friendly, Travel Essentials, Airline Approved Travel Bag for Hiking, Weekend, TikTokShopBackToSchool",1729417326447727282,6828.31,"Solar Garden Lights, Handwoven Rattan Solar Lantern, Special Design Outdoor Solar Garden Lights, Waterproof Solar Lights Suitable for Patio, Yard, Porch, Pathway, Decorative Lighting Lamps Modern",1730620531549049266,6263.94
samanthasingsit,Beauty & Personal Care,$443.43,Home Improvement,$95.17,"Prosa Volumizing Mascara Trio Bundles - Silicone, Water-Proof, Avocado-Infused Cosmetic Beauty Product, Professional Classic, Micro-Fibers for Maxi-Volume",1729552289872581594,102.97,Set of 3 Illuminated Starry Night Hurricanes by Valerie,1729632110197576647,$95.17,Kati's Signature Makeup Kit,1732267622171185345,80.89,DELUXE Ruby May Makeup Box bundle ships from California,1729692159331569969,70.49,"Ruby May Pre-Curated Bright Makeup Set Kit - Multi-Pack Cosmetics Kit with Eyeshadow, Mascara, 1 Brow Product, Beauty Products for a Complete Look, Assorted Makeup Sets, Customizable, Glam Cosmetics Kits",1729692047308198193,52.36
samshops_beauty,Home Supplies,"$3,073.61",Beauty & Personal Care,$36.30,"LED Desktop Makeup Mirror, Lighted Makeup Mirror, 3-Mode Lighting, Touch Screen Control Makeup Mirror, With 10x Mirror, Detachable Base",1731634628381414114,3068.63,"[medicube] Mix & Match Toner Pads Setㅣ Pore, Use After Spot, Brightening Care for Clear & Glass Glow SkinㅣTikTok Viral Toner Pads",1731192157304754411,$36.30,"Stand Mirror Full Length with LED Lights, Floor Mirror Dimming & 3 Color Lighting, Large Mirror  for Bedroom, Glass Decorations Supplies",1731094019182858978,4.98,,,,,,
saoirse.simons,Kitchenware,"$1,037.08",Home Supplies,$861.39,"Kringle Express Set of (2) 8"" Flameless Snowflake Lanterns",1731382449958785991,392.73,Berkshire Holiday Peanuts Twin Print Throw in Gift Box,1732465215917364167,$366.78,"Home` Reflections 14"" Oval Holiday Serving Platter",1731720934241244103,215.42,Temp-tations Seasonal Footed 2.5-qt Serving Bowl,1731011768663643079,214.68,Temp-tations Special Edition Seasonal Pitcher with Spoon,1731317239003780039,175.03
sarahhill920,Womenswear & Underwear,"$5,497.48",Beauty & Personal Care,"$5,456.33",Arach&Cloz Women's Wool Blend Oversized Sweaters Crewneck Casual Spring Outfits Fashion Tops SummerVibes,1731552481752486248,1930.72,"BIO IONIC OFFICIAL: Long Barrel Curling Iron - Hair Curler Adjustable Heat Settings, Effortless Voluminous Curls & Waves, Auto Shut-off, Easy to Use Styling Tool, For All Hair Types Comfort",1731031588942615519,"$1,650.14",Clear Self Tanning Gel,1732283704969498772,1511.52,"【5-Pack】Polarized Sunglasses For Women,Best For Strong Direct Sunlight,UV Protection For Outdoor Cycling Driving,Sun Protective Sunglasses,Double-Bridge Glasses For Women,Retro Trendy Oval Polarized Sunglasses",1731378658146423703,1174.91,MERIT Flush Balm Cream Blush,1729675025356460794,862
sashamarielovesshopping,Womenswear & Underwear,"$9,119.92",Beauty & Personal Care,"$3,342.27",NuDerma Standard High Frequency Wand for Anti-Aging and Anti-Acne Neon Argon Gas by Pure Daily Care high frequency wand hair,1729404718196625773,1775.1,Tezi Boat Neck Light Knit Top,1731845458810343586,"$1,337.92",BraSculpt Strapless Bodysuit Thong,1730963087669432340,1255.01,Daytime Low Rise Baggy Jeans,1729441178301665442,1042.58,Von Dutch Rhinestone Crop Tees - All Styles,1731394303958750188,856.5
savi_trends,Kids' Fashion,"$1,193.35",Phones & Electronics,$539.27,"balabala Girls' Casual Trainers, Retro Bow-Knot Low Top Sneakers with Hook-and-Loop Strap, Lightweight Nonslip Shoes for Back to School, Nonslip Trainers, Athletic Sneaker Footwear, Trendy Trainers",1732106026751726328,1155.31,Smart ECG Health Monitoring Ring – ECG/Heart Rate /Sleep /Activity Tracker/Blood pressure/Blood glucose/Spo2/Temperature/Water Proof,1731170696570310865,$539.27,MINO BLUSH RHINESTONES,1731770078121005355,199.9,Lynlee Metallic Maxi Dress | Topaz,1732268273724789472,120.19,Summervibes Motorcycle Casual Boots For Men Zipper Fashion Chukka Boots Men's Boots Synthetic Leather Lace-Up Cap Toe Design Non-Slip Sole Comfortable Insole Classic Vintage Design,1729423017360658852,105.98
seasonaldiariess,Kitchenware,"$29,844.02",Textiles & Soft Furnishings,"$14,268.51","【Summer Sale Deals】Bedsure Summer Cooling Comforter for Hot Sleepers ,Ice Cream Blanket,Breathable Oversized  Design, Lightweight, RayonDerived from Bamboo, Comfy Bedding,  Gifts,  Teenage Bedroom Accessories, Cooling Blanket",1729449121848987894,11772.38,"Javvy Cookie Butter Protein Iced Coffee Beverage - Premium Whey Protein Instant Iced Coffee, 100% Natural Cold Brew, 0 Artificial Flavors & Sweeteners, 80mg Caffeine, No Added Sugar, 20 Servings",1732464910525698195,"$11,693.44",Coca-Cola & Frost Buddy - Stainless steel - Dual Wall Vacuum Sealed - Drinkware,1732382098705650570,8374.84,"Universal Buddy - Fits 12oz Cans, Slim Cans, 12oz Bottles, 16oz Cans | Coffee Cup - Double Wall Insulated Drinkware",1729430519776777098,4305.26,To-Go Buddy - Universal Cup Insulator for to-go cups - Keeps Drinks Hot Cold 12+ Hours - Vacuum Insulated Tumbler,1729430518270038922,3913.94
shilohstemple,Beauty & Personal Care,"$117,281.36",Fashion Accessories,"$15,567.54",[Recommended by Cardi B] SKINTIFIC Hydrating Brightening Lip Serum with Hyaluronic Acid & Peptide for Radiant Lips Gentle Glossy Korean Beauty Makeup Balm Shea Smooth Moisture with Cooling Metal Roller Applicator,1731832307922407544,22850.57,"e.l.f. Glow Reviver Melting Lip Balm, Hydrating Lip Balm High-Gloss Shine and Buildable Color 15.4mL",1730991053913559331,"$18,714.23","[TIRTIR Official] Glide & Hide Dual Concealer and Foundation 2-in-1 Stick l Lightweight Coverage, Flawless Makeup Cosmetic foundation stick",1731165559314747994,16529.6,"TYMO FLIPRO Hair Care Set - FlipPro 2-In-1 Straightener Comb & Styling Tool with TYMO Heat Protectant Spray for Lightweight Frizz Control, Ceramic Coating, Fast Heat-Up, Summervibes gift Hair Flat Iron fathersdaygift,father'sdaygifts,dorm essentials",1731735771965723102,7372.91,"COSLUS C20 Cordless Electric Nail Drill Kit Efile- Professional Portable Manicure & Pedicure Tool, Bits & Bands for Cuticle/Callus Removal, Affordable At-Home Nail Kit, Beauty Products for Pedicure at Home, dorm essentials backtoschool home essentials",1729455797400474581,6584.33
shopaholicallee,Womenswear & Underwear,"$58,994.44",Sports & Outdoor,"$36,547.64",Hanes Originals Women’s Supersoft Comfywear Sleep Slip Dress Women's Intimates Comfortable Fit Soft Stretch Fabric Breathable Hla219,1731467663274185700,17299.77,Halara Pocket 2-in-1 Romper-Easy Peezy Edition,1731282306751172900,"$14,596.55","Tanming Women's Baggy Wide-Leg Pants - Casual, Elastic-Waisted, Bohemian Minimalist Basic Women's Clothes Bottom with Pockets,summerwins,summeroutfits,vacationoutfits,beachoutfits,back to school shopping",1729491434710208659,9816.13,【Creator's Pick】Halara Flex Mid Rise Zipper Pockets Denim Casual Shorts 3'',1732414429894185822,6980.08,Halara 2-Piece Super High Waisted Back Pocket & Side Hidden Pocket 2-in-1 Yoga Shorts Set 5''-Longer Length #SwimWeek,1730865810540695679,5848.33
shopaholicallee2,Sports & Outdoor,"$30,547.97",Womenswear & Underwear,"$13,990.08",Halara UltraSculpt™ High Waisted Tummy Control Contrast Lace Shaping Training Leggings with Pockets,1731361332119834916,8348.69,"Long Sleeve Denim Jacket for Women,Drop Shoulder Curved Hem Denim, Classic Button Down Denim Jacket with Chest Pockets, Fashion Women's Clothing for Daily Wear, Vintage Western Trucker Jacket",1729469572738027768,"$7,259.99",【Creator’s Pick】Halara UltraSculpt High Waisted Tummy Control Pocket Shaping Training Capri Leggings,1731269947944768350,5961.67,"【Creator’s Pick】Halara UltraSculpt High Waisted Tummy Control Pocket Shaping Training Biker Shorts 3""/5""/7""/9""",1729465442609172772,5952.92,【Creator’s Pick】Halara 2-Piece Super High Waisted Back Pocket & Side Hidden Pocket 2-in-1 Yoga Shorts Set 5''-Longer Length,1730762001521283364,2742.89
shopjulesm,Womenswear & Underwear,"$8,880.88",Shoes,$265.02,SCUSTY Women's Autumn Sweater Cardigans Graphic Button Down Collar Knitwear Long Sleeves Y2K Oversized Print Coat,1731465165517983987,6550.4,ANRABESS Ribbed Tank Tops for Women Crew Neck Ruffle Knit Sweater Vest Cute Sleeveless Shirts 2026 Summer Business Casual Outfit,1732307110247960905,"$1,108.49",SCUSTY Womens Long Trench Coat Single Breasted Oversized Windproof Overcoat Fashion Mid-Length Trench Coat,1732026832813723891,144.48,ANRABESS Womens Half Sleeve Crewneck Tops Ribbed Knit Slim Fit Shirts Basic Tee 2026 Spring Summer Dressy Casual T-Shirts Rayon Skinny,1731385172011487561,102.94,"Athlefit Women's Wedge Sandals, Dressy Square Toe Thong Slip On Flip Flops with a Cushioned Low 2.4-Inch Heel for Summer Parties, Black Sandal, Flipflop, Casual Outdoor Sandals",1732218838576042516,100.38
shopwithangiemae,Sports & Outdoor,$26.28,,,【Creator’s Pick】Halara Flex High Waisted Pocket Wide Leg Waffle Work Pants,1729408758258766116,26.28,,,,,,,,,,,,
shopwithrisah,Home Supplies,$123.26,Kids' Fashion,$63.41,"Kids' 3-in-1 School Backpack Set, Lightweight Waterproof Polyester Bag for Elementary School with Matching Lunch Box and Pencil Case, 3-In-1 Set, Boy, All Ages, Keeps Food Fresh, Student Backpack, Unisex, Daily Use, No Wheels, Protects Books, Zip",1731864855530213749,63.41,"Earthside Farms Candied Nuts Gourmet Snack Packs, No Sugar Added, Vegan Keto Friendly, Gluten Free, Low Sodium High Protein Almonds, Cashews, Pecans Peanuts & Walnuts - Dry Roasted Nuts",1729496726243874714,$44.42,Kringle Express Regular Holographic In/Outdoor Figure w/Remote,1731493379888223175,38.51,"Kringle Express 72"" LED Shatterproof Ornament Garland",1732480817917301703,38.33,Lifelines Rechargeable Flameless Candle Aroma Diffuser,1730902284646454215,29.95
skylerbaseballmom,Womenswear & Underwear,"$7,130.83",Fashion Accessories,$903.95,"Ommig Women's Oversized Game Day Hoodie - Lady's Casual Longsleeves Top, Half-Zip Pullover with Sequins Football Print, Kangaroo Pocket, Women's Clothes Sweatshirt",1729575721713504826,2467.88,"【Summervibes】XPUDAC Matching Women & Dog Pajamas Set Short Sleeve Tee & Shorts,Owner and Pet Pajamas Are Sold Separately,Soft Casual Homewear for Lounging & Matching Photos Loungewear Cute Outfits Fabric Clothes Petlovers",1729503187618469344,"$1,714.03","G4Free Women's High Waist Wide Leg Yoga Pants - Soft Stretch, Pockets, Curvy Plus-Size Clothes, Business Casual Pants for Women, Chic Daily Outfit EverGoing 2026",1729814417873080623,1473.45,"New Sttes Perfume 04# (Original Tropical Juicy) – Eau de Parfum for Women – Richer Scent, Longer Lasting – Guava Nectar, Vanilla, Cotton Candy – Perfumes & Fragrances (100ml / 3.4 fl oz)",1731254482883547734,295.89,"LOVEVOOK Insulated Lunch Bag Women,Puffer Adult Lunch Box Women with Handmade Strawberry Charm,Wide Opening Leakproof Cooler Bag with Cup Holder for Work Picnic,Lunch Box/Bag for Kids Girl Boy School DealsForYouDays",1732427400260849837,288.68
skylerclarkk,Textiles & Soft Furnishings,$124.91,Womenswear & Underwear,$45.99,Michael Jackson High Quality Flannel Blanket - Premium Flannel Material Super Soft Comfortable Throw for Travel Bedding Couch Hiking Bed Mother's Day Valentine's Day Birthday Christmas Gift,1732010612272108340,124.91,OYS Women's Sexy One Shoulder Satin High Split Cocktail Fit Wedding Party Maxi Formal Dress,1729467441089778277,$45.99,"HAITAI Honey Butter Potato Chips, 5-Pack 2.12oz Each- Authentic Korean Sweet & Savory Snack",1730564743852953831,33.17,,,,,,
southern_wellness,Health,"$14,485.68",Beauty & Personal Care,"$1,272.03","Micro Ingredients Testosterone+ Advanced for Men & Women, 240 Softgels | 15-in-1 Complex with Tongkat Ali, Horny Goat Weed, Shilajit, Maca & Saw Palmetto | Non-GMO",1732277848170402477,4644.98,GLOW & GROW Bundle,1731652917122208761,"$1,791.05","Micro Ingredients Liposomal NAD+ Ultimate 1,000mg, 60 Veggie Capsules",1731481178363761325,1676.85,"ESTHER FORMULA Liposomal Glutathione Direct (284mg*30strips) Glutathione Strips, Korean Beauty Supplement Made in USA for antioxidant, Skin Tone Care, K-Beauty, Inner Beauty Healthcare Fitness beauty film",1731249117070201460,1154.66,REMEDY Copper Peptide Complex Advanced Firming Serum,1732482657895420886,1105.15
southernlakemom,Womenswear & Underwear,"$109,737.01",Beauty & Personal Care,"$16,734.28","Jergens Natural Glow + Shea Fusions Tropical Tan Buildable Glow Tanning Bundle - Jergens Shea Fusions NEW Tropical Escape - Natural Glow Instant Sun Drops, Sunless Tanning for Face and Body, Instant Sun Custom Bronzing Drops, Oil Free, 1 Fl Oz",1732207998155198833,15002.02,Imily Bela Women Off The Shoulder Romper Flowy Strapless Smocked Jumpsuit Playsuits Dress,1729448340331073727,"$11,015.48","Ribbed, Acid-Washed Women's Casual Dressbed Acid Washed Dress",1732458879438656204,10314.42,SCUSTY Women's Casual Summervibes Two Piece Sets Color Block Crewneck Sleeveless Pullover Tops Matching Shorts With Pockets 4th of July Independence Day Outfit,1731188415101440243,8751.95,"The Original Croptuck: Lightweight Adjustable Band for Crop Tops, Tucking, Cropping Oversized Tops, Layering, Shortening Dresses & No-Sew Fashion Hacks",1729385252914762474,6793.95
soyabundanciaa,Womenswear & Underwear,"$38,334.45",Sports & Outdoor,$330.56,SHAPELLX Shapewear Sculpting Shorts for Women Seamless High Waisted Body Tummy Control Shaper Thigh Slimming Underwear Womenswear Black,1731280168955253376,14300.25,"Women's Simple Solid Backless Halter Sleeveless One-Piece Jumpsuit, Elegant Chic Ruffle Design, Perfect for Casual Wear, All Seasons Fashion, Outfit",1732187881328251637,"$3,602.34","Chicovar Women's Square Neck Boho Mini Dress – Long Sleeve Smocked Waist Tiered Ruffle Dress with Pockets , Cute Lantern Sleeve for Spring Wedding Guest, Family Photos, Church, Westernfashion, Summervibes",1731477912327721445,2660.55,Popilush Spaghetti Strap Cowl Neck Midi Swing Dress Casual Breathable Elastic Fabric for Everyday Womenswear Feminine Adjustable Mesh,1732017386487976772,2021.36,"HDE Women's Cute Spring Beach V-Neck Flutter Sleeve Easy Slip Flowy Romper Dress with Built-in Shorts, Pockets, & Twist Vibe, Casual, Chic, Everyday, Fit, Soft, Romper Dress Casual Dresses",1729505599467197792,1936.12
spankifarris,Textiles & Soft Furnishings,"$15,306.18",Womenswear & Underwear,"$2,072.09","【Summer Turn Up】WeCharmer Extra Thick Mattress 1000&500 GSM Topper, Down Alternative Overfill Plush Mattress Pad, Cooling Pillow Top with 8-21Inch Deep Pocket,summerwins,back to school,back to school shopping,home decor",1729457680158658805,14137.64,"【One-Touch Max Fire】Culinary Propane Cooking Blow Torch Gun with Safety Lock, Powerful Flame for BBQ Grill, Outdoor Camping & World Cup Party Cooking, Sous Vide & Kitchen Use, Charcoal Lighter (Tank Not Included), Summer BBQ Sale",1731065743854702822,"$1,538.45",PrettyGarden Oversized Tshirts Shirts for Women Summer Tops Casual Short Sleeve V Neck Loose Basic Tees#Summervibes#SwimWeek#DealsForYouDays,1732190593624871279,1374.07,"Obagi Medical ELASTIderm Lift & Sculpt Facial Moisturizer – lifts, firms, and hydrates with Bi-Mineral Complex",1731288015487538167,933.1,"DECOLURE | Bamboo Cooling Sheets 6pc Set – Ultra Soft & Breathable Bed Sheets for Hot Sleepers, Silky Viscose from Bamboo, 17"" Deep Pocket Fitted Sheet, Flat Sheet & 4 Pillowcases, Wrinkle-Free Luxury Hotel Bedding, Hypoallergenic, Oeko-Tex Certified",1729916842555707699,429.75
specificallyketchup,Health,"$21,375.78",Beauty & Personal Care,$850.05,Wet & Wild Bundle - URO Women's Probiotic Capsules (30 Servings) and URO Moisture & Mood Capsules (30 Servings) with Ashwagandha and Gingko Biloba,1731431398236263126,9616.33,LEEFAR Her Juicy Feminine Probiotics Gummies- All in One Solution with Slippery Elm and Prebiotics&Lactobacillus Probiotic Blend for Women’s pH Balance and Dryness - Hawaiian Pineapple Gummies 60 Count probiotics women,1729890372836496007,"$6,980.15",URO Women's Probiotics - 60 Count (Pack of 1) - Prebiotic and Probiotic Capsules for Healthy pH Balance and Odor,1729398461940339414,2149.63,LEEFAR Her Juicy Feminine Probiotics Gummies- All in One Solution with Slippery Elm and Prebiotics&Lactobacillus Probiotic Blend for Women's pH Balance and Dryness - Hawaiian Pineapple Gummies 60 Counts Women's Probiotics,1729945116083917472,1169.9,LEEFAR Her Juicy Feminine Probiotics Gummies- All in One Solution with Slippery Elm and Prebiotics&Lactobacillus Probiotic Blend for Women's pH Balance and Dryness - Hawaiian Pineapple Gummies 60 Counts Women's Probiotics,1729968753046294560,570.52
stephanie_stimson,Beauty & Personal Care,"$66,780.50",Phones & Electronics,"$15,596.00","Bellavita Luxury Senorita Eau De Parfum | Women's Perfume 100ml (3.38 FL.oz) | Playful, Sweet & Confident Notes | Long-Lasting | Vegan & Cruelty-Free",1729470893913576374,16434.39,"Stylish Women's High Heeled Shoes, Slingback Stiletto Heels, Minimalist Slingback Pumps, European Style Patent Leather, Elegant Party Shoes Hollow Side Design, Classy Fashion Slimming Look, Exquisite Heels for Parties and Events",1732180721823158836,"$8,215.61",KI Exosome Booster Ampoule Kit – Advanced Skin Care for Hydration & Glow | Made in Korea,1731494674229465785,6769.75,"BIO IONIC OFFICIAL: Long Barrel Curling Iron - Hair Curler Adjustable Heat Settings, Effortless Voluminous Curls & Waves, Auto Shut-off, Easy to Use Styling Tool, For All Hair Types Comfort",1731031588942615519,3572.93,OEAK Womens Jelly Bras Wireless Comfortable Soft Push Up Bralettes Seamless Tshirts Bras Deep V Everyday Bras,1729714461980332262,3425.22
stephsharesitall,Toys & Hobbies,"$13,162.90",Computers & Office Equipment,"$11,350.41","Random 20Pcs Mini Multicolor Pens in One 4-in-1 Cute Pens Bulk for Kids, Fun Kawaii Ballpoint Pen for Birthdays and Children's Party Favors Gifts, Teacher School Supplies Gift Student Gift mid year sale deals for you restock",1731220844494426246,7122.72,"Erasable Reusable Watercolor Pen Doodle Set for Toddlers, Toddler Coloring Set 1 2 3 4 Years Old - Unicorn Reusable Drawing Book, 12 Watercolor Markers, 14 Pages of Art, Creative Play & Fun for Kids - Car Activity Travel Coloring Kit for Kids tiktokshopsp",1729476492327489974,"$6,141.75","Jar Melo Paint with Water Coloring Books, Kids Watercolor Painting Sets Mess Free Art Craft Drawing Toddler Activities Toy #Summervibes",1730690895593378774,3563.62,"I Can Name… The Fast-Paced Party Card Game of Bragging, Bidding & Brainpower | Hilarious Group Game for Adults, Teens, Families | 325 Topics, Challenge Cards & Timer | 2+ Players",1732070400116035941,2620.4,"Grabie Shrink-to-Sparkles DIY Craft Set, Retro Office Art Supplies, Botanical DIY Jewelry Making Kit with Jewelry Making Accessories for Handmade Accessories, Make Bracelets, Back to School Class Reward Gift",1732082908582089383,2533.16
stephsimons,Home Supplies,"$32,149.65",Textiles & Soft Furnishings,"$9,419.14","Home Reflections 24"" Rustic Iron Lantern",1732428587082683335,5363.2,TRTL TRAVEL PILLOW,1729472069440934578,"$2,487.54",Home Reflections 2pk Double Brushed Sheet Sets with Extra Cases,1732406117611180999,2140.93,Ode to Color by Lori Weitzner S/2 Baskets Small & Medium,1732293053456356295,2027.13,Mr. Halloween Spooky Lane Black Rose Wreath with Candles,1731962479334363420,1799.4
strawbxrrymilkx,Kitchenware,"$89,134.85",Home Supplies,$602.70,Bottle Buddy - Dual Function lid Water Bottle - Stainless Steel - Double Wall Insulated,1730778201079387018,30880.68,To-Go Buddy - Universal Cup Insulator for to-go cups - Keeps Drinks Hot Cold 12+ Hours - Vacuum Insulated Tumbler,1729430518270038922,"$27,073.17",Thicc Buddy - Leak Proof - Double Wall Vacuum Sealed Tumbler - Handle Fits Lip Balm & Keys - Drinkware,1729443646612673418,19126.11,Book Collection | FrostBuddy | BookTok,1732459167400563594,2092.86,Margaritaville Collection,1732395091114234762,1858.75
styledwithmorgs,Shoes,"$7,829.10",Beauty & Personal Care,$94.82,"Women's Leopard Print Slip-On Sandals, Leopard Pattern Slides, Casual Fashion Anti-Slip Flat Shoes, Fall Winter Spring Summer Wearable Sneakers, Non Slip Slippers",1731812393800209146,3404.72,"New Thick Sole Dad Shoes Casual Sporty Women's Athletic Trainers Sneaker Footwear Lightweight Breathable Height Increasing Sneakers, Casual Trendy Sneakers, Round Toe Mesh PU Leather Low Top All Seasons Lace Up Sneaker, Thick Soled Sneakers",1730487360350032080,"$1,702.21",Women's Summer Footwear Chic Checkered Slide Sandals with Buckle Detail Perfect for Casual Wear Springfresh,1731099497206027226,747.19,"Women's Cute Bowknot Leopard Print Wedge Sandals, Elevated Sandals, Casual Fashion Slip-On Wedges, Summer Trendy Shoes for Beach Daily Wear, Fashionable Footwear",1730926239855710932,502.96,"FITORY Balance III Women's Asymmetrical Sandals, Strappy Lace-Up Flat Shoes for Casual Summer Beach Wear, Strap Sandals, Sandals For Women",1729491742371844264,440.99
stylevaultverdicts,Womenswear & Underwear,"$9,099.28",Sports & Outdoor,"$1,488.16",Dokotoo Women's Casual Summer Short Sleeve V Neck Tops T-shirts - Loose Fit & Comfortable Shirring Top,1729440015233422325,1895.99,Dokotoo Women's V-Neck 3/4 Sleeve Oversized Tunic Tops Casual Summer Blouses Fitted Shirts 100% Polyester Comfortable Fabric,1729445592259793909,"$1,238.72",WIHOLL Womens Tank Tops 2025 Flowy Peplum Tops (Size Up 1-2 for Oversized Look) for Women Dressy Sleeveless V Neck Babydoll Tank Tops Fabric Stretchy tank tops summer tops Polyester Polyester,1731127988399214966,955.29,"EVALESS Women's Casual Loose Mini Dress 2026, Crewneck, Lightweight Batwing Short-Sleeve, Stretchy Slim-Fit Basic Casual Wear, Comfortable Summer Outfits for Beach & Everyday Use (Women's Clothes), Clothes For Women",1730618678493352098,574.46,"Halara Softlyzero Plush Backless Active Dress-Easy Peezy, Spring Dresses, Dance Dresses for Women",1729412651341746468,414.44
sylviavanhoeven,Womenswear & Underwear,"$3,607.08",Fashion Accessories,"$3,566.71",〖Summer Vibes〗1/2 PCS Retro Oval Sunglasses for Women Men Fashion Small Oval Sunglasses 90s Vintage Shades Frames UV400 Protection Classic Design sunglasswomen rich girl sunglasses,1731169899358556281,1372.45,"Women's Rectangular Sunglasses - 2-Piece Lightweight High Quality Plastic Frame UV400 Protection Narrow Full Rim 90's Retro Casual Stylish Eyewear Fashion Accessories, Plastic Frame Sunglasses, High Quality Sunglasses",1731071355901088757,$722.64,"Rechargeable Selfie Light, Clip Fill Light for Phone Laptop Tablet Portable Light for Video Conference Live Streaming Zoom Call Makeup Picture (Black)",1729415647966630551,598.13,Women's Halter Neck Vest Summer Sleeveless Open Back Irregular Lace Hem Tank Tops,1732119820865605868,477.47,Cosnufy Sheer Mesh Mock Neck Tank Top,1731233777730425072,416.81
sylviavanhoevenbeauty,Beauty & Personal Care,"$71,427.90",Fashion Accessories,$70.07,"ColourPop Shadow Stix - Creamy Pigmented Long-Wearing Eyeshadow Stick with Built-in Sharpener - Matte, Metallic, and Chrome Finishes",1729555874369343537,12715.74,Smooth Two Color Eyeshadow Stick Set Long Lasting Makeup Waterproof Mate Highlighter Glossy EyeShadow Pencil Suitable For Beginners Cosmetic,1732305739916809186,"$12,435.31","Lassi Lips Staining Lip Oil - Up to 8hr Wear, Transfer-proof, No Peeling or Wiping Off, Ultra-comfortable, No Flaking or Feathering with Vitamin E & Mango Seed Oil",1729607961691853620,12327.45,"Lifter Glaze Oil Balm with Hyaluronic Acid and Hydrating Oil Blend, Lip Balm with 24HRs of Smooth, Buildable Color, Moisturizing Shine, Maybelline",1730927783781307026,5209.44,"sacheu Cheek STAY-N blush - All-day Liquid Blush Tint Makeup - Long-lasting, buildable, ultra-blendable dewy blush - Comes in Rose Peach and others",1730436837733995295,2667.18
tarynupmyheart__,Health,$754.47,Toys & Hobbies,$150.19,"Nello Supercalm Tub (2-Pack): Calming Drink Mix with KSM-66 Ashwagandha, Vitamin D3, Magnesium & L-Theanine – Supports Cortisol Balance, Mood & Sleep, Helps Manage Occasional Stress – Tub (30 Servings) Mental Clarity Relaxation",1730363479151776184,754.47,"Tinyfunz Montessori Pre-Assembled Multi Activity Playset - Unisex Sensory Activity Board, Preschool Interactive Learning Toy with Flash Cards, Animal Icons, Safe Plastic Sticker Set, Travel-Friendly Gift for Ages 3-7 (Birthday/Christmas)",1729496900283568665,$150.19,,,,,,,,,
taxicabbbbbbb,Womenswear & Underwear,"$20,030.25",Sports & Outdoor,"$12,891.30","New Yoga Tank Top High Waist Quick-Dry Casual Mid-Length Pants Running Outdoor Athletic Sportswear Yoga Set for Women, Comfortable and Stylish Activewear",1732380858123457363,9499.28,"CAKES Tape -  The Easy-to-Use, Better-for-You Boob Tape",1732269873025684031,"$3,197.75","Dazzle Dry Professional 4-Step Mini Kit - 5-Piece Long-Wear Chip-Resistant Nail Polish, 0.93 fl oz Total Base Coat for Fingernails & Toenails, Manicure, Nail Art, Daily Use, Anti-Peeling High-Performance Formula",1731463241978843345,2980.36,"PUMIEY Women's Minimalist Spaghetti Strap Tank Top - Double Layer, Not See-Through Cami, Buttery Soft Stretchy Summer Essential Tops for Women, Tank Tops,back to school,back to school shopping",1729495593593246167,2519.64,BraSculpt Strapless Bodysuit Thong,1730963087669432340,1832.9
tayloradis,Womenswear & Underwear,"$44,273.71",Textiles & Soft Furnishings,"$32,663.87","Comfrt | The Dreamer Blanket | Oversized, Cozy, Soft Warm Throw",1729931833196778371,32484.32,Comfrt | Waffle Lounge Tee | Textured Waffle Knit Casual Fit Loungewear Top,1731425990041768835,"$14,523.45",Comfrt | Airplane Mode Travel Hoodie | Oversized Hoodie With Eye Mask For Travel & Airport Style,1731474967302738819,5557.17,Comfrt | Signature Fit Hoodie | The Perfect Everyday Soft Slightly Weighted Hoodie,1729390331062096771,5248.95,Comfrt | Dreamday Plush Robe | Ultra-Soft Unisex Plush Robe With Deep Pockets Flattering Fit Indulgent Robe,1732274801306669955,3599.27
thatgenxlesbianmomof3,Sports & Outdoor,$527.35,Household Appliances,$439.98,Shark BreatheClear Compact with NeverChange Air Purifier - HP062,1732390271086269104,439.98,Ninja Outdoor FrostVault Go 36-Can Backpack Soft Cooler with Cold Dry Zone - FF136,1731480608439439445,$434.97,"VEVOR Inflatable Gymnastics Air Mat Set, 2 PCS Tumbling Mat, Tumble Track with Electric Pump, Air Roller Barrel Gymnastics Equipment, Training Mats for Home Use/Gym/Yoga/Cheerleading/Beach/Park/Water,father'sdaygifts,campingessentials,campinggear",1729548495286276270,92.38,"Women's Large Capacity Office Tote Bag, Casual Shoulder Bag, Versatile Holiday Style Bag",1731918714743395013,67.68,Jelly Makeup Bag,1731896879014711426,20.03
thatgirlkaty2,Beauty & Personal Care,"$18,716.38",Luggage & Bags,"$5,585.08","tarte BB blur tinted moisturizer SPF 30 - instantly brightens, hydrates & smooths your skin",1729584174847071164,6496.51,tarte CC color-correcting tinted serum,1732403113516372924,"$2,698.08",tarte summer skin essentials - CC color-correcting tinted serum + creaseless setting powder,1732422500087993276,2384.56,"Montana West Women's Crossbody Bag with Dual Zipper Pockets,  Stylish Waist Bag/Crossbody Bag, Versatile Waist Bag with Wide Adjustable Shoulder Strap， PU leather Material",1729484035372783124,1297.81,Montana West Large Fanny Pack Crossbody Sling Bags  with Adjustable Strap and Coin Purse,1730004380394361364,1253.5
thatmombeth,Womenswear & Underwear,"$6,219.12",Sports & Outdoor,"$1,430.47","BLOOMCHIC Women's plus size denim shorts[M-6X] - Distressed,Drawstring,Roll Hem,Elastic Comfy Waist,Flattering Fit,Curvy Clothing,hot girl summer outfit,2026 Summer Everyday Wear,Bottom Womenswear Leg,Summerfinds,back to school shopping",1732224607019307081,1147.08,"SummerVibes AOPO Electric Scooter, 350W Motor, Top Speed of 19 MPH, 36V battery, Maximum Range of 16 miles, Foldable design, Perfect Gift for Family and Friends, Equipped with App Control and Dual Braking System",1731456014007309087,$682.29,"BloomChic Women's Plus Size [M-6X] Cotton Denim Jeans - High Waisted Elastic Drawstring,Dark Blue, Skinny Fit, Drawstring Elastic Waist, Roll Hem, Above Ankle Length, Slanted Pockets, Bottom Womenswear,Summerfinds,back to school shopping",1732113845499170889,657.88,Miley Judy Blue Mid Rise Straight leg Jeans,1732086429157658683,615.91,"Fanka RecoverEZ Leggings (Reversible Wear)- Stretchy High Waist Compression Garment Leggings, Graduated Compression for Circulation Boost, Muscle Recovery Support, Athleisure Wear,summerwins,travel essentials,camping essentials",1732254785780486673,599.99
thatnordicblonde,Beauty & Personal Care,"$9,121.77",Furniture,$114.60,tarte Big Stick Energy duo – shape tape concealer stick & brush,1730956811325510588,5395.88,[medicube] Affordable Glow in a WEEK Set | Includes 8 NEW TOP-SELLING products | Achieve Glass Glow Skin IN 7 DAYS with Korean Skincare,1731333050791203051,"$1,982.96","ONE/SIZE | Secure The Sweat Sweat-Proof Aluminum-Free Primer - Waterproof, Sweat-Resitant, Makeup-Locking Primer | Perfect All-Day Matte Primer for Humidity",1729400094160622391,687.09,tarte summer skin essentials - CC color-correcting tinted serum + creaseless setting powder,1732422500087993276,159.27,DR.DENT Purple Mouthwash - Sachets 20 Pack - Peroxide-Free - Alcohol Free - Vegan Mint,1732294339991933438,156.65
thattiktoklady3,Tools & Hardware,$38.97,Womenswear & Underwear,$30.06,"Grampa's Weeder - The Original Stand Up Weed Puller Tool with Long Handle - Made with Real Bamboo & 4-Claw Steel Head Design - Easily Remove Weeds Without Bending, Pulling, or Kneeling",1729387900735427500,38.97,"Women's Solid Round Neck Tee, Casual Short Sleeve Crew Neck T-Shirt for Summer, Ladies Clothes for Daily Wear",1729559789755208529,$30.06,,,,,,,,,
thatwardrobewhisperer,Womenswear & Underwear,"$10,947.96",Baby & Maternity,"$2,398.03",HDE Women’s Pull-On Capri Pants with Pockets – Dressy Casual Stretch Trouser Straight Leg,1729434948814672224,4336.78,"EllivviBebe Baby Bamboo Pajamas, Ultra Soft Bamboo Viscose Zipper Romper Sleepwear，2-Way Zipper, Super Soft, Fun Print Baby Clothes, Breathable Stretch One Piece Footed Pajamas for Newborns Baby Infants Toddlers Bamboo Sleep Sack, Baby Clothing",1731892031821681548,"$2,384.24","Dokotoo Women's Waffle Knit V-Neck Casual Summer Tops - Lightweight & Breathable Basic Tee for Beach, Party, Work",1730353124011643893,1786.82,Songling Womens Casual Two Piece Outfits 3/4 Batwing Sleeve Crew Neck Top Wide Leg Pants Raw Edge Design Loungewear Set US Standard Size,1729583092687278919,1426.54,Take A Chance Top,1730811253515129123,981.01
the.real.deal.d,Food & Beverages,"$22,163.32",Beauty & Personal Care,"$4,959.99","The Loaded Tea Shop - 40 Flavors, 1 Packet Makes 32 oz, Zero Sugar, Zero Carbs, Zero Calories, Zero Artificial Colors & Flavors, B-Complex, Vitamins D3 & K2, Aloe, 200mg Natural Caffeine, Build Your Own Bundle, Functional Energy Tea Packs",1729556031006938037,14502.55,"40-Pack Bundle, All 40 Flavors, 1 Packet Makes 32 oz of Loaded Tea, Zero Sugar, Zero Carbs, Zero Calories, Zero Artificial Colors & Flavors, B-Complex, Vitamins D3 & K2, Aloe, 200mg Natural Caffeine, Functional Energy Tea Packs",1732418657087099829,"$4,435.23","MASGRE Cordless Neck and Shoulder Massager with Heat – 6D Deep Kneading Electric Massage Pillow for Neck, Back, Legs, and Full Body Relaxation – Perfect for Home, Office and Car. Gifts for Mom, Friends and Wife Birthday Gift summerwins DealsForYouDays",1729638546978476668,3649.2,"The Loaded Tea Shop - 20-Flavor Mystery Variety Bundle, 1 Packet Makes 32 oz of Loaded Tea, Zero Sugar, Zero Carbs, Zero Calories, Zero Artificial Colors & Flavors, B-Complex, Vitamins D3 & K2, Aloe, 200mg Natural Caffeine, Functional Energy Tea Packs",1732353282169869237,1233.27,"5 Pack, Founder’s Favorites Variety Pack, Zero Sugar, Zero Calories, 200mg Green Tea Caffeine, No Artificial Colors or Flavors, Powder Packets with B Vitamins",1732432687857636277,973.28
theashleywill,Sports & Outdoor,"$12,351.26",Shoes,"$6,189.08","【SummerSale】ZELUS Weighted Vest-6/8/12/16/20/25/30lb Rucking vest with Phone Pouch&Reflective Stripes&Adjustable Straps for Men&Women|Workout enhancer for Motivational walking,Strength Training,Running #TikTokShopDealsforYouDays#SummerWins",1729593333749617456,10299.51,"New Iris All-in-One Shoulder Crossbody Bag 2.0 (#1150)  Water Bottle Holder, Adjustable Strap, Casual Everyday Bag - by Iris & Rainbow |",1730621779478810866,"$2,724.20",NEEDED. Women's Collagen Peptide Powder - 1 LB Bottle (1 Month Supply) - Expertly-Formulated Grass-Fed Hydrolyzed Collagen - 15g Serving - Skin Elasticity Hair & Joint Support - Pelvic Floor Health - Hormone-Free - Pregnancy Safe,1731200382343352502,1522.98,"ALEADER Women Girl Energycloud Cushioned Closed Footwear, Slip On Athletic Sneaker Running Trainers for Outdoor Casual Runner, Reduce Plantar Pressure & Ache  Summervibes tiktokshopbacktoschool",1729580310904410904,1235.26,"Blowfish Malibu Women's Leotina All Seasons Casual Sports Sneaker, Trendy Walking Fashion Footwear, All Seasons Sneakers, Casual Sports Sneakers",1729499788330833601,939.8
theeverhopefulgardener,Pet Supplies,$614.56,Home Improvement,$442.85,"2-Pack Thicker Dog Cooling Mats for Dogs Cats, Cute Bone Quilted Durable Non-Slip Instant Cool Summer Pet Cooling Pad, No Geal No Electric Portable Lightweight Washable Indoor Outdoor Cold Kennel Crate Bed for Large Dogs #SummerVibes #tiktokshopsummersale",1731574266362499154,594.28,"SEESE 6-Inch Brushless Mini Chainsaw with Automatic Oiling System, Portable Cordless Electric Chain Saw for Wood Cutting, Pruning, Gardening & Camping, 2000mAh Battery Included, Suitable for Seniors & Women",1730525978798559895,$244.97,"【2026 NEW】Organic Oyster Mushroom Grow Kit 3.5 lb | 1-7 Days Harvest | Easy to Grow Indoor | No Soil/Sun Required, Multiple Harvests | USDA Organic | Non-GMO | Made in USA | Perfect for Home Kitchen & Gardening EnthusiastsGift for Adults & Kids",1732512262444650720,147.98,"3-Tier Vintage Rustic Patina Wrought Iron Rainwater Collector for Garden Supplies, Garden Setting, Perfect Outdoor Aesthetic Decorative Art for Hummingbirds and Birds, Elegant Bird Bath Ideal for Spring & Summer Gifts",1732222001388556978,125.56,"Vego Garden Self-Watering Tomato Planter with Trellis - Climbing Planting Stand, Supports Growth, Sturdy Structure, Essential Home Improvement Garden Pot Accessory",1731074721559384924,111.51
thejaydonwalker,Sports & Outdoor,$584.29,Menswear & Underwear,$89.99,"JRing Full-Face Snorkeling Mask for Adults, Leak-Free Silicone Diving Gear with 180° Panoramic View, Anti-Fog, Action Camera Mount and Adjustable Straps",1731483862721467037,479.76,The DudeRobe - Premium Hoodie Robe for Men - Comfy Loungewear,1729440831807000630,$89.99,Titties Golf Polo - Funny Golf Shirts for Men - Funny Golf Polos for Men - Mens Funny Golf Shirts - Golf Shirt Funny,1732207973626122564,44.99,Golf Sunglasses UV Polarized for Men Lightweight UV400 Protection Dark Green Mirror Coating for Driving Fishing Golf Classic Shades,1731696621123571777,33.92,"Arttodo Golf Grip Trainer, Fix Swing Grip, Golf Grip Training Aids, Fix Hand Position & Grasp, Master Correct Grip Posture, Golf Gifts Golf Regripping Kit",1729588504812819234,25.62
themagicalmillennial_,Phones & Electronics,"$18,601.46",Shoes,"$3,096.85","MAGIC JOHN Screen Protector 2 Pack for iPhone, Samsung, and Google–Clear & Privacy Protection, Fingerprint Resistant, Dust-Free, Bubble-Free Design summerwins",1731240700630176089,10208.86,Dr. Scholl's Women's Time Off Sneaker - Medium & Wide Width,1731896637625241960,"$2,934.30","【Magnetic Power Bank】Anker 5,000mAh Magnetic Power Bank, Wireless Portable Charger with Foldable Stand & Side USB-C Port, Battery Pack for iPhone 17/16/15/14/13#DealsForYouDays sohochic",1729386204817625168,1913.51,"LED Fantasy Castle Fireworks Phone Case, Compatible with iPhone 11/12/13/14/15/16/17 Pro/Pro Max/Plus, Stylish Protective Cover, Unique Design for Daily Use, Protective Casing",1732098105292591228,1837.23,"NEEWER NL48B Magnetic Selfie Light for MagSafe iPhone/Android – Foldable LED Ring Light with Mirror & Stand, Portable Rechargeable Indoor/Outdoor Lighting for Makeup Selfie Photography & Video Recording tiktokshopbacktoschool",1731099434999845429,1365.39
thenursethattoks,Health,"$17,209.48",Beauty & Personal Care,$461.65,"Liposomal Glutathione Capsules – Skin Glow, Immune & Detox Support (60 Count) - Rosabella",1732307596354622214,15896.34,"2 x Rosabella Moringa Capsules (800mg) for Immune Support, Gut Health & Vitamins",1729464033034539782,$550.25,Cata-Kor Liposomal Glutathione Supplement – 1155 mg | Vitamin C | Riboflavin (B2) | Selenium | Resveratrol Complex – Supports Antioxidant Defense & Cellular Health – Vitamin Dietary Supplement Fitness Healthcare,1732296253042823390,549.57,"HAPPY CURVES Comfort Powder: Talc Free Anti Chafe Body & Foot Dusting Powder Deodorant to Control Inner Thigh Chafing, and Private Areas(Pack of 1)",1729662049108267787,348.1,FeelinGirl Belt Waist Cincher Ab Belt with Triple Wrap WomenB Comfortable Fabrics Nylon Adjustable Multicolor Lady Festival Womenswear Lady  Comfort Fabrics Womenswear Fits Sexy Waist Trainer #Summervibes,1730076199814861297,227.95
theraysfinds,Beauty & Personal Care,"$4,876.20",Furniture,"$1,482.89",CHARM TINT Blurry Base Line,1731929587612947280,1696.16,"[SummerSale] AMERLIFE 36.2/47.2"" Fluted Vanity Desk with Mirror and Adjustable LED Lights, Large 4/7 Drawers Makeup Table with Glass Top and Charging Station for Women and Girls, Bedroom or Dorm/Best Gift Ideas/Christmas Gifts",1731740828044727086,"$1,482.89",tarte colored clay CC undereye corrector,1729734769623929788,1165.3,tarte baked & buttered duo - shape tape concealer & 2-in-1 cream & powder blush,1732204592239645628,453.98,"Anti Cellulite Oil and Lymphatic Drainage Massager Kit | Fascia Blaster for Contoured & Smoother Skin | Muscle Roller for Sore Arms, Legs, and Stomach, 8 fl oz by M3 Naturals Skin Tightening Oil Body Oil Set Firming Oil Body Care #TikTokShopSummerSale",1731962083853505300,295.8
therestadfam,Womenswear & Underwear,"$6,975.89",Luggage & Bags,"$5,355.56","Comfort Colors Gilmore Ghouls Shirt, Halloween Fall Vibes T-shirt, Autumn Festival Shirt, Spooky Gilmore Girls Fan Sweater, Halloween Gift",1731638151981535389,6350.1,Smart Luggage Tags (Navy 2-Pack) | Keeps Personal info Private With Durable Privacy QR Code | Use with Away GPS Bag Locator & Air Tag | Android or iOS,1729743237228630042,"$4,117.04","BIG ELEPHANT Toddler Potty Training Pants, 100% Cotton Reusable Training Underwear with Light Absorbency for Daytime Potty Learning",1729569671740888020,2294.2,DRMTLGY Retinol Body Lotion 6 oz with Shea Butter and Ceramides Skin Care Hydrating,1729436419777401382,2067.94,Skechers Graceful Vegan Washable Knit Slip-Ons - Breezestep,1731011950968280007,1585.54
thisblondieee,Textiles & Soft Furnishings,"$16,941.53",Kitchenware,$80.00,"Bedsure 100% Cooling bamboo Sheet Set, Moody Color Rayon Derived from Bamboo, PureWoven, Breathable & Soft, Deep Pocket Up to 16 Inches, Hotel Luxury Silky Bedding for Hot Sleepers, Wrinkle, Fade Resistant",1731367134008480341,13996.96,"2-Pcs Decorative Soft Chenille Throw Pillow Covers, Solid Neutral Farmhouse Textured Cushion Covers for Couch, Sofa, Bedroom and Living Room",1732385776730870191,"$1,759.26","Mellow Sleep | Lights Out Weighted Eye Mask – Strapless 360° Wraparound Sleep Mask, Deep Pressure Relaxation Eye Mask for Better Sleep, Soft Comfortable Light Blocking Eye Mask for Travel, Naps & Stress Relief",1729507522093225041,394.15,"Utopia Bedding White Soft Bounce Pillow Inserts - Pack of 4 - Plush Brushed Fabric, Breathable, Durable, Supportive Memory Foam - Hand Wash Only, Spot Cleaning, Plush Makes Lounging Luxe - For House Decor, Bed Accessories",1731425405097250822,210.35,"Bedsure Cotton Duvet Cover Set,Moody Color, 100% Cotton Waffle Weave Duvet Cover, Pure Woven Breathable Bedding Set for All Season, 3 Pieces",1731840788607898197,160.43
thrivewithlolita,Beauty & Personal Care,$624.66,Food & Beverages,$147.60,Titanium Pro Pan™,1732220652112417716,129.99,HUESTICK® Complexion Stick,1731567123374248731,$113.79,"Aprilery Trendy Two-Tone Chain Necklace for Women - 18.9 Inch Silver & Gold Link Design, Hypoallergenic & Durable, Perfect Gift for Special Occasions",1731160619284730381,92.33,Leven Rose Organic Jamaican Black Castor Oil for Hair Renewal 4PC Set w/ 4 Oz + 1 Oz + Scalp Scrubber + Eyelash Brush Natural Serum for Haircare & Skin Repair Cruelty-Free Vegan Moisturizing Oil,1729415045957259879,79.61,"Wonderskin WONDER BLADING Lip Stain Masque – Long-Lasting, Waterproof, Transfer-Proof Lip Stain with Hydrating Vegan Formula for Soft, No-Fade Lips",1729407540442862434,73.72
tikitytokexpress,Beauty & Personal Care,$865.38,Home Supplies,$501.83,"Katie's Limited Edition Chrome Shimmer Silver Rose Cosmetic Set - 25 Beginner-Friendly Items, Glossy Eyeshadow Palette, Lip Glosses, Eyeliner Pens in Pink Gift Box, Easy Glam for Birthdays and Parties, Gift Sets for Women, Makeup, Gifts For Girly Girls",1732149394387538488,784.36,"5oz Crystal Plastic Dessert Cups with Lids & Spoons - Disposable Square Parfait Cups for Mousse, Tiramisu, Pudding, Party & Catering eco-friendly",1729492625946415307,$501.83,"Grandma Chocolate & Vanilla Snack Variety Pack - Pack of 24 Chocolate Chip, Brownie Chip and Mini Chocolate & Vanilla Sandwich Creams",1729598323506451290,156.14,"25-Piece Makeup Kit, Aesthetic Cosmetic Gift Set for Women & Beginners with Chrome Shimmer Crocodile Eyeshadow Palette, Glossy Lip Gloss & Eyeliner Pens, Beauty Products, Gifts For Girly Girls, Gift Sets For Women",1732152246391640632,41.03,"Makeup Kit for Beginners, 25-Piece Chrome Makeup Set in Pink Gift Box with Crocodile Shimmer Eyeshadow Palette, Lip Gloss & Eyeliner, Cosmetics Kit, Everyday Glam",1729479986501948984,39.99
tonya.wellness.np,Beauty & Personal Care,"$1,317.45",Phones & Electronics,$122.15,REMEDY Copper Peptide Complex Advanced Firming Serum,1732482657895420886,981.37,Ridge Power Bank | 5-in-1 Portable Fast Charger | MagSafe Compatible Battery Pack | Slim Pocket Charger for iPhone | Everyday Carry | Travel Charger | Aluminum | Best Tech Gift Protection Compact,1729482825954203242,$122.15,tarte bronzing drops - Key Largo,1729385569760416700,104.83,Lipid Gold (Barrier Repair - Skin Strengthening Lotion),1729413535903420949,48.6,"[Dr.Ceuracle] Matcha Kombucha Tea Essence DUO - Jeju Matcha Tea Essence 150ml, Vegan Kombucha Tea Essence 150ml",1732323249807463020,37.15
tonyashomefinds,Furniture,$272.44,,,"Sweet Furniture 7-Drawer Dresser - Freestanding Storage Chest, Mobile Apartment Storage Cabinet with Wheels, Modern Accent Sideboard for Home Organization Solutions,dorm essentials,home decor",1729386878427697288,181.06,"INTERGREAT Outdoor Storage Box 35 Gallon Patio Deck Box with Handles, Patio Storage Deck Boxes Garden Resin Deck Storage Container Lockable Storage Box (Black&BROWN) #Summervibes",1732295063283339860,$91.38,,,,,,,,,
tonyaskoreanskincarefavs,Food & Beverages,$50.20,,,Everydaze Collagen Vitamin C Konjac Jelly Vegan Zero Sugar Low Calorie Mango Flavor 5.07 fluid ounces * 10 pieces,1730027058390340410,50.2,,,,,,,,,,,,
toreefromtennessee,Womenswear & Underwear,"$56,749.67",Home Supplies,"$7,846.94","【New】LED Illuminated Makeup Mirror with Built-in lights, Small Smart Touch-Controlled Makeup Mirror with Adjustable lighting.",1732471535237501929,7738.19,Striped Drawstring Pants,1732496226060440122,"$6,895.20","utcoco Women's Bib Overalls, Cute Floral Print Denim Jumpsuit with Baggy Wide Leg and Adjustable Straps, Fashion Apparel Chic Pants,back to school shopping, Flower, Women's Clothes",1729494608230520289,5661.45,PrettyGarden Women's Oversized Cardigan Sweater Fall Long Lantern Sleeve Knit Open Front Lightweight Sweater Knitwear Tops#DealsForYouDays,1731208195967717743,5589.56,"Ribbed, Acid-Washed Women's Casual Dressbed Acid Washed Dress",1732458879438656204,3277.04
torineu04,Beauty & Personal Care,"$5,371.69",Pet Supplies,"$3,870.73","TYMO ROVY COMPACT - 1-Inch Deep Wave Hair Crimper and Curling Wand, Negative-Ionic Ceramic Styling Tool for Smooth Hollywood and Mermaid Waves, Dual Voltage, Lightweight, Anti-Frizz, Travel Friendly,dorm essentials",1729442199827812830,4040.05,"CATPICK Interactive cat toys for indoor cats—automatic feather toy that flutters like a bird, USB-rechargeable electric cat teaser with a suction cup base, 360° rotating cat toy, and smart, sensor-activated self-play puzzle toys designed for bored cats",1731871756732240238,"$3,850.74",tarte timeless hydrating foundation & serum foundation brush - full coverage serum foundation + FREE brush,1732289079425471420,386.37,"TYMO ROVY - 1.25-Inch Beach Waves Curling Wand, Ionic Ceramic 3-Barrel Crimper for Women, Dual Voltage, Anti-Scald, Reduces Frizz & Heat Damage, Easy to Use, Mermaid Waves, Travel Friendly,dorm essentials",1729385637241786846,333.99,"I DEW CARE Korean Instant Volumizing Dry Shampoo Powder l Tap Secret | Benzene-free, Non-aerosol, Natural, Made with Black Ginseng and Biotin for Haircare,  Comfort, Cleansing, Cleanser, Voluminous",1729441786522341812,226.43
torivofficial,Menswear & Underwear,$217.81,,,Concert Hoodie,1732298116560294055,135.83,Looneez T-Shirt,1730790417146417319,$42.99,Concert T-Shirt,1732298155868917927,38.99,,,,,,
trinity.blair,Beauty & Personal Care,"$7,181.42",Womenswear & Underwear,"$2,799.38",SBEAUTI Strapless Bra Push up Sticky bra Seamless Strapless Backless Sweat proof glue Ligher fabric adhesive Cleavage Bra Invisible Bra for Date Night Party Wedding dress SummerVibe,1731141931395616870,2703.36,"Wavytalk Bare It IPL Hair Removal with Ice Cooling, 3 Modes & 24J Dual-Pulse for Salon-Level Results on Face, Body & Bikini, Painless & Precise",1729531973032121205,"$1,488.13","Dr.Leo Drying Lotion | Pimple Treatment & Body Acne Treatment | Visibly Shrinks Pimples in 24 Hours & Helps Fade Acne Marks in 7 Days | With 1.8% Encapsulated Salicylic Acid, 4% Niacinamide & 10% Sulfur (20ml) #DealsForYouDays",1730976893467791979,1416,The Balance Bundle - Feminine Hygiene Self Care Products,1729405553725182854,931.96,Strawberry Clouds  Perfume Oil Roller,1730947704574415358,821.46
trintries,Health,$984.37,Beauty & Personal Care,$193.62,"Horbäach Liquid Chlorophyll Drops - 2 oz - Vegan, Non-GMO, and Gluten Free Formula - Natural Peppermint Flavor",1730928849486975148,927.12,"Cheeky Bonsai pH Balanced Daily Intimate Wash - Gentle Cleanser for Sensitive Skin with Odor Control, Feminine Full Body Cleanser, 7 FL OZ, Gentle Intimate Cleanser",1731030966339604985,$109.34,"HooHa Bundle, Coochy Shave set,",1732153797233053812,66.29,"Aelfric Eden Menswear High-Waist Pleated Barrel Pants - Baggy Plain Curved Wide-Leg, Button-Front Tailored, Unisex Vintage Clothing Casual Fashion Pants,summerwins",1732238285078893154,44.99,Body Magic Chlorophyll for Body Odor & Clear Skin - 3 Pack,1729623625231405958,35.26
ttsdani25,Household Appliances,"$4,805.20",Home Improvement,$124.10,AquaTru Carafe Home Water Filter,1729560031752655812,4805.2,"AquaTru Multi-Filtered Shower-Mounted Fixed Showerhead with Shower Filter Replacement, Multi-Filtered Fixed Showerheads, Shower-Mounted Fixed Showerheads",1732061595811877828,$124.10,Beetles Gel Nail Polish Kit with U V Light Gel Polish Nail Set with Diamond Decorations & Nail Art Stickers and Manicure Tools Soak Off All Season Gel Nail Kit Cutics DIY Gift for Women Salon Glossy,1729836256765907601,48.07,"4-Compartment Bento Lunch Box with Soup Thermos, 1 Count Leakproof Insulated Lunch Container, Modern Portable Lunch Box for Home, Office and School #GLOBAL PICKS",1729706526643556767,42.86,"beetles Gel Polish 20-36 Piece Nail Art Kit, Soak Off Manicure Set for Casual Nail Inspo, Includes Base, Matte & Shiny Top Coats, Nude & Flowers Designs, Rhinestone, Silicone, Gel Nail Polish",1730105694147613329,25.38
ugcwithbrii,Womenswear & Underwear,"$100,140.09",Beauty & Personal Care,"$29,572.61",CHICME Built-in Bra Tank Top Ribbed Racerback Tops Women Going Out Tops Everyday Basic Tanks Padded Tops,1729484235456352758,35889.45,LUCKMEEY Womens Strapless Front Closure Bra Push Up Lift Bra Padded Add Cup Non Slip  Anti-Slip Grip & Removable Straps Fit Outfits Wireless Supportive  Seamless Comfortable,1732282937141662165,"$13,299.53",Bur Bur Mermaid Brush - Essential Brush with Ethically Sourced Bristles & Natural Rubber Cushion for Medium to Thick Hair,1729964731527696782,10940.34,Naeduo Women's Summer Sleeveless Mini  Coco Dress Athletic Dress Spaghetti Strap Short Tennis Dress with Pockets Sports SpringStatements Jersey SpringStatements,1729491797732004752,10651.14,Bur Bur Mermaid Bundle Featuring Growing Season Hair & Scalp Treatment and Your Choice of Mermaid Brush - Essential Boar Bristle or Wet Detangling Brush,1729964781015241102,7882.7
vanessaanaya30,Womenswear & Underwear,"$76,890.53",Sports & Outdoor,"$60,217.88",【Creator’s Pick】Halara Halter Tie Back Maxi Dress with Pockets,1732355026333963102,25862.53,"YEOREO Women's Halter Neck Sports Bra Longline Workout Tank Top with Built-in Bra Backless Strappy Gym Top Buttery Soft Padded Yoga Cami summderfinds,travel essentials,camping essentials tiktokshopbacktoschool",1732405592203432921,"$15,304.31",Ainsley Wrap Top,1732094202645942434,12139.2,Unlined Plunge Scoop Bra Lace Trim Balconette Sexy Underwire Demi Bras Deep V,1731992992760893731,11227.88,Inbarely Soft Single-Layer Basic Long Sleeve Shirts See Through,1731641065545634032,6916.34
victoriaperciballi,Luggage & Bags,$96.88,Fashion Accessories,$95.17,"Women's Solid Color Credit Card Holder, Fashionable Small PU Leather Wallet, Casual All-Match Commuter Card Bag for Work & Daily Use, Great Gift for Girlfriend, Card Slot, Card Storage",1729434155173187651,96.88,"Cider [2 colors, size One Size-One Size] All Over Print Winter Warm Shawl",1729462576055619671,$95.17,"Women's Solid Color Batwing Sleeve Lounge Dress, Casual Comfy Short Sleeve Nightdress for Daily Wear, Ladies Sleepwear for All Seasons",1730325277940814374,76.39,"[DealsForYouDays] Battery Operated Wall Sconce Set of 2 with Remote Control,White Fabric Shade Wall Lights with Dimmable 15 RGB Rechargeable LED Light Bulb for Bedroom Living Room Hallway",1729558910516892444,25.76,"Miss Mouth's Messy Eater Stain Treater Spray - Fast-Acting Household Cleaner, Greasy Cleaning Spray for Newborn Essentials, Food & Grease Off, Spill Cleanup Solutions on Laundry, Underwear, Fabric, Home Cleaning Products",1732306344375128248,19.96
vitulls,Womenswear & Underwear,"$2,320.86",Beauty & Personal Care,"$2,136.51","[medicube] Collagen Night Wrapping Mask : SLEEP, SHED, AND GLOW! Skincare Skin Repair Comfort Pink",1729474590509797611,1305.65,Cicy Bell Womens Striped 2 Piece Short Sets Summer Short Sleeve Collared V Neck Cropped Tops Vacation Casual Lounge Outfits,1732253559033074031,$958.53,Chouyatou Women's Retro Plaid Smocked Dress Spaghetti Strap Flounce Long Casual Sleeveless Flowy Evening Fashion Basic with Pockets Womenswear Cute Elegant Plus Size Hide Belly Dress,1729443883935109513,944.03,Belong Cargo Caddy™ Crossbody and Stroller Caddy,1731851438153830799,299,PAVOI 14K Gold Plated Graduated Simulated Diamonds Bezel Set Tennis Bracelets for Women - Cubic Zirconia Round Statement Bride Bracelet,1730908702761456136,250.57
wesleyrbarker,Womenswear & Underwear,"$53,103.25",Beauty & Personal Care,"$4,044.70",CAKES Body Cleavage Bra™ - Seamless Sculpting Bra with Silicone Cups for Full Cleavage Reusable Matte Finish Ideal for Strapless & Backless Tops Womenswear Basic,1732022163491426879,12554.53,BOOMBA Demi Boost - Patented Sticky Inserts For demi-cup styled clothing - Outfit enhancer,1729451016473711531,"$7,542.31",BOOMBA Micro Lift Adhesive Inserts - Patented Sticky Inserts,1729451071793173419,3657.73,"URBAN REVIVO Skirt for Women, Pleated Cotton Mermaid Style for Casual Spring Elegance, Fitted Mid-Length with High Slit, Belt, and Zipper, Invisible Zipper, Bf, Elegant, Fashion Apparel",1730751945392755038,3069.69,Cleavage and Lift Bundle,1732436575113024063,2899.13
yourpassportpal,Luggage & Bags,"$21,282.24",Jewelry Accessories & Derivatives,"$17,165.51",CEFIRO Uluh Bag with Guard - Stylish Handbag with Gold Hardware and Adjustable Strap for Everyday Use,1732354352924102675,12816.13,Emery Birthstone Necklace by Caitlyn Minimalist - Dainty Baguette Charm Necklace in Gold & Silver - Gemstone Jewelry - Personalized Gift for Her,1729447373033214263,"$2,825.98",PAVOI 14K Gold Plated Classic Bangle Bracelet for Women - Designer Dupe Waterproof Stainless Steel Bracelets,1732126991756071432,2753.65,The Barb Wire Choker | Danielle Guizio × The M Jewelers | 18KT Gold-Plated or Rhodium-Plated,1732377057880544126,2683.43,Cushionaire Maki Tabi Flats for Women | Classic Split‑Toe Ballet Flat Design with Breathable Upper and Soft Flexible Sole | Cushioned Footbed for All‑Day Comfort,1732484781402592124,2471.02